"タイトル","コメント","URL","親リストタイトル","親リストURL","一覧抽出方法","座標","所在地","位置","標高","山系","種類","上位山系","最高峰","Hidden","Hidden","Hidden","Hidden","Hidden","Hidden","Hidden","Hidden","Hidden","Hidden","Hidden","Hidden"
"赤城山","[赤城山] 赤城山 （あかぎさん、あかぎやま、 後述 ）は、 関東地方 の北部、 群馬県 のほぼ中央に位置する 山 。 太平洋プレート が オホーツクプレート に沈み込んでできた 島弧 型火山である。また、赤城山は、カルデラ湖を伴う カルデラ を持つ、関東地方で有数の 複成火山 である。","https://ja.wikipedia.org/wiki/赤城山","ぐんま百名山","https://ja.wikipedia.org/wiki/ぐんま百名山","参照,制限あり","北緯36度33分39秒東経139度11分37秒","日本群馬県前橋市・桐生市・渋川市・沼田市・利根郡昭和村","北緯36度33分39秒東経139度11分37秒﻿ / ﻿北緯36.5608度 東経139.1936度﻿ /36.5608; 139.1936座標:北緯36度33分39秒東経139度11分37秒﻿ / ﻿北緯36.5608度 東経139.1936度﻿ /36.5608; 139.1936","1,827.6m","独立峰","複成火山（活火山ランクC）","","","","","","","","","","","","","",""
"笠ヶ岳 (尾瀬) (存在しないページ)","[笠ヶ岳 (尾瀬)]","https://ja.wikipedia.org/w/index.php?title=笠ヶ岳_(尾瀬)&amp;action=edit&amp;redlink=1","ぐんま百名山","https://ja.wikipedia.org/wiki/ぐんま百名山","参照,制限あり","","","","","","","","","","","","","","","","","","","",""
"十二ヶ岳 (群馬県) (存在しないページ)","[十二ヶ岳]","https://ja.wikipedia.org/w/index.php?title=十二ヶ岳_(群馬県)&amp;action=edit&amp;redlink=1","ぐんま百名山","https://ja.wikipedia.org/wiki/ぐんま百名山","参照,制限あり","","","","","","","","","","","","","","","","","","","",""
"戸神山","[戸神山] 戸神山は沼田市 薄根地区 ・ 池田地区 に位置する標高771.6mの岩山で、円錐形の山体をなす。沼田市街地から眺望すると綺麗な三角形に見えるため、地元住民から通称「三角山（さんかくやま）」として親しまれるほか、池田地区では「石尊山（せきそんさん）」とも呼ばれる。山頂から沼田市街地周辺を一望でき、 武尊山 、 三峰山 、 子持山 などの山々が見える。","https://ja.wikipedia.org/wiki/戸神山","ぐんま百名山","https://ja.wikipedia.org/wiki/ぐんま百名山","参照,制限あり","北緯36度40分56秒東経139度3分19秒","群馬県沼田市","北緯36度40分56秒東経139度3分19秒﻿ / ﻿北緯36.68222度 東経139.05528度﻿ /36.68222; 139.05528","771.6m","","","","","","","","","","","","","","","",""
"赤久縄山","[赤久縄山] 赤久縄山 （あかぐなやま）は、 群馬県 神流町 、 藤岡市 にある 山 である。 御荷鉾山系 の最高峰（1,523m   ）。山頂に 一等三角点 がある。好天の時は、山頂より南方に 富士山 を望むことができる。","https://ja.wikipedia.org/wiki/赤久縄山","ぐんま百名山","https://ja.wikipedia.org/wiki/ぐんま百名山","参照,制限あり","北緯36度8分37秒東経138度50分36秒","日本群馬県神流町・藤岡市","北緯36度8分37秒東経138度50分36秒﻿ / ﻿北緯36.14361度 東経138.84333度﻿ /36.14361; 138.84333座標:北緯36度8分37秒東経138度50分36秒﻿ / ﻿北緯36.14361度 東経138.84333度﻿ /36.14361; 138.84333","1,523m","上武山地御荷鉾山系","","","","","","","","","","","","","","",""
"笠ヶ岳 (谷川)","[笠ヶ岳 (谷川)] 笠ヶ岳 （かさがたけ  ）は、 群馬県 利根郡 みなかみ町 に位置する山で、標高1852.1メートルである。ぐんま百名山  で、「ぐんま県境 稜線 トレイル」  谷川岳 ・ 馬蹄 形 縦走 コース  と群馬県自然環境保全地域（朝日岳・白毛門山東面）  にもなっている。","https://ja.wikipedia.org/wiki/笠ヶ岳_(谷川)","ぐんま百名山","https://ja.wikipedia.org/wiki/ぐんま百名山","参照,制限あり","北緯36度52分12秒東経138度57分46秒","群馬県利根郡みなかみ町","北緯36度52分12秒東経138度57分46秒﻿ / ﻿北緯36.87000度 東経138.96278度﻿ /36.87000; 138.96278座標:北緯36度52分12秒東経138度57分46秒﻿ / ﻿北緯36.87000度 東経138.96278度﻿ /36.87000; 138.96278","1852.1m","","","","","","","","","","","","","","","",""
"白毛門","[白毛門] 白毛門 （しらがもん）は、 群馬県 利根郡 みなかみ町 に位置する山で、標高1720メートルである。ぐんま百名山  で、「ぐんま県境 稜線 トレイル」  谷川岳 ・ 馬蹄 形 縦走 コース  と群馬県自然環境保全地域（朝日岳・白毛門山東面）  にもなっている。","https://ja.wikipedia.org/wiki/白毛門","ぐんま百名山","https://ja.wikipedia.org/wiki/ぐんま百名山","参照,制限あり","北緯36度51分34秒東経138度58分2秒","群馬県利根郡みなかみ町","北緯36度51分34秒東経138度58分2秒﻿ / ﻿北緯36.85944度 東経138.96722度﻿ /36.85944; 138.96722座標:北緯36度51分34秒東経138度58分2秒﻿ / ﻿北緯36.85944度 東経138.96722度﻿ /36.85944; 138.96722","1720m","","","","","","","","","","","","","","","",""
"鳴神山","[鳴神山] 鳴神山 （なるかみやま）は、 群馬県 桐生市 にある、 標高 980 m の 山 である。","https://ja.wikipedia.org/wiki/鳴神山","ぐんま百名山","https://ja.wikipedia.org/wiki/ぐんま百名山","参照,制限あり","北緯36度29分25秒東経139度21分41秒","日本群馬県桐生市","北緯36度29分25秒東経139度21分41秒﻿ / ﻿北緯36.49028度 東経139.36139度﻿ /36.49028; 139.36139座標:北緯36度29分25秒東経139度21分41秒﻿ / ﻿北緯36.49028度 東経139.36139度﻿ /36.49028; 139.36139","980m","","","","","","","","","","","","","","","",""
"朝日岳 (群馬県)","[朝日岳] 朝日岳 （あさひだけ）は、 群馬県 利根郡 みなかみ町 と 新潟県 南魚沼市 にまたがる 標高 1,945 m の 山 である。","https://ja.wikipedia.org/wiki/朝日岳_(群馬県)","ぐんま百名山","https://ja.wikipedia.org/wiki/ぐんま百名山","参照,制限あり","北緯36度52分50秒東経138度58分21秒","日本群馬県利根郡みなかみ町新潟県南魚沼市","北緯36度52分50秒東経138度58分21秒﻿ / ﻿北緯36.88056度 東経138.97250度﻿ /36.88056; 138.97250座標:北緯36度52分50秒東経138度58分21秒﻿ / ﻿北緯36.88056度 東経138.97250度﻿ /36.88056; 138.97250","1,945.26m","三国山脈","","","","","","","","","","","","","","",""
"笠丸山 (存在しないページ)","[笠丸山]","https://ja.wikipedia.org/w/index.php?title=笠丸山&amp;action=edit&amp;redlink=1","ぐんま百名山","https://ja.wikipedia.org/wiki/ぐんま百名山","参照,制限あり","","","","","","","","","","","","","","","","","","","",""
"白砂山","[白砂山] 白砂山 （しらすなやま）は、 長野県 ・ 新潟県 ・ 群馬県 の3県の境に位置する山である。 標高 は2,139.7m。 日本二百名山 および 越後百山 、 信州百名山 、 ぐんま百名山 に選定されている。","https://ja.wikipedia.org/wiki/白砂山","ぐんま百名山","https://ja.wikipedia.org/wiki/ぐんま百名山","参照,制限あり","北緯36度44分17秒東経138度41分36秒","日本長野県下水内郡栄村新潟県南魚沼郡湯沢町群馬県吾妻郡中之条町","北緯36度44分17秒東経138度41分36秒﻿ / ﻿北緯36.73806度 東経138.69333度﻿ /36.73806; 138.69333座標:北緯36度44分17秒東経138度41分36秒﻿ / ﻿北緯36.73806度 東経138.69333度﻿ /36.73806; 138.69333","2,139.7m","上信越高原","","","","","","","","","","","","","","",""
"日暮山 (存在しないページ)","[日暮山]","https://ja.wikipedia.org/w/index.php?title=日暮山&amp;action=edit&amp;redlink=1","ぐんま百名山","https://ja.wikipedia.org/wiki/ぐんま百名山","参照,制限あり","","","","","","","","","","","","","","","","","","","",""
"浅間隠山","[浅間隠山] 浅間隠山 （あさまかくしやま）は、 群馬県 吾妻郡 東吾妻町 と 長野原町 の境にある山。標高1,757m。","https://ja.wikipedia.org/wiki/浅間隠山","ぐんま百名山","https://ja.wikipedia.org/wiki/ぐんま百名山","参照,制限あり","北緯36度27分13秒東経138度39分09秒","日本群馬県吾妻郡東吾妻町・長野原町","北緯36度27分13秒東経138度39分09秒﻿ / ﻿北緯36.45361度 東経138.65250度﻿ /36.45361; 138.65250座標:北緯36度27分13秒東経138度39分09秒﻿ / ﻿北緯36.45361度 東経138.65250度﻿ /36.45361; 138.65250","1,757m","","","","","","","","","","","","","","","",""
"迦葉山","[迦葉山] 迦葉山 （かしょうざん）は、 群馬県 沼田市 上発知町に位置する 標高 1,322.4mの 山 である。","https://ja.wikipedia.org/wiki/迦葉山","ぐんま百名山","https://ja.wikipedia.org/wiki/ぐんま百名山","参照,制限あり","北緯36度45分31.7秒東経139度03分44.9秒","日本群馬県沼田市","北緯36度45分31.7秒東経139度03分44.9秒﻿ / ﻿北緯36.758806度 東経139.062472度﻿ /36.758806; 139.062472座標:北緯36度45分31.7秒東経139度03分44.9秒﻿ / ﻿北緯36.758806度 東経139.062472度﻿ /36.758806; 139.062472","1,322.4m","","","","","","","","","","","","","","","",""
"四郎岳 (存在しないページ)","[四郎岳]","https://ja.wikipedia.org/w/index.php?title=四郎岳&amp;action=edit&amp;redlink=1","ぐんま百名山","https://ja.wikipedia.org/wiki/ぐんま百名山","参照,制限あり","","","","","","","","","","","","","","","","","","","",""
"日光白根山","[日光白根山] 日光白根山 （にっこうしらねさん）は、 栃木県 日光市 と 群馬県 利根郡 片品村 の境界にある 標高 2,578mの 山 。","https://ja.wikipedia.org/wiki/日光白根山","ぐんま百名山","https://ja.wikipedia.org/wiki/ぐんま百名山","参照,制限あり","北緯36度47分55秒東経139度22分33秒","日本栃木県日光市・群馬県利根郡片品村","北緯36度47分55秒東経139度22分33秒﻿ / ﻿北緯36.79861度 東経139.37583度﻿ /36.79861; 139.37583座標:北緯36度47分55秒東経139度22分33秒﻿ / ﻿北緯36.79861度 東経139.37583度﻿ /36.79861; 139.37583","2,578m","日光火山群","溶岩ドーム","","","","","","","","","","","","","",""
"浅間山","[浅間山] 浅間山 （あさまやま）は、 長野県 北佐久郡 軽井沢町 及び 御代田町 と 群馬県 吾妻郡 嬬恋村 との境にある 安山岩 質の 標高 2,568 メートル (m) の 成層火山 。山体は 円錐 形で カルデラ も形成されており、活発な 活火山 として知られる。","https://ja.wikipedia.org/wiki/浅間山","ぐんま百名山","https://ja.wikipedia.org/wiki/ぐんま百名山","参照,制限あり","北緯36度24分23秒東経138度31分23秒","日本群馬県吾妻郡嬬恋村長野県北佐久郡軽井沢町・御代田町","北緯36度24分23秒東経138度31分23秒﻿ / ﻿北緯36.40639度 東経138.52306度﻿ /36.40639; 138.52306座標:北緯36度24分23秒東経138度31分23秒﻿ / ﻿北緯36.40639度 東経138.52306度﻿ /36.40639; 138.52306","2,568m","浅間山系","成層火山（活火山ランクA）","","","","","","","","","","","","","",""
"鹿岳 (存在しないページ)","[鹿岳]","https://ja.wikipedia.org/w/index.php?title=鹿岳&amp;action=edit&amp;redlink=1","ぐんま百名山","https://ja.wikipedia.org/wiki/ぐんま百名山","参照,制限あり","","","","","","","","","","","","","","","","","","","",""
"皇海山","[皇海山] 皇海山 （すかいさん）は、 栃木県 日光市 と 群馬県 沼田市 との境界にある 山 である。 足尾山地 に属する。 標高 2,144m   。 日本百名山 の一つ。約160万～90万年前に活動した  古い 成層火山 だが、侵食が進み、また樹林に覆われ、今日では火山らしい面影はない。","https://ja.wikipedia.org/wiki/皇海山","ぐんま百名山","https://ja.wikipedia.org/wiki/ぐんま百名山","参照,制限あり","北緯36度41分24秒東経139度20分13秒","日本栃木県日光市・群馬県沼田市","北緯36度41分24秒東経139度20分13秒﻿ / ﻿北緯36.69000度 東経139.33694度﻿ /36.69000; 139.33694座標:北緯36度41分24秒東経139度20分13秒﻿ / ﻿北緯36.69000度 東経139.33694度﻿ /36.69000; 139.33694","2,144m","足尾山地","成層火山","","","","","","","","","","","","","",""
"根本山","[根本山] 根本山 （ねもとさん）は、 栃木県 と 群馬県 に跨がる 山 。標高1,199m。栃木百名山・ぐんま百名山の一つ  。","https://ja.wikipedia.org/wiki/根本山","ぐんま百名山","https://ja.wikipedia.org/wiki/ぐんま百名山","参照,制限あり","北緯36度32分59.4秒東経139度27分3.4秒","日本栃木県佐野市群馬県桐生市・みどり市","北緯36度32分59.4秒東経139度27分3.4秒﻿ / ﻿北緯36.549833度 東経139.450944度﻿ /36.549833; 139.450944座標:北緯36度32分59.4秒東経139度27分3.4秒﻿ / ﻿北緯36.549833度 東経139.450944度﻿ /36.549833; 139.450944","1,199m","足尾山地","","","","","","","","","","","","","","",""
"四阿山","[四阿山] 四阿山 （あずまやさん）は 長野県 と 群馬県 の県境に跨る 山 。 標高 2,354m。 日本百名山 の一つに数えられている。 吾妻山 ・ 吾嬬山 （あがつまやま）などとも呼ばれ、 嬬恋村 では吾妻山が用いられている。","https://ja.wikipedia.org/wiki/四阿山","ぐんま百名山","https://ja.wikipedia.org/wiki/ぐんま百名山","参照,制限あり","北緯36度32分30秒東経138度24分47秒","長野県上田市・須坂市、群馬県吾妻郡嬬恋村","北緯36度32分30秒東経138度24分47秒﻿ / ﻿北緯36.54167度 東経138.41306度﻿ /36.54167; 138.41306座標:北緯36度32分30秒東経138度24分47秒﻿ / ﻿北緯36.54167度 東経138.41306度﻿ /36.54167; 138.41306","2,354m","","成層火山","","","","","","","","","","","","","",""
"金山 (群馬県)","[金山] 金山 （かなやま）は、 群馬県 太田市 金山町にある、 八王子丘陵 の東南にある 標高 235.8mの 独立峰 である。別名「太田金山」。ぐんま百名山に選定されている  。","https://ja.wikipedia.org/wiki/金山_(群馬県)","ぐんま百名山","https://ja.wikipedia.org/wiki/ぐんま百名山","参照,制限あり","北緯36度19分03秒東経139度22分40秒","日本群馬県太田市","北緯36度19分03秒東経139度22分40秒﻿ / ﻿北緯36.31750度 東経139.37778度﻿ /36.31750; 139.37778座標:北緯36度19分03秒東経139度22分40秒﻿ / ﻿北緯36.31750度 東経139.37778度﻿ /36.31750; 139.37778","235.8m","","","","","","","","","","","","","","","",""
"錫ヶ岳 (存在しないページ)","[錫ヶ岳]","https://ja.wikipedia.org/w/index.php?title=錫ヶ岳&amp;action=edit&amp;redlink=1","ぐんま百名山","https://ja.wikipedia.org/wiki/ぐんま百名山","参照,制限あり","","","","","","","","","","","","","","","","","","","",""
"八間山 (存在しないページ)","[八間山]","https://ja.wikipedia.org/w/index.php?title=八間山&amp;action=edit&amp;redlink=1","ぐんま百名山","https://ja.wikipedia.org/wiki/ぐんま百名山","参照,制限あり","","","","","","","","","","","","","","","","","","","",""
"吾妻耶山","[吾妻耶山] 吾妻耶山 （あづまやさん）は、 群馬県 利根郡 みなかみ町 に位置する山で、ぐんま百名山  である。標高は1,341メートル。","https://ja.wikipedia.org/wiki/吾妻耶山","ぐんま百名山","https://ja.wikipedia.org/wiki/ぐんま百名山","参照,制限あり","北緯36度44分45.36秒東経138度55分34.43秒","日本群馬県利根郡みなかみ町","北緯36度44分45.36秒東経138度55分34.43秒﻿ / ﻿北緯36.7459333度 東経138.9262306度﻿ /36.7459333; 138.9262306座標:北緯36度44分45.36秒東経138度55分34.43秒﻿ / ﻿北緯36.7459333度 東経138.9262306度﻿ /36.7459333; 138.9262306","1,341m","三国山脈","","","","","","","","","","","","","","",""
"鹿俣山 (存在しないページ)","[鹿俣山]","https://ja.wikipedia.org/w/index.php?title=鹿俣山&amp;action=edit&amp;redlink=1","ぐんま百名山","https://ja.wikipedia.org/wiki/ぐんま百名山","参照,制限あり","","","","","","","","","","","","","","","","","","","",""
"諏訪山","[諏訪山 (上野村)] 諏訪山 （すわやま）は、 群馬県 多野郡 上野村 にある 標高 1,549mの 山 である。 日本山岳会 が選定した 日本三百名山 の一つ。","https://ja.wikipedia.org/wiki/諏訪山","ぐんま百名山","https://ja.wikipedia.org/wiki/ぐんま百名山","参照,制限あり","北緯36度2分24秒東経138度43分46秒","日本群馬県多野郡上野村","北緯36度2分24秒東経138度43分46秒﻿ / ﻿北緯36.04000度 東経138.72944度﻿ /36.04000; 138.72944","1,549.4m","","","","","","","","","","","","","","","",""
"鼻曲山","[鼻曲山] 鼻曲山 （はなまがりやま）は、 群馬県 高崎市 、 吾妻郡 長野原町 および 長野県 北佐久郡 軽井沢町 との境界にある 山 である。","https://ja.wikipedia.org/wiki/鼻曲山","ぐんま百名山","https://ja.wikipedia.org/wiki/ぐんま百名山","参照,制限あり","北緯36度24分39秒東経138度38分43秒","群馬県高崎市・吾妻郡長野原町・長野県北佐久郡軽井沢町","北緯36度24分39秒東経138度38分43秒﻿ / ﻿北緯36.41083度 東経138.64528度﻿ /36.41083; 138.64528座標:北緯36度24分39秒東経138度38分43秒﻿ / ﻿北緯36.41083度 東経138.64528度﻿ /36.41083; 138.64528","1,655m","","","","","","","","","","","","","","","",""
"吾妻山","[吾妻山] 吾妻山 （あづまやま）もしくは 吾妻連峰 （あづまれんぽう）は、 福島県 と一部は 山形県 の県境に沿って東西に伸びる 火山 群・ 山塊 の総称である。最高峰は 西吾妻山 （2,035メートル）。 日本百名山 や うつくしま百名山 にもあげられている。","https://ja.wikipedia.org/wiki/吾妻山","ぐんま百名山","https://ja.wikipedia.org/wiki/ぐんま百名山","参照,制限あり","北緯37度44分17秒東経140度08分26秒","日本山形県・福島県","北緯37度44分17秒東経140度08分26秒﻿ / ﻿北緯37.73806度 東経140.14056度﻿ /37.73806; 140.14056座標:北緯37度44分17秒東経140度08分26秒﻿ / ﻿北緯37.73806度 東経140.14056度﻿ /37.73806; 140.14056","","","成層火山や単成火山などからなる火山群","奥羽山脈","西吾妻山（2,035m）","","","","","","","","","","","",""
"観音山 (群馬県) (存在しないページ)","[観音山]","https://ja.wikipedia.org/w/index.php?title=観音山_(群馬県)&amp;action=edit&amp;redlink=1","ぐんま百名山","https://ja.wikipedia.org/wiki/ぐんま百名山","参照,制限あり","","","","","","","","","","","","","","","","","","","",""
"諏訪山 (群馬県・埼玉県)","[諏訪山 (神流町)] 諏訪山 （すわやま）は、 群馬県 多野郡 神流町 と 埼玉県 秩父郡 小鹿野町 とにまたがる 標高 1,207.1mの 山 である。","https://ja.wikipedia.org/wiki/諏訪山_(群馬県・埼玉県)","ぐんま百名山","https://ja.wikipedia.org/wiki/ぐんま百名山","参照,制限あり","北緯36度03分01.1530秒東経138度50分05.0081秒","日本群馬県多野郡神流町埼玉県秩父郡小鹿野町","北緯36度03分01.1530秒東経138度50分05.0081秒﻿ / ﻿北緯36.050320278度 東経138.834724472度﻿ /36.050320278; 138.834724472座標:北緯36度03分01.1530秒東経138度50分05.0081秒﻿ / ﻿北緯36.050320278度 東経138.834724472度﻿ /36.050320278; 138.834724472","1,207.1m","","","","","","","","","","","","","","","",""
"榛名山","[榛名山] 榛名山 （はるなさん）は、 関東地方 の北部の 群馬県 にある 上毛三山 の一つであり、古来 山岳信仰 を受けてきた山である。山の南西麓に 榛名神社 が祀られている。","https://ja.wikipedia.org/wiki/榛名山","ぐんま百名山","https://ja.wikipedia.org/wiki/ぐんま百名山","参照,制限あり","北緯36度28分38秒東経138度51分02秒","日本群馬県高崎市","北緯36度28分38秒東経138度51分02秒﻿ / ﻿北緯36.47722度 東経138.85056度﻿ /36.47722; 138.85056座標:北緯36度28分38秒東経138度51分02秒﻿ / ﻿北緯36.47722度 東経138.85056度﻿ /36.47722; 138.85056","1,449m","独立峰","成層火山（活火山ランクB）","","","","","","","","","","","","","",""
"阿能川岳 (存在しないページ)","[阿能川岳]","https://ja.wikipedia.org/w/index.php?title=阿能川岳&amp;action=edit&amp;redlink=1","ぐんま百名山","https://ja.wikipedia.org/wiki/ぐんま百名山","参照,制限あり","","","","","","","","","","","","","","","","","","","",""
"鬼怒沼山","[鬼怒沼山] 座標 : .mw-parser-output .geo-default,.mw-parser-output .geo-dms,.mw-parser-output .geo-dec{display:inline}.mw-parser-output .geo-nondefault,.mw-parser-output .geo-multi-punct{display:none}.mw-parser-output .longitude,.mw-parser-output .latitude{white-space:nowrap} 北緯36度52分57秒 東経139度22分18秒 ﻿ / ﻿ 北緯36.8826371278459度 東経139.371611336619度 ﻿ / 36.8826371278459; 139.371611336619","https://ja.wikipedia.org/wiki/鬼怒沼山","ぐんま百名山","https://ja.wikipedia.org/wiki/ぐんま百名山","参照,制限あり","","","","","","","","","","","","","","","","","","","",""
"石尊山 (存在しないページ)","[石尊山]","https://ja.wikipedia.org/w/index.php?title=石尊山&amp;action=edit&amp;redlink=1","ぐんま百名山","https://ja.wikipedia.org/wiki/ぐんま百名山","参照,制限あり","","","","","","","","","","","","","","","","","","","",""
"桧沢岳 (存在しないページ)","[桧沢岳]","https://ja.wikipedia.org/w/index.php?title=桧沢岳&amp;action=edit&amp;redlink=1","ぐんま百名山","https://ja.wikipedia.org/wiki/ぐんま百名山","参照,制限あり","","","","","","","","","","","","","","","","","","","",""
"荒船山","[荒船山] 荒船山 （あらふねやま）は 群馬県 甘楽郡 下仁田町 と 長野県 佐久市 に跨る標高1,423mの山である。 妙義荒船佐久高原国定公園 に属している。 日本二百名山 のひとつ。","https://ja.wikipedia.org/wiki/荒船山","ぐんま百名山","https://ja.wikipedia.org/wiki/ぐんま百名山","参照,制限あり","北緯36度12分14秒東経138度38分13秒","日本群馬県甘楽郡下仁田町長野県佐久市","北緯36度12分14秒東経138度38分13秒﻿ / ﻿北緯36.20389度 東経138.63694度﻿ /36.20389; 138.63694座標:北緯36度12分14秒東経138度38分13秒﻿ / ﻿北緯36.20389度 東経138.63694度﻿ /36.20389; 138.63694","1,423m","","メサ","","","","","","","","","","","","","",""
"草津白根山","[草津白根山] 草津白根山 （くさつ しらねさん）は、 日本 の 北関東 、 群馬県 吾妻郡 草津町 に所在する 活火山 である。 標高 は2,160 メートル 。正式名称は 白根山 であるが、他の 白根山 と区別する必要のある場合の名称として地域名「 草津 」を冠した 草津白根山 の名で呼ばれる。また、近隣の 逢ノ峰 と 本白根山 を含めた三山の総称とすることもあり、この場合は標高2,171メートルの 本白根山 が 最高峰 となる。一つの火山の山体として捉える際は後者の考え方をとる（特に2018年の本白根山での噴火以降は、後者の意味で扱われることが増えている）。","https://ja.wikipedia.org/wiki/草津白根山","ぐんま百名山","https://ja.wikipedia.org/wiki/ぐんま百名山","参照,制限あり","北緯36度38分38秒東経138度31分40秒","日本群馬県吾妻郡草津町","北緯36度38分38秒東経138度31分40秒﻿ / ﻿北緯36.64389度 東経138.52778度﻿ /36.64389; 138.52778座標:北緯36度38分38秒東経138度31分40秒﻿ / ﻿北緯36.64389度 東経138.52778度﻿ /36.64389; 138.52778","2,160m","","活火山ランクB・常時観測火山","","","","","","","","","","","","","",""
"仙ノ倉山","[仙ノ倉山] 仙ノ倉山 （せんのくらやま）は、 群馬県 利根郡 みなかみ町 と 新潟県 南魚沼郡 湯沢町 にまたがる 山 。谷川連峰に属する。 標高 2,026mで二等 三角点 が置かれている。ぐんま百名山  で、「ぐんま県境 稜線 トレイル」コースになっている  。","https://ja.wikipedia.org/wiki/仙ノ倉山","ぐんま百名山","https://ja.wikipedia.org/wiki/ぐんま百名山","参照,制限あり","北緯36度49分03秒東経138度50分22秒","日本群馬県利根郡みなかみ町新潟県南魚沼郡湯沢町","北緯36度49分03秒東経138度50分22秒﻿ / ﻿北緯36.81750度 東経138.83944度﻿ /36.81750; 138.83944座標:北緯36度49分03秒東経138度50分22秒﻿ / ﻿北緯36.81750度 東経138.83944度﻿ /36.81750; 138.83944","2,026.3m","三国山脈","","","","","","","","","","","","","","",""
"平ヶ岳 (群馬県・新潟県)","[平ヶ岳] 平ヶ岳 （ひらがたけ）は、 新潟県 魚沼市 と 群馬県 みなかみ町 の境界にある標高2,141mの 山 。 日本百名山 のひとつ。","https://ja.wikipedia.org/wiki/平ヶ岳_(群馬県・新潟県)","ぐんま百名山","https://ja.wikipedia.org/wiki/ぐんま百名山","参照,制限あり","北緯37度00分07秒東経139度10分15秒","新潟県魚沼市群馬県みなかみ町","北緯37度00分07秒東経139度10分15秒﻿ / ﻿北緯37.00194度 東経139.17083度﻿ /37.00194; 139.17083","2,141m","三国山脈","","","","","","","","","","","","","","",""
"有笠山 (存在しないページ)","[有笠山]","https://ja.wikipedia.org/w/index.php?title=有笠山&amp;action=edit&amp;redlink=1","ぐんま百名山","https://ja.wikipedia.org/wiki/ぐんま百名山","参照,制限あり","","","","","","","","","","","","","","","","","","","",""
"栗生山","[栗生山] 栗生山 （くりゅうさん）は、 群馬県 桐生市 黒保根町にある、 標高 968.2mの 山 である。","https://ja.wikipedia.org/wiki/栗生山","ぐんま百名山","https://ja.wikipedia.org/wiki/ぐんま百名山","参照,制限あり","北緯36度32分54.3秒東経139度16分18.3秒","日本群馬県桐生市","北緯36度32分54.3秒東経139度16分18.3秒﻿ / ﻿北緯36.548417度 東経139.271750度﻿ /36.548417; 139.271750座標:北緯36度32分54.3秒東経139度16分18.3秒﻿ / ﻿北緯36.548417度 東経139.271750度﻿ /36.548417; 139.271750","968.2m","","","","","","","","","","","","","","","",""
"崇台山 (存在しないページ)","[崇台山]","https://ja.wikipedia.org/w/index.php?title=崇台山&amp;action=edit&amp;redlink=1","ぐんま百名山","https://ja.wikipedia.org/wiki/ぐんま百名山","参照,制限あり","","","","","","","","","","","","","","","","","","","",""
"武能岳","[武能岳] 武能岳 （ぶのうだけ）は、 新潟県 南魚沼郡 湯沢町 と 群馬県 利根郡 みなかみ町 に位置する山で、標高1,760メートルである。山稜の東側が 上信越高原国立公園 に指定されている  。また、 ぐんま百名山  で、「ぐんま県境 稜線 トレイル」  谷川岳 ・ 馬蹄 形 縦走 コース  にもなっている。","https://ja.wikipedia.org/wiki/武能岳","ぐんま百名山","https://ja.wikipedia.org/wiki/ぐんま百名山","参照,制限あり","北緯36度52分2秒東経138度55分11秒","日本新潟県南魚沼郡湯沢町群馬県利根郡みなかみ町","北緯36度52分2秒東経138度55分11秒﻿ / ﻿北緯36.86722度 東経138.91972度﻿ /36.86722; 138.91972","1,760m","三国山脈","","","","","","","","","","","","","","",""
"稲包山","[稲包山] 稲包山 （いなつつみやま）は、 群馬県 利根郡 みなかみ町 と 吾妻郡 中之条町 に位置する山で、標高1,598メートルである。ぐんま百名山  で、「ぐんま県境 稜線 トレイル」  三国峠 ～稲包山周回コース  にもなっている。","https://ja.wikipedia.org/wiki/稲包山","ぐんま百名山","https://ja.wikipedia.org/wiki/ぐんま百名山","参照,制限あり","北緯36度44分36.0秒東経138度47分23.7秒","日本群馬県利根郡みなかみ町群馬県吾妻郡中之条町","北緯36度44分36.0秒東経138度47分23.7秒﻿ / ﻿北緯36.743333度 東経138.789917度﻿ /36.743333; 138.789917座標:北緯36度44分36.0秒東経138度47分23.7秒﻿ / ﻿北緯36.743333度 東経138.789917度﻿ /36.743333; 138.789917","1,597.9m","三国山脈","","","","","","","","","","","","","","",""
"黒滝山 (群馬県) (存在しないページ)","[黒滝山]","https://ja.wikipedia.org/w/index.php?title=黒滝山_(群馬県)&amp;action=edit&amp;redlink=1","ぐんま百名山","https://ja.wikipedia.org/wiki/ぐんま百名山","参照,制限あり","","","","","","","","","","","","","","","","","","","",""
"大源太山 (群馬県) (存在しないページ)","[大源太山]","https://ja.wikipedia.org/w/index.php?title=大源太山_(群馬県)&amp;action=edit&amp;redlink=1","ぐんま百名山","https://ja.wikipedia.org/wiki/ぐんま百名山","参照,制限あり","","","","","","","","","","","","","","","","","","","",""
"武尊山","[武尊山] 武尊山 （ほたかやま）は、 群馬県 利根郡 みなかみ町 、 川場村 、 片品村 の境にある 標高 2,158 m の 成層火山 である。 北アルプス の 穂高岳 と区別するため、 上州武尊山 とも呼ばれる。 日本百名山  及び 新・花の百名山  に選定されている山である。","https://ja.wikipedia.org/wiki/武尊山","ぐんま百名山","https://ja.wikipedia.org/wiki/ぐんま百名山","参照,制限あり","北緯36度48分19秒東経139度07分57秒","日本群馬県利根郡みなかみ町、川場村、片品村","北緯36度48分19秒東経139度07分57秒﻿ / ﻿北緯36.80528度 東経139.13250度﻿ /36.80528; 139.13250座標:北緯36度48分19秒東経139度07分57秒﻿ / ﻿北緯36.80528度 東経139.13250度﻿ /36.80528; 139.13250","2157.96m","独立峰","成層火山","","","","","","","","","","","","","",""
"稲含山","[稲含山] 稲含山 （いなふくみやま）とは、 群馬県 甘楽郡 下仁田町 と同郡 甘楽町 との境界部分にある 標高 1370.0 m の 山 である。 ぐんま百名山 の一つ。農耕の神の山として古くから信仰されてきた山で、西上州随一の展望を誇る  。","https://ja.wikipedia.org/wiki/稲含山","ぐんま百名山","https://ja.wikipedia.org/wiki/ぐんま百名山","参照,制限あり","北緯36度10分10秒東経138度49分31秒","日本群馬県甘楽郡下仁田町・甘楽町","北緯36度10分10秒東経138度49分31秒﻿ / ﻿北緯36.16944度 東経138.82528度﻿ /36.16944; 138.82528座標:北緯36度10分10秒東経138度49分31秒﻿ / ﻿北緯36.16944度 東経138.82528度﻿ /36.16944; 138.82528","1370.0m","","","","","","","","","","","","","","","",""
"黒斑山","[黒斑山] 黒斑山 （くろふやま）は、 群馬県 嬬恋村 と 長野県 小諸市 にある 浅間山 の第一 外輪山 の 最高峰 である 標高 2,404 m の 山 。","https://ja.wikipedia.org/wiki/黒斑山","ぐんま百名山","https://ja.wikipedia.org/wiki/ぐんま百名山","参照,制限あり","北緯36度24分19秒東経138度29分19秒","日本群馬県嬬恋村長野県小諸市","北緯36度24分19秒東経138度29分19秒﻿ / ﻿北緯36.40528度 東経138.48861度﻿ /36.40528; 138.48861座標:北緯36度24分19秒東経138度29分19秒﻿ / ﻿北緯36.40528度 東経138.48861度﻿ /36.40528; 138.48861","2,404m","浅間山","馬蹄形カルデラ外輪山","","","","","","","","","","","","","",""
"平標山","[平標山] 平標山 （たいらっぴょうやま）は、 新潟県 南魚沼郡 湯沢町 と 群馬県 利根郡 みなかみ町 に位置する山で、標高1,983.8メートルである。花の百名山  で、「ぐんま県境 稜線 トレイル」  三国峠 ～稲包山周回コース  にもなっている。","https://ja.wikipedia.org/wiki/平標山","ぐんま百名山","https://ja.wikipedia.org/wiki/ぐんま百名山","参照,制限あり","北緯36度49分4.23秒東経138度49分18.49秒","日本新潟県南魚沼郡湯沢町群馬県利根郡みなかみ町","北緯36度49分4.23秒東経138度49分18.49秒﻿ / ﻿北緯36.8178417度 東経138.8218028度﻿ /36.8178417; 138.8218028座標:北緯36度49分4.23秒東経138度49分18.49秒﻿ / ﻿北緯36.8178417度 東経138.8218028度﻿ /36.8178417; 138.8218028","1,983.8m","三国山脈","","","","","","","","","","","","","","",""
"巻機山","[巻機山] 巻機山 （まきはたやま）は 新潟県 南魚沼市 と 群馬県 利根郡 みなかみ町 の境、 三国山脈 にある 標高 1,967mの山。 日本百名山 のひとつ。","https://ja.wikipedia.org/wiki/巻機山","ぐんま百名山","https://ja.wikipedia.org/wiki/ぐんま百名山","参照,制限あり","北緯36度58分43秒東経138度57分51秒","日本新潟県南魚沼市群馬県利根郡みなかみ町","北緯36度58分43秒東経138度57分51秒﻿ / ﻿北緯36.97861度 東経138.96417度﻿ /36.97861; 138.96417座標:北緯36度58分43秒東経138度57分51秒﻿ / ﻿北緯36.97861度 東経138.96417度﻿ /36.97861; 138.96417","1,967m","三国山脈","","","","","","","","","","","","","","",""
"岩櫃山","[岩櫃山] 岩櫃山 （いわびつやま）は、 日本 の 北関東 、 群馬県 吾妻郡 東吾妻町 にある、 標高 802.6 m  の 山 。","https://ja.wikipedia.org/wiki/岩櫃山","ぐんま百名山","https://ja.wikipedia.org/wiki/ぐんま百名山","参照,制限あり","北緯36度33分25秒東経138度47分46秒","日本群馬県吾妻郡東吾妻町","北緯36度33分25秒東経138度47分46秒﻿ / ﻿北緯36.55694度 東経138.79611度﻿ /36.55694; 138.79611座標:北緯36度33分25秒東経138度47分46秒﻿ / ﻿北緯36.55694度 東経138.79611度﻿ /36.55694; 138.79611","802.6m","","","","","","","","","","","","","","","",""
"景鶴山","[景鶴山] 景鶴山 （けいづるやま）は、 尾瀬ヶ原 の北に存在する標高2,004mの 山 である。 群馬県 利根郡 片品村 と 新潟県 魚沼市 の境界に存在し、 日本三百名山  と ぐんま百名山  に指定されている。また山の南側は 尾瀬国立公園 に指定されている ","https://ja.wikipedia.org/wiki/景鶴山","ぐんま百名山","https://ja.wikipedia.org/wiki/ぐんま百名山","参照,制限あり","北緯36度57分24.7秒東経139度12分38秒","日本　新潟県魚沼市群馬県利根郡片品村戸倉","北緯36度57分24.7秒東経139度12分38秒﻿ / ﻿北緯36.956861度 東経139.21056度﻿ /36.956861; 139.21056座標:北緯36度57分24.7秒東経139度12分38秒﻿ / ﻿北緯36.956861度 東経139.21056度﻿ /36.956861; 139.21056","2,004m","越後山脈","","","","","","","","","","","","","","",""
"高岩 (存在しないページ)","[高岩]","https://ja.wikipedia.org/w/index.php?title=高岩&amp;action=edit&amp;redlink=1","ぐんま百名山","https://ja.wikipedia.org/wiki/ぐんま百名山","参照,制限あり","","","","","","","","","","","","","","","","","","","",""
"万太郎山","[万太郎山] 万太郎山 （まんたろうやま）は、 群馬県 利根郡 みなかみ町 と 新潟県 南魚沼郡 湯沢町 にまたがる 三国山脈 に位置する山。標高 1,956m で 谷川岳 の支峰に属する。付近には 関越自動車道 の 関越トンネル が有り、換気塔が山腹に存在する。「ぐんま県境 稜線 トレイル」コースになっている  。","https://ja.wikipedia.org/wiki/万太郎山","ぐんま百名山","https://ja.wikipedia.org/wiki/ぐんま百名山","参照,制限あり","北緯36度49分25秒東経138度52分45秒","新潟県南魚沼郡湯沢町群馬県利根郡みなかみ町","北緯36度49分25秒東経138度52分45秒﻿ / ﻿北緯36.82361度 東経138.87917度﻿ /36.82361; 138.87917座標:北緯36度49分25秒東経138度52分45秒﻿ / ﻿北緯36.82361度 東経138.87917度﻿ /36.82361; 138.87917","1,956m","三国山脈","","","","","","","","","","","","","","",""
"牛伏山 (群馬県)","[牛伏山] 牛伏山 （うしぶせやま）は、 群馬県 高崎市 にある 山 。標高491 メートル 。 一郷山 、 金比羅山 とも。 ぐんま百名山 の一つ。","https://ja.wikipedia.org/wiki/牛伏山_(群馬県)","ぐんま百名山","https://ja.wikipedia.org/wiki/ぐんま百名山","参照,制限あり","北緯36度13分13.98秒東経138度59分00.9秒","群馬県高崎市","北緯36度13分13.98秒東経138度59分00.9秒﻿ / ﻿北緯36.2205500度 東経138.983583度﻿ /36.2205500; 138.983583座標:北緯36度13分13.98秒東経138度59分00.9秒﻿ / ﻿北緯36.2205500度 東経138.983583度﻿ /36.2205500; 138.983583","491m","","残丘","","","","","","","","","","","","","",""
"袈裟丸山","[袈裟丸山] 袈裟丸山 （けさまるやま）は 栃木県 日光市 ・ 群馬県 沼田市 と 群馬県 みどり市 にまたがる 山 。 前袈裟丸山 ・ 中袈裟丸山 ・ 後袈裟丸山 ・ 奥袈裟丸山 ・ 法師岳 の総称のこと。一般には前袈裟丸山がこう呼ばれる。標高は1,878 m （前袈裟丸山）。最高点は奥袈裟丸山の標高点1,961 m  。袈裟丸連峰。袈裟丸山は古い 皇海火山 を構成する一峰である  。 日本三百名山 。名所としては 寝釈迦像 が有名。","https://ja.wikipedia.org/wiki/袈裟丸山","ぐんま百名山","https://ja.wikipedia.org/wiki/ぐんま百名山","参照,制限あり","北緯36度38分17秒東経139度19分43秒","日本栃木県日光市群馬県沼田市・みどり市","北緯36度38分17秒東経139度19分43秒﻿ / ﻿北緯36.63806度 東経139.32861度﻿ /36.63806; 139.32861座標:北緯36度38分17秒東経139度19分43秒﻿ / ﻿北緯36.63806度 東経139.32861度﻿ /36.63806; 139.32861","1,961m","","火山岩（皇海火山の一部）","","","","","","","","","","","","","",""
"高間山 (存在しないページ)","[高間山]","https://ja.wikipedia.org/w/index.php?title=高間山&amp;action=edit&amp;redlink=1","ぐんま百名山","https://ja.wikipedia.org/wiki/ぐんま百名山","参照,制限あり","","","","","","","","","","","","","","","","","","","",""
"御荷鉾山","[御荷鉾山] 御荷鉾山 （みかぼやま）は、 群馬県 神流町 、 藤岡市 にある 山 である。通常は西御荷鉾山（1,287m   ）と東御荷鉾山（1,246m）の二峰を指し、広義にはこれに オドケ山 （1191m）を含むことがある。","https://ja.wikipedia.org/wiki/御荷鉾山","ぐんま百名山","https://ja.wikipedia.org/wiki/ぐんま百名山","参照,制限あり","北緯36度9分8.1秒東経138度55分6.5秒","群馬県神流町、藤岡市","北緯36度9分8.1秒東経138度55分6.5秒﻿ / ﻿北緯36.152250度 東経138.918472度﻿ /36.152250; 138.918472","西御荷鉾山: 1286m、東御荷鉾山: 1246m","上武山地御荷鉾山系","","","","","","","","","","","","","","",""
"エビ山 (存在しないページ)","[エビ山]","https://ja.wikipedia.org/w/index.php?title=エビ山&amp;action=edit&amp;redlink=1","ぐんま百名山","https://ja.wikipedia.org/wiki/ぐんま百名山","参照,制限あり","","","","","","","","","","","","","","","","","","","",""
"庚申山","[庚申山] 座標 : .mw-parser-output .geo-default,.mw-parser-output .geo-dms,.mw-parser-output .geo-dec{display:inline}.mw-parser-output .geo-nondefault,.mw-parser-output .geo-multi-punct{display:none}.mw-parser-output .longitude,.mw-parser-output .latitude{white-space:nowrap} 北緯36度40分23秒 東経139度21分41秒 ﻿ / ﻿ 北緯36.6731287927422度 東経139.361284666978度 ﻿ / 36.6731287927422; 139.361284666978","https://ja.wikipedia.org/wiki/庚申山","ぐんま百名山","https://ja.wikipedia.org/wiki/ぐんま百名山","参照,制限あり","","","","","","","","","","","","","","","","","","","",""
"嵩山 (群馬県) (存在しないページ)","[嵩山]","https://ja.wikipedia.org/w/index.php?title=嵩山_(群馬県)&amp;action=edit&amp;redlink=1","ぐんま百名山","https://ja.wikipedia.org/wiki/ぐんま百名山","参照,制限あり","","","","","","","","","","","","","","","","","","","",""
"三国山 (群馬県)","[三国山] 三国山 （みくにやま）は、 群馬県 利根郡 みなかみ町 と 新潟県 南魚沼郡 湯沢町 の間にある 山 。 標高 1,636m。この最高点は、県境からわずかの距離にある群馬県内にある。 谷川岳 や 平標山 などがある 上越国境 稜線から少しそれた場所にある。","https://ja.wikipedia.org/wiki/三国山_(群馬県)","ぐんま百名山","https://ja.wikipedia.org/wiki/ぐんま百名山","参照,制限あり","北緯36度46分20秒東経138度49分40秒","日本群馬県利根郡みなかみ町・新潟県南魚沼郡湯沢町","北緯36度46分20秒東経138度49分40秒﻿ / ﻿北緯36.77222度 東経138.82778度﻿ /36.77222; 138.82778座標:北緯36度46分20秒東経138度49分40秒﻿ / ﻿北緯36.77222度 東経138.82778度﻿ /36.77222; 138.82778","1,636.4m","三国山脈","","","","","","","","","","","","","","",""
"烏帽子岳 (群馬県) (存在しないページ)","[烏帽子岳]","https://ja.wikipedia.org/w/index.php?title=烏帽子岳_(群馬県)&amp;action=edit&amp;redlink=1","ぐんま百名山","https://ja.wikipedia.org/wiki/ぐんま百名山","参照,制限あり","","","","","","","","","","","","","","","","","","","",""
"荒神山 (桐生市)","[荒神山] 荒神山 （こうじんやま）は、 群馬県 桐生市 黒保根町と みどり市 大間々町の境にある、 標高 624.4mの 山 である。","https://ja.wikipedia.org/wiki/荒神山_(桐生市)","ぐんま百名山","https://ja.wikipedia.org/wiki/ぐんま百名山","参照,制限あり","北緯36度29分35.0秒東経139度17分10.5秒","日本群馬県桐生市・みどり市","北緯36度29分35.0秒東経139度17分10.5秒﻿ / ﻿北緯36.493056度 東経139.286250度﻿ /36.493056; 139.286250座標:北緯36度29分35.0秒東経139度17分10.5秒﻿ / ﻿北緯36.493056度 東経139.286250度﻿ /36.493056; 139.286250","624.4m","","","","","","","","","","","","","","","",""
"立岩 (存在しないページ)","[立岩]","https://ja.wikipedia.org/w/index.php?title=立岩&amp;action=edit&amp;redlink=1","ぐんま百名山","https://ja.wikipedia.org/wiki/ぐんま百名山","参照,制限あり","","","","","","","","","","","","","","","","","","","",""
"三峰山","[三峰山] 三峰山 （みつみねさん）は、 本来は 奥秩父山塊 にある 妙法が岳 （1332m）、 白岩山 （1921m）、 雲取山 （2017m）の三山の総称。","https://ja.wikipedia.org/wiki/三峰山","ぐんま百名山","https://ja.wikipedia.org/wiki/ぐんま百名山","参照,制限あり","","","","","","","","","","","","","","","","","","","",""
"王城山 (存在しないページ)","[王城山]","https://ja.wikipedia.org/w/index.php?title=王城山&amp;action=edit&amp;redlink=1","ぐんま百名山","https://ja.wikipedia.org/wiki/ぐんま百名山","参照,制限あり","","","","","","","","","","","","","","","","","","","",""
"鉱石山","[鉱石山] 鉱石山 （こうせきやま）は 群馬県 川場村 に存在する山である。標高は1205m  。","https://ja.wikipedia.org/wiki/鉱石山","ぐんま百名山","https://ja.wikipedia.org/wiki/ぐんま百名山","参照,制限あり","北緯36度44分10.9秒東経139度07分20.4秒","日本群馬県利根郡川場村","北緯36度44分10.9秒東経139度07分20.4秒﻿ / ﻿北緯36.736361度 東経139.122333度﻿ /36.736361; 139.122333座標:北緯36度44分10.9秒東経139度07分20.4秒﻿ / ﻿北緯36.736361度 東経139.122333度﻿ /36.736361; 139.122333","1205m","","","","","","","","","","","","","","","",""
"谷川岳","[谷川岳] 谷川岳 （たにがわだけ）は 群馬 ・ 新潟 の県境にある 三国山脈 の 山 である。 日本百名山 のひとつ。周囲の 万太郎山 ・ 仙ノ倉山 ・ 茂倉岳 などを総じて 谷川連峰 という。","https://ja.wikipedia.org/wiki/谷川岳","ぐんま百名山","https://ja.wikipedia.org/wiki/ぐんま百名山","参照,制限あり","北緯36度50分14秒東経138度55分48秒","日本群馬県利根郡みなかみ町新潟県南魚沼郡湯沢町","北緯36度50分14秒東経138度55分48秒﻿ / ﻿北緯36.83722度 東経138.93000度﻿ /36.83722; 138.93000座標:北緯36度50分14秒東経138度55分48秒﻿ / ﻿北緯36.83722度 東経138.93000度﻿ /36.83722; 138.93000","1,977m","三国山脈","","","","","","","","","","","","","","",""
"御堂山 (存在しないページ)","[御堂山]","https://ja.wikipedia.org/w/index.php?title=御堂山&amp;action=edit&amp;redlink=1","ぐんま百名山","https://ja.wikipedia.org/wiki/ぐんま百名山","参照,制限あり","","","","","","","","","","","","","","","","","","","",""
"大桁山 (存在しないページ)","[大桁山]","https://ja.wikipedia.org/w/index.php?title=大桁山&amp;action=edit&amp;redlink=1","ぐんま百名山","https://ja.wikipedia.org/wiki/ぐんま百名山","参照,制限あり","","","","","","","","","","","","","","","","","","","",""
"子持山","[子持山] 子持山 （こもちやま）は、 群馬県 の中部にある 火山 。標高1296メートル。「ぐんま百名山」の一つに選ばれている  。","https://ja.wikipedia.org/wiki/子持山","ぐんま百名山","https://ja.wikipedia.org/wiki/ぐんま百名山","参照,制限あり","北緯36度35分31秒東経138度59分52秒","日本群馬県渋川市・沼田市・吾妻郡高山村","北緯36度35分31秒東経138度59分52秒﻿ / ﻿北緯36.59194度 東経138.99778度﻿ /36.59194; 138.99778座標:北緯36度35分31秒東経138度59分52秒﻿ / ﻿北緯36.59194度 東経138.99778度﻿ /36.59194; 138.99778","1,296.2m","","成層火山","","","","","","","","","","","","","",""
"丹後山","[丹後山] 丹後山 （たんごやま）は、 新潟県 南魚沼市  と 群馬県 利根郡 みなかみ町 との 県境 に位置する山で、中央 分水界 になり、標高は1,808.5メートルである。ぐんま百名山  で、 利根川 水源碑  の登山ルートでもある。","https://ja.wikipedia.org/wiki/丹後山","ぐんま百名山","https://ja.wikipedia.org/wiki/ぐんま百名山","参照,制限あり","北緯37度02分49.12秒東経139度05分28.99秒","日本群馬県利根郡みなかみ町・新潟県南魚沼市","北緯37度02分49.12秒東経139度05分28.99秒﻿ / ﻿北緯37.0469778度 東経139.0913861度﻿ /37.0469778; 139.0913861座標:北緯37度02分49.12秒東経139度05分28.99秒﻿ / ﻿北緯37.0469778度 東経139.0913861度﻿ /37.0469778; 139.0913861","1,808.5m","越後山脈","","","","","","","","","","","","","","",""
"妙義山","[妙義山] 妙義山 （みょうぎさん）は、 群馬県 甘楽郡 下仁田町 ・ 富岡市 ・ 安中市 の境界に位置する 日本三大奇景 の一つとされる 山 である。いくつものピークから成り、最高峰は表妙義稜線上の 相馬岳 (1,103.8m)で、また妙義山系全体の最高峰は裏妙義に聳える 谷急山 (1,162.1m)となっている。","https://ja.wikipedia.org/wiki/妙義山","ぐんま百名山","https://ja.wikipedia.org/wiki/ぐんま百名山","参照,制限あり","北緯36度17分55秒東経138度44分56秒","群馬県甘楽郡下仁田町・富岡市・安中市","北緯36度17分55秒東経138度44分56秒﻿ / ﻿北緯36.29861度 東経138.74889度﻿ /36.29861; 138.74889座標:北緯36度17分55秒東経138度44分56秒﻿ / ﻿北緯36.29861度 東経138.74889度﻿ /36.29861; 138.74889","1,103.8m","","","","","","","","","","","","","","","",""
"大水上山","[大水上山] 大水上山 （おおみなかみやま）は、 新潟県 南魚沼市 、同県 魚沼市 と 群馬県 利根郡 みなかみ町 の境目にある標高1,834mの山。別名、 大利根山 （おおとねやま）・大利根岳・利根岳・刀根岳・刀嶺岳など。 三国山脈 にある。 谷川岳 や 巻機山 から連なる 太平洋 と 日本海 を分ける 中央分水嶺 は、この山頂で東へ屈曲し、 藤原山 、 平ヶ岳 へと続く。また、同山頂が群馬県の北限点となっている。","https://ja.wikipedia.org/wiki/大水上山","ぐんま百名山","https://ja.wikipedia.org/wiki/ぐんま百名山","参照,制限あり","北緯37度3分32秒東経139度5分49秒","群馬県利根郡みなかみ町新潟県南魚沼市新潟県魚沼市","北緯37度3分32秒東経139度5分49秒﻿ / ﻿北緯37.05889度 東経139.09694度﻿ /37.05889; 139.09694","1834m","三国山脈","","","","","","","","","","","","","","",""
"金精山 (存在しないページ)","[金精山]","https://ja.wikipedia.org/w/index.php?title=金精山&amp;action=edit&amp;redlink=1","ぐんま百名山","https://ja.wikipedia.org/wiki/ぐんま百名山","参照,制限あり","","","","","","","","","","","","","","","","","","","",""
"茶臼山 (桐生市)","[茶臼山] 茶臼山 （ちゃうすやま）は、 群馬県 桐生市 にある山。標高294m。ぐんま百名山の一つ   。","https://ja.wikipedia.org/wiki/茶臼山_(桐生市)","ぐんま百名山","https://ja.wikipedia.org/wiki/ぐんま百名山","参照,制限あり","北緯36度22分41秒東経139度19分34.3秒","日本群馬県桐生市","北緯36度22分41秒東経139度19分34.3秒﻿ / ﻿北緯36.37806度 東経139.326194度﻿ /36.37806; 139.326194座標:北緯36度22分41秒東経139度19分34.3秒﻿ / ﻿北緯36.37806度 東経139.326194度﻿ /36.37806; 139.326194","294m","八王子丘陵","","","","","","","","","","","","","","",""
"物語山 (存在しないページ)","[物語山]","https://ja.wikipedia.org/w/index.php?title=物語山&amp;action=edit&amp;redlink=1","ぐんま百名山","https://ja.wikipedia.org/wiki/ぐんま百名山","参照,制限あり","","","","","","","","","","","","","","","","","","","",""
"大峰山 (群馬県)","[大峰山] 大峰山 （おおみねやま）は、 群馬県 利根郡 みなかみ町 に位置する山で、ぐんま百名山  である。標高は1254.5メートル。","https://ja.wikipedia.org/wiki/大峰山_(群馬県)","ぐんま百名山","https://ja.wikipedia.org/wiki/ぐんま百名山","参照,制限あり","北緯36度44分8.7秒東経138度56分1.04秒","日本群馬県利根郡みなかみ町","北緯36度44分8.7秒東経138度56分1.04秒﻿ / ﻿北緯36.735750度 東経138.9336222度﻿ /36.735750; 138.9336222座標:北緯36度44分8.7秒東経138度56分1.04秒﻿ / ﻿北緯36.735750度 東経138.9336222度﻿ /36.735750; 138.9336222","1254.5m","三国山脈","","","","","","","","","","","","","","",""
"桜山 (群馬県)","[桜山] 桜山 （さくらやま）は、 群馬県 藤岡市 にある 標高 591mの 山 である。 山頂は桜山公園として整備され、 桜 の名所となっている。 日本さくら名所100選 に選定されている。麓には みかん 園、中腹には りんご 園があり、それぞれフルーツ狩りを楽しめる。","https://ja.wikipedia.org/wiki/桜山_(群馬県)","ぐんま百名山","https://ja.wikipedia.org/wiki/ぐんま百名山","参照,制限あり","北緯36度9分42.1秒東経139度1分16.2秒","群馬県藤岡市三波川","北緯36度9分42.1秒東経139度1分16.2秒﻿ / ﻿北緯36.161694度 東経139.021167度﻿ /36.161694; 139.021167座標:北緯36度9分42.1秒東経139度1分16.2秒﻿ / ﻿北緯36.161694度 東経139.021167度﻿ /36.161694; 139.021167","591m","","","","","","","","","","","","","","","",""
"角落山 (存在しないページ)","[角落山]","https://ja.wikipedia.org/w/index.php?title=角落山&amp;action=edit&amp;redlink=1","ぐんま百名山","https://ja.wikipedia.org/wiki/ぐんま百名山","参照,制限あり","","","","","","","","","","","","","","","","","","","",""
"物見山 (群馬県) (存在しないページ)","[物見山]","https://ja.wikipedia.org/w/index.php?title=物見山_(群馬県)&amp;action=edit&amp;redlink=1","ぐんま百名山","https://ja.wikipedia.org/wiki/ぐんま百名山","参照,制限あり","","","","","","","","","","","","","","","","","","","",""
"小沢岳","[小沢岳] 小沢岳 （おざわだけ）は、 新潟県 南魚沼市 と 群馬県 利根郡 みなかみ町 に位置する山で、 利根川 源流を囲む山になる。標高1,946メートルである。別名は東沢山（ヒガシサワヤマ）。","https://ja.wikipedia.org/wiki/小沢岳","ぐんま百名山","https://ja.wikipedia.org/wiki/ぐんま百名山","参照,制限あり","北緯36度59分14.81秒東経139度2分50.21秒","日本新潟県南魚沼市群馬県利根郡みなかみ町","北緯36度59分14.81秒東経139度2分50.21秒﻿ / ﻿北緯36.9874472度 東経139.0472806度﻿ /36.9874472; 139.0472806座標:北緯36度59分14.81秒東経139度2分50.21秒﻿ / ﻿北緯36.9874472度 東経139.0472806度﻿ /36.9874472; 139.0472806","1,946m","越後山脈","","","","","","","","","","","","","","",""
"皿伏山 (存在しないページ)","[皿伏山]","https://ja.wikipedia.org/w/index.php?title=皿伏山&amp;action=edit&amp;redlink=1","ぐんま百名山","https://ja.wikipedia.org/wiki/ぐんま百名山","参照,制限あり","","","","","","","","","","","","","","","","","","","",""
"父不見山 (存在しないページ)","[父不見山]","https://ja.wikipedia.org/w/index.php?title=父不見山&amp;action=edit&amp;redlink=1","ぐんま百名山","https://ja.wikipedia.org/wiki/ぐんま百名山","参照,制限あり","","","","","","","","","","","","","","","","","","","",""
"温泉ヶ岳","[温泉ヶ岳] 温泉ヶ岳 （ゆせんがたけ）は、 栃木県 日光市 と 群馬県 利根郡 片品村 にまたがる 標高 2,332.9mの 火山 。 日光白根山 の北側、 根名草山 の南側、 於呂倶羅山 の西側に位置する。","https://ja.wikipedia.org/wiki/温泉ヶ岳","ぐんま百名山","https://ja.wikipedia.org/wiki/ぐんま百名山","参照,制限あり","北緯36度49分28秒東経139度24分14秒","日本栃木県日光市","北緯36度49分28秒東経139度24分14秒﻿ / ﻿北緯36.82444度 東経139.40389度﻿ /36.82444; 139.40389座標:北緯36度49分28秒東経139度24分14秒﻿ / ﻿北緯36.82444度 東経139.40389度﻿ /36.82444; 139.40389","2,332.9m","日光連山","","","","","","","","","","","","","","",""
"小野子山","[小野子山] 小野子山 （おのこやま）は、 群馬県 の 渋川市 と 高山村 にまたがる 火山 である。標高は1,208.3m。","https://ja.wikipedia.org/wiki/小野子山","ぐんま百名山","https://ja.wikipedia.org/wiki/ぐんま百名山","参照,制限あり","北緯36度34分51秒東経138度56分13秒","日本群馬県渋川市・吾妻郡高山村","北緯36度34分51秒東経138度56分13秒﻿ / ﻿北緯36.58083度 東経138.93694度﻿ /36.58083; 138.93694座標:北緯36度34分51秒東経138度56分13秒﻿ / ﻿北緯36.58083度 東経138.93694度﻿ /36.58083; 138.93694","1,208.3m","","成層火山","","","","","","","","","","","","","",""
"茂倉岳","[茂倉岳] 茂倉岳 （しげくらだけ）は群馬・新潟の県境にある三国山脈の山である。周囲の谷川岳・万太郎山・仙ノ倉山などを総じて谷川連峰という。","https://ja.wikipedia.org/wiki/茂倉岳","ぐんま百名山","https://ja.wikipedia.org/wiki/ぐんま百名山","参照,制限あり","北緯36度50分57.0秒東経138度55分00.2秒","日本新潟県南魚沼郡湯沢町・群馬県利根郡みなかみ町","北緯36度50分57.0秒東経138度55分00.2秒﻿ / ﻿北緯36.849167度 東経138.916722度﻿ /36.849167; 138.916722座標:北緯36度50分57.0秒東経138度55分00.2秒﻿ / ﻿北緯36.849167度 東経138.916722度﻿ /36.849167; 138.916722","1,977,9m","三国山脈","","","","","","","","","","","","","","",""
"天狗岩","[天狗岩] 天狗岩 （てんぐいわ）は、 新潟県 南魚沼市 清水に位置する 割引岳 直下の岩山。","https://ja.wikipedia.org/wiki/天狗岩","ぐんま百名山","https://ja.wikipedia.org/wiki/ぐんま百名山","参照,制限あり","北緯36度58分29.6秒東経138度56分50.4秒","日本新潟県南魚沼市清水","北緯36度58分29.6秒東経138度56分50.4秒﻿ / ﻿北緯36.974889度 東経138.947333度﻿ /36.974889; 138.947333座標:北緯36度58分29.6秒東経138度56分50.4秒﻿ / ﻿北緯36.974889度 東経138.947333度﻿ /36.974889; 138.947333","1,578m","越後山脈","","","","","","","","","","","","","","",""
"湯ノ丸山","[湯ノ丸山] 湯ノ丸山 （ゆのまるやま）は 長野県 東御市 ・ 上田市 と 群馬県 嬬恋村 の県境にある 標高 2,101mの山。 烏帽子火山群 の一峰。","https://ja.wikipedia.org/wiki/湯ノ丸山","ぐんま百名山","https://ja.wikipedia.org/wiki/ぐんま百名山","参照,制限あり","北緯36度26分5秒東経138度24分4秒","日本長野県東御市・上田市群馬県嬬恋村","北緯36度26分5秒東経138度24分4秒﻿ / ﻿北緯36.43472度 東経138.40111度﻿ /36.43472; 138.40111","2,101m","烏帽子火山群","溶岩ドーム","","","","","","","","","","","","","",""
"御飯岳 (存在しないページ)","[御飯岳]","https://ja.wikipedia.org/w/index.php?title=御飯岳&amp;action=edit&amp;redlink=1","ぐんま百名山","https://ja.wikipedia.org/wiki/ぐんま百名山","参照,制限あり","","","","","","","","","","","","","","","","","","","",""
"至仏山","[至仏山] 至仏山 （しぶつさん、しふつさん）は、 群馬県 の北東部、 みなかみ町 と 片品村 との境界に位置する 標高 2,228.1mの 山 である。二等 三角点 「至仏山」が設置されている。 日本百名山 の1つに数えられており、 尾瀬国立公園  に属する。標高は オーストラリア大陸 の最高峰の コジオスコ とほぼ等しい。","https://ja.wikipedia.org/wiki/至仏山","ぐんま百名山","https://ja.wikipedia.org/wiki/ぐんま百名山","参照,制限あり","北緯36度54分12.5秒東経139度10分23.7秒","日本群馬県みなかみ町・利根郡片品村","北緯36度54分12.5秒東経139度10分23.7秒﻿ / ﻿北緯36.903472度 東経139.173250度﻿ /36.903472; 139.173250座標:北緯36度54分12.5秒東経139度10分23.7秒﻿ / ﻿北緯36.903472度 東経139.173250度﻿ /36.903472; 139.173250","2,228.1m","越後山脈","","","","","","","","","","","","","","",""
"天狗山 (群馬県) (存在しないページ)","[天狗山]","https://ja.wikipedia.org/w/index.php?title=天狗山_(群馬県)&amp;action=edit&amp;redlink=1","ぐんま百名山","https://ja.wikipedia.org/wiki/ぐんま百名山","参照,制限あり","","","","","","","","","","","","","","","","","","","",""
"横手山","[横手山] 横手山 （よこてやま）は、 長野県 下高井郡 山ノ内町 と 群馬県 吾妻郡 中之条町 との境にある 火山 である。","https://ja.wikipedia.org/wiki/横手山","ぐんま百名山","https://ja.wikipedia.org/wiki/ぐんま百名山","参照,制限あり","北緯36度40分08秒東経138度31分33秒","日本長野県下高井郡山ノ内町・群馬県吾妻郡中之条町","北緯36度40分08秒東経138度31分33秒﻿ / ﻿北緯36.66889度 東経138.52583度﻿ /36.66889; 138.52583座標:北緯36度40分08秒東経138度31分33秒﻿ / ﻿北緯36.66889度 東経138.52583度﻿ /36.66889; 138.52583","2,307m","志賀高原","","","","","","","","","","","","","","",""
"篭ノ登山","[篭ノ登山] 篭ノ登山 （かごのとやま）は、 群馬県 吾妻郡 嬬恋村 と 長野県 東御市 との境に位置する 山  。ぐんま百名山  、 信州百名山  。","https://ja.wikipedia.org/wiki/篭ノ登山","ぐんま百名山","https://ja.wikipedia.org/wiki/ぐんま百名山","参照,制限あり","北緯36度25分10秒東経138度26分50秒","群馬県吾妻郡嬬恋村・長野県東御市","東篭ノ登山北緯36度25分10秒東経138度26分50秒﻿ / ﻿北緯36.41944度 東経138.44722度﻿ /36.41944; 138.44722座標:北緯36度25分10秒東経138度26分50秒﻿ / ﻿北緯36.41944度 東経138.44722度﻿ /36.41944; 138.44722西篭ノ登山北緯36度25分21秒東経138度26分31秒﻿ / ﻿北緯36.42250度 東経138.44194度﻿ /36.42250; 138.44194","東篭ノ登山 2,227.91m西篭ノ登山 2,212m","浅間連峰（烏帽子火山群）","安山岩質溶岩円頂丘（溶岩ドーム）","","","","","","","","","","","","","",""
"蛇骨岳 (存在しないページ)","[蛇骨岳]","https://ja.wikipedia.org/w/index.php?title=蛇骨岳&amp;action=edit&amp;redlink=1","ぐんま百名山","https://ja.wikipedia.org/wiki/ぐんま百名山","参照,制限あり","","","","","","","","","","","","","","","","","","","",""
"天丸山 (存在しないページ)","[天丸山]","https://ja.wikipedia.org/w/index.php?title=天丸山&amp;action=edit&amp;redlink=1","ぐんま百名山","https://ja.wikipedia.org/wiki/ぐんま百名山","参照,制限あり","","","","","","","","","","","","","","","","","","","",""
"四ッ又山 (存在しないページ)","[四ッ又山]","https://ja.wikipedia.org/w/index.php?title=四ッ又山&amp;action=edit&amp;redlink=1","ぐんま百名山","https://ja.wikipedia.org/wiki/ぐんま百名山","参照,制限あり","","","","","","","","","","","","","","","","","","","",""
