"タイトル","コメント","URL","親リストタイトル","親リストURL","一覧抽出方法","座標","所在地","面積","最高標高","所在海域","海岸線長","最高峰","所属諸島","標高","位置","山系","種類","人口","最大都市","最新噴火","人口密度","Hidden","Hidden","Hidden","Hidden"
"礼文岳","[1礼文岳れぶんだけ490礼文島北海道礼文町] 礼文岳 （れぶんだけ）は 北海道 礼文郡 礼文町 にある標高490mの山である。 花の百名山 、 新花の百名山 、 北海道百名山 、 新日本百名山 。","https://ja.wikipedia.org/wiki/礼文岳","しま山100選","https://ja.wikipedia.org/wiki/しま山100選","表形式","北緯45度22分21秒東経141度00分57秒","北海道礼文郡礼文町","","","","","","","490m","北緯45度22分21秒東経141度00分57秒﻿ / ﻿北緯45.37250度 東経141.01583度﻿ /45.37250; 141.01583","島","","","","","","","","",""
"利尻山","[2利尻山りしりざん1,721利尻島北海道利尻町、利尻富士町] 利尻山 （りしりざん）は、 北海道 の 利尻島 に位置する 独立峰 で 標高 1,721m。 利尻町 、 利尻富士町 の2町にまたがる 成層火山 で、 利尻礼文サロベツ国立公園 内の山域は特別区域に指定され、 日本百名山  、 新日本百名山  、 花の百名山  及び 新・花の百名山  に選定されている。","https://ja.wikipedia.org/wiki/利尻山","しま山100選","https://ja.wikipedia.org/wiki/しま山100選","表形式","北緯45度10分43秒東経141度14分31秒","日本北海道宗谷総合振興局利尻郡利尻町・利尻富士町","","","","","","","1,721m","北緯45度10分43秒東経141度14分31秒﻿ / ﻿北緯45.17861度 東経141.24194度﻿ /45.17861; 141.24194座標:北緯45度10分43秒東経141度14分31秒﻿ / ﻿北緯45.17861度 東経141.24194度﻿ /45.17861; 141.24194","独立峰","成層火山","","","","","","","",""
"奥尻島","[3球島山きゅうじまやま369奥尻島北海道奥尻町] 奥尻島 （おくしりとう）は、 北海道 南西部の日本海上に浮かぶ 島 。面積は142.97 km 2 であり北海道では5番めに面積の広い島である（北方領土を除くと2位）。島全体で北海道 奥尻郡 奥尻町 をなす。人口2,578人（ 2020年 （ 令和 2年）2月末現在）。","https://ja.wikipedia.org/wiki/奥尻島","しま山100選","https://ja.wikipedia.org/wiki/しま山100選","表形式","北緯42度08分57秒東経139度28分02秒","日本北海道","142.97km²","584m","日本海","","神威山","","","","","","","","","","","","",""
"大島 (宮城県気仙沼市)","[4亀山かめやま234大島宮城県気仙沼市] 大島 （おおしま）は、 日本 の 東北地方 の 三陸海岸 に位置する、 面積 8.50平方キロメートルの 島 。 行政 上は 宮城県 気仙沼市 に属する有人島の一つ。この島は通常「 大島 」と呼ばれるが、全国各地にある他の「 大島 」と区別するために「 気仙沼大島 」（けせんぬま おおしま）と呼ばれることもある  。","https://ja.wikipedia.org/wiki/大島_(宮城県気仙沼市)","しま山100選","https://ja.wikipedia.org/wiki/しま山100選","表形式","北緯38度51分42秒東経141度37分44秒","日本（宮城県）","8.50km²","235m","太平洋","22km","","","","","","","","","","","","","",""
"金華山 (宮城県)","[5金華山きんかさん444金華山宮城県石巻市] 金華山 （きんかさん   ）は、 宮城県 石巻市 の 太平洋 上に浮かぶ 島 である。 人口 は5人。これは全員が後述の神社の 神職 であり、他に一般の居住者はいない。対岸の 牡鹿半島 との間に 内海 「金華山瀬戸」がある。","https://ja.wikipedia.org/wiki/金華山_(宮城県)","しま山100選","https://ja.wikipedia.org/wiki/しま山100選","表形式","北緯38度17分20秒東経141度34分12.2秒","日本･宮城県石巻市","10.28km²","444m","太平洋","17.3km","金華山","牡鹿諸島","","","","","","","","","","","",""
"大高森","[6大高森おおたかもり105宮戸島宮城県東松島市] 大高森 （おおたかもり）は、 宮城県 東松島市 の 宮戸島 にある 山 。 標高 106m  （二等三角点「大高森」：標高105.22m、 地図  ）。","https://ja.wikipedia.org/wiki/大高森","しま山100選","https://ja.wikipedia.org/wiki/しま山100選","表形式","北緯38度20分26秒東経141度9分9秒","宮城県東松島市大字宮戸字大高森1　","","","","","","","106m","北緯38度20分26秒東経141度9分9秒﻿ / ﻿北緯38.34056度 東経141.15250度﻿ /38.34056; 141.15250﻿ (大高森)","","","","","","","","","",""
"三原山","[7三原山みはらやま758大島東京都大島町] 三原山 （みはらやま）は、 東京都 大島町 の 伊豆大島 にある 火山 である。最も高い峰は 中央火口丘 にある 標高 758mの三原新山で、伊豆大島の最高峰となっている。観光地として火口を周遊する 遊歩道 なども整備されている。","https://ja.wikipedia.org/wiki/三原山","しま山100選","https://ja.wikipedia.org/wiki/しま山100選","表形式","北緯34度43分28秒東経139度23分40秒","日本東京都大島町","","","","","","","758m","北緯34度43分28秒東経139度23分40秒﻿ / ﻿北緯34.72444度 東経139.39444度﻿ /34.72444; 139.39444座標:北緯34度43分28秒東経139度23分40秒﻿ / ﻿北緯34.72444度 東経139.39444度﻿ /34.72444; 139.39444","独立峰","中央火口丘","","","1986年","","","","",""
"利島","[8宮塚山みやつかやま508利島東京都利島村] 利島 （としま）は、 伊豆諸島 に属する日本の 島 。 伊豆七島 のひとつ。 行政区画 は 東京都 利島村 。","https://ja.wikipedia.org/wiki/利島","しま山100選","https://ja.wikipedia.org/wiki/しま山100選","表形式","北緯34度31分13秒東経139度16分45秒","日本（東京都）","4.12km²","507.5m","","7.7km","宮塚山","伊豆諸島","","","","","","","","","","","",""
"新島","[9宮塚山みやつかやま432新島東京都新島村] 新島 （にいじま）は、 伊豆諸島 を構成する 島 の一つであり、東京から南に約160km、 静岡県 下田市 から南東に36kmの位置にある。行政上の所属は 東京都 新島村 。 サーファー や 海水浴 客などに主眼を置いた 観光業 、 漁業 などが盛んである。","https://ja.wikipedia.org/wiki/新島","しま山100選","https://ja.wikipedia.org/wiki/しま山100選","表形式","北緯34度22分東経139度16分","日本（東京都）","23.17km²","432m","太平洋","","宮塚山","","","","","","","","","","","","",""
"式根島","[10丸山まるやま99式根島東京都新島村] 式根島 （しきねじま）は、 伊豆諸島 を構成する 島 の一つであり、 新島 の南西に位置する。行政上の所属は 東京都 新島村 。","https://ja.wikipedia.org/wiki/式根島","しま山100選","https://ja.wikipedia.org/wiki/しま山100選","表形式","北緯34度19分34秒東経139度12分36秒","日本東京都新島村","3.67km²","109m","太平洋","","","","","","","","","","","","","","",""
"天上山 (東京都)","[11天上山てんじょうさん572神津島東京都神津島村] 天上山 （てんじょうさん）は、 東京都 神津島村 の 神津島 にある 火山 で、島内の最高峰。","https://ja.wikipedia.org/wiki/天上山_(東京都)","しま山100選","https://ja.wikipedia.org/wiki/しま山100選","表形式","北緯34度13分09.1秒東経139度09分10.6秒","東京都神津島村","","","","","","","571.8m","北緯34度13分09.1秒東経139度09分10.6秒﻿ / ﻿北緯34.219194度 東経139.152944度﻿ /34.219194; 139.152944座標:北緯34度13分09.1秒東経139度09分10.6秒﻿ / ﻿北緯34.219194度 東経139.152944度﻿ /34.219194; 139.152944","神津島","溶岩ドーム","","","838年","","","","",""
"御蔵島","[12長滝山ながたきやま850御蔵島東京都御蔵島村] 御蔵島 （みくらじま）は、 伊豆諸島 に属する日本の 島 。 伊豆七島 の一島。 行政区画 は 東京都 御蔵島村 。","https://ja.wikipedia.org/wiki/御蔵島","しま山100選","https://ja.wikipedia.org/wiki/しま山100選","表形式","北緯33度52分27秒東経139度36分7秒","日本東京都御蔵島村","20.55km²","851m","太平洋（フィリピン海）","16.4km","御山","伊豆諸島","","","","","","","","","","","",""
"八丈島","[13八丈富士はちじょうふじ854八丈島東京都八丈町] 八丈島 （はちじょうじま）は、 伊豆諸島 の 火山島 で、日本の 気象庁 によると火山活動度ランクCの 活火山 である。隣の 八丈小島 と区別するため、 八丈本島 もしくは 八丈大島 と呼ばれることもある。東京都心から南方287kmの海上にあり、行政区分は 東京都 八丈町 であるが国政選挙など、一部の行政は 品川区 が行なっており、 自動車 の登録も 品川ナンバー である。 くさや 、 明日葉 、 ハイビスカス 、 島焼酎 が 特産品 で、 1964年 には 富士箱根伊豆国立公園 に指定された。","https://ja.wikipedia.org/wiki/八丈島","しま山100選","https://ja.wikipedia.org/wiki/しま山100選","表形式","北緯33度06分34秒東経139度47分29秒","日本（東京都）","69.11km²","854.3m","太平洋（フィリピン海）","58.91km","八丈富士","伊豆諸島","","","","","","","","","","","",""
"青ヶ島","[14大凸部おおとんぶ423青ヶ島東京都青ヶ島村] 青ヶ島 （あおがしま）は、 伊豆諸島 に属する 火山島 で、本諸島の有人島としては最南端にある。日本の 気象庁 によって火山活動度ランクCの 活火山 に指定されており  、また、 常時観測火山 にも選定されている   。全島が 青ヶ島村 に属するが、産業に乏しく 本土 との往来も難しいため、人口減少が続いており、 2019年 においては170人程度しか 定住 していない。","https://ja.wikipedia.org/wiki/青ヶ島","しま山100選","https://ja.wikipedia.org/wiki/しま山100選","表形式","北緯32度27分28秒東経139度45分33秒","日本東京都青ヶ島村","5.97km²","423m","太平洋(フィリピン海)","9km","大凸部","伊豆諸島","","","","","170人","","","35.8人/ｋm²","","","",""
"乳房山","[15乳房山ちぶさやま463母島東京都小笠原村] 乳房山 （ちぶさやま）は、 日本 の 東京都 小笠原村 母島 中央部にある 山 。 標高 は462.6 m 。 山頂からは母島全体および母島諸島、遠方に父島諸島が見える。 母島一帯は 国立公園 （ 小笠原国立公園 ）に指定されている。","https://ja.wikipedia.org/wiki/乳房山","しま山100選","https://ja.wikipedia.org/wiki/しま山100選","表形式","北緯26度39分34秒東経142度09分41秒","東京都小笠原村母島","","","","","","","462.6m","北緯26度39分34秒東経142度09分41秒﻿ / ﻿北緯26.65944度 東経142.16139度﻿ /26.65944; 142.16139座標:北緯26度39分34秒東経142度09分41秒﻿ / ﻿北緯26.65944度 東経142.16139度﻿ /26.65944; 142.16139","海嶺","","","","","","","","",""
"粟島 (新潟県)","[16八幡山はちまんやま101粟島新潟県粟島浦村] 粟島 （あわしま）は、 新潟県 北部、 日本海 にある 島 。全島が 岩船郡 粟島浦村 に属する。","https://ja.wikipedia.org/wiki/粟島_(新潟県)","しま山100選","https://ja.wikipedia.org/wiki/しま山100選","表形式","北緯38度27分13秒東経139度14分18秒","日本（新潟県）","9.78km²","265.6m","日本海","23.0km","小柴山","","","","","","","","","","","","",""
"佐渡島","[17ドンデン山（尻立山）どんでんやま（しりたてやま）940佐渡島新潟県佐渡市] 佐渡島 （さどがしま    、さどしま   ）は、 新潟県 西方沖に位置する 島 。全域が 新潟県 佐渡市 に属し、 佐渡弥彦米山国定公園 、 佐渡ジオパーク に含まれる。 人口 は52,135人（2020年5月1日現在）。","https://ja.wikipedia.org/wiki/佐渡島","しま山100選","https://ja.wikipedia.org/wiki/しま山100選","表形式","北緯38度2分0秒東経138度22分0秒","日本（新潟県）","854.76km²","1,172m","日本海","262.7km","金北山","","","","","","","佐渡市","","","","","",""
"神島 (三重県)","[18灯明山とうみょうやま171神島三重県鳥羽市] 神島 （かみしま）は 伊勢湾口 に位置する、 周囲 3.9km、 面積 0.76km 2 の 島 で、 三重県 鳥羽市 に属する。 三島由紀夫 の 小説 『 潮騒 』の舞台になったことで有名。 人口 は300人あまりで過疎化が進んでいる。","https://ja.wikipedia.org/wiki/神島_(三重県)","しま山100選","https://ja.wikipedia.org/wiki/しま山100選","表形式","北緯34度32分54秒東経136度59分5秒","日本（三重県）","0.76km²","171m","伊勢湾（伊良湖水道）","約3.9km","","","","","","","","","","","","","",""
"菅島","[19大山おおやま236菅島三重県鳥羽市] 菅島 （すがしま）は、 三重県 鳥羽市 沖 、 伊勢湾 口に位置する東西に長い 島 である。一島の住所表記は「鳥羽市菅島町」であり、 郵便番号 は517-0004。","https://ja.wikipedia.org/wiki/菅島","しま山100選","https://ja.wikipedia.org/wiki/しま山100選","表形式","北緯34度29分56.4秒東経136度54分1.8秒","日本（三重県鳥羽市菅島町）","4.52km²","236m","伊勢湾","13.0km","大山","志摩諸島","","","","","","","","","","","",""
"沖島","[20尾山おやま220沖島滋賀県近江八幡市] 沖島 （おきしま）または 沖ノ島 （おきのしま）は、 琵琶湖 の沖合約1.5 kmに浮かぶ 小島 。琵琶湖最大の島である。 琵琶湖国定公園 第2種特別地域。","https://ja.wikipedia.org/wiki/沖島","しま山100選","https://ja.wikipedia.org/wiki/しま山100選","表形式","北緯35度12分28秒東経136度3分58秒","日本滋賀県","1.51km²","225m","琵琶湖","6.8km","蓬莱山","","","","","","","","","","","","",""
"沼島","[21石仏山いしぼとけやま125沼島兵庫県南あわじ市] 沼島 （ぬしま）は、 淡路島 の南4.6 km、 紀伊水道 北西部に浮かぶ 島 。 兵庫県 南あわじ市 に属する。面積2.71 km 2 、周囲9.53 km  、 最高地点は117.2m。 瀬戸内海国立公園 の一部。人口473人（ 2017年 4月末現在）  。本項ではかつて同区域に所在した 三原郡 沼島村 （ぬしまむら）についても述べる。","https://ja.wikipedia.org/wiki/沼島","しま山100選","https://ja.wikipedia.org/wiki/しま山100選","表形式","北緯34度10分5秒東経134度49分33秒","日本（兵庫県）","2.67km²","117.2m","紀伊水道","9.53km","","","","","","","","","","","","","",""
"大満寺山","[22大満寺山だいまんじさん608島後島根県隠岐の島町] 大満寺山 （だいまんじさん）は、 島根県 隠岐郡 隠岐の島町 にある 標高 607.7 メートル の山である。","https://ja.wikipedia.org/wiki/大満寺山","しま山100選","https://ja.wikipedia.org/wiki/しま山100選","表形式","北緯36度15分24.3秒東経133度19分49.9秒","日本島根県隠岐郡隠岐の島町","","","","","","","607.7m","北緯36度15分24.3秒東経133度19分49.9秒﻿ / ﻿北緯36.256750度 東経133.330528度﻿ /36.256750; 133.330528座標:北緯36度15分24.3秒東経133度19分49.9秒﻿ / ﻿北緯36.256750度 東経133.330528度﻿ /36.256750; 133.330528","","","","","","","","","",""
"島後","[23高田山たかたやま315島後島根県隠岐の島町] 島後 （どうご）は、 日本 の 隠岐諸島 の主島。全域は 島根県 隠岐郡 隠岐の島町 に属するほか、 島根県庁 の出先機関である 隠岐支庁 が置かれている。","https://ja.wikipedia.org/wiki/島後","しま山100選","https://ja.wikipedia.org/wiki/しま山100選","表形式","北緯36度14分東経133度17分","日本・島根県","241.64km²","608m","日本海","211km","","","","","","","","","","","","","",""
"焼火山","[24焼火山たくひやま452西ノ島島根県西ノ島町] 焼火山 （たくひやま）は、 島根県 隠岐郡 西ノ島町 にある標高451.7メートルの山である。","https://ja.wikipedia.org/wiki/焼火山","しま山100選","https://ja.wikipedia.org/wiki/しま山100選","表形式","北緯36度04分29秒東経133度01分55秒","日本島根県隠岐郡西ノ島町","","","","","","","451.7m","北緯36度04分29秒東経133度01分55秒﻿ / ﻿北緯36.07472度 東経133.03194度﻿ /36.07472; 133.03194座標:北緯36度04分29秒東経133度01分55秒﻿ / ﻿北緯36.07472度 東経133.03194度﻿ /36.07472; 133.03194","","","","","","","","","",""
"知夫里島","[25赤ハゲ山あかはげやま325知夫里島島根県知夫村] 知夫里島 （ちぶりじま）は、 日本 の 島根県 ・ 隠岐諸島 に属する島の一つ。県内唯一の村である 隠岐郡 知夫村 の主島であり、村役場が置かれている。","https://ja.wikipedia.org/wiki/知夫里島","しま山100選","https://ja.wikipedia.org/wiki/しま山100選","表形式","北緯36度01分東経133度02分","日本・島根県","13.03km²","324.5m","日本海","27.0km","アカハゲ山","","","","","","","","","","","","",""
"白石島","[26立石山たていしやま169白石島岡山県笠岡市] 白石島 （しらいしじま）は、 岡山県 笠岡市 にある 笠岡諸島 に属する、面積2.86km 2 、最高点169m（立石山）、人口750人（2001年）の島で全島が国の 名勝 に指定されている。","https://ja.wikipedia.org/wiki/白石島","しま山100選","https://ja.wikipedia.org/wiki/しま山100選","表形式","北緯34度24分5.7秒東経133度31分2.1秒","日本(岡山県)","2.86km²","169m","瀬戸内海","","立石山","","","","","","","","","","","","",""
"六島 (岡山県)","[27大石山おおいしやま185六島岡山県笠岡市] 六島 （むしま）は、 日本 の 瀬戸内海 にある 笠岡諸島 の有人島のひとつ。 岡山県 の最南端になっている   。","https://ja.wikipedia.org/wiki/六島_(岡山県)","しま山100選","https://ja.wikipedia.org/wiki/しま山100選","表形式","北緯34度18分13.2秒東経133度31分55.6秒","日本（岡山県）","1.02km²","185m","水島灘・備後灘（瀬戸内海）","4.6km","大石山","笠岡諸島","","","","","","","","","","","",""
"仙酔島","[28大弥山おおみせん159仙酔島広島県福山市] 仙酔島 （せんすいじま）は、 広島県 福山市 の 鞆の浦 に浮かぶ島で鞆の浦のシンボル的な島である。","https://ja.wikipedia.org/wiki/仙酔島","しま山100選","https://ja.wikipedia.org/wiki/しま山100選","表形式","北緯34度23分02秒東経133度23分46秒","日本広島県福山市","","","瀬戸内海","","","芸予諸島","","","","","","","","","","","",""
"因島","[29白滝山しらたきさん226因島広島県尾道市] 因島 （いんのしま）は、 広島県 尾道市 に属する 島 である。","https://ja.wikipedia.org/wiki/因島","しま山100選","https://ja.wikipedia.org/wiki/しま山100選","表形式","北緯34度19分0秒東経133度10分0秒","広島県尾道市","35.03km²","390m","瀬戸内海","","奥山","芸予諸島","","","","","","","","","","","",""
"佐木島","[30大平山たいへいざん268佐木島広島県三原市] 佐木島 （さぎしま）は、 広島県 三原市 に属する 芸予諸島 の 島 。","https://ja.wikipedia.org/wiki/佐木島","しま山100選","https://ja.wikipedia.org/wiki/しま山100選","表形式","北緯34度20分22秒東経133度6分37.8秒","日本（広島県）","8.72km²","","瀬戸内海","18.2km","","芸予諸島","","","","","","","","","","","",""
"神峰山 (広島県)","[31神峰山かんのみねやま452大崎上島広島県大崎上島町] 神峰山 （かんのみねさん）とは、 広島県 豊田郡 大崎上島町 にある 標高 452.6 メートル の 山 である。 大崎上島 の最高峰であり、 瀬戸内海国立公園 の一部に指定されている。","https://ja.wikipedia.org/wiki/神峰山_(広島県)","しま山100選","https://ja.wikipedia.org/wiki/しま山100選","表形式","北緯34度13分35.0秒東経132度54分21.3秒","日本広島県豊田郡大崎上島町","","","","","","","452.6m","北緯34度13分35.0秒東経132度54分21.3秒﻿ / ﻿北緯34.226389度 東経132.905917度﻿ /34.226389; 132.905917座標:北緯34度13分35.0秒東経132度54分21.3秒﻿ / ﻿北緯34.226389度 東経132.905917度﻿ /34.226389; 132.905917","","","","","","","","","",""
"大崎下島","[32一峰寺山いっぽうじさん449大崎下島広島県呉市] 大崎下島 （おおさきしもじま）は、 瀬戸内海 の中部にある 下大崎群島 の 島 である。 大長みかん ・ 大長レモン という果樹栽培や 漁業 が盛ん。","https://ja.wikipedia.org/wiki/大崎下島","しま山100選","https://ja.wikipedia.org/wiki/しま山100選","表形式","北緯34度10分23.4秒東経132度49分47.4秒","日本（広島県）","17.82km²","449m","瀬戸内海","26.0km","一峰寺山","芸予諸島（下大崎群島）","","","","","","","","","","","",""
"豊島 (広島県)","[33十文字山じゅうもんじやま309豊島広島県呉市] 豊島 （とよしま）は、 瀬戸内海 の中部にある 下大崎群島 の 島 。 蜜柑 ・ レモン などの果樹栽培や 漁業 が盛んである。","https://ja.wikipedia.org/wiki/豊島_(広島県)","しま山100選","https://ja.wikipedia.org/wiki/しま山100選","表形式","北緯34度10分35.3秒東経132度47分2.2秒","日本（広島県）","5.83km²","317m","瀬戸内海","9.8km","高雄山","芸予諸島（下大崎群島）","","","","","","","","","","","",""
"上蒲刈島","[34七国見山ななくにみやま457上蒲刈島広島県呉市] 上蒲刈島 （かみかまがりじま）は、 瀬戸内海 の中部にある 蒲刈群島 の島。 蜜柑 などの果樹栽培が盛ん。","https://ja.wikipedia.org/wiki/上蒲刈島","しま山100選","https://ja.wikipedia.org/wiki/しま山100選","表形式","北緯34度10分53秒東経132度43分39秒","広島県呉市","18.81km²","456.7m","瀬戸内海","27.9km","七国見山","蒲刈群島","","","","","","","","","","","",""
"倉橋島","[35火山ひやま408倉橋島広島県呉市] 倉橋島 （くらはしじま）は、 広島県 呉市 に属する 島 。かつて島内には 倉橋町 と 音戸町 とがあったが、合併により呉市に併合され消滅した。","https://ja.wikipedia.org/wiki/倉橋島","しま山100選","https://ja.wikipedia.org/wiki/しま山100選","表形式","北緯34度8分0秒東経132度31分30秒","日本（広島県）","69.47km²","491m","瀬戸内海","","","","","","","","","","","","","","",""
"江田島","[36古鷹山ふるたかやま394江田島広島県江田島市] 江田島 （えたじま）は、 広島県 江田島市 に属する 広島湾 の島である。隣接する 能美島 （東能美島・西能美島）とは陸続きでY字型の一つの島となっている。","https://ja.wikipedia.org/wiki/江田島","しま山100選","https://ja.wikipedia.org/wiki/しま山100選","表形式","北緯34度14分47秒東経132度28分40秒","日本広島県","（能美島との合算）91.32km²","399.8m","広島湾","","クマン岳","","","","","","","","","","","","",""
"似島","[37安芸小富士あきのこふじ278似島広島県広島市南区] 似島 （にのしま）とは、 瀬戸内海 の 広島湾 に浮かぶ 島 。行政区分としては 広島県 広島市 南区 似島町に属し、市域の最南端に位置する。広島市内の島としては最も大きい。 2018年 6月末時点の 人口 は797人、世帯数は498世帯  。","https://ja.wikipedia.org/wiki/似島","しま山100選","https://ja.wikipedia.org/wiki/しま山100選","表形式","北緯34度17分-19分東経132度25分","日本（広島県）","3.87km²","278m","瀬戸内海（広島湾）","16.0km","","","","","","","","","","","","","",""
"弥山 (広島県)","[38弥山みせん535厳島（宮島）広島県廿日市市] 弥山 （みせん）は 広島県 廿日市市 宮島町 の宮島（ 厳島 ）の中央部にある標高535 mの 山 。古くからの信仰の対象になっている。","https://ja.wikipedia.org/wiki/弥山_(広島県)","しま山100選","https://ja.wikipedia.org/wiki/しま山100選","表形式","北緯34度16分47秒東経132度19分11秒","日本広島県廿日市市宮島町","","","","","","","535m","北緯34度16分47秒東経132度19分11秒﻿ / ﻿北緯34.27972度 東経132.31972度﻿ /34.27972; 132.31972座標:北緯34度16分47秒東経132度19分11秒﻿ / ﻿北緯34.27972度 東経132.31972度﻿ /34.27972; 132.31972","宮島（厳島）","火成岩","","","","","","","",""
"柱島","[39金蔵山きんぞうざん283柱島山口県岩国市] 柱島 （はしらじま）は、 瀬戸内海 西部の 安芸灘 の南西に位置する 柱島群島 の本島であり、北は 倉橋島 、 江田島 、南は 屋代島 とその属島、東は中島をはじめとする 忽那諸島 に囲まれており、これらの島々の中央部に位置している。 山口県 岩国市 に属する。","https://ja.wikipedia.org/wiki/柱島","しま山100選","https://ja.wikipedia.org/wiki/しま山100選","表形式","北緯34度1分12秒東経132度24分43秒","日本山口県岩国市","3.12km²","290m","瀬戸内海","","","","","","","","","","","","","","",""
"嵩山 (山口県)","[40嵩山だけさん618屋代島（周防大島）（屋代島）山口県周防大島町] 嵩山 （だけさん）は、 山口県 大島郡 周防大島町 久賀にある、標高619mの 山 である。","https://ja.wikipedia.org/wiki/嵩山_(山口県)","しま山100選","https://ja.wikipedia.org/wiki/しま山100選","表形式","北緯33度54分45秒東経132度16分15秒","日本山口県大島郡周防大島町久賀","","","","","","","619m","北緯33度54分45秒東経132度16分15秒﻿ / ﻿北緯33.91250度 東経132.27083度﻿ /33.91250; 132.27083","屋代島","","","","","","","","",""
"平郡島","[41大嶽おおだけ271平郡島山口県柳井市] 平郡島 （へいぐんとう）は、 山口県 柳井市 の南約20kmの 伊予灘 に浮かぶ東西に細長い島。人口591人。山口県で2番目に面積が大きい島である。","https://ja.wikipedia.org/wiki/平郡島","しま山100選","https://ja.wikipedia.org/wiki/しま山100選","表形式","北緯33度47分44秒東経132度13分20秒","日本山口県柳井市","16.61km²","468m","伊予灘","","","","","","","","","","","","","","",""
"長島","[42上盛山かみさかりやま314長島山口県上関町] 長島 （ながしま、ちょうとう、おさしま）","https://ja.wikipedia.org/wiki/長島","しま山100選","https://ja.wikipedia.org/wiki/しま山100選","表形式","","","","","","","","","","","","","","","","","","","",""
"笠戸島","[43摺鉢山すりばちやま229笠戸島山口県下松市] 笠戸島 （かさどしま）は、 山口県 下松市 沖の 瀬戸内海 に浮かぶ三日月形の 離島 。下松市域に含まれる。","https://ja.wikipedia.org/wiki/笠戸島","しま山100選","https://ja.wikipedia.org/wiki/しま山100選","表形式","北緯33度56分13秒東経131度49分34秒","日本（山口県）","11.77km²","255.8m","瀬戸内海","36km","","","","","","","","","","","","","",""
"大津島","[44大津山（砲台山）おおつやま（ほうだいやま）174大津島山口県周南市] 大津島 （おおづしま）は、 山口県 周南市 、 徳山下松港 の沖合い10数kmに浮かぶ 離島 である。","https://ja.wikipedia.org/wiki/大津島","しま山100選","https://ja.wikipedia.org/wiki/しま山100選","表形式","北緯34度1分18秒東経131度42分27秒","日本山口県周南市","4.73km²","164.9m","瀬戸内海","","","","","","","","","","","","","","",""
"青海島","[45高山たかやま320青海島山口県長門市] 青海島 （おおみじま、おうみじま）は、 山口県 長門市 の北、 日本海 に浮かぶ 島 である。","https://ja.wikipedia.org/wiki/青海島","しま山100選","https://ja.wikipedia.org/wiki/しま山100選","表形式","北緯34度25分44.2秒東経131度13分19.8秒","日本山口県長門市","14km²","319.9m","日本海","約40km","","","","","","","","","","","","","",""
"蓋井島","[46金比羅山こんぴらさん148蓋井島山口県下関市] 蓋井島 （ふたおいじま）は、 響灘 に浮かぶ 島 。 山口県 最西端の島。 下関市 に属する。面積2.35km 2 。人口は87人。サザエや乾燥ひじきなどの特産品がある。","https://ja.wikipedia.org/wiki/蓋井島","しま山100選","https://ja.wikipedia.org/wiki/しま山100選","表形式","北緯34度06分13.5秒東経130度47分12.5秒","日本山口県下関市","2.35km²","252m","日本海（響灘）","10.4km","","","","","","","","","","","","","",""
"星ヶ城山","[47星ヶ城山ほしがじょうざん816小豆島香川県小豆島町] 星ヶ城山 （ほしがじょうさん、ほしがじょう）は、 瀬戸内海 中央部、 小豆島町 （旧・ 内海町 ）の中央東部にある標高817 m（東峰）の 山 である。西峰と東峰からなり、西側には日本三大渓谷美の1つに数えられる 寒霞渓 （三笠山）を有する。","https://ja.wikipedia.org/wiki/星ヶ城山","しま山100選","https://ja.wikipedia.org/wiki/しま山100選","表形式","北緯34度30分55.2608秒東経134度19分2.9289秒","日本香川県小豆島町大字安田字嶮岨山乙586番地の4","","","","","","","816.68m","北緯34度30分55.2608秒東経134度19分2.9289秒﻿ / ﻿北緯34.515350222度 東経134.317480250度﻿ /34.515350222; 134.317480250座標:北緯34度30分55.2608秒東経134度19分2.9289秒﻿ / ﻿北緯34.515350222度 東経134.317480250度﻿ /34.515350222; 134.317480250","嶮阻山系","","","","","","","","",""
"小豆島","[48皇踏山おうとざん394小豆島香川県土庄町] 小豆島 （しょうどしま）は、 瀬戸内海 ・ 播磨灘 にある 島 。行政区分は 香川県 小豆郡 に属し  、 小豆島町 、 土庄町 の2町からなり、人口は2万8,764人（2016年度推計）。近年、人口が減少の一途をたどっており、2013年6月24日に隣接する 沖之島 とあわせて、 国土交通省 より「 離島振興法 」の指定を受けた。離島振興法の活用で、今後10年間の人口減少率を10%以内に抑えることを目指す  。","https://ja.wikipedia.org/wiki/小豆島","しま山100選","https://ja.wikipedia.org/wiki/しま山100選","表形式","北緯34度30分49秒東経134度17分8秒","日本（香川県小豆郡）","153.30km²","816.7m","瀬戸内海（播磨灘）","126km","","","","","","","","","","","","","",""
"豊島 (香川県)","[49檀山（壇山）だんやま（だんやま）340豊島香川県土庄町] 豊島 （てしま）は　 瀬戸内海 の東部、 小豆島 の西方3.7 km に位置する 島  。 直島諸島 に属す。","https://ja.wikipedia.org/wiki/豊島_(香川県)","しま山100選","https://ja.wikipedia.org/wiki/しま山100選","表形式","北緯34度29分0秒東経134度4分0秒","香川県小豆郡土庄町","14.4km²","339.6m","瀬戸内海","19.8km","檀山","直島諸島","","","","","","","","","","","",""
"本島 (香川県)","[50遠見山とおみやま101本島香川県丸亀市] 本島 （ほんじま）は、 香川県 丸亀市 に属する島。面積6.74km 2 、周囲16.4km  。 塩飽諸島 の中心で、四人の年寄が勤番で政務を行った 塩飽勤番所 、敵襲からの防御を考え細い路地が入り組んだ古い町並みが残るかつての塩飽水軍の本拠「 笠島 」などが見られる。今も塩飽諸島の中で最も人口が多い。","https://ja.wikipedia.org/wiki/本島_(香川県)","しま山100選","https://ja.wikipedia.org/wiki/しま山100選","表形式","北緯34度23分3秒東経133度46分9秒","日本（香川県丸亀市）","6.74km²","203.94m","瀬戸内海","16.4km","小坂山","塩飽諸島","","","","","","","","","","","",""
"広島 (香川県)","[51心経山しんぎょうざん213広島香川県丸亀市] 広島 （ひろしま、愛称： 青木石の島、讃岐広島 ）は、 瀬戸内海 北部の 水島灘 に浮かぶ 島 。 香川県 丸亀市 広島町に属し、 塩飽諸島 の島の中では最大の面積をもつ。北端の地形はやや尖った形をしている。","https://ja.wikipedia.org/wiki/広島_(香川県)","しま山100選","https://ja.wikipedia.org/wiki/しま山100選","表形式","北緯34度22分25秒東経133度42分33秒","日本（香川県丸亀市）","11.66km²","312.01m","瀬戸内海","18.5km","王頭山","塩飽諸島","","","","","","","","","","","",""
"高見島","[52龍王山りゅうおうざん297高見島香川県多度津町] 高見島 （たかみじま）は、 香川県 仲多度郡 多度津町 にある 島 。","https://ja.wikipedia.org/wiki/高見島","しま山100選","https://ja.wikipedia.org/wiki/しま山100選","表形式","北緯34度19分0秒東経133度40分15秒","日本香川県仲多度郡多度津町","2.33km²","","瀬戸内海","","","塩飽諸島","","","","","","","","","","","",""
"粟島 (香川県)","[53城山じょうのやま222粟島香川県三豊市] 粟島 （あわしま）は、 香川県 三豊市 に位置し、 詫間港 の北西4.5kmの海上に浮かぶ 島 。面積3.72km 2 、周囲16km。北東に 高見島 、東に 志々島 がある。南西の細長い半島は 荘内半島 。","https://ja.wikipedia.org/wiki/粟島_(香川県)","しま山100選","https://ja.wikipedia.org/wiki/しま山100選","表形式","北緯34度16分20秒東経133度38分0秒","日本香川県三豊市","3.72km²","222.08m","瀬戸内海","16km","城山","塩飽諸島","","","","","","","","","","","",""
"積善山","[54積善山せきぜんざん370岩城島愛媛県上島町] 積善山 （せきぜんさん）は 芸予諸島 の一つ 生口島 のすぐ東に位置する 岩城島 にある標高369.8mの 山    。その放物線を描くような山容から、岩城富士の異名をとっている  。","https://ja.wikipedia.org/wiki/積善山","しま山100選","https://ja.wikipedia.org/wiki/しま山100選","表形式","北緯34度15分24秒東経133度08分50秒","日本愛媛県越智郡上島町（旧岩城村）岩城島　","","","","","","","369.8m","北緯34度15分24秒東経133度08分50秒﻿ / ﻿北緯34.25667度 東経133.14722度﻿ /34.25667; 133.14722座標:北緯34度15分24秒東経133度08分50秒﻿ / ﻿北緯34.25667度 東経133.14722度﻿ /34.25667; 133.14722","","","","","","","","","",""
"鷲ヶ頭山","[55鷲ヶ頭山わしがとうさん436大三島愛媛県今治市] 鷲ヶ頭山 （わしがとうざん、わしがとうさん）は、 愛媛県 今治市 の 大三島 のほぼ中央に位置する 標高 436mの 山 である   。","https://ja.wikipedia.org/wiki/鷲ヶ頭山","しま山100選","https://ja.wikipedia.org/wiki/しま山100選","表形式","北緯34度14分21秒東経133度01分17秒","日本愛媛県今治市","","","","","","","436m","北緯34度14分21秒東経133度01分17秒﻿ / ﻿北緯34.23917度 東経133.02139度﻿ /34.23917; 133.02139座標:北緯34度14分21秒東経133度01分17秒﻿ / ﻿北緯34.23917度 東経133.02139度﻿ /34.23917; 133.02139","","","","","","","","","",""
"亀老山","[56亀老山きろうさん308大島愛媛県今治市] 亀老山 （きろうさん、きろうざん）は、 瀬戸内海 のほぼ中部の 大島 の南部に位置する山である。別名　大亀山（おおきやま）、隅ヶ岳。標高307m。行政区画は 愛媛県 今治市 吉海町。","https://ja.wikipedia.org/wiki/亀老山","しま山100選","https://ja.wikipedia.org/wiki/しま山100選","表形式","北緯34度07分13秒東経133度02分01秒","愛媛県今治市","","","","","","","307m","北緯34度07分13秒東経133度02分01秒﻿ / ﻿北緯34.12028度 東経133.03361度﻿ /34.12028; 133.03361","大島","","","","","","","","",""
"興居島","[57小冨士山こふじさん282興居島愛媛県松山市] 興居島 （ごごしま）は、 愛媛県 松山市 の 松山港 の沖合いに所在する、 瀬戸内海 に浮かぶ有人指定離島である。","https://ja.wikipedia.org/wiki/興居島","しま山100選","https://ja.wikipedia.org/wiki/しま山100選","表形式","北緯33度54分0秒東経132度40分10秒","日本愛媛県松山市","8.49km²","282m","瀬戸内海","","","","","","","","","","","","","","",""
"九島","[58鳥屋ヶ森とやがもり320九島愛媛県宇和島市] 九島 （くしま）は、 愛媛県 の 宇和島港 の西、沖合い約3 キロメートル 、湾の入り口にたちはだかる形となっている有人 島 である。 宇和海諸島 の一部をなし、行政区域としては 宇和島市 に属する。","https://ja.wikipedia.org/wiki/九島","しま山100選","https://ja.wikipedia.org/wiki/しま山100選","表形式","北緯33度13分50秒東経132度31分15秒","日本（愛媛県）","3.36km²","320m","宇和海","","","宇和海諸島","","","","","","","","","","","",""
"妹背山","[59妹背山いもせやま404沖の島高知県宿毛市] 高知県 宿毛市 から西南へ24km離れた海洋上の 沖ノ島 の中央にある島の最高峰、 標高 404.1m。 今昔物語 に妹兄（いもせ）の島とあり、昔、この島に漂着した幼い兄妹が農耕をしながら生きながらえ、やがて夫婦になったという伝説が山名の由来と云われている  。宿毛市の片島港から沖ノ島の母島港へ定期便があり、上陸し港から約1時間40分登ると一等三角点のある展望の利かない山頂に着く。","https://ja.wikipedia.org/wiki/妹背山","しま山100選","https://ja.wikipedia.org/wiki/しま山100選","表形式","北緯32度43分38.93秒東経132度33分16.44秒","高知県宿毛市","","","","","","","404.1m","北緯32度43分38.93秒東経132度33分16.44秒﻿ / ﻿北緯32.7274806度 東経132.5545667度﻿ /32.7274806; 132.5545667","四国山地","","","","","","","","",""
"大島 (福岡県)","[60御嶽山みたけさん224大島福岡県宗像市] 大島 （おおしま）は、 響灘 と 玄界灘 の境界部に面する 福岡県 宗像市 の 島 （有人島）である。 筑前大島 ともいい、 宗像七浦 の一つで、 世界遺産 の 宗像大社 中津宮、沖津宮遙拝所がある。キャッチフレーズは「神守る島」。","https://ja.wikipedia.org/wiki/大島_(福岡県)","しま山100選","https://ja.wikipedia.org/wiki/しま山100選","表形式","北緯33度54分8.1秒東経130度25分32秒","日本（福岡県宗像市）","7.45km²","224m","日本海（響灘）","16.5km","","","","","","","","","","","","","",""
"姫島 (福岡県)","[61鎮山ちんやま187姫島福岡県糸島市] 姫島 （ひめしま）は、 福岡県 西部の 糸島半島 から北西に4kmの 玄界灘 にある 島 である。人口は147人（H27）  。福岡県 糸島市 に属する。","https://ja.wikipedia.org/wiki/姫島_(福岡県)","しま山100選","https://ja.wikipedia.org/wiki/しま山100選","表形式","北緯33度34分14秒東経130度2分55秒","日本（福岡県糸島市）","0.75km²","186.7m","日本海（玄界灘）","3.8km","鎮山","","","","","","","","","","","","",""
"対馬島","[62白嶽しらたけ518対馬島長崎県対馬市] 対馬 （つしま）または対馬島（つしまとう、 英語 ：Tsushima Island）は、 日本 の 九州 の北方の 玄界灘 にある、 長崎県 （ながさきけん）に属する 島 で、島全域が 対馬市 の1島1市体制である。面積は日本第10位である  。島内人口は3万470人である  （2019年9月現在）。","https://ja.wikipedia.org/wiki/対馬島","しま山100選","https://ja.wikipedia.org/wiki/しま山100選","表形式","北緯34度25分東経129度20分","日本長崎県対馬市","696.10（属島を含まない）708.5（属島を含む）km²","648.5m","日本海（対馬海峡・朝鮮海峡）","915（属島を含む）km","","日本列島","","","","","","","","","","","",""
"有明山 (長崎県)","[63有明山ありあけやま558対馬島長崎県対馬市] 有明山 （ありあけやま）は、 長崎県 対馬市 にある、標高558.09 メートル の 山  。 万葉集 で「対馬の嶺」と詠まれた山とされる   。 壱岐対馬国定公園  、 しま山100選  。","https://ja.wikipedia.org/wiki/有明山_(長崎県)","しま山100選","https://ja.wikipedia.org/wiki/しま山100選","表形式","北緯34度12分15.8610秒東経129度15分54.0285秒","長崎県対馬市","","","","","","","558.09m","北緯34度12分15.8610秒東経129度15分54.0285秒﻿ / ﻿北緯34.204405833度 東経129.265007917度﻿ /34.204405833; 129.265007917座標:北緯34度12分15.8610秒東経129度15分54.0285秒﻿ / ﻿北緯34.204405833度 東経129.265007917度﻿ /34.204405833; 129.265007917","","","","","","","","","",""
"壱岐島","[64岳ノ辻たけのつじ213壱岐島長崎県壱岐市] 壱岐島 （いきのしま）は、 長崎県 に属する 離島 で、 九州 と 対馬 の間に位置する。南北17 km・東西14 km程度の大きさの壱岐島は、周辺の小さな島々と区別して 壱岐本島 と呼ぶ場合もある。また『 古事記 』では「伊伎島（いきのしま）」と書かれ  、別名を 天比登都柱 （あめひとつばしら）と言う  。","https://ja.wikipedia.org/wiki/壱岐島","しま山100選","https://ja.wikipedia.org/wiki/しま山100選","表形式","北緯33度47分0秒東経129度43分0秒","日本長崎県壱岐市","133.8 km²","212.8 m","日本海（玄界灘）、壱岐水道、対馬海峡","167.5 km","","","","","","","","","","","","","",""
"度島","[65丸島の飯盛山まるしまのいいもりやま103度島長崎県平戸市] 度島 （たくしま）は、 長崎県 平戸市 に属する 島 。","https://ja.wikipedia.org/wiki/度島","しま山100選","https://ja.wikipedia.org/wiki/しま山100選","表形式","北緯33度26分18.7秒東経129度31分26.9秒","日本長崎県平戸市","3.47km²","103m","","12.0km","","","","","","","","","","","","","",""
"安満岳","[66安満岳やすまんだけ536平戸島長崎県平戸市] 安満岳 （やすまんだけ）は、 長崎県 平戸市 の 平戸島 北西部にある 山 である。 標高 530m  。平戸市及び平戸島の最高峰である。","https://ja.wikipedia.org/wiki/安満岳","しま山100選","https://ja.wikipedia.org/wiki/しま山100選","表形式","北緯33度20分13秒東経129度27分57秒","長崎県平戸市","","","","","","","530m","北緯33度20分13秒東経129度27分57秒﻿ / ﻿北緯33.33694度 東経129.46583度﻿ /33.33694; 129.46583座標:北緯33度20分13秒東経129度27分57秒﻿ / ﻿北緯33.33694度 東経129.46583度﻿ /33.33694; 129.46583","","メサ","","","","","","","",""
"志々伎山","[67志々伎山しじきさん347平戸島長崎県平戸市] 志々伎山 （しじきさん）は、 長崎県 平戸市 の 平戸島 最南部にある山である。標高347.2m。 九州百名山 の一つである。","https://ja.wikipedia.org/wiki/志々伎山","しま山100選","https://ja.wikipedia.org/wiki/しま山100選","表形式","北緯33度10分31秒東経129度22分22秒","長崎県平戸市","","","","","","","347.2m","北緯33度10分31秒東経129度22分22秒﻿ / ﻿北緯33.17528度 東経129.37278度﻿ /33.17528; 129.37278座標:北緯33度10分31秒東経129度22分22秒﻿ / ﻿北緯33.17528度 東経129.37278度﻿ /33.17528; 129.37278","","","","","","","","","",""
"宇久島","[68城ヶ岳しろがたけ259宇久島長崎県佐世保市] 宇久島 （うくじま）は、 九州 本土から西へ約50km離れた 五島列島 の最北部にある 島 （有人島）。全島が 長崎県 佐世保市 に属する。","https://ja.wikipedia.org/wiki/宇久島","しま山100選","https://ja.wikipedia.org/wiki/しま山100選","表形式","北緯33度16分10.9秒東経129度6分45.7秒","日本（長崎県佐世保市）","24.93km²","258m","","","城ヶ岳","","","","","","","","","","","","",""
"中通島","[69番岳ばんだけ443中通島長崎県新上五島町] 中通島 （なかどおりじま）は、 長崎県 の西に浮かぶ 五島列島 を構成する 島 の一つである。全島が 長崎県 南松浦郡 新上五島町 に属する。","https://ja.wikipedia.org/wiki/中通島","しま山100選","https://ja.wikipedia.org/wiki/しま山100選","表形式","北緯32度59分東経129度05分","日本（長崎県南松浦郡新上五島町）","168.34km²","（番岳）442m","五島灘","278.8km","番岳（新上五島町小串郷・立串郷・曽根郷）","五島列島","","","","","","","","","","","",""
"中通島","[70山王山さんのうざん439中通島長崎県新上五島町] 中通島 （なかどおりじま）は、 長崎県 の西に浮かぶ 五島列島 を構成する 島 の一つである。全島が 長崎県 南松浦郡 新上五島町 に属する。","https://ja.wikipedia.org/wiki/中通島","しま山100選","https://ja.wikipedia.org/wiki/しま山100選","表形式","北緯32度59分東経129度05分","日本（長崎県南松浦郡新上五島町）","168.34km²","（番岳）442m","五島灘","278.8km","番岳（新上五島町小串郷・立串郷・曽根郷）","五島列島","","","","","","","","","","","",""
"奈留島","[71遠見番山とおみばんやま193奈留島長崎県五島市] 奈留島 （なるしま）は、 長崎県 の西に浮かぶ 五島列島 を構成する 島 の一つである。五島列島内では 久賀島 と 若松島 の間にあり、全島が 長崎県 五島市 に属する。","https://ja.wikipedia.org/wiki/奈留島","しま山100選","https://ja.wikipedia.org/wiki/しま山100選","表形式","北緯32度50分15.9秒東経128度56分5.5秒","日本（長崎県五島市）","23.82km²","（鴨越）276m","五島灘","","","五島列島","","","","","","","","","","","",""
"鬼岳","[72鬼岳おにだけ315福江島長崎県五島市] 鬼岳 （おんだけ）は、 長崎県 五島市 上大津町にある 標高 315 メートル の 火山 である。 西海国立公園 に指定されている ","https://ja.wikipedia.org/wiki/鬼岳","しま山100選","https://ja.wikipedia.org/wiki/しま山100選","表形式","北緯32度39分23.85秒東経128度50分55.97秒","日本長崎県五島市","","","","","","","315m","北緯32度39分23.85秒東経128度50分55.97秒﻿ / ﻿北緯32.6566250度 東経128.8488806度﻿ /32.6566250; 128.8488806座標:北緯32度39分23.85秒東経128度50分55.97秒﻿ / ﻿北緯32.6566250度 東経128.8488806度﻿ /32.6566250; 128.8488806","福江火山群","スコリア丘","","","","","","","",""
"福江島","[73七ツ岳ななつだけ431福江島長崎県五島市] 福江島 （ふくえじま）は、 長崎県 西方沖の 五島列島 を構成する島の一つである。行政区分は 長崎県 五島市 に属する。南に離れた 男女群島 を除けば五島列島の南西端に位置する。島の面積326.43km 2 は五島列島最大、日本国内では11番目の面積を持っている  。","https://ja.wikipedia.org/wiki/福江島","しま山100選","https://ja.wikipedia.org/wiki/しま山100選","表形式","北緯32度41分43.8秒東経128度50分26.9秒","日本（長崎県五島市）","326.43km²","（父ヶ岳）461m","五島灘","322.1km","","五島列島","","","","","","","","","","","",""
"嵯峨島","[74男岳おだけ150嵯峨島長崎県五島市] 嵯峨ノ島 （さがのしま）は、 五島列島 の 福江島 の北西約4km、 東シナ海 にある 島 である。 長崎県 五島市 に属する。 2010年 国勢調査 時点では人口161人で、集落中心部を除く島のほぼ全域が 西海国立公園 特別保護地区、または同公園特別地域である。 カトリック教会 と 念仏踊り 「 オーモンデー 」が同居する島でもある    。","https://ja.wikipedia.org/wiki/嵯峨島","しま山100選","https://ja.wikipedia.org/wiki/しま山100選","表形式","北緯32度43分36秒東経128度35分53秒","日本（長崎県五島市）","3.16km²","151m","東シナ海","9.5km","男岳","五島列島","","","","","","","","","","","",""
"御所浦島","[75烏峠からすとうげ442御所浦島熊本県天草市] 御所浦島 （ごしょうらじま）は、 天草諸島 の 島 の一つである。 八代海 に面している。","https://ja.wikipedia.org/wiki/御所浦島","しま山100選","https://ja.wikipedia.org/wiki/しま山100選","表形式","","日本（熊本県天草市）","","","","","","","","","","","","","","","","","",""
"天草下島","[76天竺てんじく538天草下島熊本県苓北町] 下島 （しもしま）は、 熊本県 の 天草諸島 にある 島 である。 面積 約574.01 km 2 と熊本県最大で、 日本 の中では 本州 など4島を除くと面積第8位である  。","https://ja.wikipedia.org/wiki/天草下島","しま山100選","https://ja.wikipedia.org/wiki/しま山100選","表形式","北緯32度26分10.7秒東経130度5分1.4秒","日本（熊本県天草市）","574.01km²","538.4m","東シナ海","301.2km","天竺","天草諸島","","","","","","熊本県天草市","","","","","",""
"保戸島","[77遠見山とおみやま179保戸島大分県津久見市] 保戸島 （ほとじま）は、 大分県 の 四浦半島 沖の 豊後水道 に浮かぶ 島 。 津久見市 に属する。","https://ja.wikipedia.org/wiki/保戸島","しま山100選","https://ja.wikipedia.org/wiki/しま山100選","表形式","","日本（大分県津久見市）","0.86km²","179m","","4km","遠見山","豊後諸島","","","","","","","","","","","",""
"島野浦島","[78遠見場山とんばやま185島野浦島宮崎県延岡市] 島浦島 （しまうらとう）は、 日向灘 北部に位置する島である。 離島振興法 における離島振興対策実施地域名は 島野浦島 （しまのうらとう）。行政区分は 宮崎県 延岡市 島浦町 （しまうら まち ）。","https://ja.wikipedia.org/wiki/島野浦島","しま山100選","https://ja.wikipedia.org/wiki/しま山100選","表形式","北緯32度39分50秒東経131度49分18秒","日本（宮崎県）","2.85km²","185.5(186)m","太平洋（日向灘）","15.49km","遠見場山","","","","","","","","","","","","",""
"獅子島","[79七郎山しちろうざん393獅子島鹿児島県長島町] 獅子島 （ししじま）は、 鹿児島県 出水郡 長島町 を構成する 島 の一つであり、鹿児島県の有人離島では最北に位置し、また県の最北端でもある。人口は約689人（平成27年）  。","https://ja.wikipedia.org/wiki/獅子島","しま山100選","https://ja.wikipedia.org/wiki/しま山100選","表形式","北緯32度16分44.1秒東経130度14分25.5秒","日本鹿児島県出水郡","17.01km²","393m","八代海","","","","","","","","","","","","","","",""
"上甑島","[80遠目木山とおめきやま423上甑島鹿児島県薩摩川内市] 上甑島 （かみこしきしま）は、 東シナ海 の 甑島列島 北部にある 離島 。 鹿児島県 薩摩川内市 に属する。かつては上甑島南部と中甑島を合わせてひとつの自治体だったため、ここでは 中甑島 （なかこしきしま）についても記述する。「甑島」の名は中甑島北部にある「甑」（蒸籠）の形をした巨石を甑大明神として崇拝したことに由来し、かつては子敷島、古志岐島とも書いた   。","https://ja.wikipedia.org/wiki/上甑島","しま山100選","https://ja.wikipedia.org/wiki/しま山100選","表形式","北緯31度50分26.9秒東経129度52分39.4秒","日本・鹿児島県","44.14km²","423m","東シナ海","81.1km","遠目木山（地図）","甑島列島","","","","","","","","","","","",""
"下甑島","[81尾岳おたけ604下甑島鹿児島県薩摩川内市] 下甑島 （しもこしきしま）は、 東シナ海 の 甑島列島 南部にある 離島 。 鹿児島県 薩摩川内市 に属する。「甑島」の名は中甑島北部にある「甑」（蒸籠）の形をした巨石を甑大明神として崇拝したことに由来し、かつては子敷島、古志岐島とも書いた   。","https://ja.wikipedia.org/wiki/下甑島","しま山100選","https://ja.wikipedia.org/wiki/しま山100選","表形式","北緯31度43分21.9秒東経129度44分21.3秒","日本・鹿児島県","65.56km²","604m","東シナ海","84.8km","尾岳（地図）","甑島列島","","","","","","","","","","","",""
"知林ヶ島","[82知林ヶ島ちりんがしま90知林ヶ島鹿児島県指宿市] 知林ヶ島 （ちりんがしま）は、 鹿児島県 指宿市 西方 にある 島 である。","https://ja.wikipedia.org/wiki/知林ヶ島","しま山100選","https://ja.wikipedia.org/wiki/しま山100選","表形式","北緯31度16分37秒東経130度40分38秒","日本（鹿児島県）","0.60km²","90m","鹿児島湾","3km","","","","","","","","","","","","","",""
"種子島","[83天女ヶ倉あまめがくら238種子島鹿児島県西之表市] 種子島 （たねがしま）は、 九州 の 鹿児島県 に属し、 大隅諸島 を構成する 島 の一つ。","https://ja.wikipedia.org/wiki/種子島","しま山100選","https://ja.wikipedia.org/wiki/しま山100選","表形式","北緯30度35分00秒東経130度59分00秒","日本・鹿児島県","444.30km²","282m","西側は東シナ海・東側はフィリピン海","186km","","","","","","","33,000（2010年）","","","","","","",""
"硫黄島 (鹿児島県)","[84硫黄岳いおうだけ704硫黄島鹿児島県三島村] 硫黄島 （いおうじま）は、 薩南諸島 北部に位置する 島 である。 郵便番号 は890-0901。人口は125人、世帯数は62世帯（ 2020年 5月1日 現在）  。 薩摩硫黄島 （さつまいおうじま）とも呼ばれる。 大隅諸島 に含まれるとする説と含まれないとする説とがある。","https://ja.wikipedia.org/wiki/硫黄島_(鹿児島県)","しま山100選","https://ja.wikipedia.org/wiki/しま山100選","表形式","北緯30度47分35秒東経130度18分19秒","日本","11.65km²","703.7m","","14.5km","硫黄岳","","","","","","121 （2006年）","","","","","","",""
"黒島 (鹿児島県)","[85櫓岳やぐらだけ620黒島鹿児島県三島村] 黒島 （くろしま）は、 薩南諸島 北部に位置する有人島である。全国の他の黒島と区別するため 薩摩黒島 （さつまくろしま）と呼ばれることもある。 郵便番号 は890-0902。人口は189人、世帯数は100世帯（2020年5月1日現在）  。 大隅諸島 には、含まれるとする説と含まれないとする説とがある。 竹島 、 硫黄島 および周辺の小島や岩礁とあわせて 鹿児島郡 三島村 を構成する。地名（行政区画）としての「黒島」の呼称は 鹿児島県 鹿児島郡 三島村 の 大字 となっており、全島がこれに該当する。","https://ja.wikipedia.org/wiki/黒島_(鹿児島県)","しま山100選","https://ja.wikipedia.org/wiki/しま山100選","表形式","北緯30度50分5.6秒東経129度57分20.7秒","日本","15.37km²","621.9m","","71.7km","櫓岳","大隅諸島","","","","","","","","","","","",""
"屋久島","[86太忠岳たちゅうだけ1,497屋久島鹿児島県屋久島町] 屋久島 （やくしま）は、 鹿児島県 の 大隅半島 佐多岬 南南西約60 km の海上に位置する 島 。 熊毛郡 屋久島町 に属し、近隣の 種子島 や 口永良部島 などと共に 大隅諸島 を形成する。南方に位置する トカラ列島 や 奄美群島 などとともに 南西諸島 を構成する。","https://ja.wikipedia.org/wiki/屋久島","しま山100選","https://ja.wikipedia.org/wiki/しま山100選","表形式","","日本鹿児島県熊毛郡屋久島町","504.88km²","1,936m","東シナ海","","宮之浦岳","大隅諸島","","","","","13,178（2010年）","","","","","","",""
"宮之浦岳","[87宮之浦岳みやのうらだけ1,936屋久島鹿児島県屋久島町] 宮之浦岳 （みやのうらだけ）は、 鹿児島県 の 屋久島 中央部の 山 である。","https://ja.wikipedia.org/wiki/宮之浦岳","しま山100選","https://ja.wikipedia.org/wiki/しま山100選","表形式","北緯30度20分9.9秒東経130度30分15秒","日本鹿児島県熊毛郡屋久島町","","","","","","","1,936m","北緯30度20分9.9秒東経130度30分15秒﻿ / ﻿北緯30.336083度 東経130.50417度﻿ /30.336083; 130.50417座標:北緯30度20分9.9秒東経130度30分15秒﻿ / ﻿北緯30.336083度 東経130.50417度﻿ /30.336083; 130.50417","屋久島","","","","","","","","",""
"口之島","[88フリイ岳ふりいだけ235口之島鹿児島県十島村] 口之島 （くちのしま）は、 吐噶喇列島 に所属する火山 島 である。 トカラ列島 の最も北に位置しており、十島村の玄関口にある。","https://ja.wikipedia.org/wiki/口之島","しま山100選","https://ja.wikipedia.org/wiki/しま山100選","表形式","北緯29度58分0秒東経129度55分0秒","日本","13.33km²","628m","","20.38km","前岳","吐噶喇列島","","","","","","","","","","","",""
"中之島 (鹿児島県)","[89御岳おたけ979中之島鹿児島県十島村] 中之島 （なかのしま）は、 吐噶喇（トカラ）列島 に所属する島である。面積は34.47 km 2 。周囲30km、最高点は御岳（吐噶喇富士）の979m。人口は159人、世帯数は90世帯（2018年3月31日現在）  。","https://ja.wikipedia.org/wiki/中之島_(鹿児島県)","しま山100選","https://ja.wikipedia.org/wiki/しま山100選","表形式","北緯29度50分18.7秒東経129度51分11.6秒","日本鹿児島県鹿児島郡十島村","34.47km²","979m","","30km","御岳","吐噶喇列島","","","","","","","","","","","",""
"諏訪之瀬島","[90御岳おたけ796諏訪之瀬島鹿児島県十島村] 諏訪之瀬島 （すわのせじま）は、 鹿児島県 の 吐噶喇（トカラ）列島 に属する 火山島 である。人口は79人、世帯数は44世帯（ 2018年 3月31日 現在）  。 十島村 では 中之島 に次いで二番目に大きい島である。","https://ja.wikipedia.org/wiki/諏訪之瀬島","しま山100選","https://ja.wikipedia.org/wiki/しま山100選","表形式","北緯29度36分41.2秒東経129度42分11.3秒","日本鹿児島県鹿児島郡十島村","27.66km²","796m","","27.15km","御岳","吐噶喇列島","","","","","","","","","","","",""
"平島 (鹿児島県)","[91大浦展望台おおうらてんぼうだい131平島鹿児島県十島村] 平島 （たいらじま）は、 鹿児島県 の 吐噶喇列島 の中央部に位置する 島 である。","https://ja.wikipedia.org/wiki/平島_(鹿児島県)","しま山100選","https://ja.wikipedia.org/wiki/しま山100選","表形式","北緯29度41分16.1秒東経129度31分42.1秒","日本鹿児島県","2.08km²","","","7.23km","","吐噶喇列島","","","","","","","","","","","",""
"悪石島","[92御嶽みたけ584悪石島鹿児島県十島村] 悪石島 （あくせきじま）は、 吐噶喇（トカラ）列島 に浮かぶ 島 である。 郵便番号 は891-5204。人口は73人、世帯数は35世帯（ 2018年 3月31日 現在）  。","https://ja.wikipedia.org/wiki/悪石島","しま山100選","https://ja.wikipedia.org/wiki/しま山100選","表形式","北緯29度27分06秒東経129度36分04秒","日本（鹿児島県）","7.49km²","","東シナ海","12.64km","","吐噶喇列島","","","","","","","","","","","",""
"宝島 (鹿児島県)","[93イマキラ岳いまきらだけ292宝島鹿児島県十島村] 宝島 （たからじま）は、 吐噶喇（トカラ）列島 に浮かぶ 島 である。 郵便番号 は891-5301。人口は131人、世帯数は68世帯（ 2018年 3月31日 現在）  。","https://ja.wikipedia.org/wiki/宝島_(鹿児島県)","しま山100選","https://ja.wikipedia.org/wiki/しま山100選","表形式","北緯29度8分45秒東経129度12分30秒","日本（鹿児島県鹿児島郡十島村）","7.14km²","291.9m","東シナ海","13.77km","イマキラ岳","吐噶喇列島","","","","","","","","","","","",""
"奄美大島","[94湯湾岳ゆわんだけ694奄美大島鹿児島県宇検村] 奄美大島 （あまみおおしま）は、 九州 南方海上、 鹿児島市 と 沖縄本島 のほぼ中間に位置する、 鹿児島県 奄美群島 の主要な 島 で、他の島と混同されない場合には単に大島（おおしま 奄美方言 で うしま ）ともいう。また、 奄美群島 内の他の島々との対比で大島本島と表現される場合もある。ウミガメが産卵に訪れる砂浜、' アマミブルー とも称される透明度の高い青い海や、 恐竜 の森のようなイメージの 原生林 が広がっており、 大島海峡 沿岸、 ホノホシ海岸 などの周辺海域や 湯湾岳 などの山地は 奄美群島国立公園 の一部となっており、 徳之島 、 沖縄県 の 西表島 、 沖縄島 北部と共に 世界自然遺産 候補地として登録が推薦されている。気候については島の中央部の名瀬に 測候所 がある 奄美市 を参照。 特に南部の自然は豊かで、希少な生物も多種見られる他、養殖 クロマグロ の出荷日本一の 瀬戸内町 では、本 マグロや、 リュウキュウイノシシ の 料理 なども賞味できる。","https://ja.wikipedia.org/wiki/奄美大島","しま山100選","https://ja.wikipedia.org/wiki/しま山100選","表形式","北緯28度19分35秒東経129度22分28秒","日本・鹿児島県","712.35km²","694m","周囲はすべて東シナ海","461.1km","湯湾岳","奄美群島","","","","","","奄美市","","","","","",""
"沖永良部島","[95越山こしやま188沖永良部島鹿児島県和泊町] 沖永良部島 （おきのえらぶじま）は、 鹿児島県 の 奄美群島 の南西部に位置する 島 。 大島郡 に属し、 九州 本島から南へ552km、 沖縄本島 から北へ約60km、北緯27度東経128度付近に位置する。 和泊町 と 知名町 の2町からなり 2012年 平成24年) 1月1日 現在の和泊町人口(男3495)(女3601)計7096人、知名町人口(男3366)(女3305)、計6671人両町の合計人口13767人。","https://ja.wikipedia.org/wiki/沖永良部島","しま山100選","https://ja.wikipedia.org/wiki/しま山100選","表形式","北緯27度22分08秒東経128度34分00秒","日本・鹿児島県","93.65km²","240m","太平洋（東シナ海・フィリピン海）","50km","大山（おおやま）","奄美群島","","","","","","","","","","","",""
"城山 (沖縄県)","[96城山ぐすくやま172伊江島沖縄県伊江村] 城山 （ぐすくやま）は、 沖縄県 国頭郡 伊江村 にある 山 である。 伊江島 の中央にそびえる島のシンボルである。 標高 は172.2メートル。","https://ja.wikipedia.org/wiki/城山_(沖縄県)","しま山100選","https://ja.wikipedia.org/wiki/しま山100選","表形式","北緯26度43分11.2秒東経127度48分25.6秒","日本沖縄県国頭郡伊江村","","","","","","","172.2m","北緯26度43分11.2秒東経127度48分25.6秒﻿ / ﻿北緯26.719778度 東経127.807111度﻿ /26.719778; 127.807111座標:北緯26度43分11.2秒東経127度48分25.6秒﻿ / ﻿北緯26.719778度 東経127.807111度﻿ /26.719778; 127.807111","","","","","","","","","",""
"座間味島","[97高月山たかつきやま131座間味島沖縄県座間味村] 座間味島 （ざまみじま）は、 慶良間諸島 に所属する 島 で、 沖縄県 島尻郡 座間味村 に属する。人口は597人、世帯数は358世帯（ 2019年 4月1日 現在）  。","https://ja.wikipedia.org/wiki/座間味島","しま山100選","https://ja.wikipedia.org/wiki/しま山100選","表形式","北緯26度13分45秒東経127度18分12秒","日本（沖縄県島尻郡座間味村）","6.70km²","160.7m","東シナ海","23.2km","大岳（うふだき）","慶良間諸島","","","","","","","","","","","",""
"久米島","[98宇江城岳うえぐすくだけ310久米島沖縄県久米島町] 久米島 （くめじま）は、 沖縄本島 から西に約100km、 沖縄諸島 に属する島で、最も西に位置する島である。人口は7000人程度で、行政上は島全域が 久米島町 に含まれる。面積は59.53 km 2  で、沖縄県内では、沖縄本島、 西表島 、 石垣島 、 宮古島 に次いで5番目に大きな島である。 ダイビング 地として有名で、３つの リゾートホテル が存在する。長く広がるイーフビーチ周辺には 民宿 なども多く点在する。また、 東北楽天ゴールデンイーグルス が発足年度からこの地に キャンプ を構えたことで、 プロ野球 ファンにも広く知られるようにもなった。","https://ja.wikipedia.org/wiki/久米島","しま山100選","https://ja.wikipedia.org/wiki/しま山100選","表形式","北緯26度21分16秒東経126度46分15秒","日本（沖縄県島尻郡久米島町）","59.53km²","310.4m","東シナ海","53.31km","宇江城岳","沖縄諸島","","","","","","","","","","","",""
"野底岳","[99野底岳のそこだけ282石垣島沖縄県石垣市] 野底岳 （のそこだけ、ぬすくだぎ  ）、又は、 野底マーペー （のそこマーペー、ぬすくマーペー  ）は、 沖縄県 石垣市 にある 山 である。 しま山100選 に選定されている  。","https://ja.wikipedia.org/wiki/野底岳","しま山100選","https://ja.wikipedia.org/wiki/しま山100選","表形式","北緯24度29分19.8秒東経124度14分55.4秒","日本沖縄県石垣市","","","","","","","282.4m","北緯24度29分19.8秒東経124度14分55.4秒﻿ / ﻿北緯24.488833度 東経124.248722度﻿ /24.488833; 124.248722﻿ (野底マーペー)座標:北緯24度29分19.8秒東経124度14分55.4秒﻿ / ﻿北緯24.488833度 東経124.248722度﻿ /24.488833; 124.248722﻿ (野底マーペー)","野底岳山系","岩石山","","","","","","","",""
"与那国島","[100宇良部岳うらぶだけ231与那国島沖縄県与那国町] 与那国島 （よなぐにじま）は、 南西諸島 八重山列島 の 島 。 日本 の最西端に位置する島で、 国境 の島と呼ばれる  。","https://ja.wikipedia.org/wiki/与那国島","しま山100選","https://ja.wikipedia.org/wiki/しま山100選","表形式","北緯24度28分6秒東経123度0分17秒","日本（沖縄県八重山郡与那国町）","28.95km²","231.3m","東シナ海・太平洋（フィリピン海）","27.49km","宇良部岳（うらぶだけ）","八重山諸島","","","","","","","","","","","",""
