"タイトル","コメント","URL","親リストタイトル","親リストURL","一覧抽出方法","座標","標高","所在地","初登頂","山系","位置","プロミネンス","所属山脈","最容易,ルート","総称","種類","アイソレーション","全長","翻訳","親山頂","Hidden","Hidden","Hidden","Hidden","Hidden"
"エベレスト","[1ヒマラヤ-01エベレストチョモランマサガルマータヒマラヤ ネパール 中国8,84829,0291953北緯27度59分17秒東経86度55分31秒﻿ / ﻿北緯27.98806度 東経86.92528度﻿ /27.98806; 86.92528﻿ (Everest)] 山頂は、 ネパール と 中国 との国境上にある。","https://ja.wikipedia.org/wiki/エベレスト","世界の山一覧_(高さ順)","https://ja.wikipedia.org/wiki/世界の山一覧_(高さ順)","表形式","北緯27度59分17秒東経86度55分31秒","8848.86m","ネパールサガルマタ県ソルクンブ郡中国チベット自治区ティンリ県","エドモンド・ヒラリー、テンジン・ノルゲイ（1953年）","ヒマラヤ山脈","北緯27度59分17秒東経86度55分31秒﻿ / ﻿北緯27.98806度 東経86.92528度﻿ /27.98806; 86.92528座標:北緯27度59分17秒東経86度55分31秒﻿ / ﻿北緯27.98806度 東経86.92528度﻿ /27.98806; 86.92528","","","","","褶曲・隆起","","","","","","","","",""
"K2","[2カラコルム-01K2チョゴリゴッドウィンオースチンカラコルム パキスタン インド 中国8,61128,2511954北緯35度52分53秒東経76度30分48秒﻿ / ﻿北緯35.88139度 東経76.51333度﻿ /35.88139; 76.51333] K2 という頭文字は Karakoram No.2 、つまり カラコルム山脈測量番号2号 を意味する。","https://ja.wikipedia.org/wiki/K2","世界の山一覧_(高さ順)","https://ja.wikipedia.org/wiki/世界の山一覧_(高さ順)","表形式","北緯35度52分57秒東経76度30分48秒","8611m","パキスタンギルギット・バルティスタン州中国ウイグル自治区タシュクルガン・タジク自治県","1954年7月31日アキレ・コンパニョーニ（英語版）リーノ・ラチェデッリ（英語版）（イタリア隊　アルディト・デジオ（英語版）隊長）","カラコルム山脈","北緯35度52分57秒東経76度30分48秒﻿ / ﻿北緯35.88250度 東経76.51333度﻿ /35.88250; 76.51333座標:北緯35度52分57秒東経76度30分48秒﻿ / ﻿北緯35.88250度 東経76.51333度﻿ /35.88250; 76.51333","","","","","","","","","","","","","",""
"カンチェンジュンガ","[3ヒマラヤ-02カンチェンジュンガヒマラヤ ネパール インド8,58628,1691955北緯27度42分12秒東経88度08分51秒﻿ / ﻿北緯27.70333度 東経88.14750度﻿ /27.70333; 88.14750] カンチェンジュンガとは チベット語 で「偉大な雪の5つの宝庫」の意味。主峰の他に西峰=ヤルン・カン（8505 m）、中央峰（8478 m）、南峰=カンチェンジュンガII（8476 m）、カンバチェン（7903 m）が並ぶ。衛星峰に囲まれていて、最高点を中心に半径20 kmの円を描くとその中に7000 m以上の高峰10座、8000 m級のカンチェンジュンガ主峰と第II峰の2座が入り、壮大さは比類がない。さらにこの山が ダージリン の丘陵上から手に取るような近さで眺められることも、この山を古くから人に親しませる理由となった。","https://ja.wikipedia.org/wiki/カンチェンジュンガ","世界の山一覧_(高さ順)","https://ja.wikipedia.org/wiki/世界の山一覧_(高さ順)","表形式","北緯27度42分00秒東経88度08分00秒","8586m","ネパールインド","1955年イギリス隊","ヒマラヤ山脈","北緯27度42分00秒東経88度08分00秒﻿ / ﻿北緯27.70000度 東経88.13333度﻿ /27.70000; 88.13333座標:北緯27度42分00秒東経88度08分00秒﻿ / ﻿北緯27.70000度 東経88.13333度﻿ /27.70000; 88.13333","","","","","","","","","","","","","",""
"ローツェ","[4ヒマラヤ-03ローツェヒマラヤ ネパール 中国8,51627,9401956北緯27度57分42秒東経86度55分59秒﻿ / ﻿北緯27.96167度 東経86.93306度﻿ /27.96167; 86.93306] ローツェの頂上に至る標準的なルートは、約7800 mまではエベレストの ノーマルルート と同じ道を辿る  。 このルートでは、まず ベースキャンプ を出発してから難所のクーンブ・アイスフォールを越え、西壁を登る途中でエベレストに向かうルートと分岐し、最後に狭いクーロワールを通って頂上に至る。","https://ja.wikipedia.org/wiki/ローツェ","世界の山一覧_(高さ順)","https://ja.wikipedia.org/wiki/世界の山一覧_(高さ順)","表形式","北緯27度58分00秒東経86度56分00秒","8516m","ネパールサガルマタ県ソルクンブ郡中国チベット自治区ティンリ県","1956年5月18日スイス（エルンスト・ライス、フリッツ・ルフジンガー）","ヒマラヤ山脈（クーンブ・ヒマール）","北緯27度58分00秒東経86度56分00秒﻿ / ﻿北緯27.96667度 東経86.93333度﻿ /27.96667; 86.93333座標:北緯27度58分00秒東経86度56分00秒﻿ / ﻿北緯27.96667度 東経86.93333度﻿ /27.96667; 86.93333","","","","","","","","","","","","","",""
"マカルー","[5ヒマラヤ-04マカルーヒマラヤ ネパール 中国8,48527,8381955北緯27度53分23秒東経87度5分20秒﻿ / ﻿北緯27.88972度 東経87.08889度﻿ /27.88972; 87.08889] マカルーは、急な斜面や切り立った峰などから、世界でも屈指の登りづらい山として知られている。特に西壁は、 デスゾーン 手前から山頂付近まで部分的に オーバーハング した垂直の岩壁が続くという難しいルートのため、 イェジ・ククチカ 、 山野井泰史 、 ヴォイテク・クルティカ 、 マルコ・プレゼリ 、 スティーブ・ハウス といった一流クライマーの挑戦を退け続け、核心部は未踏となっている  ことから「ヒマラヤ最大の課題」とまでいわれている。","https://ja.wikipedia.org/wiki/マカルー","世界の山一覧_(高さ順)","https://ja.wikipedia.org/wiki/世界の山一覧_(高さ順)","表形式","北緯27度53分00秒東経87度05分00秒","8463m","ネパールコシ県サンクワサバ郡中国チベット自治区ティンリ県","1955年5月15日フランス隊","ヒマラヤ山脈","北緯27度53分00秒東経87度05分00秒﻿ / ﻿北緯27.88333度 東経87.08333度﻿ /27.88333; 87.08333座標:北緯27度53分00秒東経87度05分00秒﻿ / ﻿北緯27.88333度 東経87.08333度﻿ /27.88333; 87.08333","","","","","","","","","","","","","",""
"チョオユー","[6ヒマラヤ-05チョオユーヒマラヤ ネパール 中国8,20126,8641954北緯28度05分39秒東経86度39分39秒﻿ / ﻿北緯28.09417度 東経86.66083度﻿ /28.09417; 86.66083﻿ (Cho Oyu)] 全部で14座ある 8000 m峰 の中では最も登りやすい山とされ、多くの 公募隊 が組まれている  。 エベレスト の前哨戦として選ばれることの多い山でもある。ただし登りやすいといっても、それは ノーマルルート （北西稜）のことであって、南西壁は標高差2000 mの大岩壁となっており、技術の卓越した登山家のみが選択するルートとなっている。他の8000m峰に比べると山頂が広く、最高地点が不明瞭なため、背景に エベレスト と ローツェ が写りこむように撮影することが登頂の証明として好まれている。","https://ja.wikipedia.org/wiki/チョオユー","世界の山一覧_(高さ順)","https://ja.wikipedia.org/wiki/世界の山一覧_(高さ順)","表形式","北緯28度06分00秒東経86度39分00秒","8188m","ネパールサガルマタ県ソルクンブ郡中国チベット自治区ティンリ県","J.ヨヒラー、パサン・ダワ・ラマ、H.ティッヒー（1954年10月19日）","ヒマラヤ山脈","北緯28度06分00秒東経86度39分00秒﻿ / ﻿北緯28.10000度 東経86.65000度﻿ /28.10000; 86.65000座標:北緯28度06分00秒東経86度39分00秒﻿ / ﻿北緯28.10000度 東経86.65000度﻿ /28.10000; 86.65000","","","","","","","","","","","","","",""
"ダウラギリ","[7ヒマラヤ-06ダウラギリヒマラヤ ネパール8,16726,7951960北緯28度41分45秒東経83度29分36秒﻿ / ﻿北緯28.69583度 東経83.49333度﻿ /28.69583; 83.49333﻿ (Dhaulagiri)] ダウラギリは、1808年に初めてヨーロッパの人々に知られるようになり、 カンチェンジュンガ の存在が知られるまでの約30年間、世界一高い山と考えられていた。","https://ja.wikipedia.org/wiki/ダウラギリ","世界の山一覧_(高さ順)","https://ja.wikipedia.org/wiki/世界の山一覧_(高さ順)","表形式","北緯28度41分47秒東経83度29分43秒","8167m","ネパールダウラギリ県","スイス・オーストリア隊（1960年5月13日）","ヒマラヤ山脈","北緯28度41分47秒東経83度29分43秒﻿ / ﻿北緯28.69639度 東経83.49528度﻿ /28.69639; 83.49528座標:北緯28度41分47秒東経83度29分43秒﻿ / ﻿北緯28.69639度 東経83.49528度﻿ /28.69639; 83.49528","","","","","","","","","","","","","",""
"マナスル","[8ヒマラヤ-07マナスルヒマラヤ ネパール8,16326,7811956北緯28度32分58秒東経84度33分39秒﻿ / ﻿北緯28.54944度 東経84.56083度﻿ /28.54944; 84.56083﻿ (Manaslu)] 初登頂は 1956年  5月9日 に、 今西壽雄 ・ ギャルツェン・ノルブ ら日本隊によって達成されている。この成功は戦後の日本登山界に画期的な影響があり  、空前絶後の登山ブームを巻き起こすなど社会現象になった  。また登山隊が使用した ビブラム ソール  、ナイロン製 クライミングロープ  などの新鋭機材は急速に普及した  。","https://ja.wikipedia.org/wiki/マナスル","世界の山一覧_(高さ順)","https://ja.wikipedia.org/wiki/世界の山一覧_(高さ順)","表形式","北緯28度33分00秒東経84度34分00秒","8163m","ネパールガンダキ県","今西壽雄・ギャルツェン・ノルブ1956年5月9日","ヒマラヤ山脈","北緯28度33分00秒東経84度34分00秒﻿ / ﻿北緯28.55000度 東経84.56667度﻿ /28.55000; 84.56667座標:北緯28度33分00秒東経84度34分00秒﻿ / ﻿北緯28.55000度 東経84.56667度﻿ /28.55000; 84.56667","","","","","","","","","","","","","",""
"ナンガパルバット","[9ヒマラヤ-08ナンガパルバットヒマラヤ パキスタン8,12526,6601953北緯35度14分18秒東経74度35分22秒﻿ / ﻿北緯35.23833度 東経74.58944度﻿ /35.23833; 74.58944﻿ (Nanga Parbat)] 「ナンガ・パルバット」は ウルドゥー語 で「裸の山」の意味で、その周囲に高い山がないことに由来する。nangaナンガとは、 サンスクリット語 でnaked、bareの意である。","https://ja.wikipedia.org/wiki/ナンガパルバット","世界の山一覧_(高さ順)","https://ja.wikipedia.org/wiki/世界の山一覧_(高さ順)","表形式","北緯35度14分15秒東経74度35分21秒","8126m","パキスタンギルギット・バルティスタン州","ヘルマン・ブール（1953年）","ヒマラヤ山脈","北緯35度14分15秒東経74度35分21秒﻿ / ﻿北緯35.23750度 東経74.58917度﻿ /35.23750; 74.58917座標:北緯35度14分15秒東経74度35分21秒﻿ / ﻿北緯35.23750度 東経74.58917度﻿ /35.23750; 74.58917","","","","","","","","","","","","","",""
"アンナプルナ I","[10ヒマラヤ-09アンナプルナ Iヒマラヤ ネパール8,09126,5451950北緯28度35分43秒東経83度49分11秒﻿ / ﻿北緯28.59528度 東経83.81972度﻿ /28.59528; 83.81972﻿ (Annapurna I)] しかし、14座ある8000メートル峰の中では10番目の標高であるが、けっして容易な山ではない。北面は常に雪崩の危険がつきまとい、南面は岩と氷の困難な大岩壁が立ちはだかっている。最も登られる北斜面では、初登頂ルートを含む北氷河を通過するルートで雪崩が頻発し、雪崩を避けるために稜線沿いにルートをとった場合でさえ雪崩の死者が多数出ている   。そのため8000メートル峰の中では最も登頂者が少なく、2012年3月の時点で、登頂者数191人に対して死亡者数は61人  に達する。死亡率が高い理由は、エベレストのような商業登山の対象とならず、難度の高いルート、単独ないし アルパイン・スタイル 、無酸素による挑戦の比率が高いことにも起因している。","https://ja.wikipedia.org/wiki/アンナプルナ","世界の山一覧_(高さ順)","https://ja.wikipedia.org/wiki/世界の山一覧_(高さ順)","表形式","北緯28度35分00秒東経83度49分00秒","8091m","ネパール中部","モーリス・エルゾーグ、ルイ・ラシュナル（フランス語版）（1950年6月3日）","ヒマラヤ山脈","北緯28度35分00秒東経83度49分00秒﻿ / ﻿北緯28.58333度 東経83.81667度﻿ /28.58333; 83.81667座標:北緯28度35分00秒東経83度49分00秒﻿ / ﻿北緯28.58333度 東経83.81667度﻿ /28.58333; 83.81667","","","","","","","","","","","","","",""
"ガッシャーブルム I","[11カラコルム-02ガッシャーブルム IHidden Peak/K5カラコルム パキスタン 中国8,08026,5091958北緯35度43分27秒東経76度41分44秒﻿ / ﻿北緯35.72417度 東経76.69556度﻿ /35.72417; 76.69556﻿ (Gasherbrum I)] 標高 8080 m で、世界第11位。「ガッシャーブルム」は「輝く峰」の意味だと言われることが多いが実際は バルティ語 （現地の チベット語 方言）で「美しい山」（\"rgasha\" （美しい） + \"brum\" （山））の意である。 インドの測量局のカラコルム測量時の測量番号はK5。","https://ja.wikipedia.org/wiki/ガッシャーブルムI峰","世界の山一覧_(高さ順)","https://ja.wikipedia.org/wiki/世界の山一覧_(高さ順)","表形式","北緯35度43分00秒東経76度42分00秒","8080m","中国パキスタン","ニコラス・クリンチ隊（アメリカ合衆国、1958年）","カラコルム山脈","北緯35度43分00秒東経76度42分00秒﻿ / ﻿北緯35.71667度 東経76.70000度﻿ /35.71667; 76.70000座標:北緯35度43分00秒東経76度42分00秒﻿ / ﻿北緯35.71667度 東経76.70000度﻿ /35.71667; 76.70000","","","","","","","","","","","","","",""
"ブロードピーク","[12カラコルム-03ブロードピーク/K3カラコルム パキスタン 中国8,05126,4141957北緯35度48分38秒東経76度34分05秒﻿ / ﻿北緯35.81056度 東経76.56806度﻿ /35.81056; 76.56806﻿ (Broad Peak)] K2 から約8 km離れた位置にあり、 ガッシャーブルム 連峰に属する。元々はK2の次の山ということで K3 という名前が付けられていたが、その後の調査で山頂の幅が1.5 kmにも及ぶことから「広い頂」を意味する「ブロード・ピーク」の名前が付けられた。ただし現地語の バルティ語 名は ファイチャン・カングリ （Faichan Kangri）で、地元住民の間では「ブロード・ピーク」という名前はあまり受け入れられていない。","https://ja.wikipedia.org/wiki/ブロードピーク","世界の山一覧_(高さ順)","https://ja.wikipedia.org/wiki/世界の山一覧_(高さ順)","表形式","北緯35度48分00秒東経76度34分00秒","8051m","パキスタンギルギット・バルティスタン州中国新疆ウイグル自治区","1957年","カラコルム山脈","北緯35度48分00秒東経76度34分00秒﻿ / ﻿北緯35.80000度 東経76.56667度﻿ /35.80000; 76.56667座標:北緯35度48分00秒東経76度34分00秒﻿ / ﻿北緯35.80000度 東経76.56667度﻿ /35.80000; 76.56667","","","","","","","","","","","","","",""
"ガッシャーブルム II","[13カラコルム-04ガッシャーブルム II/K4カラコルム パキスタン 中国8,03426,3621956北緯35度45分27秒東経76度39分11秒﻿ / ﻿北緯35.75750度 東経76.65306度﻿ /35.75750; 76.65306﻿ (Gasherbrum II)] 標高 8035 m で、世界第13位。「ガッシャーブルム」は チベット語 で「輝く峰」の意味であるといわれることが多いが、実際は バルティ語 （現地のチベット語方言）で「美しい山」（\"rgasha\" （美しい） + \"brum\" （山））を意味する。","https://ja.wikipedia.org/wiki/ガッシャーブルムII峰","世界の山一覧_(高さ順)","https://ja.wikipedia.org/wiki/世界の山一覧_(高さ順)","表形式","北緯35度45分00秒東経76度39分00秒","8035m","中国パキスタン","フリッツ・モラベック、ヨーゼフ・ラルヒ、ヨハン・ヴィーレンパルト（1956年）","カラコルム山脈","北緯35度45分00秒東経76度39分00秒﻿ / ﻿北緯35.75000度 東経76.65000度﻿ /35.75000; 76.65000座標:北緯35度45分00秒東経76度39分00秒﻿ / ﻿北緯35.75000度 東経76.65000度﻿ /35.75000; 76.65000","","","","","","","","","","","","","",""
"シシャパンマ","[14ヒマラヤ-10シシャパンマヒマラヤ 中国8,02726,3351964北緯28度21分12秒東経85度46分43秒﻿ / ﻿北緯28.35333度 東経85.77861度﻿ /28.35333; 85.77861﻿ (Shishapangma)] シシャパンマとはチベット語で「牛も羊も死に絶えて、麦も枯れる地方」の意味。ゴサインタンは サンスクリット語 由来で「神の座」を意味する。","https://ja.wikipedia.org/wiki/シシャパンマ","世界の山一覧_(高さ順)","https://ja.wikipedia.org/wiki/世界の山一覧_(高さ順)","表形式","北緯28度21分00秒東経85度47分00秒","8027m","中国チベット自治区ニャラム県","許競ら10人（1964年）","ランタン山群","北緯28度21分00秒東経85度47分00秒﻿ / ﻿北緯28.35000度 東経85.78333度﻿ /28.35000; 85.78333座標:北緯28度21分00秒東経85度47分00秒﻿ / ﻿北緯28.35000度 東経85.78333度﻿ /28.35000; 85.78333","","","","","","","","","","","","","",""
"ギャチュンカン","[15ヒマラヤ-11ギャチュンカンヒマラヤ ネパール 中国7,95226,0891964北緯28度05分52秒東経86度44分47秒﻿ / ﻿北緯28.09778度 東経86.74639度﻿ /28.09778; 86.74639﻿ (Gyachung Kang)] シェルパ 語で「百の谷が集まる山」の意味。8,000 mに僅かに標高が足りず、またアプローチが長いため、周囲の 8,000m峰 と比べてあまり登られていない山である。同様の理由から、初登頂が 日本人 であったにも関わらず、あまり知られる山ではなかったが、2002年の 山野井夫妻 の雪崩からの生還と、それを元にした 沢木耕太郎 の著書『凍』によって広く知られるようになった。","https://ja.wikipedia.org/wiki/ギャチュンカン","世界の山一覧_(高さ順)","https://ja.wikipedia.org/wiki/世界の山一覧_(高さ順)","表形式","北緯28度05分53秒東経86度44分32秒","7,952m","ネパール中国","加藤幸彦、安久一成（1964年）","ヒマラヤ山脈","北緯28度05分53秒東経86度44分32秒﻿ / ﻿北緯28.09806度 東経86.74222度﻿ /28.09806; 86.74222座標:北緯28度05分53秒東経86度44分32秒﻿ / ﻿北緯28.09806度 東経86.74222度﻿ /28.09806; 86.74222","","","","","","","","","","","","","",""
"ガッシャーブルム III","[カラコルム-05ガッシャーブルム IIIカラコルム パキスタン7,94626,0701975北緯35度45分34秒東経76度38分31秒﻿ / ﻿北緯35.75944度 東経76.64194度﻿ /35.75944; 76.64194] ガッシャーブルム峰 は ヒマラヤ の カラコルム山脈 北東部から中央部の バルトロ氷河 まで連なる 一連の山 。「ガッシャーブルム」とはバルティ語（現地のチベット語方言）で「美しい山」（\"rgasha\" （美しい） + \"brum\" （山））を意味する。代表的な山として以下のものがある。","https://ja.wikipedia.org/wiki/ガッシャーブルム","世界の山一覧_(高さ順)","https://ja.wikipedia.org/wiki/世界の山一覧_(高さ順)","表形式","","","","","","","","","","","","","","","","","","","",""
"アンナプルナ II","[16ヒマラヤ-12アンナプルナ IIヒマラヤ ネパール7,93726,0401960北緯28度32分03秒東経84度07分20秒﻿ / ﻿北緯28.53417度 東経84.12222度﻿ /28.53417; 84.12222] しかし、14座ある8000メートル峰の中では10番目の標高であるが、けっして容易な山ではない。北面は常に雪崩の危険がつきまとい、南面は岩と氷の困難な大岩壁が立ちはだかっている。最も登られる北斜面では、初登頂ルートを含む北氷河を通過するルートで雪崩が頻発し、雪崩を避けるために稜線沿いにルートをとった場合でさえ雪崩の死者が多数出ている   。そのため8000メートル峰の中では最も登頂者が少なく、2012年3月の時点で、登頂者数191人に対して死亡者数は61人  に達する。死亡率が高い理由は、エベレストのような商業登山の対象とならず、難度の高いルート、単独ないし アルパイン・スタイル 、無酸素による挑戦の比率が高いことにも起因している。","https://ja.wikipedia.org/wiki/アンナプルナ","世界の山一覧_(高さ順)","https://ja.wikipedia.org/wiki/世界の山一覧_(高さ順)","表形式","北緯28度35分00秒東経83度49分00秒","8091m","ネパール中部","モーリス・エルゾーグ、ルイ・ラシュナル（フランス語版）（1950年6月3日）","ヒマラヤ山脈","北緯28度35分00秒東経83度49分00秒﻿ / ﻿北緯28.58333度 東経83.81667度﻿ /28.58333; 83.81667座標:北緯28度35分00秒東経83度49分00秒﻿ / ﻿北緯28.58333度 東経83.81667度﻿ /28.58333; 83.81667","","","","","","","","","","","","","",""
"ガッシャーブルム IV","[17カラコルム-06ガッシャーブルム IVカラコルム パキスタン7,93226,0241958北緯35度45分33秒東経76度36分57秒﻿ / ﻿北緯35.75917度 東経76.61583度﻿ /35.75917; 76.61583] 「ガッシャーブルム」は チベット語 で「輝く峰」の意味であるといわれることが多いが、実際は バルティ語 （現地のチベット語方言）で「美しい山」（\"rgasha\" （美しい） + \"brum\" （山））を意味する。","https://ja.wikipedia.org/wiki/ガッシャーブルムIV峰","世界の山一覧_(高さ順)","https://ja.wikipedia.org/wiki/世界の山一覧_(高さ順)","表形式","北緯35度44分00秒東経76度35分00秒","7,925m","中国パキスタン","ワルテル・ボナッティ、カルロ・マウリ（1958年）","カラコルム山脈","北緯35度44分00秒東経76度35分00秒﻿ / ﻿北緯35.73333度 東経76.58333度﻿ /35.73333; 76.58333座標:北緯35度44分00秒東経76度35分00秒﻿ / ﻿北緯35.73333度 東経76.58333度﻿ /35.73333; 76.58333","","","","","","","","","","","","","",""
"ヒマルチュリ","[18ヒマラヤ-13ヒマルチュリヒマラヤ ネパール7,89325,8961960北緯28度26分07秒東経84度38分24秒﻿ / ﻿北緯28.43528度 東経84.64000度﻿ /28.43528; 84.64000] ヒマルチュリは、500m以上の プロミネンス がある山を対象とした場合、 世界で18番目に標高が高い山 である。またヒマルチュリは、麓から垂直的に切り立った巨大な岩壁も大きな特徴である。例えば、ヒマルチュリは、南西の麓を流れるマーシャンギ川 (the Marsyangdi River) から7000mもそそり立っているが、川と峰の水平方向の距離は27kmしかない。","https://ja.wikipedia.org/wiki/ヒマルチュリ","世界の山一覧_(高さ順)","https://ja.wikipedia.org/wiki/世界の山一覧_(高さ順)","表形式","北緯28度26分03秒東経84度38分15秒","7,893 m(25,896 ft) 世界第18位","ネパールガンダキ県","1960年田辺寿、原田雅弘","","","1,633 m(5,358 ft) ","ヒマラヤ山脈マンシリ・ヒマール","氷河、雪、氷","Ultra","","","","","","","","","",""
"ディスタギール・サール","[19カラコルム-07ディスタギール・サールカラコルム パキスタン7,88425,8661960北緯36度19分33秒東経75度11分18秒﻿ / ﻿北緯36.32583度 東経75.18833度﻿ /36.32583; 75.18833] ディスタギール・サールの初登頂は、1960年の オーストリア 隊（Günther Stärker、Diether Marchart）によるものである。オーストリア隊は、南面の西部を登り、南西の尾根を越えて最高部に到達した。その3年前の1957年、イギリス隊は南と西から登頂に挑戦したが、悪天候のため失敗した。1959年のスイス隊も、南東の尾根上で悪天候のため撤退した。","https://ja.wikipedia.org/wiki/ディスタギール・サール","世界の山一覧_(高さ順)","https://ja.wikipedia.org/wiki/世界の山一覧_(高さ順)","表形式","北緯36度19分33秒東経75度11分18秒","7,885 m(25,869 ft) 19位","パキスタンギルギット・バルティスタン州","1960年6月9日 オーストリア隊（Günther Stärker, Diether Marchart）","","","2,525 m(8,284 ft) ","カラコルム山脈ヒスパー山塊（英語版）","氷河・雪・氷","ウルトラ・プロミネント峰","","","","","","","","","",""
"ンガディ・チュリ","[20ヒマラヤ-14ンガディ・チュリヒマラヤ ネパール7,87125,8231970北緯28度30分12秒東経84度34分03秒﻿ / ﻿北緯28.50333度 東経84.56750度﻿ /28.50333; 84.56750] 世界20位の高峰にもかかわらず、ンガディ・チュリは1回もしくは2回しか登頂されていない。","https://ja.wikipedia.org/wiki/ンガディ・チュリ","世界の山一覧_(高さ順)","https://ja.wikipedia.org/wiki/世界の山一覧_(高さ順)","表形式","北緯28度30分12秒東経84度34分03秒","7,871 m(25,823 ft) 世界20位","ネパール","1970年10月19日 日本隊（未確認）1979年5月8日 ポーランド隊","","","1,020 m(3,350 ft)","ヒマラヤ山脈","Snow/ice climb","","","","","","","","","","",""
"ヌプツェ","[ヒマラヤ-15ヌプツェヒマラヤ ネパール7,86425,8011961北緯27度58分02秒東経86度53分10秒﻿ / ﻿北緯27.96722度 東経86.88611度﻿ /27.96722; 86.88611] ","https://ja.wikipedia.org/wiki/ヌプツェ","世界の山一覧_(高さ順)","https://ja.wikipedia.org/wiki/世界の山一覧_(高さ順)","表形式","北緯27度57分59秒東経86度53分24秒","7,861m","ネパールサガルマタ県ソルクンブ郡","1961年5月16日イギリス（デニス・デイビス）","ヒマラヤ山脈（クーンブ・ヒマール）","北緯27度57分59秒東経86度53分24秒﻿ / ﻿北緯27.96639度 東経86.89000度﻿ /27.96639; 86.89000座標:北緯27度57分59秒東経86度53分24秒﻿ / ﻿北緯27.96639度 東経86.89000度﻿ /27.96639; 86.89000","","","","","","","","","","","","","",""
"クンヤン・チッシュ","[21カラコルム-08クンヤン・チッシュカラコルム パキスタン7,82325,6661972北緯36度12分19秒東経75度12分28秒﻿ / ﻿北緯36.20528度 東経75.20778度﻿ /36.20528; 75.20778] クンヤン・チッシュは、世界で21番目に高い独立の山である。また、周辺の地形よりも高くなっていることも特筆すべきことである。例えば、クンヤン氷河の南にあるベースキャンプから約4,000メートル高く、約33キロメートル離れたフンザ渓谷からは5,500メートル高い。尖った複雑なピークである。","https://ja.wikipedia.org/wiki/クンヤン・チッシュ","世界の山一覧_(高さ順)","https://ja.wikipedia.org/wiki/世界の山一覧_(高さ順)","表形式","北緯36度12分19秒東経75度12分28秒","7,852 m(25,761 ft) 世界21位","パキスタンギルギット・バルティスタン州","1971年8月26日Andrzej Heinrich,Jan Stryczynski,Ryszard Szafirski,Andrzej Zawada","","","1,765 m(5,791 ft) ","カラコルム山脈ヒスパー・ムスターグ（英語版）","氷河・岩・氷","ウルトラ・プロミネント峰","","","","","","","","","",""
"マッシャーブルム","[22カラコルム-09マッシャーブルム/K1カラコルム パキスタン7,82125,6591960北緯35度38分28秒東経76度18分21秒﻿ / ﻿北緯35.64111度 東経76.30583度﻿ /35.64111; 76.30583] 名称の由来は明らかではない。二つある山頂を前装式の古い銃に見立ててmashadar（前装銃）とbrum（山）の合成とする説のほか、masha（貴婦人）とbrumの合成とする説などがあるが確たることは不明である。","https://ja.wikipedia.org/wiki/マッシャーブルム","世界の山一覧_(高さ順)","https://ja.wikipedia.org/wiki/世界の山一覧_(高さ順)","表形式","北緯35度38分33秒東経76度18分39秒","7,821m","パキスタンギルギット・バルティスタン州","1960年","カラコルム山脈","北緯35度38分33秒東経76度18分39秒﻿ / ﻿北緯35.64250度 東経76.31083度﻿ /35.64250; 76.31083座標:北緯35度38分33秒東経76度18分39秒﻿ / ﻿北緯35.64250度 東経76.31083度﻿ /35.64250; 76.31083","","","","","","","","","","","","","",""
"ナンダ・デヴィ","[23ヒマラヤ-16ナンダ・デヴィヒマラヤ インド7,81625,6431936北緯30度22分36秒東経79度58分15秒﻿ / ﻿北緯30.37667度 東経79.97083度﻿ /30.37667; 79.97083] 主峰と東峰が猫の耳のように見える双耳峰が特徴。","https://ja.wikipedia.org/wiki/ナンダ・デヴィ","世界の山一覧_(高さ順)","https://ja.wikipedia.org/wiki/世界の山一覧_(高さ順)","表形式","北緯30度22分33秒 東経79度58分15秒","7,816m","インド","ノエル・オデールとビル・ティルマン（1936年8月29日）","ヒマラヤ山脈","","","","","","","","","","","","","","",""
"チョモ・ロンゾ","[24ヒマラヤ-17チョモ・ロンゾ（英語版）ヒマラヤ 中国7,80425,6041954北緯27度55分48秒東経87度06分29秒﻿ / ﻿北緯27.93000度 東経87.10806度﻿ /27.93000; 87.10806]","https://ja.wikipedia.org/w/index.php?title=チョモ・ロンゾ&amp;action=edit&amp;redlink=1","世界の山一覧_(高さ順)","https://ja.wikipedia.org/wiki/世界の山一覧_(高さ順)","表形式","","","","","","","","","","","","","","","","","","","",""
"バツーラ・サール","[25カラコルム-10バツーラ・サール（英語版）カラコルム パキスタン7,79525,5741976北緯36度30分36秒東経74度31分27秒﻿ / ﻿北緯36.51000度 東経74.52417度﻿ /36.51000; 74.52417]","https://ja.wikipedia.org/w/index.php?title=バツーラ・サール&amp;action=edit&amp;redlink=1","世界の山一覧_(高さ順)","https://ja.wikipedia.org/wiki/世界の山一覧_(高さ順)","表形式","","","","","","","","","","","","","","","","","","","",""
"カンジュト・サール","[26カラコルム-11カンジュト・サール（英語版）カラコルム パキスタン7,79025,5581959北緯36度12分18秒東経75度25分04秒﻿ / ﻿北緯36.20500度 東経75.41778度﻿ /36.20500; 75.41778]","https://ja.wikipedia.org/w/index.php?title=カンジュト・サール&amp;action=edit&amp;redlink=1","世界の山一覧_(高さ順)","https://ja.wikipedia.org/wiki/世界の山一覧_(高さ順)","表形式","","","","","","","","","","","","","","","","","","","",""
"ラカポシ","[27カラコルム-12ラカポシカラコルム パキスタン7,78825,5511958北緯36度08分33秒東経74度29分21秒﻿ / ﻿北緯36.14250度 東経74.48917度﻿ /36.14250; 74.48917] ラカポシ山は、古くから 1892年 の コンウェー をはじめとする カラコルム の先駆的探検家たちに注目されていた。本格的な登山は、 1938年 に北西稜を登路として行われたが、約6000メートルに達したに過ぎなかった。 1947年 、 1954年 、 1956年 に南西側の登攀から試みられ、 1958年 6月 に イギリス と パキスタン の合同登山隊が初登頂に成功した。","https://ja.wikipedia.org/wiki/ラカポシ","世界の山一覧_(高さ順)","https://ja.wikipedia.org/wiki/世界の山一覧_(高さ順)","表形式","北緯36度08分33秒東経74度29分21秒","7,788m","パキスタンギルギット・バルティスタン州","1958年","カラコルム山脈","北緯36度08分33秒東経74度29分21秒﻿ / ﻿北緯36.14250度 東経74.48917度﻿ /36.14250; 74.48917座標:北緯36度08分33秒東経74度29分21秒﻿ / ﻿北緯36.14250度 東経74.48917度﻿ /36.14250; 74.48917","","","","","","","","","","","","","",""
"ナムチャバルワ","[28ヒマラヤ-18ナムチャバルワヒマラヤ 中国7,78225,5311992北緯29度37分50秒東経95度03分19秒﻿ / ﻿北緯29.63056度 東経95.05528度﻿ /29.63056; 95.05528] 「ナムチャバルワ」は チベット語 であるが、その意味には複数の解釈があり、「燃えるような雷電」、「天空に突き刺す長矛」  、「天から落ちた石」  などと説明されることがある。日本語では「 ナムチャ・バルワ 」  、「 ナムジャグバルワ 」  などと表記されることもある。","https://ja.wikipedia.org/wiki/ナムチャバルワ","世界の山一覧_(高さ順)","https://ja.wikipedia.org/wiki/世界の山一覧_(高さ順)","表形式","北緯29度37分45秒東経95度03分21秒","7,782 m(25,531 ft) 世界第28位","チベット自治区ニンティ市メトク県マクマホンライン北方","1992年、日中合同隊","","","4,106 m(13,471 ft) 世界第19位","ヒマラヤ山脈ナムチャバルワ・ヒマル","南南西稜、岩壁、雪、氷","Ultra","","708キロメートル (440 mi)","","","","","","","",""
"カメット","[29ヒマラヤ-19カメット（英語版）ヒマラヤ インド7,75625,4461931北緯30度55分12秒東経79度35分30秒﻿ / ﻿北緯30.92000度 東経79.59167度﻿ /30.92000; 79.59167]","https://ja.wikipedia.org/w/index.php?title=カメット&amp;action=edit&amp;redlink=1","世界の山一覧_(高さ順)","https://ja.wikipedia.org/wiki/世界の山一覧_(高さ順)","表形式","","","","","","","","","","","","","","","","","","","",""
"ダウラギリ II","[30ヒマラヤ-20ダウラギリ IIヒマラヤ ネパール7,75125,4301971北緯28度45分46秒東経83度23分14秒﻿ / ﻿北緯28.76278度 東経83.38722度﻿ /28.76278; 83.38722] ダウラギリは、1808年に初めてヨーロッパの人々に知られるようになり、 カンチェンジュンガ の存在が知られるまでの約30年間、世界一高い山と考えられていた。","https://ja.wikipedia.org/wiki/ダウラギリ","世界の山一覧_(高さ順)","https://ja.wikipedia.org/wiki/世界の山一覧_(高さ順)","表形式","北緯28度41分47秒東経83度29分43秒","8167m","ネパールダウラギリ県","スイス・オーストリア隊（1960年5月13日）","ヒマラヤ山脈","北緯28度41分47秒東経83度29分43秒﻿ / ﻿北緯28.69639度 東経83.49528度﻿ /28.69639; 83.49528座標:北緯28度41分47秒東経83度29分43秒﻿ / ﻿北緯28.69639度 東経83.49528度﻿ /28.69639; 83.49528","","","","","","","","","","","","","",""
"サルトロ・カンリ","[31カラコルム-13サルトロ・カンリ/K10カラコルム パキスタン7,74225,4001962北緯35度23分57秒東経76度50分51秒﻿ / ﻿北緯35.39917度 東経76.84750度﻿ /35.39917; 76.84750] 1911年から1912年にかけて、勇敢な職人夫婦が分け入ったのが最初である。頂上への初挑戦は1935年のJ・ウォーラー率いるイギリス隊で、南東稜の c.24500' に到達した  。続いて エリック・シプトン 率いるイギリス大学遠征隊がパキスタン政府から登山許可を得て、パキスタン側からビラフォンド・ラ経由で頂上に近づいたが、登頂はしなかった。この遠征隊へ登山許可発給は、パキスタンによるオロポリティクス (登山の政治利用) として1984年のシアチェン紛争を招くきっかけとなった  。1962年、四手井綱彦率いる日パ合同サルトロ・カンリ遠征隊が挑戦し、6月24日に斎藤惇生、高村泰雄 、ラジャ・バシールの3名が南東稜ルートから登頂を果たした  。1981年にはインド軍大佐ナレンドラ・クマー率いるインド軍遠征隊も南東稜ルートで登頂している  。1960年代にアメリカで発行されたこの地域の地図や多くの世界地図でインドとパキスタンの間の軍事境界線が誤って引かれていた。この軍事境界線は1949年のカラチ協定で定められた各点から NJ9842 やカラコルム峠の東北東を通り、サルトロカンリとシアチェン氷河全体がパキスタン領になっていた。しかし、1972年に締結された シムラー協定 では、「氷河から北 (\"thence north to glaciers\")」という句を除いてポイントNJ9842を超えない範囲で軍事境界線が定義された。 ヒマラヤインデックス  によれば、1981年にもう1隊登頂して以降、他に登頂を試みたものはいない。","https://ja.wikipedia.org/wiki/サルトロ・カンリ","世界の山一覧_(高さ順)","https://ja.wikipedia.org/wiki/世界の山一覧_(高さ順)","表形式","北緯35度23分57.6秒東経76度50分55.2秒","7,742 m(25,400 ft) 第31位","サルトロ山稜 (シアチェン氷河)インド支配地域・パキスタンとの国境紛争地帯","1962年（斎藤惇生、高村泰雄 、ラジャ・バシール）","","","2,160 m(7,090 ft)","カラコルム山脈サルトロ山地","rock/snow/ice climb","ウルトラ","","","80 km(50 mi)","","","","","","",""
"ジャヌー","[32ヒマラヤ-21ジャヌー/クンバカルナヒマラヤ ネパール7,71125,2991962北緯27度40分54秒東経88度02分36秒﻿ / ﻿北緯27.68167度 東経88.04333度﻿ /27.68167; 88.04333] この山は山容が複雑で見上げると恐ろしげな形をしているので、 インド の 叙事詩 「 ラーマーヤナ 」に登場する鬼神 クンバカルナ にちなんで名づけられていて、正式名称はクンバカルナであるが  、ジャヌーという呼び名でもよく知られている  。 シナ・チベット語族 の リンブー語 では「肩のある山」（フォタンphoktangは肩を、ルンマlungmaは山を意味する）と呼ばれ、さらにキラティ民族（ Kirati people ）にとっては宗教上神聖な山である。","https://ja.wikipedia.org/wiki/ジャヌー","世界の山一覧_(高さ順)","https://ja.wikipedia.org/wiki/世界の山一覧_(高さ順)","表形式","北緯27度40分58秒 東経88度02分45秒","","","","","","","","","","","","","","","","","","",""
"ティリチミール","[33ヒンドゥークシュ-01ティリチミールヒンドゥークシュ パキスタン7,70825,2891950北緯36度15分19秒東経71度50分30秒﻿ / ﻿北緯36.25528度 東経71.84167度﻿ /36.25528; 71.84167] 初登頂は、 1950年 に ノルウェー 隊により成し遂げられた。この山は、 チトラル から望むことができ、中央市場からも容易に見える。また アフガニスタン からも見ることができる。地元の伝説によると、山の上に住むジン（精霊）、悪魔、魔女、妖精のために登ることができない山という。チトラルからこの山に向かう途中でもっとも山に近いのがティリチ村である。この村の住民はKhowar語を話す。山の途中までは登山のガイドや荷物運搬を依頼することもできる。","https://ja.wikipedia.org/wiki/ティリチミール","世界の山一覧_(高さ順)","https://ja.wikipedia.org/wiki/世界の山一覧_(高さ順)","表形式","北緯36度14分45秒東経71度50分38秒","7,708m","パキスタン","ノルウェー隊（1950年）","ヒンドゥークシュ山脈","北緯36度14分45秒東経71度50分38秒﻿ / ﻿北緯36.24583度 東経71.84389度﻿ /36.24583; 71.84389座標:北緯36度14分45秒東経71度50分38秒﻿ / ﻿北緯36.24583度 東経71.84389度﻿ /36.24583; 71.84389","","","","","","","","","","","","","",""
"モラメンチン","[ヒマラヤ-22モラメンチン（英語版）ヒマラヤ 中国7,70325,2721981北緯28度21分17秒東経85度48分39秒﻿ / ﻿北緯28.35472度 東経85.81083度﻿ /28.35472; 85.81083]","https://ja.wikipedia.org/w/index.php?title=モラメンチン&amp;action=edit&amp;redlink=1","世界の山一覧_(高さ順)","https://ja.wikipedia.org/wiki/世界の山一覧_(高さ順)","表形式","","","","","","","","","","","","","","","","","","","",""
"グルラ・マンダータ","[34ヒマラヤ-23グルラ・マンダータ（英語版）ヒマラヤ 中国7,69425,2431985北緯30度26分17秒東経81度17分53秒﻿ / ﻿北緯30.43806度 東経81.29806度﻿ /30.43806; 81.29806]","https://ja.wikipedia.org/w/index.php?title=グルラ・マンダータ&amp;action=edit&amp;redlink=1","世界の山一覧_(高さ順)","https://ja.wikipedia.org/wiki/世界の山一覧_(高さ順)","表形式","","","","","","","","","","","","","","","","","","","",""
"サセール・カンリ","[35カラコルム-14サセール・カンリ（英語版）I/K22カラコルム インド(カシミール地域)7,67225,1711973北緯34度52分00秒東経77度45分09秒﻿ / ﻿北緯34.86667度 東経77.75250度﻿ /34.86667; 77.75250]","https://ja.wikipedia.org/w/index.php?title=サセール・カンリ&amp;action=edit&amp;redlink=1","世界の山一覧_(高さ順)","https://ja.wikipedia.org/wiki/世界の山一覧_(高さ順)","表形式","","","","","","","","","","","","","","","","","","","",""
"チョゴリザ","[36カラコルム-15チョゴリザカラコルム パキスタン(カシミール地域)7,66525,1481975北緯35度36分42秒東経76度34分18秒﻿ / ﻿北緯35.61167度 東経76.57167度﻿ /35.61167; 76.57167] 1909年、 ルイージ・アメデーオ・ディ・サヴォイア＝アオスタ の率いるパーティが北側のベースキャンプ及び6,335mの高地キャンプから7,498mまで登攀した。悪天候のためそれ以上登ることはできなかったが、これは当時の 登山における最高到達高度の記録 となった  。","https://ja.wikipedia.org/wiki/チョゴリザ","世界の山一覧_(高さ順)","https://ja.wikipedia.org/wiki/世界の山一覧_(高さ順)","表形式","北緯35度36分51秒東経76度34分45秒","7,665m","パキスタンギルギット・バルティスタン州","1975年8月2日（チョゴリザ1峰）1958年8月4日（チョゴリザ2峰）","カラコルム山脈","北緯35度36分51秒東経76度34分45秒﻿ / ﻿北緯35.61417度 東経76.57917度﻿ /35.61417; 76.57917座標:北緯35度36分51秒東経76度34分45秒﻿ / ﻿北緯35.61417度 東経76.57917度﻿ /35.61417; 76.57917","","","","","","","","","","","","","",""
"ダウラギリ IV","[ヒマラヤ-24ダウラギリ IVヒマラヤ ネパール7,66125,1351975北緯28度44分09秒東経83度18分55秒﻿ / ﻿北緯28.73583度 東経83.31528度﻿ /28.73583; 83.31528] ダウラギリは、1808年に初めてヨーロッパの人々に知られるようになり、 カンチェンジュンガ の存在が知られるまでの約30年間、世界一高い山と考えられていた。","https://ja.wikipedia.org/wiki/ダウラギリ","世界の山一覧_(高さ順)","https://ja.wikipedia.org/wiki/世界の山一覧_(高さ順)","表形式","北緯28度41分47秒東経83度29分43秒","8167m","ネパールダウラギリ県","スイス・オーストリア隊（1960年5月13日）","ヒマラヤ山脈","北緯28度41分47秒東経83度29分43秒﻿ / ﻿北緯28.69639度 東経83.49528度﻿ /28.69639; 83.49528座標:北緯28度41分47秒東経83度29分43秒﻿ / ﻿北緯28.69639度 東経83.49528度﻿ /28.69639; 83.49528","","","","","","","","","","","","","",""
"コングール山","[37崑崙山脈-01コングール山崑崙山脈 中国7,64925,0951981北緯38度35分38秒東経75度18分48秒﻿ / ﻿北緯38.59389度 東経75.31333度﻿ /38.59389; 75.31333] なお、コングール山の標高を7,719mとする説もある。","https://ja.wikipedia.org/wiki/コングール山","世界の山一覧_(高さ順)","https://ja.wikipedia.org/wiki/世界の山一覧_(高さ順)","表形式","北緯38度35分38秒東経75度18分48秒","7,649m","中国新疆ウイグル自治区アクト県","イギリス隊（1981年）","崑崙山脈","北緯38度35分38秒東経75度18分48秒﻿ / ﻿北緯38.59389度 東経75.31333度﻿ /38.59389; 75.31333座標:北緯38度35分38秒東経75度18分48秒﻿ / ﻿北緯38.59389度 東経75.31333度﻿ /38.59389; 75.31333","","","","","","","","","","","","","",""
"ダウラギリ V","[ヒマラヤ-25ダウラギリ Vヒマラヤ ネパール7,61824,9931975北緯28度44分02秒東経83度21分41秒﻿ / ﻿北緯28.73389度 東経83.36139度﻿ /28.73389; 83.36139] ダウラギリは、1808年に初めてヨーロッパの人々に知られるようになり、 カンチェンジュンガ の存在が知られるまでの約30年間、世界一高い山と考えられていた。","https://ja.wikipedia.org/wiki/ダウラギリ","世界の山一覧_(高さ順)","https://ja.wikipedia.org/wiki/世界の山一覧_(高さ順)","表形式","北緯28度41分47秒東経83度29分43秒","8167m","ネパールダウラギリ県","スイス・オーストリア隊（1960年5月13日）","ヒマラヤ山脈","北緯28度41分47秒東経83度29分43秒﻿ / ﻿北緯28.69639度 東経83.49528度﻿ /28.69639; 83.49528座標:北緯28度41分47秒東経83度29分43秒﻿ / ﻿北緯28.69639度 東経83.49528度﻿ /28.69639; 83.49528","","","","","","","","","","","","","",""
"シスパレ","[38カラコルム-16シスパレ（英語版）カラコルム パキスタン(カシミール地域)7,61124,9701974北緯36度26分26秒東経74度40分51秒﻿ / ﻿北緯36.44056度 東経74.68083度﻿ /36.44056; 74.68083]","https://ja.wikipedia.org/w/index.php?title=シスパレ&amp;action=edit&amp;redlink=1","世界の山一覧_(高さ順)","https://ja.wikipedia.org/wiki/世界の山一覧_(高さ順)","表形式","","","","","","","","","","","","","","","","","","","",""
"トリヴォール","[39カラコルム-17トリヴォール（英語版）カラコルム パキスタン(カシミール地域)7,57724,8591960北緯36度17分15秒東経75度05分10秒﻿ / ﻿北緯36.28750度 東経75.08611度﻿ /36.28750; 75.08611]","https://ja.wikipedia.org/w/index.php?title=トリヴォール&amp;action=edit&amp;redlink=1","世界の山一覧_(高さ順)","https://ja.wikipedia.org/wiki/世界の山一覧_(高さ順)","表形式","","","","","","","","","","","","","","","","","","","",""
"ガンカー・プンスム","[40ヒマラヤ-26ガンカー・プンスムヒマラヤ ブータン7,57024,836未踏峰北緯28度02分48秒東経90度27分21秒﻿ / ﻿北緯28.04667度 東経90.45583度﻿ /28.04667; 90.45583] ガンカー・プンスム（Gangkhar Puensum）の代替音訳には \"Gangkar Punsum\" や \"Gankar Punzum\" があるが、「三人の精神的な兄弟の白い峰（ White peak of the three spiritual brothers ）」という同じ意味である。 ガンカー・プンスムは 1922年 に初めて標高が計測されたが、地図は正確ではなく、山は別の場所に全く異なる高さで表示されていた。実際に、不正確な地図のため、最初の登山隊は山を発見することが全く出来なかった。","https://ja.wikipedia.org/wiki/ガンカー・プンスム","世界の山一覧_(高さ順)","https://ja.wikipedia.org/wiki/世界の山一覧_(高さ順)","表形式","北緯28度06分00秒東経90度26分00秒","7,570m","ブータン、チベット","未登頂","ヒマラヤ山脈","北緯28度06分00秒東経90度26分00秒﻿ / ﻿北緯28.10000度 東経90.43333度﻿ /28.10000; 90.43333座標:北緯28度06分00秒東経90度26分00秒﻿ / ﻿北緯28.10000度 東経90.43333度﻿ /28.10000; 90.43333","","","","","","","","","","","","","",""
"ミニヤコンカ","[41ヒマラヤ-27ミニヤコンカヒマラヤ 中国7,55624,7901932北緯29度35分43秒東経101度52分47秒﻿ / ﻿北緯29.59528度 東経101.87972度﻿ /29.59528; 101.87972] 1981年 には北海道山岳連盟登山隊8名の滑落死事件があり、 2011年 現在、日本人海外遠征隊での最大の犠牲者数である（行方不明者を含めた場合 1991年 に 雲南省 の 梅里雪山 で11人の日本人が犠牲になっている）。","https://ja.wikipedia.org/wiki/ミニヤコンカ","世界の山一覧_(高さ順)","https://ja.wikipedia.org/wiki/世界の山一覧_(高さ順)","表形式","","7556m","中国","1932年10月28日　R・L・バードソルT・ムーア（アメリカ隊）","大雪山脈(横断山脈)","","","","","","","","","","","","","","",""
"アンナプルナ III","[42ヒマラヤ-28アンナプルナ IIIヒマラヤ ネパール7,55524,7871961北緯28度35分05秒東経83度59分28秒﻿ / ﻿北緯28.58472度 東経83.99111度﻿ /28.58472; 83.99111] しかし、14座ある8000メートル峰の中では10番目の標高であるが、けっして容易な山ではない。北面は常に雪崩の危険がつきまとい、南面は岩と氷の困難な大岩壁が立ちはだかっている。最も登られる北斜面では、初登頂ルートを含む北氷河を通過するルートで雪崩が頻発し、雪崩を避けるために稜線沿いにルートをとった場合でさえ雪崩の死者が多数出ている   。そのため8000メートル峰の中では最も登頂者が少なく、2012年3月の時点で、登頂者数191人に対して死亡者数は61人  に達する。死亡率が高い理由は、エベレストのような商業登山の対象とならず、難度の高いルート、単独ないし アルパイン・スタイル 、無酸素による挑戦の比率が高いことにも起因している。","https://ja.wikipedia.org/wiki/アンナプルナ","世界の山一覧_(高さ順)","https://ja.wikipedia.org/wiki/世界の山一覧_(高さ順)","表形式","北緯28度35分00秒東経83度49分00秒","8091m","ネパール中部","モーリス・エルゾーグ、ルイ・ラシュナル（フランス語版）（1950年6月3日）","ヒマラヤ山脈","北緯28度35分00秒東経83度49分00秒﻿ / ﻿北緯28.58333度 東経83.81667度﻿ /28.58333; 83.81667座標:北緯28度35分00秒東経83度49分00秒﻿ / ﻿北緯28.58333度 東経83.81667度﻿ /28.58333; 83.81667","","","","","","","","","","","","","",""
"ムスターグ・アタ","[43崑崙山脈-02ムスターグ・アタ崑崙山脈 中国7,54624,7571956北緯38度16分42秒東経75度06分57秒﻿ / ﻿北緯38.27833度 東経75.11583度﻿ /38.27833; 75.11583] 山名は、ウイグル語で「氷の山の父」の意味である。","https://ja.wikipedia.org/wiki/ムスタグアタ山","世界の山一覧_(高さ順)","https://ja.wikipedia.org/wiki/世界の山一覧_(高さ順)","表形式","北緯38度16分42秒東経75度06分57秒","7,509 m(24,636 ft) 世界43位","中華人民共和国新疆ウイグル自治区","1956年 E. A. Beletskiyら","","","2,698 m(8,852 ft) ","パミール高原","glacier/snow climb","ウルトラ・プロミネント峰","","","","氷の山の父(ウイグル語)","","","","","",""
"スキャン・カンリ","[44カラコルム-18スキャン・カンリ（英語版）カラコルム パキスタン 中国7,54524,7541976北緯35度55分35秒東経76度34分03秒﻿ / ﻿北緯35.92639度 東経76.56750度﻿ /35.92639; 76.56750]","https://ja.wikipedia.org/w/index.php?title=スキャン・カンリ&amp;action=edit&amp;redlink=1","世界の山一覧_(高さ順)","https://ja.wikipedia.org/wiki/世界の山一覧_(高さ順)","表形式","","","","","","","","","","","","","","","","","","","",""
"チャンツェ","[45ヒマラヤ-29チャンツェ（英語版）ヒマラヤ 中国7,54324,7471982北緯28度01分29秒東経86度54分31秒﻿ / ﻿北緯28.02472度 東経86.90861度﻿ /28.02472; 86.90861]","https://ja.wikipedia.org/w/index.php?title=チャンツェ&amp;action=edit&amp;redlink=1","世界の山一覧_(高さ順)","https://ja.wikipedia.org/wiki/世界の山一覧_(高さ順)","表形式","","","","","","","","","","","","","","","","","","","",""
"クーラ・カンリ","[46ヒマラヤ-30クーラ・カンリヒマラヤ 中国7,53824,7311986北緯28度13分34秒東経90度36分54秒﻿ / ﻿北緯28.22611度 東経90.61500度﻿ /28.22611; 90.61500] 中国と日本の専門家は、近傍の ガンカー・プンスム の方がより標高が高いとも主張している。また、クーラカンリがブータン領内、ないし、国境上にあるという主張にも異論が出されている  。","https://ja.wikipedia.org/wiki/クーラカンリ","世界の山一覧_(高さ順)","https://ja.wikipedia.org/wiki/世界の山一覧_(高さ順)","表形式","北緯28度13分39秒東経90度37分00秒","7,538 m(24,731 ft) （7554mとする資料もある）46位","中国チベット自治区ロダク県（ブータン）","1986年日中共同隊","","","1,654 m(5,427 ft) ","ヒマラヤ山脈","","Ultra","","","","","","","","","",""
"コングール・チュベ","[47崑崙山脈-03コングール・チュベ崑崙山脈 中国7,53024,7051956北緯38度36分59秒東経75度11分55秒﻿ / ﻿北緯38.61639度 東経75.19861度﻿ /38.61639; 75.19861] なお、コングール山の標高を7,719mとする説もある。","https://ja.wikipedia.org/wiki/コングール山","世界の山一覧_(高さ順)","https://ja.wikipedia.org/wiki/世界の山一覧_(高さ順)","表形式","北緯38度35分38秒東経75度18分48秒","7,649m","中国新疆ウイグル自治区アクト県","イギリス隊（1981年）","崑崙山脈","北緯38度35分38秒東経75度18分48秒﻿ / ﻿北緯38.59389度 東経75.31333度﻿ /38.59389; 75.31333座標:北緯38度35分38秒東経75度18分48秒﻿ / ﻿北緯38.59389度 東経75.31333度﻿ /38.59389; 75.31333","","","","","","","","","","","","","",""
"マモストン・カンリ","[48カラコルム-19マモストン・カンリカラコルム インド(カシミール地域)7,51624,6591984北緯35度08分27秒東経77度34分39秒﻿ / ﻿北緯35.14083度 東経77.57750度﻿ /35.14083; 77.57750] 南チョン・クムダン氷河 (the South Chong Kumdan Glacier)、キチク・クムダン（タングマン）氷河 (Kichik Kumdan (Thangman) Glacier)、マモストン氷河 (Mamostong Glacier)、南テロン氷河 (South Terong Glacier) は、いずれもマモストン・カンリの斜面上に源を発している。","https://ja.wikipedia.org/wiki/マモストン・カンリ","世界の山一覧_(高さ順)","https://ja.wikipedia.org/wiki/世界の山一覧_(高さ順)","表形式","北緯35度08分27秒東経77度34分39秒","7,516 m(24,659 ft) 世界48位","インドラダック","1984年9月13日、インド・日本合同遠征隊（日本側では、「日本・インド合同カラコルム登山隊1984年」、「日本ヒマラヤ協会・インド登山財団合同隊」などと呼んだ。）","","","1,803 m(5,915 ft) ","カラコルム山脈リモ山群（英語版）","","ウルトラ・プロミネント峰","","","","","","","","","",""
"サセール・カンリ","[49カラコルム-20サセール・カンリ（英語版）II Eカラコルム インド(カシミール地域)7,51324,6492011北緯34度48分15秒東経77度48分18秒﻿ / ﻿北緯34.80417度 東経77.80500度﻿ /34.80417; 77.80500]","https://ja.wikipedia.org/w/index.php?title=サセール・カンリ&amp;action=edit&amp;redlink=1","世界の山一覧_(高さ順)","https://ja.wikipedia.org/wiki/世界の山一覧_(高さ順)","表形式","","","","","","","","","","","","","","","","","","","",""
"イスモイル・ソモニ峰","[50パミール高原-01イスモイル・ソモニ峰パミール高原 タジキスタン7,49524,5901933北緯38度56分32秒東経72度00分57秒﻿ / ﻿北緯38.94222度 東経72.01583度﻿ /38.94222; 72.01583] タジキスタンの 最高峰 。 ソビエト連邦 が形成されていた時代は連邦の最高峰でもあった。","https://ja.wikipedia.org/wiki/イスモイル・ソモニ峰","世界の山一覧_(高さ順)","https://ja.wikipedia.org/wiki/世界の山一覧_(高さ順)","表形式","北緯38度55分東経72度01分","7,495m","タジキスタン","1933年","パミール高原","北緯38度55分東経72度01分﻿ / ﻿北緯38.917度 東経72.017度﻿ /38.917; 72.017座標:北緯38度55分東経72度01分﻿ / ﻿北緯38.917度 東経72.017度﻿ /38.917; 72.017","","","","","","","","","","","","","",""
"サセール・カンリ","[51カラコルム-21サセール・カンリ（英語版）IIIカラコルム インド(カシミール地域)7,49524,5901986北緯34度50分44秒東経77度47分06秒﻿ / ﻿北緯34.84556度 東経77.78500度﻿ /34.84556; 77.78500]","https://ja.wikipedia.org/w/index.php?title=サセール・カンリ&amp;action=edit&amp;redlink=1","世界の山一覧_(高さ順)","https://ja.wikipedia.org/wiki/世界の山一覧_(高さ順)","表形式","","","","","","","","","","","","","","","","","","","",""
"ノシャック","[52ヒンドゥークシュ-02ノシャックヒンドゥークシュ アフガニスタン7,49224,5801960北緯36度26分00秒東経71度49分40秒﻿ / ﻿北緯36.43333度 東経71.82778度﻿ /36.43333; 71.82778] 初登頂は 1960年 に日本の酒井敏明と岩坪五郎によって成し遂げられた。この時は南東側の斜面からの登頂であった。冬季における初登頂は 1973年 に ポーランド の Tadeusz Piotrowski と Andrzej Zawada によって北面から成し遂げられ、世界初の冬季における7,000m級峰の登頂であった。","https://ja.wikipedia.org/wiki/ノシャック","世界の山一覧_(高さ順)","https://ja.wikipedia.org/wiki/世界の山一覧_(高さ順)","表形式","北緯36度25分54秒東経71度49分42秒","7,492m","アフガニスタンバダフシャーン州パキスタンカイバル・パクトゥンクワ州","酒井敏明、岩坪五郎（1960年）","ヒンドゥークシュ山脈","北緯36度25分54秒東経71度49分42秒﻿ / ﻿北緯36.43167度 東経71.82833度﻿ /36.43167; 71.82833座標:北緯36度25分54秒東経71度49分42秒﻿ / ﻿北緯36.43167度 東経71.82833度﻿ /36.43167; 71.82833","","","","","","","","","","","","","",""
"プマリ・チッシュ","[53カラコルム-22プマリ・チッシュ（英語版）カラコルム7,49224,5801979北緯36度12分40秒東経75度15分10秒﻿ / ﻿北緯36.21111度 東経75.25278度﻿ /36.21111; 75.25278]","https://ja.wikipedia.org/w/index.php?title=プマリ・チッシュ&amp;action=edit&amp;redlink=1","世界の山一覧_(高さ順)","https://ja.wikipedia.org/wiki/世界の山一覧_(高さ順)","表形式","","","","","","","","","","","","","","","","","","","",""
"パスー・サール","[54カラコルム-23パスー・サール（英語版）カラコルム パキスタン(カシミール地域)7,47624,5281994北緯36度29分16秒東経74度35分16秒﻿ / ﻿北緯36.48778度 東経74.58778度﻿ /36.48778; 74.58778]","https://ja.wikipedia.org/w/index.php?title=パスー・サール&amp;action=edit&amp;redlink=1","世界の山一覧_(高さ順)","https://ja.wikipedia.org/wiki/世界の山一覧_(高さ順)","表形式","","","","","","","","","","","","","","","","","","","",""
"ユクシン・ガルダン・サール","[55カラコルム-24ユクシン・ガルダン・サール（英語版）カラコルム パキスタン(カシミール地域)7,46924,5051984北緯36度15分00秒東経75度22分30秒﻿ / ﻿北緯36.25000度 東経75.37500度﻿ /36.25000; 75.37500]","https://ja.wikipedia.org/w/index.php?title=ユクシン・ガルダン・サール&amp;action=edit&amp;redlink=1","世界の山一覧_(高さ順)","https://ja.wikipedia.org/wiki/世界の山一覧_(高さ順)","表形式","","","","","","","","","","","","","","","","","","","",""
"テラム・カンリ","[56カラコルム-25テラム・カンリ（英語版）Iカラコルム インド(カシミール地域)7,46224,4821975北緯35度34分48秒東経77度04分42秒﻿ / ﻿北緯35.58000度 東経77.07833度﻿ /35.58000; 77.07833]","https://ja.wikipedia.org/w/index.php?title=テラム・カンリ&amp;action=edit&amp;redlink=1","世界の山一覧_(高さ順)","https://ja.wikipedia.org/wiki/世界の山一覧_(高さ順)","表形式","","","","","","","","","","","","","","","","","","","",""
"ジョンサン・ピーク","[57ヒマラヤ-31ジョンサン・ピーク（英語版）ヒマラヤ インド ネパール 中国7,46224,4821930北緯27度52分52秒東経88度08分05秒﻿ / ﻿北緯27.88111度 東経88.13472度﻿ /27.88111; 88.13472]","https://ja.wikipedia.org/w/index.php?title=ジョンサン・ピーク&amp;action=edit&amp;redlink=1","世界の山一覧_(高さ順)","https://ja.wikipedia.org/wiki/世界の山一覧_(高さ順)","表形式","","","","","","","","","","","","","","","","","","","",""
"マルビティン","[58カラコルム-26マルビティン（英語版）カラコルム パキスタン(カシミール地域)7,45824,4691971北緯36度00分12秒東経74度52分31秒﻿ / ﻿北緯36.00333度 東経74.87528度﻿ /36.00333; 74.87528]","https://ja.wikipedia.org/w/index.php?title=マルビティン&amp;action=edit&amp;redlink=1","世界の山一覧_(高さ順)","https://ja.wikipedia.org/wiki/世界の山一覧_(高さ順)","表形式","","","","","","","","","","","","","","","","","","","",""
"ガンガプルナ","[59ヒマラヤ-32ガンガプルナヒマラヤ ネパール7,45524,4591965北緯28度36分17秒東経83度57分51秒﻿ / ﻿北緯28.60472度 東経83.96417度﻿ /28.60472; 83.96417] しかし、14座ある8000メートル峰の中では10番目の標高であるが、けっして容易な山ではない。北面は常に雪崩の危険がつきまとい、南面は岩と氷の困難な大岩壁が立ちはだかっている。最も登られる北斜面では、初登頂ルートを含む北氷河を通過するルートで雪崩が頻発し、雪崩を避けるために稜線沿いにルートをとった場合でさえ雪崩の死者が多数出ている   。そのため8000メートル峰の中では最も登頂者が少なく、2012年3月の時点で、登頂者数191人に対して死亡者数は61人  に達する。死亡率が高い理由は、エベレストのような商業登山の対象とならず、難度の高いルート、単独ないし アルパイン・スタイル 、無酸素による挑戦の比率が高いことにも起因している。","https://ja.wikipedia.org/wiki/アンナプルナ","世界の山一覧_(高さ順)","https://ja.wikipedia.org/wiki/世界の山一覧_(高さ順)","表形式","北緯28度35分00秒東経83度49分00秒","8091m","ネパール中部","モーリス・エルゾーグ、ルイ・ラシュナル（フランス語版）（1950年6月3日）","ヒマラヤ山脈","北緯28度35分00秒東経83度49分00秒﻿ / ﻿北緯28.58333度 東経83.81667度﻿ /28.58333; 83.81667座標:北緯28度35分00秒東経83度49分00秒﻿ / ﻿北緯28.58333度 東経83.81667度﻿ /28.58333; 83.81667","","","","","","","","","","","","","",""
"ポベーダ山","[60天山山脈-01ポベーダ山天山山脈 キルギス 中国7,43924,4061956北緯42度02分06秒東経80度07分32秒﻿ / ﻿北緯42.03500度 東経80.12556度﻿ /42.03500; 80.12556] ポベーダ山はいくつかのピークを持つ山塊であり、主峰のみが7,000mを超える。 ハン・テングリ （7,010m）の16kmほど南西に位置し、南イヌイリチェク（South Engilchek）氷河によって分け隔てられている。双方の山に登るためのベースキャンプはこの氷河に設けられることが多い。","https://ja.wikipedia.org/wiki/ポベーダ山","世界の山一覧_(高さ順)","https://ja.wikipedia.org/wiki/世界の山一覧_(高さ順)","表形式","北緯42度02分06秒東経80度07分32秒","7,439m","キルギス中国","ヴィタリー・アバラコフ（1956年）","天山山脈","北緯42度02分06秒東経80度07分32秒﻿ / ﻿北緯42.03500度 東経80.12556度﻿ /42.03500; 80.12556座標:北緯42度02分06秒東経80度07分32秒﻿ / ﻿北緯42.03500度 東経80.12556度﻿ /42.03500; 80.12556","","","","","","","","","","","","","",""
"K12","[61カラコルム-27K12カラコルム パキスタン(カシミール地域)7,42824,3701974北緯35度17分42秒東経77度01分18秒﻿ / ﻿北緯35.29500度 東経77.02167度﻿ /35.29500; 77.02167] K12は シアチェン氷河 の南西に位置する。K12からの氷河は北東の斜面に向かい、シアチェン氷河に続いている。K12の西面はビラフォンド氷河系に続き、そこからダンサム川を経て最終的には インダス川 に流れる。","https://ja.wikipedia.org/wiki/K12_(山)","世界の山一覧_(高さ順)","https://ja.wikipedia.org/wiki/世界の山一覧_(高さ順)","表形式","北緯35度19分16.9秒東経76度59分59.9秒","7,428 m(24,370 ft) 世界61位","シアチェン地域。インドが実効支配し、ラダックの一部としている。","1974年 日本・京都大学隊","","","1,978 m(6,490 ft) ","カラコルム山脈サルトロ山地（英語版）","snow/ice climb","ウルトラ・プロミネント峰","","","","","","","","","",""
"ヤングラ","[62ヒマラヤ-33ヤングラ（英語版）/ガネッシュ・ヒマールI峰ヒマラヤ ネパール 中国7,42224,3501955北緯28度23分28秒東経85度07分38秒﻿ / ﻿北緯28.39111度 東経85.12722度﻿ /28.39111; 85.12722]","https://ja.wikipedia.org/w/index.php?title=ヤングラ&amp;action=edit&amp;redlink=1","世界の山一覧_(高さ順)","https://ja.wikipedia.org/wiki/世界の山一覧_(高さ順)","表形式","","","","","","","","","","","","","","","","","","","",""
"シア・カンリ","[63カラコルム-28シア・カンリカラコルム パキスタン(カシミール地域)7,42224,3501934北緯35度39分48秒東経76度45分45秒﻿ / ﻿北緯35.66333度 東経76.76250度﻿ /35.66333; 76.76250] シアカンリの初登頂は1934年の国際ヒマラヤ遠征隊に参加したスイス/ドイツの登山家ギュンター・ディーレンフルトが達成した。アタック隊にはディーレンフルトの妻ヘッティも参加しており、当時の女性の 世界最高到達高度記録 を達成した。この記録は以後20年破られなかった。","https://ja.wikipedia.org/wiki/シアカンリ","世界の山一覧_(高さ順)","https://ja.wikipedia.org/wiki/世界の山一覧_(高さ順)","表形式","北緯35度39分49秒東経76度45分42秒","7,442 m(24,416 ft) 第63位","インド–パキスタン–中国","1934年 (国際ヒマラヤ遠征隊、ギュンター・ディーレンフルト)","","","640 m(2,100 ft)","バルトロ山群","","","","","","","","","","","",""
"モムヒル・サール","[64カラコルム-29モムヒル・サール（英語版）カラコルム パキスタン(カシミール地域)7,41424,3241964北緯36度19分04秒東経75度02分11秒﻿ / ﻿北緯36.31778度 東経75.03639度﻿ /36.31778; 75.03639]","https://ja.wikipedia.org/w/index.php?title=モムヒル・サール&amp;action=edit&amp;redlink=1","世界の山一覧_(高さ順)","https://ja.wikipedia.org/wiki/世界の山一覧_(高さ順)","表形式","","","","","","","","","","","","","","","","","","","",""
"カブルー","[65ヒマラヤ-34カブルーヒマラヤ インド ネパール7,41224,3181994北緯27度38分02秒東経88度07分00秒﻿ / ﻿北緯27.63389度 東経88.11667度﻿ /27.63389; 88.11667] カブルーが属する尾根は、以下の部分から構成される（北から南に）。","https://ja.wikipedia.org/wiki/カブルー","世界の山一覧_(高さ順)","https://ja.wikipedia.org/wiki/世界の山一覧_(高さ順)","表形式","北緯27度38分06秒東経88度07分06秒","7,412 m(24,318 ft) 世界65位","インド・ネパール国境","","","","780 m(2,560 ft)","ヒマラヤ山脈","","","","","","","","","","","",""
"スキル・ブルム","[66カラコルム-30スキル・ブルム（英語版）カラコルム パキスタン 中国7,41024,3111957北緯35度51分03秒東経76度25分45秒﻿ / ﻿北緯35.85083度 東経76.42917度﻿ /35.85083; 76.42917]","https://ja.wikipedia.org/w/index.php?title=スキル・ブルム&amp;action=edit&amp;redlink=1","世界の山一覧_(高さ順)","https://ja.wikipedia.org/wiki/世界の山一覧_(高さ順)","表形式","","","","","","","","","","","","","","","","","","","",""
"ハラモシュ","[67カラコルム-31ハラモシュ（英語版）カラコルム パキスタン(カシミール地域)7,40924,3081958北緯35度50分24秒東経74度53分51秒﻿ / ﻿北緯35.84000度 東経74.89750度﻿ /35.84000; 74.89750]","https://ja.wikipedia.org/w/index.php?title=ハラモシュ&amp;action=edit&amp;redlink=1","世界の山一覧_(高さ順)","https://ja.wikipedia.org/wiki/世界の山一覧_(高さ順)","表形式","","","","","","","","","","","","","","","","","","","",""
"イストルオナ","[68ヒンドゥークシュ-03イストルオナ（英語版）ヒンドゥークシュ パキスタン7,40324,2881969北緯36度22分35秒東経71度53分55秒﻿ / ﻿北緯36.37639度 東経71.89861度﻿ /36.37639; 71.89861]","https://ja.wikipedia.org/w/index.php?title=イストルオナ&amp;action=edit&amp;redlink=1","世界の山一覧_(高さ順)","https://ja.wikipedia.org/wiki/世界の山一覧_(高さ順)","表形式","","","","","","","","","","","","","","","","","","","",""
"ゲント・カンリ","[69カラコルム-32ゲント・カンリ（英語版）カラコルム インド(カシミール地域)7,40124,2811961北緯35度31分03秒東経76度48分01秒﻿ / ﻿北緯35.51750度 東経76.80028度﻿ /35.51750; 76.80028]","https://ja.wikipedia.org/w/index.php?title=ゲント・カンリ&amp;action=edit&amp;redlink=1","世界の山一覧_(高さ順)","https://ja.wikipedia.org/wiki/世界の山一覧_(高さ順)","表形式","","","","","","","","","","","","","","","","","","","",""
"ウルタール・サール","[70カラコルム-33ウルタール・サールカラコルム パキスタン(カシミール地域)7,38824,2391996北緯36度23分54秒東経74度42分32秒﻿ / ﻿北緯36.39833度 東経74.70889度﻿ /36.39833; 74.70889] 8000メートル峰 が全て攻略され、先鋭登山の主流が未踏の7000m峰に移った後に、政治的な理由などで入山が不可能だった山を除いた「最後の未踏峰」として残された難峰である。熾烈な初登頂争いが展開されたが、頻繁に発生する雪崩と落石、悪天候、ルート取りの困難さなどから一流の登山家を退け続け、「解の見つからない山」「7000mの高さに アイガー 北壁を重ねたようなもの」と評された。","https://ja.wikipedia.org/wiki/ウルタール・サール","世界の山一覧_(高さ順)","https://ja.wikipedia.org/wiki/世界の山一覧_(高さ順)","表形式","北緯36度23分59秒東経74度41分31秒","7,388m","パキスタンギルギット・バルティスタン州","山崎彰人・松岡清司（1996年7月11日）","カラコルム山脈バツーラ山群","北緯36度23分59秒東経74度41分31秒﻿ / ﻿北緯36.39972度 東経74.69194度﻿ /36.39972; 74.69194座標:北緯36度23分59秒東経74度41分31秒﻿ / ﻿北緯36.39972度 東経74.69194度﻿ /36.39972; 74.69194","","","","","","","","","","","","","",""
"リモI","[71カラコルム-34リモIカラコルム インド(カシミール地域)7,38524,2291988北緯35度21分21秒東経77度22分05秒﻿ / ﻿北緯35.35583度 東経77.36806度﻿ /35.35583; 77.36806] リモ山群は、「リモ」の名を冠した6峰の山峰から成っている。リモIの他に、以下の山々がある。","https://ja.wikipedia.org/wiki/リモI","世界の山一覧_(高さ順)","https://ja.wikipedia.org/wiki/世界の山一覧_(高さ順)","表形式","北緯35度21分21秒東経77度22分05秒","7,385 m(24,229 ft) 71位","インド（パキスタン）ラダック、シアチェン地域","1988年7月28日ニマ・ドルジェ・シェルパ (Nima Dorje Sherpa)ツェワン・セマンラ（英語版）尾形好雄吉田秀樹","","","1,438 m(4,718 ft) ","カラコルム山脈、リモ山群","南壁、南西稜","","","","","","","","","","",""
"チューレン・ヒマール","[72ヒマラヤ-35チューレン・ヒマールヒマラヤ ネパール7,38524,2291970北緯28度44分06秒東経83度12分58秒﻿ / ﻿北緯28.73500度 東経83.21611度﻿ /28.73500; 83.21611]","https://ja.wikipedia.org/w/index.php?title=チューレン・ヒマール&amp;action=edit&amp;redlink=1","世界の山一覧_(高さ順)","https://ja.wikipedia.org/wiki/世界の山一覧_(高さ順)","表形式","","","","","","","","","","","","","","","","","","","",""
"テラム・カンリ","[73カラコルム-35テラム・カンリ（英語版）IIIカラコルム インド(カシミール地域)7,38224,2191979北緯35度35分59秒東経77度02分53秒﻿ / ﻿北緯35.59972度 東経77.04806度﻿ /35.59972; 77.04806]","https://ja.wikipedia.org/w/index.php?title=テラム・カンリ&amp;action=edit&amp;redlink=1","世界の山一覧_(高さ順)","https://ja.wikipedia.org/wiki/世界の山一覧_(高さ順)","表形式","","","","","","","","","","","","","","","","","","","",""
"シェルピ・カンリ","[74カラコルム-36シェルピ・カンリカラコルム パキスタン(カシミール地域)7,38024,2131976北緯35度27分58秒東経76度46分53秒﻿ / ﻿北緯35.46611度 東経76.78139度﻿ /35.46611; 76.78139] シェルピカンリは、インド、パキスタン両軍の間の 実際の地上位置線 (AGPL) の線上に位置しているとも、それに極めて近い位置にあるともされている。","https://ja.wikipedia.org/wiki/シェルピカンリ","世界の山一覧_(高さ順)","https://ja.wikipedia.org/wiki/世界の山一覧_(高さ順)","表形式","北緯35度27分54秒東経76度46分20秒","7,380 m(24,210 ft) 74位","インド/パキスタン紛争地域カシミールサルトロ山地（英語版）","1976年神戸大学隊","","","1,000 m(3,300 ft)","カラコルム","","","","","","","","","","","",""
"ラブチェ・カン","[75ヒマラヤ-36ラブチェ・カンヒマラヤ 中国7,36724,1701987北緯28度18分15秒東経86度21分03秒﻿ / ﻿北緯28.30417度 東経86.35083度﻿ /28.30417; 86.35083] ","https://ja.wikipedia.org/wiki/ラブチェ・カン","世界の山一覧_(高さ順)","https://ja.wikipedia.org/wiki/世界の山一覧_(高さ順)","表形式","北緯28度18分15秒東経86度21分03秒","7,367 m(24,170 ft) 世界75位","中国・チベット自治区","1987年10月26日 by A. Deuchi, H. Furukawa, K. Sudo（日本）Diaqiog, Gyala, Lhaji, Wanjia（中国）","","","1,957 m(6,421 ft) ","ヒマラヤ山脈ラブチェ・ヒマール","西稜、氷河・雪","ウルトラ・プロミネント峰","","","","","","","","","",""
"キラット・チャリ","[76ヒマラヤ-37キラット・チャリ（英語版）ヒマラヤ インド ネパール7,36224,1531939北緯27度47分13秒東経88度11分40秒﻿ / ﻿北緯27.78694度 東経88.19444度﻿ /27.78694; 88.19444]","https://ja.wikipedia.org/w/index.php?title=キラット・チャリ&amp;action=edit&amp;redlink=1","世界の山一覧_(高さ順)","https://ja.wikipedia.org/wiki/世界の山一覧_(高さ順)","表形式","","","","","","","","","","","","","","","","","","","",""
"アビ・ガミン","[ヒマラヤ-38アビ・ガミン（英語版）ヒマラヤ インド 中国7,35524,1311950北緯30度55分57秒東経79度36分09秒﻿ / ﻿北緯30.93250度 東経79.60250度﻿ /30.93250; 79.60250]","https://ja.wikipedia.org/w/index.php?title=アビ・ガミン&amp;action=edit&amp;redlink=1","世界の山一覧_(高さ順)","https://ja.wikipedia.org/wiki/世界の山一覧_(高さ順)","表形式","","","","","","","","","","","","","","","","","","","",""
"ナンパイ・ゴスム","[77ヒマラヤ-39ナンパイ・ゴスム（英語版）ヒマラヤ ネパール 中国7,35024,1141996北緯28度04分20秒東経86度36分52秒﻿ / ﻿北緯28.07222度 東経86.61444度﻿ /28.07222; 86.61444]","https://ja.wikipedia.org/w/index.php?title=ナンパイ・ゴスム&amp;action=edit&amp;redlink=1","世界の山一覧_(高さ順)","https://ja.wikipedia.org/wiki/世界の山一覧_(高さ順)","表形式","","","","","","","","","","","","","","","","","","","",""
"ギミゲラ・チュリ","[ヒマラヤ-40ギミゲラ・チュリ（英語版）/ザ・ツインズヒマラヤ インド ネパール7,35024,1141994北緯27度44分24秒東経88度09分28秒﻿ / ﻿北緯27.74000度 東経88.15778度﻿ /27.74000; 88.15778]","https://ja.wikipedia.org/w/index.php?title=ギミゲラ・チュリ&amp;action=edit&amp;redlink=1","世界の山一覧_(高さ順)","https://ja.wikipedia.org/wiki/世界の山一覧_(高さ順)","表形式","","","","","","","","","","","","","","","","","","","",""
"サラグラル","[78ヒンドゥークシュ-04サラグラル（英語版）ヒンドゥークシュ パキスタン7,34924,1111959北緯36度32分51秒東経72度06分54秒﻿ / ﻿北緯36.54750度 東経72.11500度﻿ /36.54750; 72.11500]","https://ja.wikipedia.org/w/index.php?title=サラグラル&amp;action=edit&amp;redlink=1","世界の山一覧_(高さ順)","https://ja.wikipedia.org/wiki/世界の山一覧_(高さ順)","表形式","","","","","","","","","","","","","","","","","","","",""
"ジョモルハリ","[79ヒマラヤ-41ジョモルハリ（英語版）ヒマラヤ ブータン 中国7,32624,0351937北緯27度49分37秒東経89度16分28秒﻿ / ﻿北緯27.82694度 東経89.27444度﻿ /27.82694; 89.27444]","https://ja.wikipedia.org/w/index.php?title=ジョモルハリ&amp;action=edit&amp;redlink=1","世界の山一覧_(高さ順)","https://ja.wikipedia.org/wiki/世界の山一覧_(高さ順)","表形式","","","","","","","","","","","","","","","","","","","",""
"チャムラン","[80ヒマラヤ-42チャムラン（英語版）ヒマラヤ ネパール7,32124,0191961北緯27度46分30秒東経86度58分47秒﻿ / ﻿北緯27.77500度 東経86.97972度﻿ /27.77500; 86.97972]","https://ja.wikipedia.org/w/index.php?title=チャムラン&amp;action=edit&amp;redlink=1","世界の山一覧_(高さ順)","https://ja.wikipedia.org/wiki/世界の山一覧_(高さ順)","表形式","","","","","","","","","","","","","","","","","","","",""
"チョンタール","[81カラコルム-37チョンタール（英語版）カラコルム パキスタン 中国7,31523,9991994北緯35度54分46秒東経76度25分47秒﻿ / ﻿北緯35.91278度 東経76.42972度﻿ /35.91278; 76.42972]","https://ja.wikipedia.org/w/index.php?title=チョンタール&amp;action=edit&amp;redlink=1","世界の山一覧_(高さ順)","https://ja.wikipedia.org/wiki/世界の山一覧_(高さ順)","表形式","","","","","","","","","","","","","","","","","","","",""
"バルトロ・カンリ","[82カラコルム-38バルトロ・カンリ（英語版）カラコルム パキスタン(カシミール地域)7,31223,9901976北緯35度38分21秒東経76度40分24秒﻿ / ﻿北緯35.63917度 東経76.67333度﻿ /35.63917; 76.67333]","https://ja.wikipedia.org/w/index.php?title=バルトロ・カンリ&amp;action=edit&amp;redlink=1","世界の山一覧_(高さ順)","https://ja.wikipedia.org/wiki/世界の山一覧_(高さ順)","表形式","","","","","","","","","","","","","","","","","","","",""
"スークァン・リ","[83ヒマラヤ-43スークァン・リ（英語版）ヒマラヤ 中国7,30923,9801989北緯28度08分49秒東経86度41分06秒﻿ / ﻿北緯28.14694度 東経86.68500度﻿ /28.14694; 86.68500]","https://ja.wikipedia.org/w/index.php?title=スークァン・リ&amp;action=edit&amp;redlink=1","世界の山一覧_(高さ順)","https://ja.wikipedia.org/wiki/世界の山一覧_(高さ順)","表形式","","","","","","","","","","","","","","","","","","","",""
"皇冠山","[84カラコルム-39皇冠山/ザ・クラウンカラコルム パキスタン 中国7,29523,9341993北緯36度06分22秒東経76度12分26秒﻿ / ﻿北緯36.10611度 東経76.20722度﻿ /36.10611; 76.20722] 1989年に行われ失敗に終わったイギリス隊の登頂の記録は、1989年に ヒュー・マクマナーズ の\"Crowning the Dragon\"( .mw-parser-output cite.citation{font-style:inherit}.mw-parser-output .citation q{quotes:\"\\"\"\"\\"\"\"'\"\"'\"}.mw-parser-output .id-lock-free a,.mw-parser-output .citation .cs1-lock-free a{background:linear-gradient(transparent,transparent),url(\"//upload.wikimedia.org/wikipedia/commons/6/65/Lock-green.svg\")right 0.1em center/9px no-repeat}.mw-parser-output .id-lock-limited a,.mw-parser-output .id-lock-registration a,.mw-parser-output .citation .cs1-lock-limited a,.mw-parser-output .citation .cs1-lock-registration a{background:linear-gradient(transparent,transparent),url(\"//upload.wikimedia.org/wikipedia/commons/d/d6/Lock-gray-alt-2.svg\")right 0.1em center/9px no-repeat}.mw-parser-output .id-lock-subscription a,.mw-parser-output .citation .cs1-lock-subscription a{background:linear-gradient(transparent,transparent),url(\"//upload.wikimedia.org/wikipedia/commons/a/aa/Lock-red-alt-2.svg\")right 0.1em center/9px no-repeat}.mw-parser-output .cs1-subscription,.mw-parser-output .cs1-registration{color:#555}.mw-parser-output .cs1-subscription span,.mw-parser-output .cs1-registration span{border-bottom:1px dotted;cursor:help}.mw-parser-output .cs1-ws-icon a{background:linear-gradient(transparent,transparent),url(\"//upload.wikimedia.org/wikipedia/commons/4/4c/Wikisource-logo.svg\")right 0.1em center/12px no-repeat}.mw-parser-output code.cs1-code{color:inherit;background:inherit;border:none;padding:inherit}.mw-parser-output .cs1-hidden-error{display:none;font-size:100%}.mw-parser-output .cs1-visible-error{font-size:100%}.mw-parser-output .cs1-maint{display:none;color:#33aa33;margin-left:0.3em}.mw-parser-output .cs1-format{font-size:95%}.mw-parser-output .cs1-kern-left,.mw-parser-output .cs1-kern-wl-left{padding-left:0.2em}.mw-parser-output .cs1-kern-right,.mw-parser-output .cs1-kern-wl-right{padding-right:0.2em}.mw-parser-output .citation .mw-selflink{font-weight:inherit} 0586204253 )として出版された。","https://ja.wikipedia.org/wiki/皇冠山","世界の山一覧_(高さ順)","https://ja.wikipedia.org/wiki/世界の山一覧_(高さ順)","表形式","北緯36度06分30秒東経76度12分45秒","7,295 m(23,934 ft) 世界84位","中国新疆ウイグル自治区","1993年 日本隊","","","1,919 m(6,296 ft) ","カラコルム山脈音蘇蓋提（英語版）","YDS グレード VI","ウルトラ・プロミネント峰","","","","","","","","","",""
"ギャラ・ペリ","[85ヒマラヤ-44ギャラ・ペリ（英語版）ヒマラヤ 中国7,29423,9301986北緯29度48分47秒東経94度58分03秒﻿ / ﻿北緯29.81306度 東経94.96750度﻿ /29.81306; 94.96750]","https://ja.wikipedia.org/w/index.php?title=ギャラ・ペリ&amp;action=edit&amp;redlink=1","世界の山一覧_(高さ順)","https://ja.wikipedia.org/wiki/世界の山一覧_(高さ順)","表形式","","","","","","","","","","","","","","","","","","","",""
"ポ―ロン・リ","[86ヒマラヤ-45ポ―ロン・リ（英語版）ヒマラヤ 中国7,29223,9241982北緯28度23分22秒東経85度43分17秒﻿ / ﻿北緯28.38944度 東経85.72139度﻿ /28.38944; 85.72139]","https://ja.wikipedia.org/w/index.php?title=ポ―ロン・リ&amp;action=edit&amp;redlink=1","世界の山一覧_(高さ順)","https://ja.wikipedia.org/wiki/世界の山一覧_(高さ順)","表形式","","","","","","","","","","","","","","","","","","","",""
"バインター・ブラック","[87カラコルム-40バインター・ブラック（英語版）/オーガカラコルム パキスタン(カシミール地域)7,28523,9011977北緯35度56分51秒東経75度45分12秒﻿ / ﻿北緯35.94750度 東経75.75333度﻿ /35.94750; 75.75333]","https://ja.wikipedia.org/w/index.php?title=バインター・ブラック&amp;action=edit&amp;redlink=1","世界の山一覧_(高さ順)","https://ja.wikipedia.org/wiki/世界の山一覧_(高さ順)","表形式","","","","","","","","","","","","","","","","","","","",""
"ユトマル・サール","[88カラコルム-41ユトマル・サール（英語版）カラコルム パキスタン(カシミール地域)7,28323,8941980北緯36度13分40秒東経75度22分05秒﻿ / ﻿北緯36.22778度 東経75.36806度﻿ /36.22778; 75.36806]","https://ja.wikipedia.org/w/index.php?title=ユトマル・サール&amp;action=edit&amp;redlink=1","世界の山一覧_(高さ順)","https://ja.wikipedia.org/wiki/世界の山一覧_(高さ順)","表形式","","","","","","","","","","","","","","","","","","","",""
"K6","[89カラコルム-42K6（英語版）/バルティスタン・ピークカラコルム パキスタン(カシミール地域)7,28223,8911970北緯35度25分06秒東経76度33分08秒﻿ / ﻿北緯35.41833度 東経76.55222度﻿ /35.41833; 76.55222]","https://ja.wikipedia.org/w/index.php?title=K6_(山)&amp;action=edit&amp;redlink=1","世界の山一覧_(高さ順)","https://ja.wikipedia.org/wiki/世界の山一覧_(高さ順)","表形式","","","","","","","","","","","","","","","","","","","",""
"カンペンチン","[90ヒマラヤ-46カンペンチン（英語版）ヒマラヤ 中国7,28123,8881982北緯28度33分03秒東経85度32分44秒﻿ / ﻿北緯28.55083度 東経85.54556度﻿ /28.55083; 85.54556]","https://ja.wikipedia.org/w/index.php?title=カンペンチン&amp;action=edit&amp;redlink=1","世界の山一覧_(高さ順)","https://ja.wikipedia.org/wiki/世界の山一覧_(高さ順)","表形式","","","","","","","","","","","","","","","","","","","",""
"ムスターグ・タワー","[91カラコルム-43ムスターグ・タワーカラコルム パキスタン(カシミール地域)7,27623,8711956北緯35度49分38秒東経76度21分39秒﻿ / ﻿北緯35.82722度 東経76.36083度﻿ /35.82722; 76.36083] ","https://ja.wikipedia.org/wiki/ムスターグ・タワー","世界の山一覧_(高さ順)","https://ja.wikipedia.org/wiki/世界の山一覧_(高さ順)","表形式","北緯35度49分36秒東経76度21分42秒","7276m","パキスタン","1956年","カラコルム山脈","北緯35度49分36秒東経76度21分42秒﻿ / ﻿北緯35.82667度 東経76.36167度﻿ /35.82667; 76.36167座標:北緯35度49分36秒東経76度21分42秒﻿ / ﻿北緯35.82667度 東経76.36167度﻿ /35.82667; 76.36167","","","","","","","","","","","","","",""
"マナ","[92ヒマラヤ-47マナ（英語版）ヒマラヤ インド7,27223,8581937北緯30度52分51秒東経79度36分56秒﻿ / ﻿北緯30.88083度 東経79.61556度﻿ /30.88083; 79.61556]","https://ja.wikipedia.org/w/index.php?title=カメット&amp;action=edit&amp;redlink=1","世界の山一覧_(高さ順)","https://ja.wikipedia.org/wiki/世界の山一覧_(高さ順)","表形式","","","","","","","","","","","","","","","","","","","",""
"ダウラギリ VI","[ヒマラヤ-48ダウラギリ VIヒマラヤ ネパール7,26823,8451970北緯28度42分29秒東経83度16分21秒﻿ / ﻿北緯28.70806度 東経83.27250度﻿ /28.70806; 83.27250] ダウラギリは、1808年に初めてヨーロッパの人々に知られるようになり、 カンチェンジュンガ の存在が知られるまでの約30年間、世界一高い山と考えられていた。","https://ja.wikipedia.org/wiki/ダウラギリ","世界の山一覧_(高さ順)","https://ja.wikipedia.org/wiki/世界の山一覧_(高さ順)","表形式","北緯28度41分47秒東経83度29分43秒","8167m","ネパールダウラギリ県","スイス・オーストリア隊（1960年5月13日）","ヒマラヤ山脈","北緯28度41分47秒東経83度29分43秒﻿ / ﻿北緯28.69639度 東経83.49528度﻿ /28.69639; 83.49528座標:北緯28度41分47秒東経83度29分43秒﻿ / ﻿北緯28.69639度 東経83.49528度﻿ /28.69639; 83.49528","","","","","","","","","","","","","",""
"ディラン","[93カラコルム-44ディラン（英語版）カラコルム パキスタン7,26623,8391968北緯36度07分13秒東経74度39分42秒﻿ / ﻿北緯36.12028度 東経74.66167度﻿ /36.12028; 74.66167]","https://ja.wikipedia.org/w/index.php?title=ディラン_(山)&amp;action=edit&amp;redlink=1","世界の山一覧_(高さ順)","https://ja.wikipedia.org/wiki/世界の山一覧_(高さ順)","表形式","","","","","","","","","","","","","","","","","","","",""
"ラブチェ・カン","[94ヒマラヤ-49ラブチェ・カンIII/Eastヒマラヤ 中国7,25023,7861987北緯28度18分05秒東経86度23分02秒﻿ / ﻿北緯28.30139度 東経86.38389度﻿ /28.30139; 86.38389] ","https://ja.wikipedia.org/wiki/ラブチェ・カン","世界の山一覧_(高さ順)","https://ja.wikipedia.org/wiki/世界の山一覧_(高さ順)","表形式","北緯28度18分15秒東経86度21分03秒","7,367 m(24,170 ft) 世界75位","中国・チベット自治区","1987年10月26日 by A. Deuchi, H. Furukawa, K. Sudo（日本）Diaqiog, Gyala, Lhaji, Wanjia（中国）","","","1,957 m(6,421 ft) ","ヒマラヤ山脈ラブチェ・ヒマール","西稜、氷河・雪","ウルトラ・プロミネント峰","","","","","","","","","",""
"プタ・ヒウンチュリ","[95ヒマラヤ-50プタ・ヒウンチュリヒマラヤ ネパール7,24623,7731954北緯28度44分52秒東経83度08分46秒﻿ / ﻿北緯28.74778度 東経83.14611度﻿ /28.74778; 83.14611]","https://ja.wikipedia.org/w/index.php?title=プタ・ヒウンチュリ&amp;action=edit&amp;redlink=1","世界の山一覧_(高さ順)","https://ja.wikipedia.org/wiki/世界の山一覧_(高さ順)","表形式","","","","","","","","","","","","","","","","","","","",""
"アプサラサス・カンリ","[96カラコルム-45アプサラサス・カンリ（英語版）カラコルム パキスタン7,24523,7701976北緯35度32分19秒東経77度08分55秒﻿ / ﻿北緯35.53861度 東経77.14861度﻿ /35.53861; 77.14861]","https://ja.wikipedia.org/w/index.php?title=アプサラサス・カンリ&amp;action=edit&amp;redlink=1","世界の山一覧_(高さ順)","https://ja.wikipedia.org/wiki/世界の山一覧_(高さ順)","表形式","","","","","","","","","","","","","","","","","","","",""
"ムクート・パルバット","[97ヒマラヤ-51ムクート・パルバット（英語版）ヒマラヤ ネパール7,24223,7601951北緯30度56分57秒東経79度34分12秒﻿ / ﻿北緯30.94917度 東経79.57000度﻿ /30.94917; 79.57000]","https://ja.wikipedia.org/w/index.php?title=カメット&amp;action=edit&amp;redlink=1","世界の山一覧_(高さ順)","https://ja.wikipedia.org/wiki/世界の山一覧_(高さ順)","表形式","","","","","","","","","","","","","","","","","","","",""
"リモIII","[98カラコルム-46リモIIIカラコルム パキスタン7,23323,7301985北緯35度22分31秒東経77度21分42秒﻿ / ﻿北緯35.37528度 東経77.36167度﻿ /35.37528; 77.36167] リモ山群は、「リモ」の名を冠した6峰の山峰から成っている。リモIの他に、以下の山々がある。","https://ja.wikipedia.org/wiki/リモI","世界の山一覧_(高さ順)","https://ja.wikipedia.org/wiki/世界の山一覧_(高さ順)","表形式","北緯35度21分21秒東経77度22分05秒","7,385 m(24,229 ft) 71位","インド（パキスタン）ラダック、シアチェン地域","1988年7月28日ニマ・ドルジェ・シェルパ (Nima Dorje Sherpa)ツェワン・セマンラ（英語版）尾形好雄吉田秀樹","","","1,438 m(4,718 ft) ","カラコルム山脈、リモ山群","南壁、南西稜","","","","","","","","","","",""
"ランタン・リルン","[99ヒマラヤ-52ランタン・リルンヒマラヤ ネパール7,22723,7111978北緯28度15分22秒東経85度31分01秒﻿ / ﻿北緯28.25611度 東経85.51694度﻿ /28.25611; 85.51694] ランタン・リルン とは、 ユーラシア大陸 中央部に存在する、 ヒマラヤ山脈 を構成する 山 の1つである。山頂の現在の標高は7000 mを超えている。","https://ja.wikipedia.org/wiki/ランタン・リルン","世界の山一覧_(高さ順)","https://ja.wikipedia.org/wiki/世界の山一覧_(高さ順)","表形式","北緯28度15分22秒 東経85度31分10秒","","","","","","","","","","","","","","","","","","",""
"カルジャン","[100ヒマラヤ-53カルジャンヒマラヤ ネパール7,22123,691未踏峰北緯28度15分27秒東経90度38分49秒﻿ / ﻿北緯28.25750度 東経90.64694度﻿ /28.25750; 90.64694] 最高峰はカルジャンI峰（またはカルジャン南峰）で、標高は7221メートル  であり、 未踏峰 である  。他にカルジャン北峰（7196メートル）、カルジャンII峰（または中央峰、7045メートル）、カルジャンIII峰（またはタプトルカンリ、6820メートル）と、無名の6400メートル峰からなる。","https://ja.wikipedia.org/wiki/カルジャン","世界の山一覧_(高さ順)","https://ja.wikipedia.org/wiki/世界の山一覧_(高さ順)","表形式","北緯28度15分29秒東経90度38分50秒","7,221 m(23,691 ft) ","チベット自治区","未登頂","","","880 m(2,890 ft)","ヒマラヤ山脈","","","","","","","クーラカンリ","","","","",""
