"タイトル","コメント","URL","親リストタイトル","親リストURL","一覧抽出方法","座標","所在地","位置","標高","山系","種類","初登頂","最新噴火","最高峰","延長","Hidden","Hidden","Hidden","Hidden","Hidden","Hidden","Hidden","Hidden","Hidden","Hidden"
"戸隠山","[1とがくしやま戸隠山頸城・戸隠山群1,904地理院地図Googleマップ.mw-parser-output .geo-default,.mw-parser-output .geo-dms,.mw-parser-output .geo-dec{display:inline}.mw-parser-output .geo-nondefault,.mw-parser-output .geo-multi-punct{display:none}.mw-parser-output .longitude,.mw-parser-output .latitude{white-space:nowrap}北緯36度46分13秒東経138度03分18秒﻿ / ﻿北緯36.770371度 東経138.055100度﻿ /36.770371; 138.055100﻿ (戸隠山)日本二百名山花の百名山新・花の百名山信州百山北信五岳] 戸隠山 （とがくしやま）は、 長野県 長野市 にある山。 戸隠連峰 の一峰で、 標高 は1,904m。400万年前から270万年前頃の 新第三紀 の 海底火山 由来の 火成岩 が、山体を作っていると考えられる  。","https://ja.wikipedia.org/wiki/戸隠山","信州百名山","https://ja.wikipedia.org/wiki/信州百名山","表形式","北緯36度46分13秒東経138度03分18秒","日本長野県長野市","北緯36度46分13秒東経138度03分18秒﻿ / ﻿北緯36.77028度 東経138.05500度﻿ /36.77028; 138.05500座標:北緯36度46分13秒東経138度03分18秒﻿ / ﻿北緯36.77028度 東経138.05500度﻿ /36.77028; 138.05500","1,904m","戸隠連峰","","","","","","","","","","","","","","",""
"高妻山","[2たかつまやま高妻山頸城・戸隠山群2,353.0地理院地図Googleマップ北緯36度48分00秒東経138度03分07秒﻿ / ﻿北緯36.799980度 東経138.051919度﻿ /36.799980; 138.051919﻿ (高妻山)日本百名山越後百山信州百山戸隠富士] 高妻山 （たかつまやま）は、 新潟県 妙高市 と 長野県 長野市 に跨る 標高 2,353mの山。 戸隠連峰 の最高峰で戸隠裏山の一峰。 日本百名山 のひとつ。別名「戸隠富士」。","https://ja.wikipedia.org/wiki/高妻山","信州百名山","https://ja.wikipedia.org/wiki/信州百名山","表形式","北緯36度48分00秒東経138度03分07秒","日本新潟県妙高市・長野県長野市","北緯36度48分00秒東経138度03分07秒﻿ / ﻿北緯36.80000度 東経138.05194度﻿ /36.80000; 138.05194座標:北緯36度48分00秒東経138度03分07秒﻿ / ﻿北緯36.80000度 東経138.05194度﻿ /36.80000; 138.05194","2,353m","戸隠連峰","","","","","","","","","","","","","","",""
"西岳 (戸隠連峰) (存在しないページ)","[3にしだけ西岳頸城・戸隠山群2,053地理院地図Googleマップ北緯36度45分43秒東経138度01分49秒﻿ / ﻿北緯36.761863度 東経138.030295度﻿ /36.761863; 138.030295﻿ (西岳)信州百山]","https://ja.wikipedia.org/w/index.php?title=西岳_(戸隠連峰)&amp;action=edit&amp;redlink=1","信州百名山","https://ja.wikipedia.org/wiki/信州百名山","表形式","","","","","","","","","","","","","","","","","","","",""
"飯縄山","[4いいづなやま飯縄山頸城・戸隠山群1,917.3地理院地図Googleマップ北緯36度44分22秒東経138度08分01秒﻿ / ﻿北緯36.739549度 東経138.133689度﻿ /36.739549; 138.133689﻿ (飯縄山)日本二百名山新・花の百名山信州百山北信五岳] 飯縄山 （いいづなやま、飯綱山  ）は、 長野県 北部（ 北信地方 ）、 長野市 ・ 上水内郡 信濃町 ・ 飯綱町 にまたがる 山 。標高1,917メートル。飯縄山と、その支峰・ 霊仙寺山 （れいせんじやま、1875.0m）、 瑪瑙山 （めのうやま、1748m）などからなる連山全体を 飯縄山 と呼ぶこともある。 戸隠山 、 黒姫山 、 妙高山 、 斑尾山 とともに、 北信五岳 のひとつに数えられる。","https://ja.wikipedia.org/wiki/飯縄山","信州百名山","https://ja.wikipedia.org/wiki/信州百名山","表形式","北緯36度44分22秒東経138度08分01秒","日本長野県長野市上水内郡飯綱町・信濃町","北緯36度44分22秒東経138度08分01秒﻿ / ﻿北緯36.73944度 東経138.13361度﻿ /36.73944; 138.13361座標:北緯36度44分22秒東経138度08分01秒﻿ / ﻿北緯36.73944度 東経138.13361度﻿ /36.73944; 138.13361","1,917m","","成層火山","","","","","","","","","","","","","",""
"黒姫山 (長野県)","[5くろひめやま黒姫山頸城・戸隠山群2,053.4地理院地図Googleマップ北緯36度48分49秒東経138度07分38秒﻿ / ﻿北緯36.813513度 東経138.127133度﻿ /36.813513; 138.127133﻿ (黒姫山)日本二百名山新・花の百名山信州百山信濃富士北信五岳] 黒姫山 （くろひめやま）は、 長野県 上水内郡 信濃町 にある 標高 2,053 m の 成層火山 。南東方向より見た整った姿から 郷土富士 として 信濃富士 とも呼ばれている。","https://ja.wikipedia.org/wiki/黒姫山_(長野県)","信州百名山","https://ja.wikipedia.org/wiki/信州百名山","表形式","北緯36度48分48秒東経138度7分38秒","日本長野県上水内郡信濃町","北緯36度48分48秒東経138度7分38秒﻿ / ﻿北緯36.81333度 東経138.12722度﻿ /36.81333; 138.12722座標:北緯36度48分48秒東経138度7分38秒﻿ / ﻿北緯36.81333度 東経138.12722度﻿ /36.81333; 138.12722","2,053m","妙高火山群（西頸城山地）","成層火山","","","","","","","","","","","","","",""
"荒倉山 (存在しないページ)","[6画 像 募 集 中あらくらやま荒倉山頸城・戸隠山群1,431.6地理院地図Googleマップ北緯36度41分57秒東経138度02分24秒﻿ / ﻿北緯36.699074度 東経138.039897度﻿ /36.699074; 138.039897﻿ (荒倉山)]","https://ja.wikipedia.org/w/index.php?title=荒倉山&amp;action=edit&amp;redlink=1","信州百名山","https://ja.wikipedia.org/wiki/信州百名山","表形式","","","","","","","","","","","","","","","","","","","",""
"虫倉山 (存在しないページ)","[7画 像 募 集 中むしくらやま虫倉山頸城・戸隠山群1,378地理院地図Googleマップ北緯36度38分59秒東経138度01分08秒﻿ / ﻿北緯36.649835度 東経138.0190003度﻿ /36.649835; 138.0190003﻿ (虫倉山)信州百山]","https://ja.wikipedia.org/w/index.php?title=虫倉山&amp;action=edit&amp;redlink=1","信州百名山","https://ja.wikipedia.org/wiki/信州百名山","表形式","","","","","","","","","","","","","","","","","","","",""
"雨飾山","[8あまかざりやま雨飾山頸城・戸隠山群1,963.3地理院地図Googleマップ北緯36度54分08秒東経137度57分45秒﻿ / ﻿北緯36.902107度 東経137.962586度﻿ /36.902107; 137.962586﻿ (雨飾山)日本百名山新日本百名山越後百山信州百山] 雨飾山 （あまかざりやま）は、 長野県 北安曇郡 小谷村 と 新潟県 糸魚川市 との県境にある、 標高 1,963.2mの 山 である。 妙高戸隠連山国立公園 に属している。","https://ja.wikipedia.org/wiki/雨飾山","信州百名山","https://ja.wikipedia.org/wiki/信州百名山","表形式","北緯36度54分07秒東経137度57分45秒","日本新潟県糸魚川市長野県北安曇郡小谷村","北緯36度54分07秒東経137度57分45秒﻿ / ﻿北緯36.90194度 東経137.96250度﻿ /36.90194; 137.96250座標:北緯36度54分07秒東経137度57分45秒﻿ / ﻿北緯36.90194度 東経137.96250度﻿ /36.90194; 137.96250","1,963.2m","頸城山塊","","","","","","","","","","","","","","",""
"天狗原山 (存在しないページ)","[9てんぐはらやま天狗原山頸城・戸隠山群2,197.1地理院地図Googleマップ北緯36度53分43秒東経138度00分53秒﻿ / ﻿北緯36.895277度 東経138.014697度﻿ /36.895277; 138.014697﻿ (天狗原山)]","https://ja.wikipedia.org/w/index.php?title=天狗原山&amp;action=edit&amp;redlink=1","信州百名山","https://ja.wikipedia.org/wiki/信州百名山","表形式","","","","","","","","","","","","","","","","","","","",""
"大渚山 (存在しないページ)","[10画 像 募 集 中おおなぎやま大渚山頸城・戸隠山群1,566.4地理院地図Googleマップ北緯36度51分41秒東経137度57分03秒﻿ / ﻿北緯36.861457度 東経137.950819度﻿ /36.861457; 137.950819﻿ (大渚山)]","https://ja.wikipedia.org/w/index.php?title=大渚山&amp;action=edit&amp;redlink=1","信州百名山","https://ja.wikipedia.org/wiki/信州百名山","表形式","","","","","","","","","","","","","","","","","","","",""
"堂津岳 (存在しないページ)","[11画 像 募 集 中どうつだけ堂津岳頸城・戸隠山群1,926.8地理院地図Googleマップ北緯36度49分41秒東経138度00分15秒﻿ / ﻿北緯36.828191度 東経138.004139度﻿ /36.828191; 138.004139﻿ (堂津岳)]","https://ja.wikipedia.org/w/index.php?title=堂津岳&amp;action=edit&amp;redlink=1","信州百名山","https://ja.wikipedia.org/wiki/信州百名山","表形式","","","","","","","","","","","","","","","","","","","",""
"東山 (長野市・小谷村) (存在しないページ)","[12画 像 募 集 中ひがしやま東山頸城・戸隠山群1,849.3地理院地図Googleマップ北緯36度46分14秒東経137度57分53秒﻿ / ﻿北緯36.770421度 東経137.964742度﻿ /36.770421; 137.964742﻿ (東山)]","https://ja.wikipedia.org/w/index.php?title=東山_(長野市・小谷村)&amp;action=edit&amp;redlink=1","信州百名山","https://ja.wikipedia.org/wiki/信州百名山","表形式","","","","","","","","","","","","","","","","","","","",""
"聖山 (長野県)","[13ひじりやま聖山八ヶ岳山群1,447.2地理院地図Googleマップ北緯36度29分03秒東経138度01分17秒﻿ / ﻿北緯36.484216度 東経138.021456度﻿ /36.484216; 138.021456﻿ (聖山)信州百山筑北三山] 聖山 （ひじりやま）は、 長野県 長野市 と 東筑摩郡 麻績村 との境にある、 標高 1,447.1 メートル の 山 である。","https://ja.wikipedia.org/wiki/聖山_(長野県)","信州百名山","https://ja.wikipedia.org/wiki/信州百名山","表形式","北緯36度29分03秒東経138度01分17秒","長野県長野市・東筑摩郡麻績村","北緯36度29分03秒東経138度01分17秒﻿ / ﻿北緯36.48417度 東経138.02139度﻿ /36.48417; 138.02139座標:北緯36度29分03秒東経138度01分17秒﻿ / ﻿北緯36.48417度 東経138.02139度﻿ /36.48417; 138.02139","1,447.1m","","","","","","","","","","","","","","","",""
"冠着山","[14かむりきやま冠着山八ヶ岳山群1,252.2地理院地図Googleマップ北緯36度28分08秒東経138度06分24秒﻿ / ﻿北緯36.468827度 東経138.106678度﻿ /36.468827; 138.106678﻿ (冠着山)信州百山姨捨山筑北三山] 冠着山 （かむりきやま）は、 長野県 千曲市 と 東筑摩郡 筑北村 にまたがる 山 。標高 1,252メートルで、 長野盆地 南西端に位置する。幾つかの呼び名があり、「冠山（冠嶽）」「更科山」「坊城」とも言われる。俗称は 姨捨山 （おばすてやま・うばすてやま）。古称は 小長谷山 （小初瀬山・小泊瀬山、おはつせやま）。","https://ja.wikipedia.org/wiki/冠着山","信州百名山","https://ja.wikipedia.org/wiki/信州百名山","表形式","北緯36度28分07秒東経138度06分24秒","日本長野県千曲市・東筑摩郡筑北村","北緯36度28分07秒東経138度06分24秒﻿ / ﻿北緯36.46861度 東経138.10667度﻿ /36.46861; 138.10667座標:北緯36度28分07秒東経138度06分24秒﻿ / ﻿北緯36.46861度 東経138.10667度﻿ /36.46861; 138.10667","1,252m","筑北三山","","","","","","","","","","","","","","",""
"子檀嶺岳","[15こまゆみだけ子檀嶺岳八ヶ岳山群1,223.2地理院地図Googleマップ北緯36度23分32秒東経138度06分59秒﻿ / ﻿北緯36.392280度 東経138.116458度﻿ /36.392280; 138.116458﻿ (子檀嶺岳)] 子檀嶺岳 （こまゆみだけ）とは、 長野県 小県郡 青木村 にある標高1,223の山。 信州百名山 の一峰に選定されている。","https://ja.wikipedia.org/wiki/子檀嶺岳","信州百名山","https://ja.wikipedia.org/wiki/信州百名山","表形式","北緯36度23分32秒東経138度06分59秒","日本長野県小県郡青木村","北緯36度23分32秒東経138度06分59秒﻿ / ﻿北緯36.39222度 東経138.11639度﻿ /36.39222; 138.11639座標:北緯36度23分32秒東経138度06分59秒﻿ / ﻿北緯36.39222度 東経138.11639度﻿ /36.39222; 138.11639","1,223.2m","筑摩山地","","","","","","","","","","","","","","",""
"独鈷山 (存在しないページ)","[16とっこさん独鈷山八ヶ岳山群1,266.4地理院地図Googleマップ北緯36度19分12秒東経138度11分14秒﻿ / ﻿北緯36.320016度 東経138.187339度﻿ /36.320016; 138.187339﻿ (独鈷山)信州百山]","https://ja.wikipedia.org/w/index.php?title=独鈷山&amp;action=edit&amp;redlink=1","信州百名山","https://ja.wikipedia.org/wiki/信州百名山","表形式","","","","","","","","","","","","","","","","","","","",""
"美ヶ原","[17うつくしがはら美ヶ原八ヶ岳山群2,034.4地理院地図Googleマップ北緯36度13分33秒東経138度06分27秒﻿ / ﻿北緯36.225823度 東経138.107414度﻿ /36.225823; 138.107414﻿ (美ヶ原)日本百名山信州百山] 美ヶ原 （うつくしがはら）は、 八ヶ岳中信高原国定公園 北西部にある 長野県 松本市 、 上田市 、 小県郡 長和町 にまたがる 高原 。 日本百名山 の一つ。","https://ja.wikipedia.org/wiki/美ヶ原","信州百名山","https://ja.wikipedia.org/wiki/信州百名山","表形式","北緯36度13分32.8685秒東経138度6分26.7915秒","長野県松本市・上田市・小県郡長和町","北緯36度13分32.8685秒東経138度6分26.7915秒﻿ / ﻿北緯36.225796806度 東経138.107442083度﻿ /36.225796806; 138.107442083","2034.34（王ヶ頭）m","","火山","","","","","","","","","","","","","",""
"鉢伏山 (筑摩山地)","[18はちぶせやま鉢伏山八ヶ岳山群1,928.8地理院地図Googleマップ北緯36度09分47秒東経138度03分33秒﻿ / ﻿北緯36.163102度 東経138.059177度﻿ /36.163102; 138.059177﻿ (鉢伏山)日本三百名山新・花の百名山信州百山] 鉢伏山 （はちぶせやま）は標高1,929mの 筑摩山地 の 山   。 美ヶ原 高原の南東に 扉峠 をはさんで、南側の 高ボッチ山 とともになだらかな山容を見せる。鉢伏山から東方および南方に延びる尾根は 中央分水嶺 となり、 日本海 へ注ぐ河川である 犀川 ・ 千曲川 水系と、 太平洋 に注ぐ 天竜川 水系を分けている。 山岳信仰 の山であり、西側中腹にある 牛伏寺 がよく知られている。","https://ja.wikipedia.org/wiki/鉢伏山_(筑摩山地)","信州百名山","https://ja.wikipedia.org/wiki/信州百名山","表形式","北緯36度09分46秒東経138度03分33秒","長野県松本市、岡谷市、塩尻市","北緯36度09分46秒東経138度03分33秒﻿ / ﻿北緯36.16278度 東経138.05917度﻿ /36.16278; 138.05917","1,928.5m","筑摩山地","","","","","","","","","","","","","","",""
"霧ヶ峰","[19きりがみね霧ヶ峰八ヶ岳山群1,924.7地理院地図Googleマップ北緯36度06分11秒東経138度11分48秒﻿ / ﻿北緯36.102966度 東経138.196635度﻿ /36.102966; 138.196635﻿ (霧ヶ峰)日本百名山新日本百名山花の百名山信州百山車山] 霧ヶ峰 （きりがみね）は、長野県中部の 茅野市 、 諏訪市 、 諏訪郡 下諏訪町 にまたがる 火山  。 八ヶ岳中信高原国定公園 内にある  。","https://ja.wikipedia.org/wiki/霧ヶ峰","信州百名山","https://ja.wikipedia.org/wiki/信州百名山","表形式","北緯36度06分11秒東経138度11分48秒","長野県茅野市・諏訪市・諏訪郡下諏訪町・小県郡長和町","北緯36度06分11秒東経138度11分48秒﻿ / ﻿北緯36.10306度 東経138.19667度﻿ /36.10306; 138.19667座標:北緯36度06分11秒東経138度11分48秒﻿ / ﻿北緯36.10306度 東経138.19667度﻿ /36.10306; 138.19667","車山1,925m","","火山","","約75万年前","","","","","","","","","","","",""
"八ヶ岳","[20やつがたけ八ヶ岳八ヶ岳山群2,899.4地理院地図Googleマップ北緯35度58分15秒東経138度22分13秒﻿ / ﻿北緯35.970893度 東経138.370206度﻿ /35.970893; 138.370206﻿ (八ヶ岳)日本百名山新日本百名山（赤岳）一等三角点百名山山梨百名山（赤岳・権現岳・編笠山）信州百山（硫黄岳・赤岳・編笠山）] 八ヶ岳 （やつがたけ、 八ケ岳 とも表記される）は、 諏訪湖 の東方にあって 長野県 から 山梨県 へと南北に連なる火山  。 日本百名山 の一つ。","https://ja.wikipedia.org/wiki/八ヶ岳","信州百名山","https://ja.wikipedia.org/wiki/信州百名山","表形式","北緯35度58分15秒東経138度22分12秒","日本山梨県・長野県","北緯35度58分15秒東経138度22分12秒﻿ / ﻿北緯35.97083度 東経138.37000度﻿ /35.97083; 138.37000座標:北緯35度58分15秒東経138度22分12秒﻿ / ﻿北緯35.97083度 東経138.37000度﻿ /35.97083; 138.37000","","","火山群","","","赤岳（2,899m）","30km","","","","","","","","","",""
"蓼科山","[21たてしなやま蓼科山八ヶ岳山群2,530.7地理院地図Googleマップ北緯36度06分13秒東経138度17分42秒﻿ / ﻿北緯36.103732度 東経138.295031度﻿ /36.103732; 138.295031﻿ (蓼科山)日本百名山新・花の百名山一等三角点百名山信州百山諏訪富士] 蓼科山 （たてしなやま）は 八ヶ岳連峰 の北端に位置する標高2,531mの 火山   。コニーデと呼ばれる台地状の火山に、円錐型のトロイデを重ねた複式火山。諏訪から仰ぐと優美な円錐型に見えることから、諏訪富士の別名も持つ  。山体は 八ヶ岳中信高原国定公園 に含まれる。 日本百名山 のひとつ。途中（七合目）には将軍平がある。","https://ja.wikipedia.org/wiki/蓼科山","信州百名山","https://ja.wikipedia.org/wiki/信州百名山","表形式","北緯36度06分13秒東経138度17分42秒","長野県茅野市・北佐久郡立科町","北緯36度06分13秒東経138度17分42秒﻿ / ﻿北緯36.10361度 東経138.29500度﻿ /36.10361; 138.29500座標:北緯36度06分13秒東経138度17分42秒﻿ / ﻿北緯36.10361度 東経138.29500度﻿ /36.10361; 138.29500","2,530m","八ヶ岳連峰","溶岩ドーム","","約30万年前","","","","","","","","","","","",""
"天狗岳","[22てんぐだけ天狗岳八ヶ岳山群2,646.0地理院地図Googleマップ北緯36度01分09秒東経138度21分19秒﻿ / ﻿北緯36.019299度 東経138.355394度﻿ /36.019299; 138.355394﻿ (天狗岳)日本二百名山] 天狗岳 （てんぐだけ）は、 長野県 茅野市 にある 八ヶ岳連峰 の山である。","https://ja.wikipedia.org/wiki/天狗岳","信州百名山","https://ja.wikipedia.org/wiki/信州百名山","表形式","北緯36度01分09秒東経138度21分20秒","日本長野県南佐久郡小海町・茅野市","北緯36度01分09秒東経138度21分20秒﻿ / ﻿北緯36.01917度 東経138.35556度﻿ /36.01917; 138.35556座標:北緯36度01分09秒東経138度21分20秒﻿ / ﻿北緯36.01917度 東経138.35556度﻿ /36.01917; 138.35556","2,646m","八ヶ岳連峰","","","","","","","","","","","","","","",""
"北横岳","[23よこだけ横岳八ヶ岳山群2,480地理院地図Googleマップ北緯36度05分15秒東経138度19分12秒﻿ / ﻿北緯36.087439度 東経138.320049度﻿ /36.087439; 138.320049﻿ (横岳)北横岳] 北横岳 （きたよこだけ）または 横岳 （よこだけ）は、 八ヶ岳連峰 北部（ 北八ヶ岳 ）の山である。本来の正しい名称は横岳であるが、同じ 八ヶ岳 のわずか10 kmほど南（南八ヶ岳）に同名の 横岳 があるため、より標高の低い北八ヶ岳の横岳は、区別のため便宜的に北横岳と称されることが多い。","https://ja.wikipedia.org/wiki/北横岳","信州百名山","https://ja.wikipedia.org/wiki/信州百名山","表形式","北緯36度05分14秒東経138度19分13秒","長野県南佐久郡佐久穂町、茅野市","北緯36度05分14秒東経138度19分13秒﻿ / ﻿北緯36.08722度 東経138.32028度﻿ /36.08722; 138.32028","2,480m","八ヶ岳連峰、北八ヶ岳、八ヶ岳火山列","溶岩円頂丘（活火山ランクC）","","約900-700年前","","","","","","","","","","","",""
"斑尾山","[24まだらおやま斑尾山飯山山脈1,381.5地理院地図Googleマップ北緯36度50分15秒東経138度16分27秒﻿ / ﻿北緯36.837396度 東経138.274303度﻿ /36.837396; 138.274303﻿ (斑尾山)日本三百名山新・花の百名山越後百山信州百山北信五岳] 斑尾山 （まだらおやま、まだらおさん）は、 長野県 飯山市 ・ 信濃町 との境にある、標高1382mの 火山 。 北信五岳 のひとつ。約70万年前頃から51万年前にかけて活動した  。","https://ja.wikipedia.org/wiki/斑尾山","信州百名山","https://ja.wikipedia.org/wiki/信州百名山","表形式","北緯36度50分13秒東経138度16分25秒","長野県飯山市、中野市、上水内郡信濃町、飯綱町、新潟県妙高市","北緯36度50分13秒東経138度16分25秒﻿ / ﻿北緯36.83694度 東経138.27361度﻿ /36.83694; 138.27361座標:北緯36度50分13秒東経138度16分25秒﻿ / ﻿北緯36.83694度 東経138.27361度﻿ /36.83694; 138.27361","1,382m","","成層火山","","","","","","","","","","","","","",""
"鍋倉山 (存在しないページ)","[25画 像 募 集 中なべくらやま鍋倉山飯山山脈1,288.8地理院地図Googleマップ北緯36度58分35秒東経138度22分57秒﻿ / ﻿北緯36.976527度 東経138.382464度﻿ /36.976527; 138.382464﻿ (鍋倉山)越後百山]","https://ja.wikipedia.org/w/index.php?title=鍋倉山&amp;action=edit&amp;redlink=1","信州百名山","https://ja.wikipedia.org/wiki/信州百名山","表形式","","","","","","","","","","","","","","","","","","","",""
"高社山","[26こうしゃさん高社山上信越高原1,351.4地理院地図Googleマップ北緯36度47分58秒東経138度24分14秒﻿ / ﻿北緯36.799352度 東経138.403786度﻿ /36.799352; 138.403786﻿ (高社山)信州百山高井富士] 高社山 （こうしゃさん、たかやしろやま）は、 長野県 にある 標高 1351.5mの 山 である。 中野市 ・ 山ノ内町 ・ 木島平村 の境界に位置する。","https://ja.wikipedia.org/wiki/高社山","信州百名山","https://ja.wikipedia.org/wiki/信州百名山","表形式","北緯36度47分57.3秒東経138度24分13.7秒","日本長野県中野市・下高井郡山ノ内町・同郡木島平村","北緯36度47分57.3秒東経138度24分13.7秒﻿ / ﻿北緯36.799250度 東経138.403806度﻿ /36.799250; 138.403806座標:北緯36度47分57.3秒東経138度24分13.7秒﻿ / ﻿北緯36.799250度 東経138.403806度﻿ /36.799250; 138.403806","1351.5m","","成層火山","","","","","","","","","","","","","",""
"鳥甲山","[27とりかぶとやま鳥甲山上信越高原2,037.7地理院地図Googleマップ北緯36度50分21秒東経138度35分03秒﻿ / ﻿北緯36.839152度 東経138.584036度﻿ /36.839152; 138.584036﻿ (鳥甲山)日本二百名山信州百山] 鳥甲山 （とりかぶとやま）は、 長野県 下水内郡 栄村 にある山である。 標高 は2,037.6m。 ちょうこうさん と音読みする住民もいる。 日本二百名山 に選定されている。","https://ja.wikipedia.org/wiki/鳥甲山","信州百名山","https://ja.wikipedia.org/wiki/信州百名山","表形式","北緯36度50分21秒東経138度35分03秒","日本長野県下水内郡栄村","北緯36度50分21秒東経138度35分03秒﻿ / ﻿北緯36.83917度 東経138.58417度﻿ /36.83917; 138.58417座標:北緯36度50分21秒東経138度35分03秒﻿ / ﻿北緯36.83917度 東経138.58417度﻿ /36.83917; 138.58417","2,037.6m","上信越高原","成層火山","","","","","","","","","","","","","",""
"苗場山","[28なえばさん苗場山上信越高原2,145.2地理院地図Googleマップ北緯36度50分46秒東経138度41分25秒﻿ / ﻿北緯36.845988度 東経138.690331度﻿ /36.845988; 138.690331﻿ (苗場山)日本百名山花の百名山一等三角点百名山越後百山信州百山] 苗場山 （なえばさん）は 新潟県 南部、 長野県 北東部の県境に位置する 標高 2,145mの火山。","https://ja.wikipedia.org/wiki/苗場山","信州百名山","https://ja.wikipedia.org/wiki/信州百名山","表形式","北緯36度50分45秒東経138度41分25秒","日本新潟県湯沢町・津南町長野県栄村","北緯36度50分45秒東経138度41分25秒﻿ / ﻿北緯36.84583度 東経138.69028度﻿ /36.84583; 138.69028座標:北緯36度50分45秒東経138度41分25秒﻿ / ﻿北緯36.84583度 東経138.69028度﻿ /36.84583; 138.69028","2,145m","三国山脈","第四紀火山","","","","","","","","","","","","","",""
"佐武流山","[29さぶりゅうやま佐武流山上信越高原2,191.6地理院地図Googleマップ北緯36度46分20秒東経138度40分14秒﻿ / ﻿北緯36.772316度 東経138.670561度﻿ /36.772316; 138.670561﻿ (佐武流山)日本二百名山越後百山] 佐武流山 （さぶりゅうやま、さぶるやま）は、 長野県 下水内郡 栄村 と 新潟県 南魚沼郡 湯沢町 との境にある山である。 標高 は2,191.5m。 日本二百名山 に選定されている。 苗場山 と 白砂山 を結ぶ稜線上にあり、そのどちらよりも高い。 志賀高原 の 岩菅山 と 尾瀬 の 至仏山 との間にある山としては最も高い山である。しかし、奥まった場所にあること、緩やかな頂稜をもつ目立たない山容の山であること、また登山道の整備もあまり進んでいないことなどから、知名度は低く、登山者は比較的少ない。","https://ja.wikipedia.org/wiki/佐武流山","信州百名山","https://ja.wikipedia.org/wiki/信州百名山","表形式","北緯36度46分19.9秒東経138度40分14.2秒","日本長野県下水内郡栄村新潟県南魚沼郡湯沢町","北緯36度46分19.9秒東経138度40分14.2秒﻿ / ﻿北緯36.772194度 東経138.670611度﻿ /36.772194; 138.670611座標:北緯36度46分19.9秒東経138度40分14.2秒﻿ / ﻿北緯36.772194度 東経138.670611度﻿ /36.772194; 138.670611","2,191.5m","上信越高原","","","","","","","","","","","","","","",""
"白砂山","[30しらすなやま白砂山上信越高原2,139.8地理院地図Googleマップ北緯36度44分17秒東経138度41分36秒﻿ / ﻿北緯36.738123度 東経138.693448度﻿ /36.738123; 138.693448﻿ (白砂山)日本二百名山越後百山ぐんま百名山] 白砂山 （しらすなやま）は、 長野県 ・ 新潟県 ・ 群馬県 の3県の境に位置する山である。 標高 は2,139.7m。 日本二百名山 および 越後百山 、 信州百名山 、 ぐんま百名山 に選定されている。","https://ja.wikipedia.org/wiki/白砂山","信州百名山","https://ja.wikipedia.org/wiki/信州百名山","表形式","北緯36度44分17秒東経138度41分36秒","日本長野県下水内郡栄村新潟県南魚沼郡湯沢町群馬県吾妻郡中之条町","北緯36度44分17秒東経138度41分36秒﻿ / ﻿北緯36.73806度 東経138.69333度﻿ /36.73806; 138.69333座標:北緯36度44分17秒東経138度41分36秒﻿ / ﻿北緯36.73806度 東経138.69333度﻿ /36.73806; 138.69333","2,139.7m","上信越高原","","","","","","","","","","","","","","",""
"岩菅山","[31いわすげやま岩菅山上信越高原2,295.3地理院地図Googleマップ北緯36度44分32秒東経138度33分35秒﻿ / ﻿北緯36.742088度 東経138.559597度﻿ /36.742088; 138.559597﻿ (岩菅山)日本二百名山一等三角点百名山信州百山] 岩菅山 （いわすげやま、いわすごやま）は、 長野県 下高井郡 山ノ内町 にある 山 である。 標高 2,295m。 日本二百名山 の一つ。昔は岩巣護山と綴っていた事から「いわすごやま」とも呼ばれている。","https://ja.wikipedia.org/wiki/岩菅山","信州百名山","https://ja.wikipedia.org/wiki/信州百名山","表形式","北緯36度44分31秒東経138度33分34秒","日本長野県下高井郡山ノ内町","北緯36度44分31秒東経138度33分34秒﻿ / ﻿北緯36.74194度 東経138.55944度﻿ /36.74194; 138.55944座標:北緯36度44分31秒東経138度33分34秒﻿ / ﻿北緯36.74194度 東経138.55944度﻿ /36.74194; 138.55944","2,295m","志賀高原","","","","","","","","","","","","","","",""
"志賀山","[32しがやま志賀山上信越高原2,037地理院地図Googleマップ北緯36度42分01秒東経138度30分56秒﻿ / ﻿北緯36.700219度 東経138.515539度﻿ /36.700219; 138.515539﻿ (志賀山)新日本百名山信州百山] 志賀山 （しがやま）は、 長野県 下高井郡 山ノ内町 にある山である。 標高 2,037m。 志賀高原 を構成する山の一つである。この山の付近に 四十八池湿原 と呼ばれる 高層湿原 があるほか、周辺には 大沼池 、 渋池 などの湖沼があり、池めぐりをすることもできる。","https://ja.wikipedia.org/wiki/志賀山","信州百名山","https://ja.wikipedia.org/wiki/信州百名山","表形式","北緯36度42分01秒東経138度30分57秒","日本長野県下高井郡山ノ内町","北緯36度42分01秒東経138度30分57秒﻿ / ﻿北緯36.70028度 東経138.51583度﻿ /36.70028; 138.51583座標:北緯36度42分01秒東経138度30分57秒﻿ / ﻿北緯36.70028度 東経138.51583度﻿ /36.70028; 138.51583","2,037m","志賀高原","","","","","","","","","","","","","","",""
"笠ヶ岳 (長野県)","[33かさがたけ笠ヶ岳上信越高原2,075.9地理院地図Googleマップ北緯36度40分36秒東経138度28分54秒﻿ / ﻿北緯36.676613度 東経138.481608度﻿ /36.676613; 138.481608﻿ (笠ヶ岳)日本三百名山信州百山] 笠ヶ岳 （かさがたけ）は、 長野県 下高井郡 山ノ内町 と 上高井郡 高山村 の境にある標高2,076mの山。笠岳とも呼ばれる。 日本三百名山 や 信州百名山 に選定されている。","https://ja.wikipedia.org/wiki/笠ヶ岳_(長野県)","信州百名山","https://ja.wikipedia.org/wiki/信州百名山","表形式","北緯36度67分80.3秒東経138度48分13.5秒","長野県下高井郡山ノ内町、上高井郡高山村","北緯36度67分80.3秒東経138度48分13.5秒﻿ / ﻿北緯37.138972度 東経138.803750度﻿ /37.138972; 138.803750座標: 緯度の分が60以上です座標: 緯度の秒が60以上です座標:北緯36度67分80.3秒東経138度48分13.5秒﻿ / ﻿北緯37.138972度 東経138.803750度﻿ /37.138972; 138.803750座標: 緯度の分が60以上です座標: 緯度の秒が60以上です{{#coordinates:}}: 緯度 (lat) の値が無効です","2,076m","志賀高原","","","","","","","","","","","","","","",""
"横手山","[34よこてやま横手山上信越高原2,307地理院地図Googleマップ北緯36度40分08秒東経138度31分33秒﻿ / ﻿北緯36.668875度 東経138.525925度﻿ /36.668875; 138.525925﻿ (横手山)日本三百名山ぐんま百名山信州百山] 横手山 （よこてやま）は、 長野県 下高井郡 山ノ内町 と 群馬県 吾妻郡 中之条町 との境にある 火山 である。","https://ja.wikipedia.org/wiki/横手山","信州百名山","https://ja.wikipedia.org/wiki/信州百名山","表形式","北緯36度40分08秒東経138度31分33秒","日本長野県下高井郡山ノ内町・群馬県吾妻郡中之条町","北緯36度40分08秒東経138度31分33秒﻿ / ﻿北緯36.66889度 東経138.52583度﻿ /36.66889; 138.52583座標:北緯36度40分08秒東経138度31分33秒﻿ / ﻿北緯36.66889度 東経138.52583度﻿ /36.66889; 138.52583","2,307m","志賀高原","","","","","","","","","","","","","","",""
"御飯岳 (存在しないページ)","[35おめしだけ御飯岳上信越高原2,160.4地理院地図Googleマップ北緯36度37分44秒東経138度27分31秒﻿ / ﻿北緯36.628760度 東経138.458583度﻿ /36.628760; 138.458583﻿ (御飯岳)ぐんま百名山]","https://ja.wikipedia.org/w/index.php?title=御飯岳&amp;action=edit&amp;redlink=1","信州百名山","https://ja.wikipedia.org/wiki/信州百名山","表形式","","","","","","","","","","","","","","","","","","","",""
"四阿山","[36あずまやさん四阿山上信越高原2,354地理院地図Googleマップ北緯36度32分30秒東経138度24分45秒﻿ / ﻿北緯36.541546度 東経138.412531度﻿ /36.541546; 138.412531﻿ (四阿山)日本百名山新日本百名山ぐんま百名山信州百山吾妻山] 四阿山 （あずまやさん）は 長野県 と 群馬県 の県境に跨る 山 。 標高 2,354m。 日本百名山 の一つに数えられている。 吾妻山 ・ 吾嬬山 （あがつまやま）などとも呼ばれ、 嬬恋村 では吾妻山が用いられている。","https://ja.wikipedia.org/wiki/四阿山","信州百名山","https://ja.wikipedia.org/wiki/信州百名山","表形式","北緯36度32分30秒東経138度24分47秒","長野県上田市・須坂市、群馬県吾妻郡嬬恋村","北緯36度32分30秒東経138度24分47秒﻿ / ﻿北緯36.54167度 東経138.41306度﻿ /36.54167; 138.41306座標:北緯36度32分30秒東経138度24分47秒﻿ / ﻿北緯36.54167度 東経138.41306度﻿ /36.54167; 138.41306","2,354m","","成層火山","","","","","","","","","","","","","",""
"烏帽子岳 (上田市・東御市)","[37えぼしだけ烏帽子岳上信越高原2,065.9地理院地図Googleマップ北緯36度26分00秒東経138度23分14秒﻿ / ﻿北緯36.433418度 東経138.387089度﻿ /36.433418; 138.387089﻿ (烏帽子岳)信州百山烏帽子山] 烏帽子岳 （えぼしだけ）は、 長野県 上田市 と同県 東御市 との境にある 標高 2,066mの 山 である。 烏帽子山 （えぼしやま）とも呼ばれている。","https://ja.wikipedia.org/wiki/烏帽子岳_(上田市・東御市)","信州百名山","https://ja.wikipedia.org/wiki/信州百名山","表形式","北緯36度26分00秒東経138度23分14秒","日本長野県上田市・東御市","北緯36度26分00秒東経138度23分14秒﻿ / ﻿北緯36.43333度 東経138.38722度﻿ /36.43333; 138.38722座標:北緯36度26分00秒東経138度23分14秒﻿ / ﻿北緯36.43333度 東経138.38722度﻿ /36.43333; 138.38722","2,066m","","成層火山","","","","","","","","","","","","","",""
"太郎山 (長野県上田市)","[38たろうやま太郎山上信越高原1,164.5地理院地図Googleマップ北緯36度25分59秒東経138度14分55秒﻿ / ﻿北緯36.433193度 東経138.248656度﻿ /36.433193; 138.248656﻿ (太郎山)信州百山] 太郎山 （たろうやま）は、 長野県 上田市 と 埴科郡 坂城町 の境に位置する 山 。 標高 は1,164 m 。 上田盆地 の北縁をなしている。","https://ja.wikipedia.org/wiki/太郎山_(長野県上田市)","信州百名山","https://ja.wikipedia.org/wiki/信州百名山","表形式","北緯36度25分59秒東経138度14分55秒","日本長野県上田市埴科郡坂城町","北緯36度25分59秒東経138度14分55秒﻿ / ﻿北緯36.43306度 東経138.24861度﻿ /36.43306; 138.24861座標:北緯36度25分59秒東経138度14分55秒﻿ / ﻿北緯36.43306度 東経138.24861度﻿ /36.43306; 138.24861","1,164m","","","","","","","","","","","","","","","",""
"篭ノ登山","[39かごのとやま篭ノ登山上信越高原2,227.9地理院地図Googleマップ北緯36度25分10秒東経138度26分49秒﻿ / ﻿北緯36.419391度 東経138.447031度﻿ /36.419391; 138.447031﻿ (篭ノ登山)一等三角点百名山ぐんま百名山] 篭ノ登山 （かごのとやま）は、 群馬県 吾妻郡 嬬恋村 と 長野県 東御市 との境に位置する 山  。ぐんま百名山  、 信州百名山  。","https://ja.wikipedia.org/wiki/篭ノ登山","信州百名山","https://ja.wikipedia.org/wiki/信州百名山","表形式","北緯36度25分10秒東経138度26分50秒","群馬県吾妻郡嬬恋村・長野県東御市","東篭ノ登山北緯36度25分10秒東経138度26分50秒﻿ / ﻿北緯36.41944度 東経138.44722度﻿ /36.41944; 138.44722座標:北緯36度25分10秒東経138度26分50秒﻿ / ﻿北緯36.41944度 東経138.44722度﻿ /36.41944; 138.44722西篭ノ登山北緯36度25分21秒東経138度26分31秒﻿ / ﻿北緯36.42250度 東経138.44194度﻿ /36.42250; 138.44194","東篭ノ登山 2,227.91m西篭ノ登山 2,212m","浅間連峰（烏帽子火山群）","安山岩質溶岩円頂丘（溶岩ドーム）","","","","","","","","","","","","","",""
"浅間山","[40あさまやま浅間山上信越高原2,568地理院地図Googleマップ北緯36度24分24秒東経138度33分11秒﻿ / ﻿北緯36.406575度 東経138.552930度﻿ /36.406575; 138.552930﻿ (浅間山)日本百名山花の百名山ぐんま百名山信州百山] 浅間山 （あさまやま）は、 長野県 北佐久郡 軽井沢町 及び 御代田町 と 群馬県 吾妻郡 嬬恋村 との境にある 安山岩 質の 標高 2,568 メートル (m) の 成層火山 。山体は 円錐 形で カルデラ も形成されており、活発な 活火山 として知られる。","https://ja.wikipedia.org/wiki/浅間山","信州百名山","https://ja.wikipedia.org/wiki/信州百名山","表形式","北緯36度24分23秒東経138度31分23秒","日本群馬県吾妻郡嬬恋村長野県北佐久郡軽井沢町・御代田町","北緯36度24分23秒東経138度31分23秒﻿ / ﻿北緯36.40639度 東経138.52306度﻿ /36.40639; 138.52306座標:北緯36度24分23秒東経138度31分23秒﻿ / ﻿北緯36.40639度 東経138.52306度﻿ /36.40639; 138.52306","2,568m","浅間山系","成層火山（活火山ランクA）","","","","","","","","","","","","","",""
"鼻曲山","[41はなまがりやま鼻曲山上信越高原1,655地理院地図Googleマップ北緯36度24分39秒東経138度38分43秒﻿ / ﻿北緯36.410935度 東経138.645319度﻿ /36.410935; 138.645319﻿ (鼻曲山)ぐんま百名山] 鼻曲山 （はなまがりやま）は、 群馬県 高崎市 、 吾妻郡 長野原町 および 長野県 北佐久郡 軽井沢町 との境界にある 山 である。","https://ja.wikipedia.org/wiki/鼻曲山","信州百名山","https://ja.wikipedia.org/wiki/信州百名山","表形式","北緯36度24分39秒東経138度38分43秒","群馬県高崎市・吾妻郡長野原町・長野県北佐久郡軽井沢町","北緯36度24分39秒東経138度38分43秒﻿ / ﻿北緯36.41083度 東経138.64528度﻿ /36.41083; 138.64528座標:北緯36度24分39秒東経138度38分43秒﻿ / ﻿北緯36.41083度 東経138.64528度﻿ /36.41083; 138.64528","1,655m","","","","","","","","","","","","","","","",""
"荒船山","[42あらふねやま荒船山上信越高原1,422.7地理院地図Googleマップ北緯36度12分14秒東経138度38分14秒﻿ / ﻿北緯36.203984度 東経138.637129度﻿ /36.203984; 138.637129﻿ (荒船山)日本二百名山新日本百名山ぐんま百名山信州百山] 荒船山 （あらふねやま）は 群馬県 甘楽郡 下仁田町 と 長野県 佐久市 に跨る標高1,423mの山である。 妙義荒船佐久高原国定公園 に属している。 日本二百名山 のひとつ。","https://ja.wikipedia.org/wiki/荒船山","信州百名山","https://ja.wikipedia.org/wiki/信州百名山","表形式","北緯36度12分14秒東経138度38分13秒","日本群馬県甘楽郡下仁田町長野県佐久市","北緯36度12分14秒東経138度38分13秒﻿ / ﻿北緯36.20389度 東経138.63694度﻿ /36.20389; 138.63694座標:北緯36度12分14秒東経138度38分13秒﻿ / ﻿北緯36.20389度 東経138.63694度﻿ /36.20389; 138.63694","1,423m","","メサ","","","","","","","","","","","","","",""
"茂来山","[43もらいさん茂来山上信越高原1,717.7地理院地図Googleマップ北緯36度06分43秒東経138度32分52秒﻿ / ﻿北緯36.111821度 東経138.547758度﻿ /36.111821; 138.547758﻿ (茂来山)] 茂来山 （もらいさん）は、 信州百名山 の一つで、 南佐久郡 北東部にある 標高 1,718 m の山。","https://ja.wikipedia.org/wiki/茂来山","信州百名山","https://ja.wikipedia.org/wiki/信州百名山","表形式","北緯36度6分42.6849秒東経138度32分51.7763秒","日本長野県：南佐久郡佐久穂町、小海町","北緯36度6分42.6849秒東経138度32分51.7763秒﻿ / ﻿北緯36.111856917度 東経138.547715639度﻿ /36.111856917; 138.547715639座標:北緯36度6分42.6849秒東経138度32分51.7763秒﻿ / ﻿北緯36.111856917度 東経138.547715639度﻿ /36.111856917; 138.547715639","1717.8m","秩父山地","","","","","","","","","","","","","","",""
"御座山","[44おぐらさん御座山奥秩父2,112.3地理院地図Googleマップ北緯36度02分03秒東経138度36分25秒﻿ / ﻿北緯36.034052度 東経138.606872度﻿ /36.034052; 138.606872﻿ (御座山)日本二百名山] 御座山 （おぐらさん）は、 長野県 南佐久郡 北相木村 と 南相木村 とにまたがる山である。 標高 は2,112メートル。 東京都 ・ 埼玉県 ・ 群馬県 ・ 長野県 ・ 山梨県 にまたがり、 関東地方 と 中部地方 の境界をなす 関東山地 に属している。 日本二百名山 のひとつでもある。","https://ja.wikipedia.org/wiki/御座山","信州百名山","https://ja.wikipedia.org/wiki/信州百名山","表形式","北緯36度02分02.7秒東経138度36分24.5秒","日本長野県南佐久郡北相木村・南相木村","北緯36度02分02.7秒東経138度36分24.5秒﻿ / ﻿北緯36.034083度 東経138.606806度﻿ /36.034083; 138.606806座標:北緯36度02分02.7秒東経138度36分24.5秒﻿ / ﻿北緯36.034083度 東経138.606806度﻿ /36.034083; 138.606806","2,112m","関東山地","","","","","","","","","","","","","","",""
"天狗山 (関東山地) (存在しないページ)","[45てんぐやま天狗山奥秩父1,882.0地理院地図Googleマップ北緯35度59分30秒東経138度34分08秒﻿ / ﻿北緯35.991702度 東経138.568906度﻿ /35.991702; 138.568906﻿ (天狗山)新・花の百名山]","https://ja.wikipedia.org/w/index.php?title=天狗山_(関東山地)&amp;action=edit&amp;redlink=1","信州百名山","https://ja.wikipedia.org/wiki/信州百名山","表形式","","","","","","","","","","","","","","","","","","","",""
"甲武信ヶ岳","[46こぶしがたけ甲武信ヶ岳奥秩父2,475地理院地図Googleマップ北緯35度54分33秒東経138度43分44秒﻿ / ﻿北緯35.909130度 東経138.728867度﻿ /35.909130; 138.728867﻿ (甲武信ヶ岳)日本百名山山梨百名山信州百山] 甲武信ヶ岳 （こぶしがたけ）は、 山梨県 ・ 埼玉県 ・ 長野県 の3県の境にある 標高 2,475mの 山 で、 奥秩父山塊 の主脈の中央に位置する。甲武信岳（こぶしだけ）とも呼ぶ。","https://ja.wikipedia.org/wiki/甲武信ヶ岳","信州百名山","https://ja.wikipedia.org/wiki/信州百名山","表形式","北緯35度54分32秒東経138度43分44秒","埼玉県秩父市山梨県山梨市長野県川上村","北緯35度54分32秒東経138度43分44秒﻿ / ﻿北緯35.90889度 東経138.72889度﻿ /35.90889; 138.72889座標:北緯35度54分32秒東経138度43分44秒﻿ / ﻿北緯35.90889度 東経138.72889度﻿ /35.90889; 138.72889","2,475m","奥秩父山塊","","","","","","","","","","","","","","",""
"国師岳","[47こくしだけ国師岳奥秩父2,591.9地理院地図Googleマップ北緯35度52分15秒東経138度40分23秒﻿ / ﻿北緯35.870824度 東経138.672978度﻿ /35.870824; 138.672978﻿ (国師岳)日本三百名山花の百名山一等三角点百名山山梨百名山] 国師岳 （こくしだけ）は 山梨県 山梨市 と 長野県 南佐久郡 川上村 の境界にある 標高 2,592 m の 山 である。 国師ヶ岳 （こくしがたけ）とも呼ばれる。","https://ja.wikipedia.org/wiki/国師岳","信州百名山","https://ja.wikipedia.org/wiki/信州百名山","表形式","北緯35度52分15秒東経138度40分23秒","日本山梨県山梨市長野県南佐久郡川上村","北緯35度52分15秒東経138度40分23秒﻿ / ﻿北緯35.87083度 東経138.67306度﻿ /35.87083; 138.67306座標:北緯35度52分15秒東経138度40分23秒﻿ / ﻿北緯35.87083度 東経138.67306度﻿ /35.87083; 138.67306","2,592m","奥秩父山塊","","","","","","","","","","","","","","",""
"金峰山 (山梨県・長野県)","[48きんぷさん金峰山奥秩父2,599地理院地図Googleマップ北緯35度52分17秒東経138度37分31秒﻿ / ﻿北緯35.871518度 東経138.625367度﻿ /35.871518; 138.625367﻿ (金峰山)日本百名山新日本百名山花の百名山山梨百名山信州百山] 金峰山 （きんぷさん/きんぽうざん）は、 山梨県 甲府市 と 長野県 南佐久郡 川上村 の境界にある標高2,599 m の 山 である。別名「 甲州御岳山 」  。","https://ja.wikipedia.org/wiki/金峰山_(山梨県・長野県)","信州百名山","https://ja.wikipedia.org/wiki/信州百名山","表形式","北緯35度52分17秒東経138度37分31秒","山梨県甲府市長野県南佐久郡川上村","北緯35度52分17秒東経138度37分31秒﻿ / ﻿北緯35.87139度 東経138.62528度﻿ /35.87139; 138.62528座標:北緯35度52分17秒東経138度37分31秒﻿ / ﻿北緯35.87139度 東経138.62528度﻿ /35.87139; 138.62528","2,599m","奥秩父山塊","","","","","","","","","","","","","","",""
"小川山","[49おがわやま小川山奥秩父2,418.4地理院地図Googleマップ北緯35度54分34秒東経138度36分44秒﻿ / ﻿北緯35.909491度 東経138.612325度﻿ /35.909491; 138.612325﻿ (小川山)山梨百名山] 小川山 （おがわやま）は 山梨県 北杜市 と 長野県 南佐久郡 川上村 の境にある標高2,418mの 山 。 奥秩父 山地に属する。","https://ja.wikipedia.org/wiki/小川山","信州百名山","https://ja.wikipedia.org/wiki/信州百名山","表形式","北緯35度54分33秒東経138度36分44秒","日本山梨県北杜市長野県南佐久郡川上村","北緯35度54分33秒東経138度36分44秒﻿ / ﻿北緯35.90917度 東経138.61222度﻿ /35.90917; 138.61222座標:北緯35度54分33秒東経138度36分44秒﻿ / ﻿北緯35.90917度 東経138.61222度﻿ /35.90917; 138.61222","2,418m","奥秩父山塊","山塊","","","","","","","","","","","","","",""
"白馬岳","[50しろうまだけ白馬岳北アルプス2,932.3地理院地図Googleマップ北緯36度45分31秒東経137度45分31秒﻿ / ﻿北緯36.758521度 東経137.758475度﻿ /36.758521; 137.758475﻿ (白馬岳)日本百名山新日本百名山花の百名山新・花の百名山一等三角点百名山越後百山信州百山] 白馬岳 （しろうまだけ）は、 飛騨山脈 （北アルプス）北部の 後立山連峰 にある 標高 2,932 m の 山 。 長野県 と 富山県 とにまたがり、 中部山岳国立公園  内にある。","https://ja.wikipedia.org/wiki/白馬岳","信州百名山","https://ja.wikipedia.org/wiki/信州百名山","表形式","北緯36度45分31秒東経137度45分31秒","日本長野県北安曇郡白馬村富山県黒部市、下新川郡朝日町","北緯36度45分31秒東経137度45分31秒﻿ / ﻿北緯36.75861度 東経137.75861度﻿ /36.75861; 137.75861座標:北緯36度45分31秒東経137度45分31秒﻿ / ﻿北緯36.75861度 東経137.75861度﻿ /36.75861; 137.75861","2,932.24m","飛騨山脈（後立山連峰）","褶曲・隆起","1883年（北安曇郡長ら）","","","","","","","","","","","","",""
"唐松岳","[51からまつだけ唐松岳北アルプス2,695.9地理院地図Googleマップ北緯36度41分14秒東経137度45分17秒﻿ / ﻿北緯36.687174度 東経137.754636度﻿ /36.687174; 137.754636﻿ (唐松岳)日本三百名山新日本百名山信州百山] 唐松岳 （からまつだけ）は 飛騨山脈 （北アルプス）の 後立山連峰 にある 長野県 北安曇郡 白馬村 と 富山県 黒部市 にまたがる 標高 2,695.9 m の山    。別名が上犬ヶ嶽  。 剱岳 ・ 立山 ・ 鹿島槍ヶ岳 と並び、日本では数少ない 氷河 の現存する山である  。","https://ja.wikipedia.org/wiki/唐松岳","信州百名山","https://ja.wikipedia.org/wiki/信州百名山","表形式","北緯36度41分14秒東経137度45分17秒","日本長野県北安曇郡白馬村、富山県黒部市","北緯36度41分14秒東経137度45分17秒﻿ / ﻿北緯36.68722度 東経137.75472度﻿ /36.68722; 137.75472座標:北緯36度41分14秒東経137度45分17秒﻿ / ﻿北緯36.68722度 東経137.75472度﻿ /36.68722; 137.75472","2,695.9m","後立山連峰（飛騨山脈北部）","","","","","","","","","","","","","","",""
"五竜岳","[52ごりゅうだけ五竜岳北アルプス2,814.3地理院地図Googleマップ北緯36度39分30秒東経137度45分10秒﻿ / ﻿北緯36.658421度 東経137.752678度﻿ /36.658421; 137.752678﻿ (五竜岳)日本百名山信州百山] 五竜岳 （ごりゅうだけ）は、 飛騨山脈 （北アルプス） 後立山連峰 にある 標高 2,814 m の 山 。山体は 富山県 黒部市 と 長野県 大町市 にまたがり、山頂部は富山県側に位置する  。男性的な山容で、 日本百名山 の一つ  。「竜」のみを 旧字体 にして 五龍岳 と表記されることもある  。旧字体による表記は「五龍嶽」。","https://ja.wikipedia.org/wiki/五竜岳","信州百名山","https://ja.wikipedia.org/wiki/信州百名山","表形式","北緯36度39分30秒東経137度45分10秒","日本富山県黒部市・長野県大町市","北緯36度39分30秒東経137度45分10秒﻿ / ﻿北緯36.65833度 東経137.75278度﻿ /36.65833; 137.75278座標:北緯36度39分30秒東経137度45分10秒﻿ / ﻿北緯36.65833度 東経137.75278度﻿ /36.65833; 137.75278","2,814m","飛騨山脈（後立山連峰）","","三枝威之助（1908年7月）","","","","","","","","","","","","",""
"鹿島槍ヶ岳","[53かしまやりがたけ鹿島槍ヶ岳北アルプス2,889.2地理院地図Googleマップ北緯36度37分28秒東経137度44分49秒﻿ / ﻿北緯36.624548度 東経137.747061度﻿ /36.624548; 137.747061﻿ (鹿島槍ヶ岳)日本百名山花の百名山新・花の百名山信州百山] 鹿島槍ヶ岳 （かしまやりがたけ）は、 富山県 黒部市 、 中新川郡 立山町 および 長野県 大町市 にまたがる 後立山連峰 （ 飛騨山脈 ）の 標高 2,889 m の 山   。 中部山岳国立公園 内にある   。後立山連峰の盟主とされる   。","https://ja.wikipedia.org/wiki/鹿島槍ヶ岳","信州百名山","https://ja.wikipedia.org/wiki/信州百名山","表形式","北緯36度37分28秒東経137度44分49秒","日本富山県黒部市・立山町長野県大町市","北緯36度37分28秒東経137度44分49秒﻿ / ﻿北緯36.62444度 東経137.74694度﻿ /36.62444; 137.74694座標:北緯36度37分28秒東経137度44分49秒﻿ / ﻿北緯36.62444度 東経137.74694度﻿ /36.62444; 137.74694","2,889.08m","飛騨山脈（後立山連峰）","褶曲・隆起","","","","","","","","","","","","","",""
"爺ヶ岳","[54じいがたけ爺ヶ岳北アルプス2,669.9地理院地図Googleマップ北緯36度35分18秒東経137度45分03秒﻿ / ﻿北緯36.588407度 東経137.750811度﻿ /36.588407; 137.750811﻿ (爺ヶ岳)日本三百名山新日本百名山花の百名山信州百山] 爺ヶ岳 （じいがたけ）は、 富山県 中新川郡 立山町 と 長野県 大町市 にまたがる、 飛騨山脈 （北アルプス）・ 後立山連峰 南部の 標高 2,670 m の 山 。山名は長野県側では「 じ いがたけ」と頭高型 アクセント で発音される。また栂山・栂谷ノ峯・後立山・五六ヶ岳・爺岳・爺子岳の別称を持つ  。","https://ja.wikipedia.org/wiki/爺ヶ岳","信州百名山","https://ja.wikipedia.org/wiki/信州百名山","表形式","北緯36度35分18秒東経137度45分03秒","日本富山県中新川郡立山町長野県大町市","北緯36度35分18秒東経137度45分03秒﻿ / ﻿北緯36.58833度 東経137.75083度﻿ /36.58833; 137.75083座標:北緯36度35分18秒東経137度45分03秒﻿ / ﻿北緯36.58833度 東経137.75083度﻿ /36.58833; 137.75083","2,669.82m","飛騨山脈（後立山連峰）","褶曲・隆起","","","","","","","","","","","","","",""
"針ノ木岳","[55はりのきだけ針ノ木岳北アルプス2,820.7地理院地図Googleマップ北緯36度32分17秒東経137度41分04秒﻿ / ﻿北緯36.538080度 東経137.684467度﻿ /36.538080; 137.684467﻿ (針ノ木岳)日本二百名山新・花の百名山信州百山] 針ノ木岳 （はりのきだけ）は、 富山県 中新川郡 立山町 と 長野県 大町市 にまたがる 標高 2,821 m の 山 。 中部山岳国立公園 内にあり  、 後立山連峰 に属する。","https://ja.wikipedia.org/wiki/針ノ木岳","信州百名山","https://ja.wikipedia.org/wiki/信州百名山","表形式","北緯36度32分17秒東経137度41分04秒","日本富山県中新川郡立山町長野県大町市","北緯36度32分17秒東経137度41分04秒﻿ / ﻿北緯36.53806度 東経137.68444度﻿ /36.53806; 137.68444座標:北緯36度32分17秒東経137度41分04秒﻿ / ﻿北緯36.53806度 東経137.68444度﻿ /36.53806; 137.68444","2,820.60m","飛騨山脈（後立山連峰）","褶曲・隆起","","","","","","","","","","","","","",""
"蓮華岳","[56れんげだけ蓮華岳北アルプス2,798.7地理院地図Googleマップ北緯36度32分09秒東経137度42分38秒﻿ / ﻿北緯36.535746度 東経137.710578度﻿ /36.535746; 137.710578﻿ (蓮華岳)日本三百名山新・花の百名山] 蓮華岳 （れんげだけ）は、 飛騨山脈 北部  、 富山県 中新川郡 立山町 と 長野県 大町市 とにまたがる 標高 2,799 m の 山   。 日本で66番目に高い 山  。針ノ木峠を挟んで 針ノ木岳 の東側に対峙している。","https://ja.wikipedia.org/wiki/蓮華岳","信州百名山","https://ja.wikipedia.org/wiki/信州百名山","表形式","北緯36度32分09秒東経137度42分38秒","日本富山県中新川郡立山町長野県大町市","北緯36度32分09秒東経137度42分38秒﻿ / ﻿北緯36.53583度 東経137.71056度﻿ /36.53583; 137.71056座標:北緯36度32分09秒東経137度42分38秒﻿ / ﻿北緯36.53583度 東経137.71056度﻿ /36.53583; 137.71056","2,798.73m","飛騨山脈","","","","","","","","","","","","","","",""
"烏帽子岳 (飛騨山脈)","[57えぼしだけ烏帽子岳北アルプス2,628地理院地図Googleマップ北緯36度28分46秒東経137度39分03秒﻿ / ﻿北緯36.479535度 東経137.650828度﻿ /36.479535; 137.650828﻿ (烏帽子岳)日本二百名山] 烏帽子岳 （えぼしだけ）は、 長野県 大町市 と 富山県 富山市 にまたがる 飛騨山脈 中部に位置する 標高 2,628 m の 山 。山域は 中部山岳国立公園 に指定され  、 日本二百名山 に選定されている  。","https://ja.wikipedia.org/wiki/烏帽子岳_(飛騨山脈)","信州百名山","https://ja.wikipedia.org/wiki/信州百名山","表形式","北緯36度28分46秒東経137度39分03秒","長野県大町市,富山県富山市","北緯36度28分46秒東経137度39分03秒﻿ / ﻿北緯36.47944度 東経137.65083度﻿ /36.47944; 137.65083座標:北緯36度28分46秒東経137度39分03秒﻿ / ﻿北緯36.47944度 東経137.65083度﻿ /36.47944; 137.65083","2,628　m","飛騨山脈（北アルプス）","","","","","","","","","","","","","","",""
"野口五郎岳","[58のぐちごろうだけ野口五郎岳北アルプス2,924.5地理院地図Googleマップ北緯36度25分58秒東経137度38分16秒﻿ / ﻿北緯36.432702度 東経137.637828度﻿ /36.432702; 137.637828﻿ (野口五郎岳)日本三百名山] 野口五郎岳 （のぐちごろうだけ）は、 飛騨山脈 中部にある、標高2,924mの 山 。","https://ja.wikipedia.org/wiki/野口五郎岳","信州百名山","https://ja.wikipedia.org/wiki/信州百名山","表形式","北緯36度25分57秒東経137度38分16秒","富山県富山市、長野県大町市","北緯36度25分57秒東経137度38分16秒﻿ / ﻿北緯36.43250度 東経137.63778度﻿ /36.43250; 137.63778座標:北緯36度25分57秒東経137度38分16秒﻿ / ﻿北緯36.43250度 東経137.63778度﻿ /36.43250; 137.63778","2,924.3m","飛騨山脈","","","","","","","","","","","","","","",""
"鷲羽岳","[59わしばだけ鷲羽岳北アルプス2,924.4地理院地図Googleマップ北緯36度24分11秒東経137度36分20秒﻿ / ﻿北緯36.403018度 東経137.605458度﻿ /36.403018; 137.605458﻿ (鷲羽岳)日本百名山] 鷲羽岳 （わしばだけ）は 長野県 大町市 と 富山県 富山市 にまたがる、 北アルプス の 標高 2,924 m の 山 である。 1934年 （昭和9年）12月4日に 中部山岳国立公園 に指定され、山域はその特別保護地区になっている  。また 日本百名山 にも選定されている  。","https://ja.wikipedia.org/wiki/鷲羽岳","信州百名山","https://ja.wikipedia.org/wiki/信州百名山","表形式","北緯36度24分11秒東経137度36分19秒","日本長野県大町市富山県富山市","北緯36度24分11秒東経137度36分19秒﻿ / ﻿北緯36.40306度 東経137.60528度﻿ /36.40306; 137.60528座標:北緯36度24分11秒東経137度36分19秒﻿ / ﻿北緯36.40306度 東経137.60528度﻿ /36.40306; 137.60528","2,924.35m","飛騨山脈","","志村烏嶺（1907年）","","","","","","","","","","","","",""
"三俣蓮華岳","[60みつまたれんげだけ三俣蓮華岳北アルプス2,841.4地理院地図Googleマップ北緯36度23分24秒東経137度35分16秒﻿ / ﻿北緯36.390016度 東経137.587675度﻿ /36.390016; 137.587675﻿ (三俣蓮華岳)日本三百名山ぎふ百山] 三俣蓮華岳 （みつまたれんげだけ）は 飛騨山脈 にある 標高 2,841 m の 山 。古くは 立山 七十二峰の1つに数えられてきた。山域は 中部山岳国立公園 に指定されている  。 日本三百名山 に選定されている  。","https://ja.wikipedia.org/wiki/三俣蓮華岳","信州百名山","https://ja.wikipedia.org/wiki/信州百名山","表形式","北緯36度23分24秒東経137度35分16秒","日本富山県富山市長野県大町市岐阜県高山市","北緯36度23分24秒東経137度35分16秒﻿ / ﻿北緯36.39000度 東経137.58778度﻿ /36.39000; 137.58778座標:北緯36度23分24秒東経137度35分16秒﻿ / ﻿北緯36.39000度 東経137.58778度﻿ /36.39000; 137.58778","2,841.37m","飛騨山脈（立山連峰、後立山連峰、穂高連峰）","","","","","","","","","","","","","","",""
"餓鬼岳","[61がきだけ餓鬼岳北アルプス2,647.3地理院地図Googleマップ北緯36度26分50秒東経137度44分10秒﻿ / ﻿北緯36.447257度 東経137.735994度﻿ /36.447257; 137.735994﻿ (餓鬼岳)日本二百名山信州百山] 餓鬼岳 （がきだけ）は、 飛騨山脈 （北アルプス）にある 標高 2,647 m の 山 。山体すべてが 長野県 に属し、 中部山岳国立公園 内にあり、 日本二百名山 に選定されている。","https://ja.wikipedia.org/wiki/餓鬼岳","信州百名山","https://ja.wikipedia.org/wiki/信州百名山","表形式","北緯36度26分50秒東経137度44分10秒","長野県大町市","北緯36度26分50秒東経137度44分10秒﻿ / ﻿北緯36.44722度 東経137.73611度﻿ /36.44722; 137.73611","2,647.19m","飛騨山脈（常念山脈）","","","","","","","","","","","","","","",""
"有明山 (安曇野市・松川村)","[62ありあけやま有明山北アルプス2,268.4地理院地図Googleマップ北緯36度23分28秒東経137度46分14秒﻿ / ﻿北緯36.391049度 東経137.770678度﻿ /36.391049; 137.770678﻿ (有明山)日本二百名山信州百山有明富士（安曇富士）] 有明山 （ありあけやま、ありあけざん）は、 飛騨山脈 （北アルプス）にある 標高 2,268 m の 山 。 常念山脈 の前衛に位置し、山体すべてが 長野県 に属する。","https://ja.wikipedia.org/wiki/有明山_(安曇野市・松川村)","信州百名山","https://ja.wikipedia.org/wiki/信州百名山","表形式","北緯36度23分28秒東経137度46分14秒","日本長野県安曇野市・北安曇郡松川村","北緯36度23分28秒東経137度46分14秒﻿ / ﻿北緯36.39111度 東経137.77056度﻿ /36.39111; 137.77056座標:北緯36度23分28秒東経137度46分14秒﻿ / ﻿北緯36.39111度 東経137.77056度﻿ /36.39111; 137.77056","2,268.34m","飛騨山脈（常念山脈）","隆起（花崗岩）","宥快（1721年に開山）","","","","","","","","","","","","",""
"燕岳","[63つばくろだけ燕岳北アルプス2,763.0地理院地図Googleマップ北緯36度24分24秒東経137度42分46秒﻿ / ﻿北緯36.406741度 東経137.712747度﻿ /36.406741; 137.712747﻿ (燕岳)日本二百名山新日本百名山信州百山] 燕岳 （つばくろだけ）は、 飛騨山脈 （北アルプス）にある 標高 2,763 m の 山 。山体すべてが 長野県 に属する。 日本二百名山  及び 新日本百名山  に選定されている。","https://ja.wikipedia.org/wiki/燕岳","信州百名山","https://ja.wikipedia.org/wiki/信州百名山","表形式","北緯36度24分24秒東経137度42分46秒","長野県大町市、安曇野市","北緯36度24分24秒東経137度42分46秒﻿ / ﻿北緯36.40667度 東経137.71278度﻿ /36.40667; 137.71278","2,762.85m","飛騨山脈（常念山脈）","","","","","","","","","","","","","","",""
"大天井岳","[64おてんしょうだけ大天井岳北アルプス2,922.1地理院地図Googleマップ北緯36度21分54秒東経137度42分04秒﻿ / ﻿北緯36.364991度 東経137.701108度﻿ /36.364991; 137.701108﻿ (大天井岳)日本二百名山] 大天井岳 （おてんしょうだけ）は、 飛騨山脈 （北アルプス）にある 標高 2,922 m の 山 。 長野県 の 大町市 ・ 安曇野市 ・ 松本市 にまたがる 常念山脈 の最高峰。","https://ja.wikipedia.org/wiki/大天井岳","信州百名山","https://ja.wikipedia.org/wiki/信州百名山","表形式","北緯36度21分54秒東経137度42分04秒","日本長野県大町市・安曇野市・松本市","北緯36度21分54秒東経137度42分04秒﻿ / ﻿北緯36.36500度 東経137.70111度﻿ /36.36500; 137.70111座標:北緯36度21分54秒東経137度42分04秒﻿ / ﻿北緯36.36500度 東経137.70111度﻿ /36.36500; 137.70111","2,921.91m","飛騨山脈（常念山脈）","","","","","","","","","","","","","","",""
"常念岳","[65じょうねんだけ常念岳北アルプス2,857地理院地図Googleマップ北緯36度19分32秒東経137度43分40秒﻿ / ﻿北緯36.325502度 東経137.727639度﻿ /36.325502; 137.727639﻿ (常念岳)日本百名山一等三角点百名山信州百山] 常念岳 （じょうねんだけ）は、 飛騨山脈 （北アルプス）南部の 常念山脈 にある 標高 2,857 m の 山 である。山体すべてが 長野県 に属し、 松本市 と 安曇野市 にまたがる。 常念山脈 の主峰。 日本百名山 のひとつ  。","https://ja.wikipedia.org/wiki/常念岳","信州百名山","https://ja.wikipedia.org/wiki/信州百名山","表形式","北緯36度19分32秒東経137度43分39秒","長野県松本市･安曇野市","北緯36度19分32秒東経137度43分39秒﻿ / ﻿北緯36.32556度 東経137.72750度﻿ /36.32556; 137.72750","2,857m","飛騨山脈（常念山脈）","","ウォルター・ウェストン(1894年)my,","","","","","","","","","","","","",""
"蝶ヶ岳","[66ちょうがたけ蝶ヶ岳北アルプス2,677地理院地図Googleマップ北緯36度17分15秒東経137度43分34秒﻿ / ﻿北緯36.287483度 東経137.726137度﻿ /36.287483; 137.726137﻿ (蝶ヶ岳)信州百山] 蝶ヶ岳 （ちょうがたけ）は、 飛騨山脈 （北アルプス）にある 標高 2,677 m の 山 。 常念山脈 の稜線上、 常念岳 の南にあり、山体すべてが 長野県 に属する。 中部山岳国立公園 内にある  。","https://ja.wikipedia.org/wiki/蝶ヶ岳","信州百名山","https://ja.wikipedia.org/wiki/信州百名山","表形式","北緯36度17分15秒東経137度43分34秒","長野県松本市、安曇野市","北緯36度17分15秒東経137度43分34秒﻿ / ﻿北緯36.28750度 東経137.72611度﻿ /36.28750; 137.72611","2,677m","飛騨山脈","","","","","","","","","","","","","","",""
"大滝山 (飛騨山脈)","[67おおたきやま大滝山北アルプス2,616地理院地図Googleマップ北緯36度16分27秒東経137度44分36秒﻿ / ﻿北緯36.274094度 東経137.743245度﻿ /36.274094; 137.743245﻿ (大滝山)] 大滝山 （おおたきやま）は、 飛騨山脈 （北アルプス）南部に位置し、 長野県 松本市 と 安曇野市 にまたがる 標高 2,616 m の 山  。 最高点 は北峰。三等 三角点 （点名が「大滝」、標高2,614.63 m）が南峰に設置されている   。別名が、大嶽（おおだけ、信府統記による）、崩岳（くずれだけ、 安曇郡 誌による）、手水嶽（ちょうずだけ、 播隆 絵図による）  。","https://ja.wikipedia.org/wiki/大滝山_(飛騨山脈)","信州百名山","https://ja.wikipedia.org/wiki/信州百名山","表形式","北緯36度16分27秒東経137度44分36秒","日本長野県松本市・安曇野市","北緯36度16分27秒東経137度44分36秒﻿ / ﻿北緯36.27417度 東経137.74333度﻿ /36.27417; 137.74333座標:北緯36度16分27秒東経137度44分36秒﻿ / ﻿北緯36.27417度 東経137.74333度﻿ /36.27417; 137.74333","2,616m","飛騨山脈（常念山脈）","","1828年、播隆、中田又重郎（登山記録上）","","","","","","","","","","","","",""
"槍ヶ岳","[68やりがたけ槍ヶ岳北アルプス3,179.7地理院地図Googleマップ北緯36度20分31秒東経137度38分52秒﻿ / ﻿北緯36.342071度 東経137.647703度﻿ /36.342071; 137.647703﻿ (槍ヶ岳)日本百名山新日本百名山花の百名山ぎふ百山信州百山] 槍ヶ岳 （やりがたけ）は、 飛騨山脈 南部にある 標高 3,180 m の 山 である。山域は 中部山岳国立公園 に指定されており  、 日本で5番目に高い山 である。 長野県 松本市 ・ 大町市 ・ 岐阜県 高山市 の境界にある。初登攀は 僧 の 播隆上人 。 日本百名山  、 新日本百名山  及び 花の百名山  に選定されている。通称「槍」。","https://ja.wikipedia.org/wiki/槍ヶ岳","信州百名山","https://ja.wikipedia.org/wiki/信州百名山","表形式","北緯36度20分31秒東経137度38分51秒","日本長野県松本市、大町市岐阜県高山市","北緯36度20分31秒東経137度38分51秒﻿ / ﻿北緯36.34194度 東経137.64750度﻿ /36.34194; 137.64750座標:北緯36度20分31秒東経137度38分51秒﻿ / ﻿北緯36.34194度 東経137.64750度﻿ /36.34194; 137.64750","3,180m","飛騨山脈","氷食尖峰","1828年7月20日 (旧暦)（播隆上人）","","","","","","","","","","","","",""
"穂高岳","[69ほたかだけ穂高岳北アルプス3,190地理院地図Googleマップ北緯36度17分21秒東経137度38分53秒﻿ / ﻿北緯36.289224度 東経137.647972度﻿ /36.289224; 137.647972﻿ (穂高岳)日本百名山一等三角点百名山ぎふ百山信州百山] 穂高岳 （ほたかだけ）は、 中部山岳国立公園  の 飛驒山脈 にある 標高 3,190 m の 山 （奥穂高岳）を主峰とする山々の総称。 日本第3位 の高峰。 日本百名山  、 新日本百名山  及び 花の百名山  に選定されている。これらの山々は 穂高連峰 とも称され、 槍ヶ岳 とともに 槍・穂高連峰 とも称される  。","https://ja.wikipedia.org/wiki/穂高岳","信州百名山","https://ja.wikipedia.org/wiki/信州百名山","表形式","北緯36度17分21秒東経137度38分53秒","長野県松本市、岐阜県高山市","北緯36度17分21秒東経137度38分53秒﻿ / ﻿北緯36.28917度 東経137.64806度﻿ /36.28917; 137.64806座標:北緯36度17分21秒東経137度38分53秒﻿ / ﻿北緯36.28917度 東経137.64806度﻿ /36.28917; 137.64806","3,190m","飛驒山脈","","1906年(阿部郡治)","","","","","","","","","","","","",""
"焼岳","[70やけだけ焼岳北アルプス2,455.5地理院地図Googleマップ北緯36度13分37秒東経137度35分14秒﻿ / ﻿北緯36.226952度 東経137.587097度﻿ /36.226952; 137.587097﻿ (焼岳)日本百名山ぎふ百山信州百山] 焼岳 (やけだけ)は 飛騨山脈 の 長野県 と 岐阜県 にまたがる 標高 2,455 m の 活火山 で、別名は硫黄岳  。常時観測対象の火山  に指定され、 日本百名山 に選定されている  。","https://ja.wikipedia.org/wiki/焼岳","信州百名山","https://ja.wikipedia.org/wiki/信州百名山","表形式","北緯36度13分37秒東経137度35分13秒","日本長野県松本市岐阜県高山市","北緯36度13分37秒東経137度35分13秒﻿ / ﻿北緯36.22694度 東経137.58694度﻿ /36.22694; 137.58694座標:北緯36度13分37秒東経137度35分13秒﻿ / ﻿北緯36.22694度 東経137.58694度﻿ /36.22694; 137.58694","2,455m","飛騨山脈","成層火山（活火山ランクB）噴火警戒レベル1（活火山であることに 留意）・常時観測火山","","","","","","","","","","","","","",""
"霞沢岳","[71かすみざわだけ霞沢岳北アルプス2,645.8地理院地図Googleマップ北緯36度13分16秒東経137度38分26秒﻿ / ﻿北緯36.221207度 東経137.640556度﻿ /36.221207; 137.640556﻿ (霞沢岳)日本二百名山] 霞沢岳 （かすみざわだけ）は、 飛騨山脈 （北アルプス）南部に位置する 標高 は2,646 m の 山 。山体すべてが 長野県 松本市 に属する。","https://ja.wikipedia.org/wiki/霞沢岳","信州百名山","https://ja.wikipedia.org/wiki/信州百名山","表形式","北緯36度13分16秒東経137度38分26秒","長野県松本市","北緯36度13分16秒東経137度38分26秒﻿ / ﻿北緯36.22111度 東経137.64056度﻿ /36.22111; 137.64056座標:北緯36度13分16秒東経137度38分26秒﻿ / ﻿北緯36.22111度 東経137.64056度﻿ /36.22111; 137.64056","2,645.60m","飛騨山脈（常念山脈）","","","","","","","","","","","","","","",""
"乗鞍岳","[72のりくらだけ乗鞍岳北アルプス3,025.7地理院地図Googleマップ北緯36度06分23秒東経137度33分13秒﻿ / ﻿北緯36.106503度 東経137.553592度﻿ /36.106503; 137.553592﻿ (乗鞍岳)日本百名山新日本百名山一等三角点百名山ぎふ百山信州百山] 乗鞍岳 （のりくらだけ）は、 飛騨山脈 南部の 長野県 松本市 と 岐阜県 高山市 にまたがる 剣ヶ峰 （ 標高 3,026 m ）を主峰とする山々の総称。山頂部の権現池火口の外輪山に位置する 最高峰 の 剣ヶ峰 、 朝日岳 などの8峰を含め、 摩利支天 岳、 富士見岳 など23の峰があり、高山市奥飛騨温泉郷、高山市 丹生川町 、高山市 朝日町 、高山市 高根町 、 長野県 松本市安曇 にまたがる広大な裾野をもつ。 飛騨 側の高山市街地などから大きな山容を望むことができ、親しまれてきた 山 である   。剣ヶ峰は、 本州 を 太平洋 側と 日本海 側に分ける 分水界 上の最高峰でもある。","https://ja.wikipedia.org/wiki/乗鞍岳","信州百名山","https://ja.wikipedia.org/wiki/信州百名山","表形式","北緯36度6分23秒東経137度33分13秒","日本長野県松本市岐阜県高山市","北緯36度6分23秒東経137度33分13秒﻿ / ﻿北緯36.10639度 東経137.55361度﻿ /36.10639; 137.55361座標:北緯36度6分23秒東経137度33分13秒﻿ / ﻿北緯36.10639度 東経137.55361度﻿ /36.10639; 137.55361","3,025.73m","飛騨山脈","複合火山（活火山ランクC）噴火警戒レベル1（活火山であることに留意）・常時観測火山","1683年（円空上人）","","","","","","","","","","","","",""
"御嶽山","[73おんたけさん御嶽山木曽山群3,067地理院地図Googleマップ北緯35度53分35秒東経137度28分50秒﻿ / ﻿北緯35.892987度 東経137.480432度﻿ /35.892987; 137.480432﻿ (御嶽山)日本百名山新日本百名山花の百名山一等三角点百名山ぎふ百山信州百山木曽の三岳] 御嶽山  （おんたけさん）は、 長野県 木曽郡 木曽町 ・ 王滝村 と 岐阜県 下呂市 ・ 高山市 にまたがり、 東日本火山帯 の西端に位置する 標高 3,067 m の複合 成層火山 である   。大きな裾野を広げる 独立峰 である   。","https://ja.wikipedia.org/wiki/御嶽山","信州百名山","https://ja.wikipedia.org/wiki/信州百名山","表形式","北緯35度53分34秒東経137度28分49秒","日本長野県木曽郡木曽町・王滝村岐阜県下呂市・高山市","北緯35度53分34秒東経137度28分49秒﻿ / ﻿北緯35.89278度 東経137.48028度﻿ /35.89278; 137.48028座標:北緯35度53分34秒東経137度28分49秒﻿ / ﻿北緯35.89278度 東経137.48028度﻿ /35.89278; 137.48028","最高峰剣ヶ峰 3,067m","独立峰（御嶽山系）","成層火山活火山ランクB、噴火警戒レベル1(活火山であることに留意)","（702年に役小角が開山）","2014年（継続中）","","","","","","","","","","","",""
"鉢盛山","[74はちもりやま鉢盛山木曽山群2,446.6地理院地図Googleマップ北緯36度05分12秒東経137度45分17秒﻿ / ﻿北緯36.086721度 東経137.754794度﻿ /36.086721; 137.754794﻿ (鉢盛山)日本三百名山一等三角点百名山信州百山] 鉢盛山 （はちもりやま）は、 長野県 西部の 松本地域 と 木曽地域 との境界にある 標高 2,447 m の 山   。","https://ja.wikipedia.org/wiki/鉢盛山","信州百名山","https://ja.wikipedia.org/wiki/信州百名山","表形式","北緯36度5分12秒東経137度45分17秒","日本長野県松本市東筑摩郡朝日村木曽郡木祖村","北緯36度5分12秒東経137度45分17秒﻿ / ﻿北緯36.08667度 東経137.75472度﻿ /36.08667; 137.75472座標:北緯36度5分12秒東経137度45分17秒﻿ / ﻿北緯36.08667度 東経137.75472度﻿ /36.08667; 137.75472","2,446.43m","飛騨山脈","","","","","","","","","","","","","","",""
"小秀山","[75こひでやま小秀山木曽山群1,981.9地理院地図Googleマップ北緯35度47分08秒東経137度23分49秒﻿ / ﻿北緯35.785446度 東経137.396953度﻿ /35.785446; 137.396953﻿ (小秀山)日本二百名山ぎふ百山] 小秀山 （こひでやま）は、 御嶽山系 の 阿寺山地 にある 標高 1,982 m の 山 。山体は 岐阜県 中津川市 と 長野県 木曽郡 王滝村 にまたがる。山頂から北側に、 御嶽山 の大きな山容を望むことができ、「 日本二百名山 」  、「 ぎふ百山 」  および 信州百名山 に選定されている。","https://ja.wikipedia.org/wiki/小秀山","信州百名山","https://ja.wikipedia.org/wiki/信州百名山","表形式","北緯35度47分08秒東経137度23分49秒","日本岐阜県中津川市長野県木曽郡王滝村","北緯35度47分08秒東経137度23分49秒﻿ / ﻿北緯35.78556度 東経137.39694度﻿ /35.78556; 137.39694座標:北緯35度47分08秒東経137度23分49秒﻿ / ﻿北緯35.78556度 東経137.39694度﻿ /35.78556; 137.39694","1,981.68m","阿寺山地（御嶽山系）","","","","","","","","","","","","","","",""
"経ヶ岳 (長野県)","[76きょうがたけ経ヶ岳中央アルプス2,296.4地理院地図Googleマップ北緯35度54分46秒東経137度51分46秒﻿ / ﻿北緯35.912807度 東経137.862667度﻿ /35.912807; 137.862667﻿ (経ヶ岳)日本二百名山信州百山] 経ヶ岳 （きょうがたけ）は、 木曽山脈 （中央アルプス）の北端にある 標高 2,296 m の 山 である。山頂には 石仏 や 石塔 が祀られている。 “経”のつく山 では日本 最高峰 。  日本二百名山","https://ja.wikipedia.org/wiki/経ヶ岳_(長野県)","信州百名山","https://ja.wikipedia.org/wiki/信州百名山","表形式","北緯35度54分46秒東経137度51分46秒","長野県塩尻市上伊那郡辰野町、南箕輪村","北緯35度54分46秒東経137度51分46秒﻿ / ﻿北緯35.91278度 東経137.86278度﻿ /35.91278; 137.86278","2,296.25m","木曽山脈","","","","","","","","","","","","","","",""
"木曽駒ヶ岳","[77きそこまがたけ木曽駒ヶ岳中央アルプス2,956.1地理院地図Googleマップ北緯35度47分22秒東経137度48分17秒﻿ / ﻿北緯35.789458度 東経137.804681度﻿ /35.789458; 137.804681﻿ (木曽駒ヶ岳)日本百名山新日本百名山花の百名山一等三角点百名山信州百山木曽の三岳] 木曽駒ヶ岳 （きそこまがたけ）は 長野県 上松町 ・ 木曽町 ・ 宮田村 の境界にそびえる 標高 2,956 m の 山 で、 木曽山脈 （中央アルプス）の最高峰。 日本百名山  、 新日本百名山  、 花の百名山  に選定されている。 木曾駒ヶ岳 とも表記され、また略して 木曽駒 と呼ばれる事もある。","https://ja.wikipedia.org/wiki/木曽駒ヶ岳","信州百名山","https://ja.wikipedia.org/wiki/信州百名山","表形式","北緯35度47分22秒東経137度48分16秒","長野県木曽郡上松町・木曽町上伊那郡宮田村","北緯35度47分22秒東経137度48分16秒﻿ / ﻿北緯35.78944度 東経137.80444度﻿ /35.78944; 137.80444","2,955.95m","木曽山脈（中央アルプス）","","","","","","","","","","","","","","",""
"空木岳","[78うつぎだけ空木岳中央アルプス2,864.0地理院地図Googleマップ北緯35度43分09秒東経137度49分02秒﻿ / ﻿北緯35.719049度 東経137.817117度﻿ /35.719049; 137.817117﻿ (空木岳)日本百名山信州百山] 空木岳 （うつぎだけ）は 長野県 駒ヶ根市 、 飯島町 、 大桑村 にまたがる 標高 2,864 m の 山 。 木曽駒ヶ岳 山群以外では 木曽山脈 （中央アルプス）で最も標高の高い山であり、 日本百名山 に選定されている。","https://ja.wikipedia.org/wiki/空木岳","信州百名山","https://ja.wikipedia.org/wiki/信州百名山","表形式","北緯35度43分08秒東経137度49分02秒","日本長野県駒ヶ根市・上伊那郡飯島町木曽郡大桑村","北緯35度43分08秒東経137度49分02秒﻿ / ﻿北緯35.71889度 東経137.81722度﻿ /35.71889; 137.81722","2,863.98m","木曽山脈","隆起（花崗岩）、圏谷（東面）","","","","","","","","","","","","","",""
"南駒ヶ岳","[79みなみこまがたけ南駒ヶ岳中央アルプス2,841地理院地図Googleマップ北緯35度42分05秒東経137度48分39秒﻿ / ﻿北緯35.701410度 東経137.810756度﻿ /35.701410; 137.810756﻿ (南駒ヶ岳)日本二百名山] 南駒ヶ岳 （みなみこまがたけ）は、 長野県 の 木曽山脈 にある 標高 2,841 m の 山 。 日本二百名山 に選定されている。","https://ja.wikipedia.org/wiki/南駒ヶ岳","信州百名山","https://ja.wikipedia.org/wiki/信州百名山","表形式","北緯35度42分05秒東経137度48分39秒","日本長野県上伊那郡飯島町木曽郡大桑村","北緯35度42分05秒東経137度48分39秒﻿ / ﻿北緯35.70139度 東経137.81083度﻿ /35.70139; 137.81083座標:北緯35度42分05秒東経137度48分39秒﻿ / ﻿北緯35.70139度 東経137.81083度﻿ /35.70139; 137.81083","2,841m","木曽山脈","","","","","","","","","","","","","","",""
"安平路山","[80あんぺいじやま安平路山中央アルプス2,363.5地理院地図Googleマップ北緯35度37分49秒東経137度46分28秒﻿ / ﻿北緯35.630396度 東経137.774397度﻿ /35.630396; 137.774397﻿ (安平路山)日本二百名山] 安平路山 （あんぺいじやま）は、 長野県 飯田市 と 大桑村 にまたがる 木曽山脈 （中央アルプス）南部にある主稜線上の 標高 2,363 m の 山 。 日本二百名山 に選定されている。","https://ja.wikipedia.org/wiki/安平路山","信州百名山","https://ja.wikipedia.org/wiki/信州百名山","表形式","北緯35度37分50秒東経137度46分28秒","日本長野県飯田市、木曽郡大桑村","北緯35度37分50秒東経137度46分28秒﻿ / ﻿北緯35.63056度 東経137.77444度﻿ /35.63056; 137.77444座標:北緯35度37分50秒東経137度46分28秒﻿ / ﻿北緯35.63056度 東経137.77444度﻿ /35.63056; 137.77444","2,363.14m","木曽山脈","","","","","","","","","","","","","","",""
"風越山 (飯田市)","[81かざこしやま風越山中央アルプス1,535.5地理院地図Googleマップ北緯35度32分58秒東経137度47分02秒﻿ / ﻿北緯35.549460度 東経137.783789度﻿ /35.549460; 137.783789﻿ (風越山)新・花の百名山信州百山権現山] 風越山 （かざこしやま    ）は、 信州百名山 の1つで、 長野県 飯田市 西部にある 標高 1,535メートルの 山 。 中央アルプス の前衛に位置し、 新・花の百名山   に選定されている。","https://ja.wikipedia.org/wiki/風越山_(飯田市)","信州百名山","https://ja.wikipedia.org/wiki/信州百名山","表形式","北緯35度32分58秒東経137度47分02秒","長野県飯田市","北緯35度32分58秒東経137度47分02秒﻿ / ﻿北緯35.54944度 東経137.78389度﻿ /35.54944; 137.78389","1535.48m","木曽山脈","","","","","","","","","","","","","","",""
"南木曽岳","[82なぎそだけ南木曽岳中央アルプス1,679地理院地図Googleマップ北緯35度35分33秒東経137度38分40秒﻿ / ﻿北緯35.592544度 東経137.644401度﻿ /35.592544; 137.644401﻿ (南木曽岳)日本三百名山信州百山木曽の三岳木曽三山] 南木曽岳 （なぎそだけ）は、 木曽山脈（中央アルプス） 南西部、 長野県 南木曽町 にある 標高 1,679 m  の 山 。 日本三百名山 に選定されていて  、長野県の「県自然環境保全地域」の指定を受けている山である   。","https://ja.wikipedia.org/wiki/南木曽岳","信州百名山","https://ja.wikipedia.org/wiki/信州百名山","表形式","北緯35度35分33秒東経137度38分39秒","長野県木曽郡南木曽町","北緯35度35分33秒東経137度38分39秒﻿ / ﻿北緯35.59250度 東経137.64417度﻿ /35.59250; 137.64417座標:北緯35度35分33秒東経137度38分39秒﻿ / ﻿北緯35.59250度 東経137.64417度﻿ /35.59250; 137.64417","1,679m","木曽山脈（中央アルプス）","隆起（花崗岩）","","","","","","","","","","","","","",""
"富士見台高原","[83ふじみだい富士見台中央アルプス1,739地理院地図Googleマップ北緯35度28分59秒東経137度37分47秒﻿ / ﻿北緯35.483021度 東経137.629627度﻿ /35.483021; 137.629627﻿ (富士見台)ぎふ百山富士見台高原] 富士見台高原 （ふじみだいこうげん）は、 岐阜県 中津川市 と 長野県 下伊那郡 阿智村 に跨る 中央アルプス の南端である 恵那山 系にある高原で、岐阜県の 胞山県立自然公園 に含まれる。","https://ja.wikipedia.org/wiki/富士見台高原","信州百名山","https://ja.wikipedia.org/wiki/信州百名山","表形式","","","","","","","","","","","","","","","","","","","",""
"恵那山","[84えなさん恵那山中央アルプス2,191地理院地図Googleマップ北緯35度26分35秒東経137度35分53秒﻿ / ﻿北緯35.443071度 東経137.597917度﻿ /35.443071; 137.597917﻿ (恵那山)日本百名山新・花の百名山一等三角点百名山ぎふ百山信州百山] 恵那山 （えなさん）(胞衣山・胞山）は 長野県 阿智村 と 岐阜県 中津川市 にまたがる、 木曽山脈 （中央アルプス）の最南端の 標高 2,191 m の 山 である  。 日本百名山  及び 新・花の百名山  に選定されている。岐阜県は 胞山県立自然公園 に指定している。","https://ja.wikipedia.org/wiki/恵那山","信州百名山","https://ja.wikipedia.org/wiki/信州百名山","表形式","北緯35度26分37秒東経137度35分50秒","日本長野県下伊那郡阿智村岐阜県中津川市","北緯35度26分37秒東経137度35分50秒﻿ / ﻿北緯35.44361度 東経137.59722度﻿ /35.44361; 137.59722座標:北緯35度26分37秒東経137度35分50秒﻿ / ﻿北緯35.44361度 東経137.59722度﻿ /35.44361; 137.59722","2,191m","木曽山脈","","","","","","","","","","","","","","",""
"大川入山","[85おおかわいりやま大川入山中央アルプス1,908.3地理院地図Googleマップ北緯35度22分55秒東経137度38分38秒﻿ / ﻿北緯35.382035度 東経137.643889度﻿ /35.382035; 137.643889﻿ (大川入山)] 大川入山 （おおかわいりやま）は、 長野県 下伊那郡 阿智村 と 平谷村 にまたがる 木曽山脈 （中央アルプス）最南端にある 標高 1,908 m の 山 である  。 矢作川 水系 および 天竜川 水系和知野川の 支流 の大川入川の 源流 となる山である  。","https://ja.wikipedia.org/wiki/大川入山","信州百名山","https://ja.wikipedia.org/wiki/信州百名山","表形式","北緯35度22分55秒東経137度38分38秒","日本長野県下伊那郡阿智村、平谷村","北緯35度22分55秒東経137度38分38秒﻿ / ﻿北緯35.38194度 東経137.64389度﻿ /35.38194; 137.64389座標:北緯35度22分55秒東経137度38分38秒﻿ / ﻿北緯35.38194度 東経137.64389度﻿ /35.38194; 137.64389","1,907.74m","木曽山脈（中央アルプス）","","","","","","","","","","","","","","",""
"茶臼山 (愛知県・長野県)","[86ちゃうすやま茶臼山中央アルプス1,415.8地理院地図Googleマップ北緯35度13分40秒東経137度39分20秒﻿ / ﻿北緯35.227685度 東経137.655472度﻿ /35.227685; 137.655472﻿ (茶臼山)信州百山] 茶臼山 （ちゃうすやま）は、 愛知県 北設楽郡 豊根村 と 長野県 下伊那郡 根羽村 にまたがる標高1,416 mの 山 である   。","https://ja.wikipedia.org/wiki/茶臼山_(愛知県・長野県)","信州百名山","https://ja.wikipedia.org/wiki/信州百名山","表形式","北緯35度13分39秒東経137度39分20秒","日本愛知県北設楽郡豊根村長野県下伊那郡根羽村","北緯35度13分39秒東経137度39分20秒﻿ / ﻿北緯35.22750度 東経137.65556度﻿ /35.22750; 137.65556座標:北緯35度13分39秒東経137度39分20秒﻿ / ﻿北緯35.22750度 東経137.65556度﻿ /35.22750; 137.65556","1415.23m","美濃三河高原（奥三河）","","","","","","","","","","","","","","",""
"守屋山","[87もりやさん守屋山伊那山脈1,650.6地理院地図Googleマップ北緯35度58分03秒東経138度05分36秒﻿ / ﻿北緯35.967541度 東経138.093397度﻿ /35.967541; 138.093397﻿ (守屋山)花の百名山信州百山] 守屋山 （もりやさん）は、 長野県 諏訪市 と 伊那市 との境にある 標高 1,651mの山である   。","https://ja.wikipedia.org/wiki/守屋山","信州百名山","https://ja.wikipedia.org/wiki/信州百名山","表形式","北緯35度58分03秒東経138度05分36秒","日本長野県諏訪市・伊那市","北緯35度58分03秒東経138度05分36秒﻿ / ﻿北緯35.96750度 東経138.09333度﻿ /35.96750; 138.09333座標:北緯35度58分03秒東経138度05分36秒﻿ / ﻿北緯35.96750度 東経138.09333度﻿ /35.96750; 138.09333","1,650.3m","伊那山地","","","","","","","","","","","","","","",""
"戸倉山 (伊那市・駒ヶ根市)","[88とぐらさん戸倉山伊那山脈1,681.0地理院地図Googleマップ北緯35度44分42秒東経138度03分07秒﻿ / ﻿北緯35.745049度 東経138.052011度﻿ /35.745049; 138.052011﻿ (戸倉山)伊那富士] 戸倉山 （とくらやま      、とぐらやま  、とぐらさん  ）は、 長野県 伊那市 と 駒ヶ根市   にまたがる 伊那山地 の 標高 1,681 m の 山 。別名が 伊那富士  、袴腰（はかまごし）  。昔の信仰では十蔵山（とくらさん）と呼ばれていた  。","https://ja.wikipedia.org/wiki/戸倉山_(伊那市・駒ヶ根市)","信州百名山","https://ja.wikipedia.org/wiki/信州百名山","表形式","北緯35度44分42.5秒東経138度3分6.93秒","日本長野県伊那市、駒ヶ根市","北緯35度44分42.5秒東経138度3分6.93秒﻿ / ﻿北緯35.745139度 東経138.0519250度﻿ /35.745139; 138.0519250座標:北緯35度44分42.5秒東経138度3分6.93秒﻿ / ﻿北緯35.745139度 東経138.0519250度﻿ /35.745139; 138.0519250","1,680.97m","伊那山地","","","","","","","","","","","","","","",""
"鬼面山 (伊那山地)","[89きめんざん鬼面山伊那山脈1,889.8地理院地図Googleマップ北緯35度29分31秒東経137度59分25秒﻿ / ﻿北緯35.492054度 東経137.990170度﻿ /35.492054; 137.990170﻿ (鬼面山)] 鬼面山 （きめんざん）は、 長野県 の 伊那山地 にある 標高 1,890mの 山   。伊那山地の 最高峰 。","https://ja.wikipedia.org/wiki/鬼面山_(伊那山地)","信州百名山","https://ja.wikipedia.org/wiki/信州百名山","表形式","北緯35度29分32秒東経137度59分25秒","日本長野県飯田市・下伊那郡大鹿村・豊丘村","北緯35度29分32秒東経137度59分25秒﻿ / ﻿北緯35.49222度 東経137.99028度﻿ /35.49222; 137.99028座標:北緯35度29分32秒東経137度59分25秒﻿ / ﻿北緯35.49222度 東経137.99028度﻿ /35.49222; 137.99028","1,890m","伊那山地","","","","","","","","","","","","","","",""
"入笠山","[90にゅうかさやま入笠山南アルプス1,955.4地理院地図Googleマップ北緯35度53分47秒東経138度10分18秒﻿ / ﻿北緯35.896374度 東経138.171636度﻿ /35.896374; 138.171636﻿ (入笠山)日本三百名山信州百山] 入笠山 （にゅうかさやま、にゅうがさやま）は、 長野県 の中西部にある 赤石山脈（南アルプス） 北端の標高1,955 m の 山 。","https://ja.wikipedia.org/wiki/入笠山","信州百名山","https://ja.wikipedia.org/wiki/信州百名山","表形式","北緯35度53分47秒東経138度10分18秒","長野県伊那市、諏訪郡富士見町","北緯35度53分47秒東経138度10分18秒﻿ / ﻿北緯35.89639度 東経138.17167度﻿ /35.89639; 138.17167座標:北緯35度53分47秒東経138度10分18秒﻿ / ﻿北緯35.89639度 東経138.17167度﻿ /35.89639; 138.17167","1,955.10m","赤石山脈","","","","","","","","","","","","","","",""
"鋸岳 (赤石山脈)","[91のこぎりだけ鋸岳南アルプス2,685地理院地図Googleマップ北緯35度46分44秒東経138度12分37秒﻿ / ﻿北緯35.778938度 東経138.210192度﻿ /35.778938; 138.210192﻿ (鋸岳)日本二百名山山梨百名山] 鋸岳 （のこぎりだけ）は 赤石山脈 （南アルプス）北端に位置する 標高 2,685 メートル の 山 。 日本二百名山 および 山梨百名山  に選定されている。山頂周辺は 南アルプス国立公園 の特別保護地区に指定されている  。","https://ja.wikipedia.org/wiki/鋸岳_(赤石山脈)","信州百名山","https://ja.wikipedia.org/wiki/信州百名山","表形式","北緯35度46分44秒東経138度12分36秒","日本長野県伊那市山梨県北杜市","北緯35度46分44秒東経138度12分36秒﻿ / ﻿北緯35.77889度 東経138.21000度﻿ /35.77889; 138.21000座標:北緯35度46分44秒東経138度12分36秒﻿ / ﻿北緯35.77889度 東経138.21000度﻿ /35.77889; 138.21000","2,685m","赤石山脈","","","","","","","","","","","","","","",""
"甲斐駒ヶ岳","[92かいこまがたけ甲斐駒ヶ岳南アルプス2,967地理院地図Googleマップ北緯35度45分29秒東経138度14分13秒﻿ / ﻿北緯35.758021度 東経138.236858度﻿ /35.758021; 138.236858﻿ (甲斐駒ヶ岳)日本百名山新日本百名山一等三角点百名山山梨百名山信州百山] 甲斐駒ヶ岳 （かいこまがたけ）は、 南アルプス国立公園 内の 赤石山脈 （南アルプス）北端の 山梨県 北杜市 と 長野県 伊那市 にまたがる 標高 2,967 m の 山 である。峻険な山容をもち、半ば独立峰のような姿勢で屹立する 日本アルプス 屈指の名峰で、 日本百名山  、 新日本百名山  、 新・花の百名山  、 山梨百名山  、 信州百名山 、 日本百景 に選定されている。","https://ja.wikipedia.org/wiki/甲斐駒ヶ岳","信州百名山","https://ja.wikipedia.org/wiki/信州百名山","表形式","北緯35度45分28秒東経138度14分12秒","山梨県北杜市、長野県伊那市","北緯35度45分28秒東経138度14分12秒﻿ / ﻿北緯35.75778度 東経138.23667度﻿ /35.75778; 138.23667座標:北緯35度45分28秒東経138度14分12秒﻿ / ﻿北緯35.75778度 東経138.23667度﻿ /35.75778; 138.23667","2,967m","赤石山脈","隆起（花崗岩）","1818年（小尾権三郎が開山）","","","","","","","","","","","","",""
"仙丈ヶ岳","[93せんじょうがたけ仙丈ヶ岳南アルプス3,032.9地理院地図Googleマップ北緯35度43分12秒東経138度11分01秒﻿ / ﻿北緯35.720116度 東経138.183586度﻿ /35.720116; 138.183586﻿ (仙丈ヶ岳)日本百名山新日本百名山花の百名山新・花の百名山山梨百名山信州百山] 仙丈ヶ岳 または 仙丈岳 （せんじょうがたけ・せんじょうだけ）は、 長野県 伊那市 と 山梨県 南アルプス市 にまたがる 南アルプス国立公園 内の 赤石山脈 の北部にある 標高 3,033 m の 山 である。","https://ja.wikipedia.org/wiki/仙丈ヶ岳","信州百名山","https://ja.wikipedia.org/wiki/信州百名山","表形式","北緯35度43分12秒東経138度11分1秒","日本山梨県南アルプス市長野県伊那市","北緯35度43分12秒東経138度11分1秒﻿ / ﻿北緯35.72000度 東経138.18361度﻿ /35.72000; 138.18361座標:北緯35度43分12秒東経138度11分1秒﻿ / ﻿北緯35.72000度 東経138.18361度﻿ /35.72000; 138.18361","3,032.88m","赤石山脈","氷食尖峰、褶曲隆起","","","","","","","","","","","","","",""
"塩見岳","[94しおみだけ塩見岳南アルプス3,047.3地理院地図Googleマップ北緯35度34分26秒東経138度10分59秒﻿ / ﻿北緯35.573788度 東経138.183072度﻿ /35.573788; 138.183072﻿ (塩見岳)日本百名山新日本百名山] 塩見岳 （しおみだけ）は、 長野県 伊那市 と 静岡県 静岡市 葵区 にまたがる 標高 3,052 m の 山 である。 赤石山脈 （南アルプス）中央部の 南アルプス国立公園 内にあり  、山頂周辺はその特別保護地区に指定されている。頂上は 長野県 伊那市 の最高点である。","https://ja.wikipedia.org/wiki/塩見岳","信州百名山","https://ja.wikipedia.org/wiki/信州百名山","表形式","北緯35度34分26秒東経138度10分59秒","日本長野県伊那市静岡県静岡市葵区","北緯35度34分26秒東経138度10分59秒﻿ / ﻿北緯35.57389度 東経138.18306度﻿ /35.57389; 138.18306座標:北緯35度34分26秒東経138度10分59秒﻿ / ﻿北緯35.57389度 東経138.18306度﻿ /35.57389; 138.18306","3,047.28m","赤石山脈","隆起・褶曲","","","","","","","","","","","","","",""
"赤石岳","[95あかいしだけ赤石岳南アルプス3,120.5地理院地図Googleマップ北緯35度27分40秒東経138度09分27秒﻿ / ﻿北緯35.461174度 東経138.157394度﻿ /35.461174; 138.157394﻿ (赤石岳)日本百名山新日本百名山一等三角点百名山信州百山] 赤石岳 （あかいしだけ）は 赤石山脈 の 長野県 と 静岡県 にまたがる 標高 3,121 m の 山 である   。 南アルプス国立公園 内にあり  、 日本百名山  及び 新日本百名山  に選定されている。","https://ja.wikipedia.org/wiki/赤石岳","信州百名山","https://ja.wikipedia.org/wiki/信州百名山","表形式","北緯35度27分40秒東経138度09分26秒","日本長野県下伊那郡大鹿村静岡県静岡市葵区","北緯35度27分40秒東経138度09分26秒﻿ / ﻿北緯35.4611度 東経138.1572度﻿ /35.4611; 138.1572座標:北緯35度27分40秒東経138度09分26秒﻿ / ﻿北緯35.4611度 東経138.1572度﻿ /35.4611; 138.1572}","3,120.53m","赤石山脈","氷食尖峰、隆起","","","","","","","","","","","","","",""
"聖岳","[96ひじりだけ聖岳南アルプス3,013地理院地図Googleマップ北緯35度25分21秒東経138度08分22秒﻿ / ﻿北緯35.422525度 東経138.139558度﻿ /35.422525; 138.139558﻿ (聖岳)日本百名山信州百山] 聖岳 （ひじりだけ）は、 赤石山脈 （南アルプス）南部の 静岡市 葵区 と 長野県 飯田市 の境界に位置する 標高 3,013 m の 山 である。 日本百名山 に選定されている  。","https://ja.wikipedia.org/wiki/聖岳","信州百名山","https://ja.wikipedia.org/wiki/信州百名山","表形式","北緯35度25分22秒東経138度8分23秒","静岡県静岡市葵区長野県飯田市","北緯35度25分22秒東経138度8分23秒﻿ / ﻿北緯35.42278度 東経138.13972度﻿ /35.42278; 138.13972座標:北緯35度25分22秒東経138度8分23秒﻿ / ﻿北緯35.42278度 東経138.13972度﻿ /35.42278; 138.13972","3,013m","赤石山脈","褶曲隆起","1905年","","","","","","","","","","","","",""
"茶臼岳 (赤石山脈)","[97ちゃうすだけ茶臼岳南アルプス2,604地理院地図Googleマップ北緯35度22分09秒東経138度08分25秒﻿ / ﻿北緯35.369185度 東経138.140344度﻿ /35.369185; 138.140344﻿ (茶臼岳)日本三百名山] 茶臼岳 （ちゃうすだけ）は、 赤石山脈 （南アルプス）南部の 長野県 飯田市 との 静岡市 葵区 境界に位置する 標高 2,604 m の 山 で、 日本三百名山  に選定されている。","https://ja.wikipedia.org/wiki/茶臼岳_(赤石山脈)","信州百名山","https://ja.wikipedia.org/wiki/信州百名山","表形式","北緯35度22分9秒東経138度8分26秒","日本長野県飯田市静岡県静岡市葵区","北緯35度22分9秒東経138度8分26秒﻿ / ﻿北緯35.36917度 東経138.14056度﻿ /35.36917; 138.14056座標:北緯35度22分9秒東経138度8分26秒﻿ / ﻿北緯35.36917度 東経138.14056度﻿ /35.36917; 138.14056","2,604m","赤石山脈","褶曲隆起","","","","","","","","","","","","","",""
"光岳","[98てかりだけ光岳南アルプス2,591.5地理院地図Googleマップ北緯35度20分17秒東経138度05分02秒﻿ / ﻿北緯35.338182度 東経138.083800度﻿ /35.338182; 138.083800﻿ (光岳)日本百名山] 光岳 （てかりだけ）は 赤石山脈 （南アルプス）南部の 標高 2,592 m の 山 である   。 日本百名山 に選定されている  。","https://ja.wikipedia.org/wiki/光岳","信州百名山","https://ja.wikipedia.org/wiki/信州百名山","表形式","北緯35度20分17.4319秒東経138度05分02.6035秒","日本静岡県静岡市葵区・榛原郡川根本町長野県飯田市","北緯35度20分17.4319秒東経138度05分02.6035秒﻿ / ﻿北緯35.338175528度 東経138.084056528度﻿ /35.338175528; 138.084056528座標:北緯35度20分17.4319秒東経138度05分02.6035秒﻿ / ﻿北緯35.338175528度 東経138.084056528度﻿ /35.338175528; 138.084056528","2,591.52m","赤石山脈（南アルプス）","褶曲隆起","","","","","","","","","","","","","",""
"池口岳","[99いけぐちだけ池口岳南アルプス2,392地理院地図Googleマップ北緯35度19分49秒東経138度02分18秒﻿ / ﻿北緯35.330246度 東経138.038311度﻿ /35.330246; 138.038311﻿ (池口岳)日本二百名山] 池口岳 （いけぐちだけ）は、 長野県 と 静岡県 にまたがる 赤石山脈 南部にある 山 である。 標高 2,392m。 日本二百名山 のひとつ。","https://ja.wikipedia.org/wiki/池口岳","信州百名山","https://ja.wikipedia.org/wiki/信州百名山","表形式","北緯35度19分49秒東経138度2分18秒","日本長野県飯田市静岡県榛原郡川根本町","北緯35度19分49秒東経138度2分18秒﻿ / ﻿北緯35.33028度 東経138.03833度﻿ /35.33028; 138.03833座標:北緯35度19分49秒東経138度2分18秒﻿ / ﻿北緯35.33028度 東経138.03833度﻿ /35.33028; 138.03833","2,392m","南アルプス","","","","","","","","","","","","","","",""
"熊伏山","[100くまぶしやま熊伏山南アルプス1,653.7地理院地図Googleマップ北緯35度15分48秒東経137度53分42秒﻿ / ﻿北緯35.263299度 東経137.894897度﻿ /35.263299; 137.894897﻿ (熊伏山)日本三百名山] 熊伏山 （くまぶしやま、くまぶせやま）は 長野県 飯田市 と 下伊那郡 天龍村 の間に位置する標高1653mの山である。 日本三百名山 、 信州百名山 に選定されている。すぐ東側を 中央構造線 が通り、崩壊が多いことで知られる 青崩峠 がある。","https://ja.wikipedia.org/wiki/熊伏山","信州百名山","https://ja.wikipedia.org/wiki/信州百名山","表形式","北緯35度15分47.6秒東経137度53分41.5秒","日本長野県飯田市・下伊那郡天龍村","北緯35度15分47.6秒東経137度53分41.5秒﻿ / ﻿北緯35.263222度 東経137.894861度﻿ /35.263222; 137.894861座標:北緯35度15分47.6秒東経137度53分41.5秒﻿ / ﻿北緯35.263222度 東経137.894861度﻿ /35.263222; 137.894861","1,653.3mm","独立峰","","","","","","","","","","","","","","",""
