"タイトル","コメント","URL","親リストタイトル","親リストURL","一覧抽出方法","座標","所在地","開館","位置","外部リンク","運営","客席数","用途","正式名称","アクセス","延床面積","完成","収容人員","設備","管理運営","階数","構造形式","敷地面積","竣工","設計者"
"旭川市大雪クリスタルホール","[旭川市大雪クリスタルホール（北海道旭川市）] 旭川市大雪クリスタルホール （あさひかわしたいせつクリスタルホール）は、 北海道 旭川市 にある複合施設（ 社会教育施設 ）。旭川市博物館、旭川市音楽堂、旭川市国際会議場によって構成される。「 優良ホール100選 」選定  。","https://ja.wikipedia.org/wiki/旭川市大雪クリスタルホール","優良ホール100選","https://ja.wikipedia.org/wiki/優良ホール100選","箇条書き,制限あり","北緯43度45分36.48秒東経142度21分3.71秒","〒070-0083北海道旭川市神楽3条7丁目","","","","","","","","","9,698.78 m²","","","","旭川市音楽堂等運営協議会","地下1階地上2階建","鉄筋コンクリート造一部プレストレストコンクリート造","52,708.66 m²","",""
"岩見沢市民会館・文化センター","[まなみーる岩見沢市民会館・文化センター（北海道岩見沢市）[1] 岩見沢市民会館・文化センター （いわみざわしみんかいかん・ぶんかセンター）は、 北海道 岩見沢市 にある 多目的ホール 。愛称は「 まなみーる 」。","https://ja.wikipedia.org/wiki/岩見沢市民会館・文化センター","優良ホール100選","https://ja.wikipedia.org/wiki/優良ホール100選","箇条書き,制限あり","北緯43度11分50秒東経141度46分05秒","〒068-0029北海道岩見沢市9条西4丁目1番地1","2003年9月1日","北緯43度11分50秒東経141度46分05秒﻿ / ﻿北緯43.19722度 東経141.76806度﻿ /43.19722; 141.76806﻿ (岩見沢市民会館・文化センター)座標:北緯43度11分50秒東経141度46分05秒﻿ / ﻿北緯43.19722度 東経141.76806度﻿ /43.19722; 141.76806﻿ (岩見沢市民会館・文化センター)","まなみーる 岩見沢市民会館・文化センター","NPO法人はまなすアート&ミュージック・プロダクション（指定管理者）","市民会館1,165席文化センター514席","演劇、音楽、舞踊、講演、各種催事","岩見沢市民会館・文化センター","","","","","","","","","","",""
"札幌市教育文化会館","[札幌市教育文化会館（札幌市中央区）] 札幌市教育文化会館 （さっぽろしきょういくぶんかかいかん）は、 札幌市 中央区 にある文化施設。「 優良ホール100選 」選定。","https://ja.wikipedia.org/wiki/札幌市教育文化会館","優良ホール100選","https://ja.wikipedia.org/wiki/優良ホール100選","箇条書き,制限あり","北緯43度03分35秒東経141度20分13秒","〒060-0001札幌市中央区北1条西13丁目","1977年7月","北緯43度03分35秒東経141度20分13秒﻿ / ﻿北緯43.05972度 東経141.33694度﻿ /43.05972; 141.33694﻿ (札幌市教育文化会館Sapporo Education and Culture Hall)座標:北緯43度03分35秒東経141度20分13秒﻿ / ﻿北緯43.05972度 東経141.33694度﻿ /43.05972; 141.33694﻿ (札幌市教育文化会館Sapporo Education and Culture Hall)","札幌市教育文化会館","札幌市芸術文化財団（指定管理者）","大ホール：1,100席小ホール：360席","演劇、日本舞踊、バレエ、オペラ、コンサート、落語など","","","16,372.06m²","","","","","","","","",""
"札幌コンサートホールKitara","[札幌コンサートホールKitara（札幌市中央区）] 札幌コンサートホール Kitara （さっぽろコンサートホール きたら）は、 札幌市 中央区 にある コンサートホール 。「 優良ホール100選 」選定。愛称の「Kitara」は公募による。札幌市の音楽講師内村直子氏の発案が選定された  。 ギリシャ神話 の芸術の神・ アポローン の楽器「 キタラ 」と方位の「北」の意味が込められている。 その音響は世界的と評価されており、その一例として1998年に バーミンガム市交響楽団 を伴って演奏に訪れた指揮者 サイモン・ラトル は「近代的なコンサートホールとしては世界一」と評した  。","https://ja.wikipedia.org/wiki/札幌コンサートホールKitara","優良ホール100選","https://ja.wikipedia.org/wiki/優良ホール100選","箇条書き,制限あり","北緯43度02分39秒東経141度21分09秒","〒064-8649札幌市中央区中島公園1-15","1997年7月4日","北緯43度02分39秒東経141度21分09秒﻿ / ﻿北緯43.04417度 東経141.35250度﻿ /43.04417; 141.35250﻿ (札幌コンサートホール「Kitara」Sapporo Concert Hall “Kitara”)座標:北緯43度02分39秒東経141度21分09秒﻿ / ﻿北緯43.04417度 東経141.35250度﻿ /43.04417; 141.35250﻿ (札幌コンサートホール「Kitara」Sapporo Concert Hall “Kitara”)","札幌コンサートホール Kitara","札幌市芸術文化財団（指定管理者）","大ホール：2,008席小ホール：453席","クラシック音楽、吹奏楽、合唱","札幌コンサートホール","","20,746.14m²","1997年","","","","","","","",""
"札幌サンプラザ","[札幌サンプラザホール（札幌市北区）] 勤労者の 雇用 の促進と 福祉 の向上を目的とした 勤労者福祉施設 として 札幌市 と 北海道 が協力して誘致を行い  、雇用促進事業団（後の雇用・能力開発機構、現在の 高齢・障害・求職者雇用支援機構 ）が主体となって札幌市と共同で 札幌市交通局 の市電幌北車庫跡地に施設を建設し  、 1986年 （ 昭和 61年）に開業した  。一般財団法人札幌勤労者職業福祉センターが管理運営を担っており、プール、コンサートホール、文化教室、宿泊、レストラン、会議・研修、宴会などの事業を実施している  。 2004年 （ 平成 16年）に国の「特殊法人等整理合理化計画」によって札幌市が施設を取得した   。プールは北区の公的温水プールとしての役割があるほか  、コンサートホールは「 優良ホール100選 」に選定されている。「札幌市就業サポートセンター」はハローワーク、民間職業紹介事業者、札幌市が共同して無料の職業紹介サービスを行っている施設である  。","https://ja.wikipedia.org/wiki/札幌サンプラザ","優良ホール100選","https://ja.wikipedia.org/wiki/優良ホール100選","箇条書き,制限あり","北緯43度05分27秒東経141度20分31秒","〒001-0024札幌市北区北24条西5丁目","","","","","","温水プール、コンサートホール、会議、文化教室（カルチャーセンター）、宿泊施設、レストラン","","","21,858.34 m²","","","","札幌勤労者職業福祉センター","地上7階、地下1階","鉄骨・鉄筋コンクリート造","12,111.98 m²","",""
"札幌市生涯学習総合センター","[札幌市生涯学習総合センター「ちえりあ」（札幌市西区）] 札幌市生涯学習総合センター （さっぽろししょうがいがくしゅうそうごうセンター）は、 札幌市 西区 にある複合公共施設。愛称は「ちえりあ」。","https://ja.wikipedia.org/wiki/札幌市生涯学習総合センター","優良ホール100選","https://ja.wikipedia.org/wiki/優良ホール100選","箇条書き,制限あり","北緯43度05分18秒東経141度16分28秒","〒063-0051札幌市西区宮の沢1条1丁目1-10","","北緯43度05分18秒東経141度16分28秒﻿ / ﻿北緯43.08833度 東経141.27444度﻿ /43.08833; 141.27444座標:北緯43度05分18秒東経141度16分28秒﻿ / ﻿北緯43.08833度 東経141.27444度﻿ /43.08833; 141.27444","","","","","","","20,668.64 m²","","","","札幌市生涯学習振興財団（札幌市生涯学習センター、札幌市教育センター）さっぽろ青少年女性活動協会（札幌市宮の森若者活動センター）環境り・ふれんず（札幌市リサイクルプラザ）","地下2階、地上5階、搭屋1階","鉄骨・鉄筋コンクリート造","11,921.16 m²","2000年4月","北海道日建設計"
"北広島市","[北広島市芸術文化ホール・花ホール（北海道北広島市）] 北広島市 （きたひろしまし）は、 北海道 中部（ 道央地方 ）に位置し、 石狩振興局 に属する 市 。 札幌市 と 新千歳空港 の間に広がるなだらかな丘陵地帯に位置する。","https://ja.wikipedia.org/wiki/北広島市","優良ホール100選","https://ja.wikipedia.org/wiki/優良ホール100選","箇条書き,制限あり","北緯42度59分8.5秒東経141度33分49.1秒","〒061-1192北海道北広島市中央4丁目2-1北緯42度59分8.5秒東経141度33分49.1秒﻿ / ﻿北緯42.985694度 東経141.563639度﻿ /42.985694; 141.563639","","","公式ウェブサイト","","","","","","","","","","","","","","",""
"だて歴史の杜カルチャーセンター","[だて歴史の杜カルチャーセンター（北海道伊達市）] だて歴史の杜カルチャーセンター （だてれきしのもりカルチャーセンター）は、 北海道 伊達市 にある文化施設。「 優良ホール100選 」選定  。","https://ja.wikipedia.org/wiki/だて歴史の杜カルチャーセンター","優良ホール100選","https://ja.wikipedia.org/wiki/優良ホール100選","箇条書き,制限あり","北緯42度28分17秒東経140度52分37秒","〒052-0012北海道伊達市松ヶ枝町34-1","1994年12月1日","北緯42度28分17秒東経140度52分37秒﻿ / ﻿北緯42.47139度 東経140.87694度﻿ /42.47139; 140.87694﻿ (だて歴史の杜カルチャーセンター)座標:北緯42度28分17秒東経140度52分37秒﻿ / ﻿北緯42.47139度 東経140.87694度﻿ /42.47139; 140.87694﻿ (だて歴史の杜カルチャーセンター)","だて歴史の杜カルチャーセンター | 北海道伊達市","伊達メセナ協会","1階可動席186席、1階移動席564席、2階固定席294席（大ホール）","各種公演・催事、講演など","","北海道旅客鉄道（JR北海道）伊達紋別駅から車で約15分道央自動車道伊達ICから約1.5 km","5,775m²","1994年10月","1,044人","","","","","","",""
"浦河郡","[浦河町総合文化会館（北海道浦河郡浦河町）] 浦河郡 （うらかわぐん）は、 北海道 （ 日高国 ） 日高振興局 の 郡 。","https://ja.wikipedia.org/wiki/浦河郡","優良ホール100選","https://ja.wikipedia.org/wiki/優良ホール100選","箇条書き,制限あり","","","","","","","","","","","","","","","","","","","",""
"斜里郡","[斜里町公民館・ゆめホール知床（北海道斜里郡斜里町）] 斜里郡 （しゃりぐん）は、は、 北海道 （ 北見国 ） オホーツク総合振興局 の 郡 。","https://ja.wikipedia.org/wiki/斜里郡","優良ホール100選","https://ja.wikipedia.org/wiki/優良ホール100選","箇条書き,制限あり","","","","","","","","","","","","","","","","","","","",""
"帯広市民文化ホール","[帯広市民文化ホール（北海道帯広市）] 帯広市民文化ホール （おびひろしみんぶんかホール）は、 北海道 帯広市 にある文化施設。「 優良ホール100選 」選定  。","https://ja.wikipedia.org/wiki/帯広市民文化ホール","優良ホール100選","https://ja.wikipedia.org/wiki/優良ホール100選","箇条書き,制限あり","北緯42度55分9秒東経143度11分54秒","〒080-0015北海道帯広市西5条南11丁目48-2","1989年1月","北緯42度55分9秒東経143度11分54秒﻿ / ﻿北緯42.91917度 東経143.19833度﻿ /42.91917; 143.19833﻿ (帯広市民文化ホール)座標:北緯42度55分9秒東経143度11分54秒﻿ / ﻿北緯42.91917度 東経143.19833度﻿ /42.91917; 143.19833﻿ (帯広市民文化ホール)","帯広市民文化ホール","帯広市文化スポーツ振興財団（指定管理者）","","各種公演・催事、講演など","","北海道旅客鉄道（JR北海道）帯広駅南出口から徒歩5分帯広空港（とかち帯広空港）から帯広駅バスターミナルまで約40分","","1988年11月28日","1,546人","","","","","","",""
"中新田バッハホール","[中新田バッハホール（宮城県加美郡加美町）] 中新田バッハホール （なかにいだバッハホール）は、 宮城県 加美町 にある、町立の 音楽ホール である。","https://ja.wikipedia.org/wiki/中新田バッハホール","優良ホール100選","https://ja.wikipedia.org/wiki/優良ホール100選","箇条書き,制限あり","北緯38度34分6.21秒東経140度51分58.53秒","〒981-4262宮城県加美郡加美町字一本杉101番地","1981年2月","北緯38度34分6.21秒東経140度51分58.53秒﻿ / ﻿北緯38.5683917度 東経140.8662583度﻿ /38.5683917; 140.8662583座標:北緯38度34分6.21秒東経140度51分58.53秒﻿ / ﻿北緯38.5683917度 東経140.8662583度﻿ /38.5683917; 140.8662583","","加美町教育委員会","684席","コンサートホール","加美町中新田文化会館","","","","","パイプオルガン、ピアノ、チェンバロ、音楽資料館","","","","","",""
"白河市文化センター","[白河市文化センター（福島県白河市）※2016年10月23日閉館[2] 白河市文化センター （しらかわしぶんかセンター）は、 福島県 白河市 に存在した 多目的ホール である。","https://ja.wikipedia.org/wiki/白河市文化センター","優良ホール100選","https://ja.wikipedia.org/wiki/優良ホール100選","箇条書き,制限あり","北緯37度07分16秒東経140度13分43秒","〒961-0053福島県白河市中田町140","1977年","北緯37度07分16秒東経140度13分43秒﻿ / ﻿北緯37.12111度 東経140.22861度﻿ /37.12111; 140.22861座標:北緯37度07分16秒東経140度13分43秒﻿ / ﻿北緯37.12111度 東経140.22861度﻿ /37.12111; 140.22861","","NPO法人カルチャーネットワーク","317","","白河市文化センター","","","","","","","","","","",""
"那須野が原ハーモニーホール","[那須野が原ハーモニーホール（栃木県大田原市）] 那須野が原ハーモニーホール（なすのがはらハーモニーホール） は 栃木県 大田原市 にある大田原市立  及び那須塩原市立  の コンサートホール である。ホールの管理に関する事務は大田原市が行い、運営は 指定管理者制度 により、公益財団法人那須野が原文化振興財団が行っている。","https://ja.wikipedia.org/wiki/那須野が原ハーモニーホール","優良ホール100選","https://ja.wikipedia.org/wiki/優良ホール100選","箇条書き,制限あり","北緯36度52分20.2秒東経140度0分26.5秒","栃木県大田原市本町一丁目2703番地6","1994年12月","北緯36度52分20.2秒東経140度0分26.5秒﻿ / ﻿北緯36.872278度 東経140.007361度﻿ /36.872278; 140.007361﻿ (那須野が原ハーモニーホール)座標:北緯36度52分20.2秒東経140度0分26.5秒﻿ / ﻿北緯36.872278度 東経140.007361度﻿ /36.872278; 140.007361﻿ (那須野が原ハーモニーホール)","","指定管理者：公益財団法人那須野が原文化振興財団","1,275席（大ホール）399席（小ホール）約150席（交流ホール）","","那須野が原ハーモニーホール","JR東日本宇都宮線・西那須野駅-大田原市営バス大田原市内環状線「ハーモニーホール前」","","","","","","","","","",""
"栃木県総合文化センター","[栃木県総合文化センター（栃木県宇都宮市）] 栃木県総合文化センター （とちぎけんそうごうぶんかセンター）は、 栃木県 が設置し、 指定管理者 として 財団法人 とちぎ生涯学習文化財団が管理運営する、 宇都宮市 にある ホール 。","https://ja.wikipedia.org/wiki/栃木県総合文化センター","優良ホール100選","https://ja.wikipedia.org/wiki/優良ホール100選","箇条書き,制限あり","北緯36度33分48.2秒東経139度52分57.2秒","〒320-8530栃木県宇都宮市本町1-8","1991年","北緯36度33分48.2秒東経139度52分57.2秒﻿ / ﻿北緯36.563389度 東経139.882556度﻿ /36.563389; 139.882556﻿ (栃木県総合文化センター)座標:北緯36度33分48.2秒東経139度52分57.2秒﻿ / ﻿北緯36.563389度 東経139.882556度﻿ /36.563389; 139.882556﻿ (栃木県総合文化センター)","栃木県総合文化センター","公益財団法人 とちぎ未来づくり財団","1,604席（メインホール）","音楽・イベント等","栃木県総合文化センター","東武宇都宮線東武宇都宮駅より徒歩10分","","","","","","","","","",""
"彩の国さいたま芸術劇場","[彩の国さいたま芸術劇場（さいたま市中央区）] 彩の国さいたま芸術劇場 （さいのくにさいたまげいじゅつげきじょう、 Sai-no-Kuni Saitama Arts Theater ）は、 埼玉県 さいたま市 中央区 に位置する、埼玉県立の複合舞台芸術施設である。","https://ja.wikipedia.org/wiki/彩の国さいたま芸術劇場","優良ホール100選","https://ja.wikipedia.org/wiki/優良ホール100選","箇条書き,制限あり","北緯35度52分38秒東経139度37分18.8秒","埼玉県さいたま市中央区上峰3丁目15番1号","1994年10月15日","北緯35度52分38秒東経139度37分18.8秒﻿ / ﻿北緯35.87722度 東経139.621889度﻿ /35.87722; 139.621889座標:北緯35度52分38秒東経139度37分18.8秒﻿ / ﻿北緯35.87722度 東経139.621889度﻿ /35.87722; 139.621889","","埼玉県（指定管理者：公益財団法人埼玉県芸術文化振興財団）","大ホール 776席小ホール 266〜346席（可変式）音楽ホール 604席映像ホール 150席","演劇、ダンス、クラシック・ピアノコンサート","彩の国さいたま芸術劇場","JR埼京線与野本町駅西口下車","23,855.81m²","1994年3月25日","約2,000人","ホール、稽古場、練習室、総合インフォメーション、レストラン、カフェ、舞台芸術資料室、駐車場","","","","","",""
"埼玉会館","[埼玉会館（さいたま市浦和区）] 埼玉会館 （さいたまかいかん）は、 埼玉県 さいたま市 浦和区 高砂 にある、埼玉県立の 多目的ホール 。 DOCOMOMO JAPAN選定 日本におけるモダン・ムーブメントの建築 216選、 優良ホール100選 に選出されている。","https://ja.wikipedia.org/wiki/埼玉会館","優良ホール100選","https://ja.wikipedia.org/wiki/優良ホール100選","箇条書き,制限あり","北緯35度51分28.2秒東経139度39分8.2秒","埼玉県さいたま市浦和区高砂三丁目1-4","1966年","北緯35度51分28.2秒東経139度39分8.2秒﻿ / ﻿北緯35.857833度 東経139.652278度﻿ /35.857833; 139.652278﻿ (埼玉会館)座標:北緯35度51分28.2秒東経139度39分8.2秒﻿ / ﻿北緯35.857833度 東経139.652278度﻿ /35.857833; 139.652278﻿ (埼玉会館)","埼玉会館","公益財団法人埼玉県芸術文化振興財団（指定管理者）","大ホール 1,315席小ホール 504席","","埼玉会館","JR宇都宮線（東北本線）、高崎線、上野東京ライン、湘南新宿ライン、京浜東北線浦和駅西口徒歩6分","","1926年","","","","","","","",""
"松戸市民劇場","[松戸市民劇場（千葉県松戸市）] 松戸市民劇場 （まつどしみんげきじょう）は、 千葉県 松戸市 本町 にある 音楽 ホール ・小 劇場 。 優良ホール100選 に選ばれている。鉄骨鉄筋コンクリート造、地下1階・地上3階建で、332人まで収容可能。1981年に完成した。","https://ja.wikipedia.org/wiki/松戸市民劇場","優良ホール100選","https://ja.wikipedia.org/wiki/優良ホール100選","箇条書き,制限あり","北緯35度47分6.1秒東経139度53分51秒","〒271-0091松戸市本町11番6号","","北緯35度47分6.1秒東経139度53分51秒﻿ / ﻿北緯35.785028度 東経139.89750度﻿ /35.785028; 139.89750﻿ (松戸市民劇場)座標:北緯35度47分6.1秒東経139度53分51秒﻿ / ﻿北緯35.785028度 東経139.89750度﻿ /35.785028; 139.89750﻿ (松戸市民劇場)","松戸市民劇場","（公財）松戸市文化振興財団","1階 264席、2階68席（せり装置により舞台の前部が移動し、客席をさらに80席まで増やすことも可能）","音楽会、演劇、映画会等","松戸市民劇場","JRおよび新京成電鉄・松戸駅西口から徒歩5分","1,698.99m²","1981年","332人","ホール、会議室","","","","","",""
"千葉県文化会館","[千葉県文化会館（千葉市中央区）] 千葉県文化会館 （ちばけんぶんかかいかん）は、 千葉県 千葉市 中央区 にある 文化施設 。 日本建築学会賞 作品賞、 BCS賞 を受賞し、 優良ホール100選 に認定されている。","https://ja.wikipedia.org/wiki/千葉県文化会館","優良ホール100選","https://ja.wikipedia.org/wiki/優良ホール100選","箇条書き,制限あり","北緯35度36分11.7秒東経140度7分37.3秒","〒260-8661千葉県千葉市中央区市場町11番2号","1967年4月1日","北緯35度36分11.7秒東経140度7分37.3秒﻿ / ﻿北緯35.603250度 東経140.127028度﻿ /35.603250; 140.127028﻿ (千葉県文化会館)座標:北緯35度36分11.7秒東経140度7分37.3秒﻿ / ﻿北緯35.603250度 東経140.127028度﻿ /35.603250; 140.127028﻿ (千葉県文化会館)","公式サイト","公益財団法人千葉県文化振興財団","大ホール：1,787席小ホール：252席","コンサート、演劇他各種催し","千葉県文化会館","千葉都市モノレール県庁前駅より徒歩8分","12,453,44m²","1967年2月","","","","","","","",""
"旭市","[千葉県東総文化会館（千葉県旭市）] 旭市 （あさひし）は、 千葉県 の北東部に位置する 市 。","https://ja.wikipedia.org/wiki/旭市","優良ホール100選","https://ja.wikipedia.org/wiki/優良ホール100選","箇条書き,制限あり","北緯35度43分13.7秒東経140度38分47.6秒","〒289‐2595千葉県旭市ニ1920番地北緯35度43分13.7秒東経140度38分47.6秒﻿ / ﻿北緯35.720472度 東経140.646556度﻿ /35.720472; 140.646556市庁舎位置","","","公式ウェブサイト","","","","","","","","","","","","","","",""
"府中の森芸術劇場","[府中の森芸術劇場（東京都府中市）] 府中の森芸術劇場 （ふちゅうのもりげいじゅつげきじょう）は、 東京都 府中市 にあるホール。","https://ja.wikipedia.org/wiki/府中の森芸術劇場","優良ホール100選","https://ja.wikipedia.org/wiki/優良ホール100選","箇条書き,制限あり","北緯35度40分25秒 東経139度29分33秒","〒183-0001東京都府中市浅間町一丁目2番地","1991年6月30日","","府中の森芸術劇場［府中文化Net］","（公財）府中文化振興財団","","クラシックコンサート 等","","京王電鉄京王線・競馬場線東府中駅下車徒歩7分","","1991年2月28日","","大ホール、中ホール 等","","","","","",""
"東京芸術劇場","[東京芸術劇場（東京都豊島区）] 東京芸術劇場 （とうきょうげいじゅつげきじょう、 英語 ： Tokyo Metropolitan Theatre ）は、 東京都 豊島区 西池袋 にある総合芸術文化施設。","https://ja.wikipedia.org/wiki/東京芸術劇場","優良ホール100選","https://ja.wikipedia.org/wiki/優良ホール100選","箇条書き,制限あり","北緯35度43分47秒東経139度42分29秒","東京都豊島区西池袋1丁目8番1号","1990年10月30日","北緯35度43分47秒東経139度42分29秒﻿ / ﻿北緯35.72972度 東経139.70806度﻿ /35.72972; 139.70806﻿ (東京芸術劇場Tokyo Metropolitan Theatre)座標:北緯35度43分47秒東経139度42分29秒﻿ / ﻿北緯35.72972度 東経139.70806度﻿ /35.72972; 139.70806﻿ (東京芸術劇場Tokyo Metropolitan Theatre)","東京芸術劇場","東京都歴史文化財団","大ホール：1,999席中ホール：841席小ホール：1・2共に300席（可変式）","演劇、クラシック・オペラコンサート","東京芸術劇場","JR・東武東上本線池袋駅西口下車","49,739.00m²","1990年","約3,500人","芸術文化創造活動施設（リハーサル室6、会議室9、展示ギャラリー、展示室2）レストラン、飲食店、チケットショップ","","","","","",""
"世田谷パブリックシアター","[世田谷パブリックシアター（東京都世田谷区）] 世田谷パブリックシアター （せたがやパブリックシアター、 英語 ： Setagaya Public Theater ）は、 東京都 世田谷区 太子堂 にある公共 劇場 である。 三軒茶屋駅 前の キャロットタワー 内に設置されている。客席数約600席の主劇場と200席の小劇場（ シアタートラム ）から成る。","https://ja.wikipedia.org/wiki/世田谷パブリックシアター","優良ホール100選","https://ja.wikipedia.org/wiki/優良ホール100選","箇条書き,制限あり","北緯35度38分37.3秒東経139度40分10.6秒","〒154-0004東京都世田谷区太子堂4丁目1番地1号","1997年","北緯35度38分37.3秒東経139度40分10.6秒﻿ / ﻿北緯35.643694度 東経139.669611度﻿ /35.643694; 139.669611﻿ (世田谷パブリックシアターSetagaya Public Theater)座標:北緯35度38分37.3秒東経139度40分10.6秒﻿ / ﻿北緯35.643694度 東経139.669611度﻿ /35.643694; 139.669611﻿ (世田谷パブリックシアターSetagaya Public Theater)","","（公財）せたがや文化財団","600","","","","","","","","","","","","",""
"中野サンプラザ","[中野サンプラザホール（東京都中野区）] 旧 労働省 所管 特殊法人 である 雇用促進事業団 が、 雇用保険法 に基づいた 勤労者向けの福祉施設 として建設し、 1973年 （ 昭和 48年） 6月1日 に正式名称 全国勤労青少年会館 として開業した。 中野駅 北口から至近距離で、施設運営は当初から黒字だった。","https://ja.wikipedia.org/wiki/中野サンプラザ","優良ホール100選","https://ja.wikipedia.org/wiki/優良ホール100選","箇条書き,制限あり","北緯35度42分27秒東経139度39分53秒","東京都中野区中野四丁目1番1号","1973年6月1日","北緯35度42分27秒東経139度39分53秒﻿ / ﻿北緯35.70750度 東経139.66472度﻿ /35.70750; 139.66472﻿ (中野サンプラザNakano Sunplaza)座標:北緯35度42分27秒東経139度39分53秒﻿ / ﻿北緯35.70750度 東経139.66472度﻿ /35.70750; 139.66472﻿ (中野サンプラザNakano Sunplaza)","中野サンプラザ","株式会社中野サンプラザ","2,222席（1 - 4階）","コンサート全般、宿泊","","JR東日本中央本線（中央線快速/中央・総武緩行線）・東京メトロ東西線中野駅北口より徒歩1分","","1973年","2,222人","スクリーン、フライングスピーカー、オケピット、映写室、リハーサル室等","","","","","",""
"紀尾井ホール","[紀尾井ホール（東京都千代田区）] 紀尾井ホール （きおいホール、 Kioi Hall ）は、 東京都 千代田区 紀尾井町 にある コンサートホール 。 1995年 4月2日 に 新日本製鐵 （現・ 日本製鉄 ）の創立20周年の記念事業としてオープンした。事業運営及び賃貸業務・設備保守業務は 公益財団法人 日本製鉄文化財団 が行っている。","https://ja.wikipedia.org/wiki/紀尾井ホール","優良ホール100選","https://ja.wikipedia.org/wiki/優良ホール100選","箇条書き,制限あり","北緯35度40分55.301秒東経139度43分57.27秒","〒102-0094東京都千代田区紀尾井町6番5号","1995年4月2日","北緯35度40分55.301秒東経139度43分57.27秒﻿ / ﻿北緯35.68202806度 東経139.7325750度﻿ /35.68202806; 139.7325750﻿ (紀尾井ホール)座標:北緯35度40分55.301秒東経139度43分57.27秒﻿ / ﻿北緯35.68202806度 東経139.7325750度﻿ /35.68202806; 139.7325750﻿ (紀尾井ホール)","紀尾井ホール","公益財団法人日本製鉄文化財団","中ホール 800席小ホール 250席","","","四ツ谷駅（麹町口）から徒歩6分東京メトロ有楽町線麹町駅（2番出口）・東京メトロ赤坂見附駅（D出口）・永田町駅（7番出口）から徒歩8分","","1995年","約1,100人","","","","","","",""
"津田ホール","[津田ホール※2015年3月31日閉館[3] 津田ホール （つだホール）は、 東京都 渋谷区 千駄ヶ谷 にかつて存在していたホール。2015年3月をもって閉館  、2018年に解体された（同年11月に終了  ）。","https://ja.wikipedia.org/wiki/津田ホール","優良ホール100選","https://ja.wikipedia.org/wiki/優良ホール100選","箇条書き,制限あり","北緯35度40分50秒 東経139度42分40秒","東京都渋谷区千駄ヶ谷一丁目18番地24号","1988年","","","津田塾大学","","コンサートホール","","JR中央・総武緩行線千駄ケ谷駅","","","490人","","","","","","",""
"渋谷公会堂","[渋谷公会堂※2015年10月4日閉館[4] 渋谷公会堂 （しぶやこうかいどう、 Shibuya Public Hall ）は 東京都 渋谷区 が区内 宇田川町 にて運営する 公会堂 （ホール）である。通称「 渋公 」。 渋谷区役所 に隣接し、初代は 1964年 （ 昭和 39年）に開業、2015年（ 平成 27年）に閉館。2代目は 2019年 （ 令和 元年）に竣工した。 指定管理者制度 により株式会社パシフィックアートセンターが管理・運営を担当  。2019年6月1日から2029年3月31日まで LINE株式会社 が命名権を保有し、その間は名称が LINE CUBE SHIBUYA となる（後述）。","https://ja.wikipedia.org/wiki/渋谷公会堂","優良ホール100選","https://ja.wikipedia.org/wiki/優良ホール100選","箇条書き,制限あり","北緯35度39分51.55秒東経139度41分51.91秒","〒150-0042東京都渋谷区宇田川町1番1号","2019年10月13日","北緯35度39分51.55秒東経139度41分51.91秒﻿ / ﻿北緯35.6643194度 東経139.6977528度﻿ /35.6643194; 139.6977528﻿ (LINE CUBE SHIBUYA渋谷公会堂)座標:北緯35度39分51.55秒東経139度41分51.91秒﻿ / ﻿北緯35.6643194度 東経139.6977528度﻿ /35.6643194; 139.6977528﻿ (LINE CUBE SHIBUYA渋谷公会堂)","https://linecubeshibuya.com/","渋谷区（指定管理者：渋谷公会堂プロジェクトチーム（株式会社アミューズ、LINE株式会社、株式会社パシフィックアートセンター））","1階 1,180席2階 424席3階 352席","コンサート、各種催し","渋谷公会堂","","9,712.89m²","2019年5月","1,956人","オーケストラピット、照明、ピアノ、音響設備、映写設備","","","","","",""
"葛飾区","[かめありリリオホール（東京都葛飾区）] 葛飾区 （かつしかく）は、 東京都 の 区部 北東部に位置する 特別区 。","https://ja.wikipedia.org/wiki/葛飾区","優良ホール100選","https://ja.wikipedia.org/wiki/優良ホール100選","箇条書き,制限あり","北緯35度44分36.4秒東経139度50分49.8秒","〒124-8555東京都葛飾区立石五丁目13番1号北緯35度44分36.4秒東経139度50分49.8秒﻿ / ﻿北緯35.743444度 東経139.847167度﻿ /35.743444; 139.847167座標:北緯35度44分36.4秒東経139度50分49.8秒﻿ / ﻿北緯35.743444度 東経139.847167度﻿ /35.743444; 139.847167","","","公式ウェブサイト","","","","","","","","","","","","","","",""
"横浜アリーナ","[横浜アリーナ（横浜市港北区）] 麒麟麦酒 （初代法人、現・ キリンホールディングス ）と 横浜市 、 プリンスホテル （後に西武鉄道に譲渡）からの出資の 第三セクター として開業し、アリーナ部分の最大面積8,000 m 2 、最大収容人数は1万7000人で、 コンサート や スポーツ 、企業式典など、あらゆる用途に利用されている。「 優良ホール100選 」にも選ばれている。","https://ja.wikipedia.org/wiki/横浜アリーナ","優良ホール100選","https://ja.wikipedia.org/wiki/優良ホール100選","箇条書き,制限あり","北緯35度30分44秒東経139度37分12秒","〒222-0033神奈川県横浜市港北区新横浜三丁目10番地","","北緯35度30分44秒東経139度37分12秒﻿ / ﻿北緯35.51222度 東経139.62000度﻿ /35.51222; 139.62000﻿ (横浜アリーナYOKOHAMA ARENA)座標:北緯35度30分44秒東経139度37分12秒﻿ / ﻿北緯35.51222度 東経139.62000度﻿ /35.51222; 139.62000﻿ (横浜アリーナYOKOHAMA ARENA)","","","","スポーツイベント、コンサート全般、発表会、集会","横浜アリーナ","","45,800 m²","","","","株式会社横浜アリーナ （第三セクター）","地上5階","鉄骨鉄筋コンクリート構造（一部鉄骨構造）","26,691 m²","1989年2月","株式会社竹中工務店"
"入善町民会館 (存在しないページ)","[入善町民会館（コスモホール）（富山県下新川郡入善町）]","https://ja.wikipedia.org/w/index.php?title=入善町民会館&amp;action=edit&amp;redlink=1","優良ホール100選","https://ja.wikipedia.org/wiki/優良ホール100選","箇条書き,制限あり","","","","","","","","","","","","","","","","","","","",""
"新川文化ホール","[新川文化ホール（ミラージュホール）（富山県魚津市）] 新川文化ホール （にいかわぶんかホール）は、 富山県 魚津市 宮津にある県立の文化ホールである。愛称は ミラージュホール 。 地方自治法 （昭和22年法律第67号）第244条の2第3項の規定に基づく 指定管理者制度 により（公財）富山県文化振興財団が運営を行っている。","https://ja.wikipedia.org/wiki/新川文化ホール","優良ホール100選","https://ja.wikipedia.org/wiki/優良ホール100選","箇条書き,制限あり","北緯36度48分15.8秒東経137度24分28.6秒","〒937-0853富山県魚津市宮津110番","1994年11月1日","北緯36度48分15.8秒東経137度24分28.6秒﻿ / ﻿北緯36.804389度 東経137.407944度﻿ /36.804389; 137.407944﻿ (新川文化ホールMirage Hall)座標:北緯36度48分15.8秒東経137度24分28.6秒﻿ / ﻿北緯36.804389度 東経137.407944度﻿ /36.804389; 137.407944﻿ (新川文化ホールMirage Hall)","新川文化ホール","（公財）富山県文化振興財団","（大ホール）1,188席（小ホール）297席","（大ホール）音楽コンサート全般、古典芸能、講演など（小ホール）演劇","富山県新川文化ホール","あいの風とやま鉄道魚津駅・富山地方鉄道新魚津駅よりコミュニティーバス20〜30分","12,797m²","1994年10月31日","","（大ホール内）オーケストラピット（ロビー）軽食・喫茶など","","","","","",""
"黒部市国際文化センターコラーレ","[黒部市国際文化センターコラーレ（富山県黒部市）] 黒部市国際文化センターコラーレ （くろべしこくさいぶんかセンターコラーレ）は、 富山県 黒部市 三日市にある音楽、芸術文化、生涯学習などの複合文化 ホール 。愛称は コラーレ（COLARE） 。 富山弁 で「来られ」（来て下さい、いらっしゃいの意味）から命名された。","https://ja.wikipedia.org/wiki/黒部市国際文化センターコラーレ","優良ホール100選","https://ja.wikipedia.org/wiki/優良ホール100選","箇条書き,制限あり","","富山県黒部市三日市20番地","1995年11月3日","","黒部市国際文化センターコラーレ","（公財）黒部市国際文化センター","886人（カーターホール）","コンサート全般・演劇、会議等","黒部市国際文化センターコラーレ","富山地方鉄道「東三日市駅」下車、徒歩約10分 他。","9,010m²","1995年10月16日","","カーターホール、マルチホール、能舞台、展示室、会議室、和室、茶室、レストランなど","","","","","",""
"富山県民会館","[富山県民会館（富山県富山市）] 富山県民会館 （とやまけんみんかいかん）は、 富山県 富山市 新総曲輪 にある県立の会館である。","https://ja.wikipedia.org/wiki/富山県民会館","優良ホール100選","https://ja.wikipedia.org/wiki/優良ホール100選","箇条書き,制限あり","北緯36度41分43.3秒東経137度12分44.6秒","〒930-0006富山県富山市新総曲輪4番18号","1964年8月2日","北緯36度41分43.3秒東経137度12分44.6秒﻿ / ﻿北緯36.695361度 東経137.212389度﻿ /36.695361; 137.212389﻿ (富山県民会館Toyama Kenmin Kaikan)座標:北緯36度41分43.3秒東経137度12分44.6秒﻿ / ﻿北緯36.695361度 東経137.212389度﻿ /36.695361; 137.212389﻿ (富山県民会館Toyama Kenmin Kaikan)","富山県民会館","（公財）富山県文化振興財団","1,105席","音楽コンサート全般、古典芸能、講演、美術展など","富山県民会館","富山駅から徒歩10分","17,799m²","1964年7月31日","","","","","","","",""
"富山市芸術文化ホール","[富山市芸術文化ホール・オーバードホール（富山県富山市）] 富山駅 周辺の再開発の一環で設置され、隣接（内部で接続）するアーバンプレイスとともに 1996年 9月 に杮（こけら）落としがなされた。","https://ja.wikipedia.org/wiki/富山市芸術文化ホール","優良ホール100選","https://ja.wikipedia.org/wiki/優良ホール100選","箇条書き,制限あり","北緯36度42分13.1秒東経137度12分46.9秒","富山県富山市牛島町9番28号","1996年9月","北緯36度42分13.1秒東経137度12分46.9秒﻿ / ﻿北緯36.703639度 東経137.213028度﻿ /36.703639; 137.213028座標:北緯36度42分13.1秒東経137度12分46.9秒﻿ / ﻿北緯36.703639度 東経137.213028度﻿ /36.703639; 137.213028","AUBADE HALL","富山市民文化事業団","1,2階席（車椅子席8席含む）：1,156席3階席：316席4階席：346席5階席：382席オーケストラピット使用時：2,066席5階席遮断時：1,818席オーケストラピット使用時・5階席遮断時：1,684席","コンサート全般","富山市芸術文化ホール","JR富山駅、富山ライトレール富山駅北停留場下車","","1996年","2200人","ホワイエ（大階段）、ハイビジョンシアター施設：とやま高度情報センター、キューズカフェ、アスネットカウンター","","","","","",""
"富山県教育文化会館 (存在しないページ)","[富山県教育文化会館（富山県富山市）]","https://ja.wikipedia.org/w/index.php?title=富山県教育文化会館&amp;action=edit&amp;redlink=1","優良ホール100選","https://ja.wikipedia.org/wiki/優良ホール100選","箇条書き,制限あり","","","","","","","","","","","","","","","","","","","",""
"富山県高岡文化ホール (存在しないページ)","[富山県高岡文化ホール（富山県高岡市）]","https://ja.wikipedia.org/w/index.php?title=富山県高岡文化ホール&amp;action=edit&amp;redlink=1","優良ホール100選","https://ja.wikipedia.org/wiki/優良ホール100選","箇条書き,制限あり","","","","","","","","","","","","","","","","","","","",""
"津幡町文化会館","[津幡町文化会館「シグナス」（石川県河北郡津幡町）] 津幡町文化会館 （つばたまちぶんかかいかん、 Tsubata Town cultural hall CYGNUS ）は、 石川県 河北郡 津幡町 にある複合文化施設である。 愛称 は シグナス で、津幡町の鳥・ ハクチョウ にちなんで名付けられた  。","https://ja.wikipedia.org/wiki/津幡町文化会館","優良ホール100選","https://ja.wikipedia.org/wiki/優良ホール100選","箇条書き,制限あり","北緯36度39分48.7秒東経136度43分37.9秒","〒929-0342石川県河北郡津幡町北中条3丁目1番地","2005年10月1日","北緯36度39分48.7秒東経136度43分37.9秒﻿ / ﻿北緯36.663528度 東経136.727194度﻿ /36.663528; 136.727194","津幡町文化会館シグナス","","802席","コンサート全般、芸能、講演、式典など","津幡町文化会館","IRいしかわ鉄道津幡駅から徒歩約10分金沢東ICから車10分","9,896.93m²","2005年3月31日","","","","","","","",""
"コスモアイル羽咋","[コスモアイル羽咋（石川県羽咋市）] コスモアイル羽咋 （コスモアイルはくい）は、 石川県 羽咋市 にある 宇宙科学 博物館 である。","https://ja.wikipedia.org/wiki/コスモアイル羽咋","優良ホール100選","https://ja.wikipedia.org/wiki/優良ホール100選","箇条書き,制限あり","北緯36度53分53.3秒東経136度47分17.8秒","〒925-0027日本石川県羽咋市鶴多町免田25","1996年（平成8年）7月1日","北緯36度53分53.3秒東経136度47分17.8秒﻿ / ﻿北緯36.898139度 東経136.788278度﻿ /36.898139; 136.788278","コスモアイル羽咋","","","","","","","","","","有限会社プロジェクドゥ（指定管理者）","","","","",""
"金沢歌劇座","[金沢歌劇座（石川県金沢市）] 金沢歌劇座 （かなざわかげきざ）は、 石川県 金沢市 下本多町 にある 多目的ホール 。 2007年 10月1日 に、開業当初からの旧称 金沢市観光会館 （かなざわしかんこうかいかん）から改称した。","https://ja.wikipedia.org/wiki/金沢歌劇座","優良ホール100選","https://ja.wikipedia.org/wiki/優良ホール100選","箇条書き,制限あり","北緯36度33分32.1秒東経136度39分30.6秒","〒920-0993石川県金沢市下本多町六番丁27番地","","","","","","コンサートホール","","","10,530.37 m²","","","","","地下1階、地上5階","鉄骨鉄筋コンクリート構造","9,805.42 m²","1962年5月12日","日建設計"
"金沢21世紀美術館","[金沢21世紀美術館「シアター21」（石川県金沢市）] 金沢21世紀美術館 （かなざわにじゅういっせいきびじゅつかん  ）は、 石川県 金沢市 広坂 にある 現代美術 を収蔵した金沢市立の公立 美術館 。 愛称 は まるびぃ  （由来は「 丸 い 美 術館」）。また、 略称 として 21美 （にじゅういちび）も使用される。","https://ja.wikipedia.org/wiki/金沢21世紀美術館","優良ホール100選","https://ja.wikipedia.org/wiki/優良ホール100選","箇条書き,制限あり","北緯36度33分39.0秒東経136度39分29.5秒","〒920-8509石川県金沢市広坂一丁目2番1号","2004年（平成16年）10月9日","北緯36度33分39.0秒東経136度39分29.5秒﻿ / ﻿北緯36.560833度 東経136.658194度﻿ /36.560833; 136.658194座標:北緯36度33分39.0秒東経136度39分29.5秒﻿ / ﻿北緯36.560833度 東経136.658194度﻿ /36.560833; 136.658194","https://www.kanazawa21.jp/","","","","金沢21世紀美術館","","","","","","公益財団法人金沢芸術創造財団","","","","",""
"ハートピア春江","[YURI文化情報交流館・ハートピア春江（福井県坂井市）] ハートピア春江 （ハートピアはるえ）は、 福井県 坂井市 春江町 にある公立の複合文化施設。正式名称は YURI文化情報交流館 （ユリぶんかじょうほうこうりゅうかん）であるが、一般には「ハートピア春江」の 愛称 で知られる。 1995年 （ 平成 7年）5月に開館。 優良ホール100選 に選ばれている。","https://ja.wikipedia.org/wiki/ハートピア春江","優良ホール100選","https://ja.wikipedia.org/wiki/優良ホール100選","箇条書き,制限あり","北緯36度7分56.62秒東経136度12分45.76秒","〒910-0474福井県坂井市春江町西太郎丸15-22","1995年5月10日","北緯36度7分56.62秒東経136度12分45.76秒﻿ / ﻿北緯36.1323944度 東経136.2127111度﻿ /36.1323944; 136.2127111﻿ (ハートピア春江)座標:北緯36度7分56.62秒東経136度12分45.76秒﻿ / ﻿北緯36.1323944度 東経136.2127111度﻿ /36.1323944; 136.2127111﻿ (ハートピア春江)","ハートピア春江","指定管理者：公益財団法人坂井市文化振興事業団","ハートピアホール 656席（最大764席）小ホール 208席","","YURI文化情報交流館","JR春江駅より徒歩約20分・車約5分","","","","","","","","","",""
"みくに文化未来館","[みくに文化未来館（福井県坂井市）] みくに文化未来館 （みくにぶんかみらいかん）は 福井県 坂井市 三国町にある公立の文化施設。 1993年 （平成5年）11月に開館した。運営・管理は指定管理者である公益財団法人坂井市文化振興事業団が担う。 優良ホール100選 に選ばれている。ホールは2017年（平成29年）9月18日の公演をもって閉館し、その機能は 坂井市みくに市民センター に新築移転し、同年11月3日に新たに みくに未来ホール として開館した  。","https://ja.wikipedia.org/wiki/みくに文化未来館","優良ホール100選","https://ja.wikipedia.org/wiki/優良ホール100選","箇条書き,制限あり","北緯36度13分3.2秒東経136度8分49.6秒","福井県坂井市三国町神明1-4-20","1993年11月","北緯36度13分3.2秒東経136度8分49.6秒﻿ / ﻿北緯36.217556度 東経136.147111度﻿ /36.217556; 136.147111座標:北緯36度13分3.2秒東経136度8分49.6秒﻿ / ﻿北緯36.217556度 東経136.147111度﻿ /36.217556; 136.147111","みくに文化未来館","坂井市文化振興事業団","400席","多目的","","","","","","","","","","","",""
"新潟市民芸術文化会館","[新潟市民芸術文化会館・りゅーとぴあ（新潟市中央区）] 新潟市民芸術文化会館 （にいがたしみんげいじゅつぶんかかいかん）は、 新潟県 新潟市 中央区 の 白山公園 にあるホール施設。 愛称 「 りゅーとぴあ 」。施設は新潟市が所有し、公益財団法人新潟市芸術文化振興財団が 指定管理者 として運営管理を行っている。","https://ja.wikipedia.org/wiki/新潟市民芸術文化会館","優良ホール100選","https://ja.wikipedia.org/wiki/優良ホール100選","箇条書き,制限あり","北緯37度54分48.4秒東経139度2分25.7秒","〒951-8132新潟県新潟市中央区一番堀通町3番地2","1998年10月22日","北緯37度54分48.4秒東経139度2分25.7秒﻿ / ﻿北緯37.913444度 東経139.040472度﻿ /37.913444; 139.040472座標:北緯37度54分48.4秒東経139度2分25.7秒﻿ / ﻿北緯37.913444度 東経139.040472度﻿ /37.913444; 139.040472","新潟市民芸術文化会館","公益財団法人新潟市芸術文化振興財団","コンサートホール：1,884席劇場：868席能楽堂：382席","コンサート、演劇、講演会","新潟市民芸術文化会館","別記","","","","","","","","","",""
"まつもと市民芸術館","[まつもと市民芸術館（長野県松本市）] まつもと市民芸術館 （まつもとしみんげいじゅつかん）は、 長野県 松本市 深志 にある 音楽 ホール ・ 劇場 である。","https://ja.wikipedia.org/wiki/まつもと市民芸術館","優良ホール100選","https://ja.wikipedia.org/wiki/優良ホール100選","箇条書き,制限あり","北緯36度13分51.4秒東経137度58分28.5秒","〒390-0815長野県松本市深志3丁目10番1号","2004年","北緯36度13分51.4秒東経137度58分28.5秒﻿ / ﻿北緯36.230944度 東経137.974583度﻿ /36.230944; 137.974583﻿ (まつもと市民芸術館)座標:北緯36度13分51.4秒東経137度58分28.5秒﻿ / ﻿北緯36.230944度 東経137.974583度﻿ /36.230944; 137.974583﻿ (まつもと市民芸術館)","www.mpac.jp","一般財団法人松本市芸術文化振興財団","","","","JR中央線・篠ノ井線 松本駅より徒歩10分","","","","","","","","","",""
"富士市文化会館ロゼシアター","[富士市文化会館ロゼシアター（静岡県富士市）] 富士市文化会館ロゼシアター （ふじしぶんかかいかんロゼシアター）は、 静岡県 富士市 にあるホール。前身は、吉原市吉原市民文化センター 富士文化センターである。富士市文化会館を付けずに、愛称の「ロゼシアター」単独で呼称されることが多い。","https://ja.wikipedia.org/wiki/富士市文化会館ロゼシアター","優良ホール100選","https://ja.wikipedia.org/wiki/優良ホール100選","箇条書き,制限あり","北緯35度9分31.4秒東経138度40分4.9秒","〒416-0953静岡県富士市蓼原町1750","1993年11月1日","北緯35度9分31.4秒東経138度40分4.9秒﻿ / ﻿北緯35.158722度 東経138.668028度﻿ /35.158722; 138.668028﻿ (富士市文化会館 ロゼシアター)座標:北緯35度9分31.4秒東経138度40分4.9秒﻿ / ﻿北緯35.158722度 東経138.668028度﻿ /35.158722; 138.668028﻿ (富士市文化会館 ロゼシアター)","富士市ロゼシアターホームページ","公益財団法人富士市文化振興財団","大ホール 1632席中ホール 700席小ホール 326席","クラシックコンサート、演劇、室内楽","富士市文化会館","JR東海道新幹線新富士駅・JR東海道本線富士駅からバス もしくは タクシー","22,794.560m²","1993年7月","2658人","","","","","","",""
"焼津市文化センター (存在しないページ)","[焼津市文化センター（静岡県焼津市）]","https://ja.wikipedia.org/w/index.php?title=焼津市文化センター&amp;action=edit&amp;redlink=1","優良ホール100選","https://ja.wikipedia.org/wiki/優良ホール100選","箇条書き,制限あり","","","","","","","","","","","","","","","","","","","",""
"岐阜市民会館","[岐阜市民会館（岐阜県岐阜市）] 岐阜市民会館 （ぎふしみんかいかん、Gifu Civic Auditorium）は、 岐阜県 岐阜市 にある文化普及支援施設  である。芸術文化全体における普及や活動を「大ホール」、「展示ギャラリー」を中心に支援する。","https://ja.wikipedia.org/wiki/岐阜市民会館","優良ホール100選","https://ja.wikipedia.org/wiki/優良ホール100選","箇条書き,制限あり","北緯35度25分31.44秒東経136度45分29.65秒","〒500-8812岐阜県岐阜市美江寺町2丁目6番地","","","","","","文化普及支援施設","","","8,265.74 m²","","","","岐阜市公共ホール管理財団（指定管理者）","地下1階、地上4階","RC造一部S造","4,390.08 m²","1967年（昭和42年）2月1日","坂倉準三建築研究所"
"長良川国際会議場","[長良川国際会議場（岐阜県岐阜市）] 長良川国際会議場 （ながらがわこくさいかいぎじょう、Nagaragawa Convention Center）は 岐阜県 岐阜市 にある国際会議場兼多目的ホール。岐阜市の国際コンベンション都市づくりの拠点として、国内外からのイベント･コンベンションを誘致している。トリニティ岐阜（財団法人岐阜市公共ホール管理財団・株式会社総合舞台はぐるま・株式会社コングレの共同事業体）が指定管理者として管理運営を行っている。学校跡地に建設された。 杮落し は 1995年 9月1日 。設計者は 安藤忠雄 で、施設内の国際会議室にあたる部分の外観が卵形の特徴的な建物である。","https://ja.wikipedia.org/wiki/長良川国際会議場","優良ホール100選","https://ja.wikipedia.org/wiki/優良ホール100選","箇条書き,制限あり","北緯35度26分28.3秒東経136度46分6.4秒","〒502-0817岐阜市長良福光2695-2","","","","","","","","","","","","","トリニティ岐阜（指定管理者）","地下1階、地上5階","","","1995年","安藤忠雄"
"スイトピアセンター","[大垣市スイトピアセンター（岐阜県大垣市）] スイトピアセンター は、 岐阜県 大垣市 にある公共施設。大垣市が運営する施設と（公財）大垣市文化事業団が運営する施設がある。スイトピアセンターの名は、大垣市の愛称「水都」（すいと）に由来する。","https://ja.wikipedia.org/wiki/スイトピアセンター","優良ホール100選","https://ja.wikipedia.org/wiki/優良ホール100選","箇条書き,制限あり","北緯35度21分51.3秒 東経136度36分29.1秒","","","","","","","","","","","","","","","","","","",""
"稲沢市民会館","[稲沢市民会館（愛知県稲沢市）] 稲沢市民会館 （いなざわしみんかいかん）は、 愛知県 稲沢市 にある ホール 及び 会議室 等による複合施設。当館敷地内には稲沢市立中央図書館がある。","https://ja.wikipedia.org/wiki/稲沢市民会館","優良ホール100選","https://ja.wikipedia.org/wiki/優良ホール100選","箇条書き,制限あり","北緯35度14分43.162秒東経136度48分25.982秒","〒492-8145愛知県稲沢市正明寺3丁目114番地","1995年3月24日","北緯35度14分43.162秒東経136度48分25.982秒﻿ / ﻿北緯35.24532278度 東経136.80721722度﻿ /35.24532278; 136.80721722﻿ (名古屋文理大学文化フォーラムNagoya Bunri University Culture Forum)座標:北緯35度14分43.162秒東経136度48分25.982秒﻿ / ﻿北緯35.24532278度 東経136.80721722度﻿ /35.24532278; 136.80721722﻿ (名古屋文理大学文化フォーラムNagoya Bunri University Culture Forum)","名古屋文理大学文化フォーラム","稲沢市公共施設管理協会（指定管理者）","大ホール 1,304席中ホール 504席小ホール 256席","音楽コンサート、演劇、会議","稲沢市民会館","#交通アクセスを参照","9,188.54m²","1995年2月","","大ホール、会議室","","","","","",""
"春日井市民会館 (存在しないページ)","[春日井市民会館（愛知県春日井市）]","https://ja.wikipedia.org/w/index.php?title=春日井市民会館&amp;action=edit&amp;redlink=1","優良ホール100選","https://ja.wikipedia.org/wiki/優良ホール100選","箇条書き,制限あり","","","","","","","","","","","","","","","","","","","",""
"愛知県芸術劇場","[愛知県芸術劇場（愛知県名古屋市）] 愛知県芸術劇場 （あいちけんげいじゅつげきじょう、 英語 ：Aichi Arts Center）は、 愛知県 名古屋市 東区 の、 愛知芸術文化センター の施設の一つである。愛知芸術文化センターは、愛知県芸術劇場、 愛知県美術館 、 愛知県文化情報センター の3施設からなる。","https://ja.wikipedia.org/wiki/愛知県芸術劇場","優良ホール100選","https://ja.wikipedia.org/wiki/優良ホール100選","箇条書き,制限あり","北緯35度10分15.22秒東経136度54分40.88秒","〒461-8525名古屋市東区東桜一丁目13番2号","1992年10月30日","北緯35度10分15.22秒東経136度54分40.88秒﻿ / ﻿北緯35.1708944度 東経136.9113556度﻿ /35.1708944; 136.9113556座標:北緯35度10分15.22秒東経136度54分40.88秒﻿ / ﻿北緯35.1708944度 東経136.9113556度﻿ /35.1708944; 136.9113556","愛知芸術文化センター","愛知県","大ホール2,480席コンサートホール1,800席小ホール330席","オペラ、バレエ、ミュージカル、演劇歌舞伎、能、 日本舞踊、邦楽など","愛知県芸術劇場","名古屋市営地下鉄東山線、名城線「栄駅」下車、東へ徒歩約2分","18,173m²","1992年6月","","ビュッフェ、プレイガイド、レストラン、喫茶店","","","","","",""
"長久手市文化の家","[長久手市文化の家（愛知県長久手市）] 長久手市文化の家 （ながくてしぶんかのいえ）は、 愛知県 長久手市 にある総合文化施設。単に 文化の家 とも呼ばれる  。","https://ja.wikipedia.org/wiki/長久手市文化の家","優良ホール100選","https://ja.wikipedia.org/wiki/優良ホール100選","箇条書き,制限あり","北緯35度10分38.78秒東経137度2分16.22秒","〒480-1166愛知県長久手市野田農201番地","1998年7月15日","北緯35度10分38.78秒東経137度2分16.22秒﻿ / ﻿北緯35.1774389度 東経137.0378389度﻿ /35.1774389; 137.0378389﻿ (長久手市文化の家NAGAKUTE Cultural Center)座標:北緯35度10分38.78秒東経137度2分16.22秒﻿ / ﻿北緯35.1774389度 東経137.0378389度﻿ /35.1774389; 137.0378389﻿ (長久手市文化の家NAGAKUTE Cultural Center)","長久手市文化の家","長久手市","","","","","17,488.09m²","","","","","","","","",""
"滋賀県立芸術劇場 びわ湖ホール","[滋賀県立芸術劇場 びわ湖ホール（滋賀県大津市）] 滋賀県立芸術劇場 びわ湖ホール （しがけんりつげいじゅつげきじょう びわこホール）は 滋賀県 大津市 打出浜にある 劇場 ・ 歌劇場 。","https://ja.wikipedia.org/wiki/滋賀県立芸術劇場_びわ湖ホール","優良ホール100選","https://ja.wikipedia.org/wiki/優良ホール100選","箇条書き,制限あり","北緯35度0分25.4秒東経135度52分37.5秒","〒520-0806滋賀県大津市打出浜15-1","1998年9月5日","北緯35度0分25.4秒東経135度52分37.5秒﻿ / ﻿北緯35.007056度 東経135.877083度﻿ /35.007056; 135.877083﻿ (滋賀県立芸術劇場 びわ湖ホール)座標:北緯35度0分25.4秒東経135度52分37.5秒﻿ / ﻿北緯35.007056度 東経135.877083度﻿ /35.007056; 135.877083﻿ (滋賀県立芸術劇場 びわ湖ホール)","www.biwako-hall.or.jp","びわ湖芸術文化財団","主な施設・座席数参照","","","","","","","主な施設・座席数参照","","","","","",""
"国立京都国際会館","[国立京都国際会館（京都市左京区）] 国立京都国際会館 （こくりつきょうとこくさいかいかん、 英語 ： Kyoto International Conference Center 、 略称 ： ICC Kyoto ）は、 日本 の 国際 会議 施設 の一つ。 京都府 京都市 左京区 岩倉 に所在し、 宝が池公園 に隣接する。運営は、 公益財団法人国立京都国際会館 。日本で最初の国立の会議施設であり、ここで 京都議定書 が採択された。","https://ja.wikipedia.org/wiki/国立京都国際会館","優良ホール100選","https://ja.wikipedia.org/wiki/優良ホール100選","箇条書き,制限あり","北緯35度03分40秒 東経135度47分00秒","","","","","","","","","","","","","","","","","","",""
"やまと郡山城ホール","[やまと郡山城ホール（奈良県大和郡山市）] やまと郡山城ホール （やまとこおりやまじょうホール）は、 奈良県 大和郡山市 北郡山町にある文化総合施設。","https://ja.wikipedia.org/wiki/やまと郡山城ホール","優良ホール100選","https://ja.wikipedia.org/wiki/優良ホール100選","箇条書き,制限あり","北緯34度39分08秒 東経135度46分57秒","","","","","","","","","","","","","","","","","","",""
"吹田市文化会館","[吹田市文化会館・メイシアター（大阪府吹田市）] 吹田市文化会館 （すいたしぶんかかいかん、愛称メイシアター）は、 大阪府 吹田市 にある多目的ホール。","https://ja.wikipedia.org/wiki/吹田市文化会館","優良ホール100選","https://ja.wikipedia.org/wiki/優良ホール100選","箇条書き,制限あり","北緯34度45分35秒東経135度30分55秒","大阪府吹田市泉町2丁目29番1号","","北緯34度45分35秒東経135度30分55秒﻿ / ﻿北緯34.75975度 東経135.515333度﻿ /34.75975; 135.515333座標:北緯34度45分35秒東経135度30分55秒﻿ / ﻿北緯34.75975度 東経135.515333度﻿ /34.75975; 135.515333","財団法人 吹田市文化振興事業団 メイシアター","公益財団法人 吹田市文化振興事業団","（大ホール）1382席（中ホール）622席（小ホール）156席","多目的ホール","吹田市文化会館","","16,119.70m²","1985年","1382人","","","","","","",""
"ブリーゼタワー","[サンケイホールブリーゼ（大阪市北区）] ブリーゼタワー （英訳表記：BREEZÉ TOWER）は、 大阪市北区 梅田 2丁目にあるビジネスオフィス、商業施設、多目的劇場が併設する 超高層ビル である。 オオサカガーデンシティ に位置する。","https://ja.wikipedia.org/wiki/ブリーゼタワー","優良ホール100選","https://ja.wikipedia.org/wiki/優良ホール100選","箇条書き,制限あり","北緯34度41分55.2秒東経135度29分38秒","大阪府大阪市北区梅田2-4-9","","","","","","店舗・事務所・劇場・駐車場","","","84,756.28m²","","","","株式会社サンケイビル","地上34階地下3階 塔屋1階","鉄骨造（一部鉄骨鉄筋コンクリート造）","5,291.89m²","2008年（平成20年）7月31日",""
"フェスティバルホール","[フェスティバルホール（大阪市北区）] フェスティバルホール （Festival Hall）は、 大阪府 大阪市 北区 中之島 に所在する文化施設（ 多目的ホール ）。 中之島フェスティバルホール とも呼ばれている。 朝日ビルディング が運営している。","https://ja.wikipedia.org/wiki/フェスティバルホール","優良ホール100選","https://ja.wikipedia.org/wiki/優良ホール100選","箇条書き,制限あり","北緯34度41分36.7秒東経135度29分48.3秒","〒530-0005大阪府大阪市北区中之島2丁目3番18号","2012年12月20日","北緯34度41分36.7秒東経135度29分48.3秒﻿ / ﻿北緯34.693528度 東経135.496750度﻿ /34.693528; 135.496750﻿ (フェスティバルホール)座標:北緯34度41分36.7秒東経135度29分48.3秒﻿ / ﻿北緯34.693528度 東経135.496750度﻿ /34.693528; 135.496750﻿ (フェスティバルホール)","festivalhall.jp","朝日ビルディング","2,700席","主としてコンサート（多目的）","フェスティバルホール","","","2012年","2,700人","オーケストラピット、スライディングステージ、ピアノ等","","","","","",""
"NHK大阪ホール","[NHK大阪ホール（大阪市中央区）] NHK大阪ホール （エヌエイチケイおおさかホール、 NHK Osaka Hall ）は、 大阪府 大阪市 中央区 大手前 にある 日本放送協会 系列のコンサートホールである。 2001年 11月 、 NHK大阪放送局 の新局舎の完成と同時にオープンした。新局舎のあるビルの4階にある。 NHKホール （ 東京都 渋谷区 ）に次いで2番目のNHK系列のコンサートホールである。","https://ja.wikipedia.org/wiki/NHK大阪ホール","優良ホール100選","https://ja.wikipedia.org/wiki/優良ホール100選","箇条書き,制限あり","北緯34度40分57.4秒東経135度31分12.1秒","大阪府大阪市中央区大手前四丁目1番20号","2001年","北緯34度40分57.4秒東経135度31分12.1秒﻿ / ﻿北緯34.682611度 東経135.520028度﻿ /34.682611; 135.520028","NHK大阪ホール","株式会社NHKプラネット近畿総支社","1,417席1階 965席、2階 452席","NHK大阪放送局制作番組の収録、コンサート、ミュージカル、演劇、シンポジウム、試写会 他","NHK大阪ホール","地下鉄・谷町四丁目駅谷町線2番出口徒歩3分、中央線9番出口すぐ大阪シティバス「馬場町」バス停すぐ","","2001年","1,417人","移動式ステージ、ハイビジョンプロジェクター、525インチスクリーン、映写室、音響調整室、調光室等","","","","","",""
"湊町リバープレイス","[なんばHatch（大阪市浪速区）] 湊町リバープレイス （みなとまちリバープレイス）は、 大阪市 浪速区 湊町 一丁目  にある、多目的複合イベントスペースである。 八角形 の宇宙船のような形が特徴。","https://ja.wikipedia.org/wiki/湊町リバープレイス","優良ホール100選","https://ja.wikipedia.org/wiki/優良ホール100選","箇条書き,制限あり","北緯34度40分6.3秒東経135度29分44.7秒","〒556-0017大阪市浪速区湊町1-3-1地図","","","","","","ホール、店舗、事務所、都市高速道路、広場","","","21,451.80 m²","","","","（財）大阪市都市建設技術協会","地下2階、地上7階、塔屋1階","RC、S、SRC造","17,930.64 m²","2002年3月","大阪市住宅局営繕部、安井建築設計事務所"
"阿倍野区","[大阪市立阿倍野区民センター（大阪市阿倍野区）[5] 阿倍野区 （あべのく）は、 大阪市 を構成する24 行政区 のうちのひとつ。 孝元天皇 の皇子 大彦命 の末裔、 阿倍氏 が本拠地にしていた地域として親しまれ、区名に起用されている。","https://ja.wikipedia.org/wiki/阿倍野区","優良ホール100選","https://ja.wikipedia.org/wiki/優良ホール100選","箇条書き,制限あり","北緯34度38分19秒東経135度31分6.5秒","〒545-8501大阪府大阪市阿倍野区文の里一丁目1番40号北緯34度38分19秒東経135度31分6.5秒﻿ / ﻿北緯34.63861度 東経135.518472度﻿ /34.63861; 135.518472座標:北緯34度38分19秒東経135度31分6.5秒﻿ / ﻿北緯34.63861度 東経135.518472度﻿ /34.63861; 135.518472","","","大阪市阿倍野区","","","","","","","","","","","","","","",""
"八尾市文化会館","[八尾市文化会館・プリズムホール（大阪府八尾市）] 八尾市文化会館 （やおしぶんかかいかん）は、 大阪府 八尾市 光町 にある 多目的ホール 。 愛称は「 プリズムホール 」。","https://ja.wikipedia.org/wiki/八尾市文化会館","優良ホール100選","https://ja.wikipedia.org/wiki/優良ホール100選","箇条書き,制限あり","北緯34度37分45.8秒東経135度36分24.5秒","大阪府八尾市光町2-40","1988年11月","北緯34度37分45.8秒東経135度36分24.5秒﻿ / ﻿北緯34.629389度 東経135.606806度﻿ /34.629389; 135.606806座標:北緯34度37分45.8秒東経135度36分24.5秒﻿ / ﻿北緯34.629389度 東経135.606806度﻿ /34.629389; 135.606806","八尾市文化会館プリズムホール","公益財団法人八尾市文化振興事業団","（大ホール）1440席（小ホール）390席","多目的ホール","","","14658.40m²","","1397人","","","","","","",""
"貝塚市民文化会館 (存在しないページ)","[貝塚市民文化会館・コスモスシアター（大阪府貝塚市）]","https://ja.wikipedia.org/w/index.php?title=貝塚市民文化会館&amp;action=edit&amp;redlink=1","優良ホール100選","https://ja.wikipedia.org/wiki/優良ホール100選","箇条書き,制限あり","","","","","","","","","","","","","","","","","","","",""
"兵庫県立尼崎青少年創造劇場","[兵庫県立尼崎青少年創造劇場・ピッコロシアター（兵庫県尼崎市）] 1978年 に開設。愛称は ピッコロシアター 。 優良ホール100選 に選ばれている。大ホール（定員400名収容）、中ホール（定員200名）、小ホール（定員100名）そして練習室、展示室、演劇に関する書籍を豊富に所蔵する資料室から構成されている。","https://ja.wikipedia.org/wiki/兵庫県立尼崎青少年創造劇場","優良ホール100選","https://ja.wikipedia.org/wiki/優良ホール100選","箇条書き,制限あり","北緯34度45分0.73秒東経135度25分18.96秒","〒661-0012兵庫県尼崎市南塚口町3-17-8","1978年","北緯34度45分0.73秒東経135度25分18.96秒﻿ / ﻿北緯34.7502028度 東経135.4219333度﻿ /34.7502028; 135.4219333﻿ (兵庫県立尼崎青少年創造劇場)座標:北緯34度45分0.73秒東経135度25分18.96秒﻿ / ﻿北緯34.7502028度 東経135.4219333度﻿ /34.7502028; 135.4219333﻿ (兵庫県立尼崎青少年創造劇場)","公式ウェブサイト","公益財団法人兵庫県芸術文化協会","396","","兵庫県立尼崎青少年創造劇場","該当項目を参照","","","","","","","","","",""
"尼崎市総合文化センター","[尼崎市総合文化センター・アルカイックホール（兵庫県尼崎市）] 尼崎市総合文化センター （あまがさきしそうごうぶんかせんたー）は、 兵庫県 尼崎市 にある複合文化施設。","https://ja.wikipedia.org/wiki/尼崎市総合文化センター","優良ホール100選","https://ja.wikipedia.org/wiki/優良ホール100選","箇条書き,制限あり","北緯34度43分16秒東経135度25分13.2秒","〒660-0881兵庫県尼崎市昭和通2-7-16","1982年7月10日","北緯34度43分16秒東経135度25分13.2秒﻿ / ﻿北緯34.72111度 東経135.420333度﻿ /34.72111; 135.420333座標:北緯34度43分16秒東経135度25分13.2秒﻿ / ﻿北緯34.72111度 東経135.420333度﻿ /34.72111; 135.420333","公式ウェブサイト","","大ホール：1,820席中ホール：650～804席小ホール：250席","","","#アクセスを参照。","","1982年","","","","","","","",""
"兵庫県立芸術文化センター","[兵庫県立芸術文化センター（兵庫県西宮市）[1] 兵庫県立芸術文化センター （ひょうごけんりつげいじゅつぶんかセンター、Hyogo Performing Arts Center）は、 兵庫県 西宮市 にある ホール ・ 劇場 。","https://ja.wikipedia.org/wiki/兵庫県立芸術文化センター","優良ホール100選","https://ja.wikipedia.org/wiki/優良ホール100選","箇条書き,制限あり","北緯34度44分37秒 東経135度21分21秒","〒663-8204兵庫県西宮市高松町2番22号","2005年10月22日","","兵庫県立芸術文化センター","公益財団法人兵庫県芸術文化協会","大ホール：2000席中ホール：800席小ホール：417席","","","","33,144.92m²","","","","","","","","",""
"神戸国際会館","[神戸国際会館こくさいホール（神戸市中央区）] 神戸国際会館 （こうべこくさいかいかん、英語名称：Kobe International House）は、 兵庫県 神戸市 中央区 の 三宮 にある大型複合施設の名称である。 第三セクター の 株式会社神戸国際会館 が運営を行っている。","https://ja.wikipedia.org/wiki/神戸国際会館","優良ホール100選","https://ja.wikipedia.org/wiki/優良ホール100選","箇条書き,制限あり","北緯34度41分32秒 東経135度11分45秒","","","","http://www.kih.co.jp/","","","","","","","","","","","","","","",""
"たんば田園交響ホール","[たんば田園交響ホール（兵庫県丹波篠山市）] たんば田園交響ホール （たんばでんえんこうきょうホール、Tanba-Denen Symphony Hall）は、 兵庫県 丹波篠山市 にある クラシック音楽 公演を中心とした多目的 コンサートホール 。 日本音響家協会 の「 優良ホール100選 」にも選ばれる、抜群の 音響 効果で知られるホールである。","https://ja.wikipedia.org/wiki/たんば田園交響ホール","優良ホール100選","https://ja.wikipedia.org/wiki/優良ホール100選","箇条書き,制限あり","北緯35度4分32.1秒 東経135度13分3.7秒","","","","","","","","","","","","","","","","","","",""
"加古川ウェルネスパーク (存在しないページ)","[加古川ウェルネスパークアラベスクホール（兵庫県加古川市）]","https://ja.wikipedia.org/w/index.php?title=加古川ウェルネスパーク&amp;action=edit&amp;redlink=1","優良ホール100選","https://ja.wikipedia.org/wiki/優良ホール100選","箇条書き,制限あり","","","","","","","","","","","","","","","","","","","",""
"山口情報芸術センター","[山口情報芸術センター（山口県山口市）] 山口情報芸術センター （やまぐちじょうほうげいじゅつセンター、Yamaguchi Center for Arts and Media）は、 山口県 山口市 中園町にある 図書館 ・ ホール ・ 美術館 などの複合施設。おもにコンピューターや映像を使った芸術である メディアアート に関する企画展を行うほか、その制作施設、上演ホールなどもある。通称「 YCAM（ワイカム） 」または「 ビッグウェーブやまぐち 」。公益財団法人山口市文化振興財団が運営に当たっている。 優良ホール100選 に中四国地方で唯一の選出。一般社団法人公共建築協会による平成20年（ 2008年 ）、第11回 公共建築賞 文化施設部門受賞建築物。","https://ja.wikipedia.org/wiki/山口情報芸術センター","優良ホール100選","https://ja.wikipedia.org/wiki/優良ホール100選","箇条書き,制限あり","北緯34度10分10.6秒東経131度28分2.2秒","〒753-0075山口県山口市中園町7-7","","","","","","図書館・美術館など","","","","","","","（公財）山口市文化振興財団","地上2階","","","2003年","磯崎新"
"北九州芸術劇場","[北九州芸術劇場（福岡県北九州市小倉北区）] 北九州芸術劇場 （きたきゅうしゅうげいじゅつげきじょう）は、 福岡県 北九州市 小倉北区 にある 複合商業施設 ・ リバーウォーク北九州 の中にある北九州市立の 劇場 。 2003年 8月11日 オープン。 優良ホール100選 に選ばれている。","https://ja.wikipedia.org/wiki/北九州芸術劇場","優良ホール100選","https://ja.wikipedia.org/wiki/優良ホール100選","箇条書き,制限あり","北緯33度53分8.6秒東経130度52分31秒","〒802-0812北九州市小倉北区室町一丁目1-1-11リバーウォーク北九州内","2003年8月11日","北緯33度53分8.6秒東経130度52分31秒﻿ / ﻿北緯33.885722度 東経130.87528度﻿ /33.885722; 130.87528﻿ (北九州芸術劇場Kitakyushu Performing Arts Center)座標:北緯33度53分8.6秒東経130度52分31秒﻿ / ﻿北緯33.885722度 東経130.87528度﻿ /33.885722; 130.87528﻿ (北九州芸術劇場Kitakyushu Performing Arts Center)","北九州芸術劇場","財団法人北九州市芸術文化振興財団(指定管理者)","大ホール：1,269中劇場：700小劇場：96～216","コンサート、演劇、ミュージカル、歌舞伎","北九州芸術劇場","JR西小倉駅から徒歩5分西鉄バス北九州/北九州市交通局/サンデン交通「室町・RWK」バス停前","約18,000m²","","","","","","","","",""
"福岡市民会館","[福岡市民会館（福岡市中央区）] 福岡市民会館 （ふくおかしみんかいかん）は、 福岡県 福岡市 中央区 天神 にある福岡市立の劇場兼ホール。","https://ja.wikipedia.org/wiki/福岡市民会館","優良ホール100選","https://ja.wikipedia.org/wiki/優良ホール100選","箇条書き,制限あり","北緯33度35分54.2秒東経130度23分55.9秒","〒810-0001福岡県福岡市中央区天神5丁目1番23号","1963年","北緯33度35分54.2秒東経130度23分55.9秒﻿ / ﻿北緯33.598389度 東経130.398861度﻿ /33.598389; 130.398861座標:北緯33度35分54.2秒東経130度23分55.9秒﻿ / ﻿北緯33.598389度 東経130.398861度﻿ /33.598389; 130.398861","公式サイト","株式会社福岡市民ホールサービス(指定管理者)","（大ホール）1770席","コンサート、演劇、バレエ","福岡市民会館","西鉄福岡（天神）駅・福岡市地下鉄天神駅から徒歩15分","","","1770人","","","","","","",""
"武雄市文化会館 (存在しないページ)","[武雄市文化会館（佐賀県武雄市）]","https://ja.wikipedia.org/w/index.php?title=武雄市文化会館&amp;action=edit&amp;redlink=1","優良ホール100選","https://ja.wikipedia.org/wiki/優良ホール100選","箇条書き,制限あり","","","","","","","","","","","","","","","","","","","",""
"熊本県立劇場","[熊本県立劇場（熊本市中央区）] 熊本県立劇場 （くまもとけんりつげきじょう）は、 熊本県 熊本市 にある 劇場 。","https://ja.wikipedia.org/wiki/熊本県立劇場","優良ホール100選","https://ja.wikipedia.org/wiki/優良ホール100選","箇条書き,制限あり","北緯32度48分8.7秒東経130度43分42.2秒","〒862-0971熊本市中央区大江2丁目7-1","1983年","北緯32度48分8.7秒東経130度43分42.2秒﻿ / ﻿北緯32.802417度 東経130.728389度﻿ /32.802417; 130.728389﻿ (熊本県立劇場)座標:北緯32度48分8.7秒東経130度43分42.2秒﻿ / ﻿北緯32.802417度 東経130.728389度﻿ /32.802417; 130.728389﻿ (熊本県立劇場)","","公益財団法人熊本県立劇場（指定管理者）","","","熊本県立劇場","","","1982年12月","","","","","","","",""
"九重文化センター","[九重文化センター（大分県玖珠郡九重町）] 九重文化センター （ここのえぶんかセンター）は、 大分県 玖珠郡 九重町 にある公立の多目的施設である。","https://ja.wikipedia.org/wiki/九重文化センター","優良ホール100選","https://ja.wikipedia.org/wiki/優良ホール100選","箇条書き,制限あり","北緯33度13分39.9秒東経131度11分19.6秒","〒879-4803大分県玖珠郡九重町後野上17番4号","1999年4月1日","北緯33度13分39.9秒東経131度11分19.6秒﻿ / ﻿北緯33.227750度 東経131.188778度﻿ /33.227750; 131.188778座標:北緯33度13分39.9秒東経131度11分19.6秒﻿ / ﻿北緯33.227750度 東経131.188778度﻿ /33.227750; 131.188778","www.town.kokonoe.oita.jp/docs/2017012500365/","九重町","","","","久大本線引治駅より900m","","","","","","","","","",""
"宮崎県立芸術劇場","[宮崎県立芸術劇場（宮崎県宮崎市）] 宮崎県立芸術劇場 （みやざきけんりつげいじゅつげきじょう）は、 宮崎県 宮崎市 にある舞台芸術施設。愛称は『 メディキット 県民文化センター 』。 パイプオルガン が設置されているアイザックスターンホールと演劇ホールを主とする。 優良ホール100選 に選ばれている。","https://ja.wikipedia.org/wiki/宮崎県立芸術劇場","優良ホール100選","https://ja.wikipedia.org/wiki/優良ホール100選","箇条書き,制限あり","北緯31度55分59.2秒東経131度25分11.1秒","〒880-8557宮崎県宮崎市船塚3丁目210番地","1993年","北緯31度55分59.2秒東経131度25分11.1秒﻿ / ﻿北緯31.933111度 東経131.419750度﻿ /31.933111; 131.419750座標:北緯31度55分59.2秒東経131度25分11.1秒﻿ / ﻿北緯31.933111度 東経131.419750度﻿ /31.933111; 131.419750","公式サイト","財団法人宮崎県立劇場","1818席(アイザックスターンホール)","","宮崎県立芸術劇場","日豊本線宮崎神宮駅西へ徒歩10分","21,999m²","","","","","","","","",""
"都城市ウエルネス交流プラザ","[都城市ウエルネス交流プラザ（宮崎県都城市）] 都城市ウエルネス交流プラザ （みやこのじょうしウエルネスこうりゅうプラザ）は、 宮崎県 都城市 に存在する 多目的ホール である。 2004年 5月 オープン。","https://ja.wikipedia.org/wiki/都城市ウエルネス交流プラザ","優良ホール100選","https://ja.wikipedia.org/wiki/優良ホール100選","箇条書き,制限あり","北緯31度43分28秒東経131度3分56.9秒","〒885-0051都城市蔵原町11街区25号","2004年10月","北緯31度43分28秒東経131度3分56.9秒﻿ / ﻿北緯31.72444度 東経131.065806度﻿ /31.72444; 131.065806﻿ (都城市ウエルネス交流プラザムジカホール)座標:北緯31度43分28秒東経131度3分56.9秒﻿ / ﻿北緯31.72444度 東経131.065806度﻿ /31.72444; 131.065806﻿ (都城市ウエルネス交流プラザムジカホール)","公式サイト","都城まちづくり株式会社","固定席 293席親子席 3席車椅子スペース 2席","コンサート、演劇、ミュージカル","","宮崎交通デパート前から徒歩3分JR西都城駅から徒歩10分都城ICから車30分","","","","","","","","","",""
"霧島国際音楽ホール","[霧島国際音楽ホール（鹿児島県霧島市）] 霧島国際音楽ホール （きりしまこくさいおんがくホール）は、 鹿児島県 霧島市 牧園町高千穂にある コンサートホール である。運営は 公益財団法人 鹿児島県文化振興財団 が行っている。 1994年 （平成4年） 7月22日 に開館。愛称は みやまコンセール 。「 霧島国際音楽祭 」の主会場である。同音楽祭のために建設された当ホールは、国際音響学会で「奇跡のホール」と称賛された音響を誇り、 優良ホール100選 に選ばれている。","https://ja.wikipedia.org/wiki/霧島国際音楽ホール","優良ホール100選","https://ja.wikipedia.org/wiki/優良ホール100選","箇条書き,制限あり","北緯31度52分48秒東経130度48分20秒","〒899-6603霧島市牧園町高千穂3311-29","1994年7月22日","北緯31度52分48秒東経130度48分20秒﻿ / ﻿北緯31.88000度 東経130.80556度﻿ /31.88000; 130.80556﻿ (霧島国際音楽ホール)座標:北緯31度52分48秒東経130度48分20秒﻿ / ﻿北緯31.88000度 東経130.80556度﻿ /31.88000; 130.80556﻿ (霧島国際音楽ホール)","霧島国際音楽ホール","公益財団法人 鹿児島県文化振興財団","770席（主ホール）","音楽コンサート全般","霧島国際音楽ホール","","4,904m²","","","主ホール小ホールリハーサル室練習室音場シミュレーション室おやこ室野外音楽堂","","","","","",""
"コリンザ","[沖縄市民小劇場あしびなー（沖縄県沖縄市）] コリンザ は、 沖縄県 沖縄市 中央2丁目にあった 複合商業施設  。 1997年 11月  に沖縄市を中心とする 第三セクター により商業振興策として開設され  、地上5階建ての建物は 國場組 が施工した  。","https://ja.wikipedia.org/wiki/コリンザ","優良ホール100選","https://ja.wikipedia.org/wiki/優良ホール100選","箇条書き,制限あり","北緯26度20分26.4秒 東経127度47分54.4秒","","","","","","","","","","","","","","","","","","",""
