"タイトル","コメント","URL","親リストタイトル","親リストURL","一覧抽出方法","座標","所在地","蔵書数","公式サイト","貸出数","事業主体","条例","来館者数","開館","ISIL","専門分野","延床面積","管理運営","年運営費","前身","職員数","位置","建物設計","貸出者数","館長"
"北海道立図書館","[北海道立図書館[外 1] 北海道立図書館 （ほっかいどうりつとしょかん）は、 北海道 江別市 文京台東町41番地にある 公立図書館 。","https://ja.wikipedia.org/wiki/北海道立図書館","北海道の図書館一覧","https://ja.wikipedia.org/wiki/北海道の図書館一覧","箇条書き,制限あり","北緯43度4分10.6秒東経141度30分2.1秒","〒069-0834北海道江別市文京台東町41番地","1,124,755冊（2016年度末時点）","北海道立図書館","","北海道","","","1926年（大正15年）11月25日（札幌市中央区北1条西5丁目）↓1967年（昭和42年）4月1日（現在地）","JP-1000031","総合","","","","北海道庁立図書館","","北緯43度4分10.6秒東経141度30分2.1秒﻿ / ﻿北緯43.069611度 東経141.500583度﻿ /43.069611; 141.500583座標:北緯43度4分10.6秒東経141度30分2.1秒﻿ / ﻿北緯43.069611度 東経141.500583度﻿ /43.069611; 141.500583","","",""
"北海道立文書館","[北海道立文書館[外 2] 北海道立文書館 （ほっかいどうりつもんじょかん、英訳名：The Archives of Hokkaido）は、 1985年 （昭和60年）  に開館した 北海道 が設置する 公文書館 である。","https://ja.wikipedia.org/wiki/北海道立文書館","北海道の図書館一覧","https://ja.wikipedia.org/wiki/北海道の図書館一覧","箇条書き,制限あり","北緯43度30分2.2秒東経141度4分10.7秒","〒060-8588北海道江別市文京台東町41番地1","268,548点（2012年3月31日時点）","","","北海道","北海道立文書館条例","","1985年7月15日","","公文書、私文書、行政刊行物","3062.47 m2","","","北海道総務部行政資料課北海道総務部文書館設立準備室","","北緯43度30分2.2秒東経141度4分10.7秒﻿ / ﻿北緯43.500611度 東経141.069639度﻿ /43.500611; 141.069639座標:北緯43度30分2.2秒東経141度4分10.7秒﻿ / ﻿北緯43.500611度 東経141.069639度﻿ /43.500611; 141.069639","ドーコン","",""
"札幌市図書館","[札幌市図書館[外 3] 札幌市図書館 （さっぽろしとしょかん）は、 北海道 札幌市 が図書館法第10条、札幌市図書館条例に基づき設置、運営する公立図書館である。札幌市内に10の常設図書館を有し、のべ約257万点の資料を収蔵している。中心となる中央図書館は 中央区 にある。","https://ja.wikipedia.org/wiki/札幌市図書館","北海道の図書館一覧","https://ja.wikipedia.org/wiki/北海道の図書館一覧","箇条書き,制限あり","北緯43度1分48.3秒 東経141度20分25秒","札幌市（12館、29室、4コーナー、3カウンター）","2,567,257冊（2012年時点）","http://www.city.sapporo.jp/toshokan/index.html札幌市の図書館","7,243,740冊（2012年）","北海道札幌市","札幌市図書館条例(PDF)","2,011,666人（中央および地区10館の合計）（2012年）","","JP-1000032","総合","","","705,127千円（2012年）","","153人","","","",""
"札幌市図書館","[札幌市中央図書館] 札幌市図書館 （さっぽろしとしょかん）は、 北海道 札幌市 が図書館法第10条、札幌市図書館条例に基づき設置、運営する公立図書館である。札幌市内に10の常設図書館を有し、のべ約257万点の資料を収蔵している。中心となる中央図書館は 中央区 にある。","https://ja.wikipedia.org/wiki/札幌市図書館#中央図書館","北海道の図書館一覧","https://ja.wikipedia.org/wiki/北海道の図書館一覧","箇条書き,制限あり","北緯43度1分48.3秒 東経141度20分25秒","札幌市（12館、29室、4コーナー、3カウンター）","2,567,257冊（2012年時点）","http://www.city.sapporo.jp/toshokan/index.html札幌市の図書館","7,243,740冊（2012年）","北海道札幌市","札幌市図書館条例(PDF)","2,011,666人（中央および地区10館の合計）（2012年）","","JP-1000032","総合","","","705,127千円（2012年）","","153人","","","",""
"札幌市図書館","[札幌市新琴似図書館] 札幌市図書館 （さっぽろしとしょかん）は、 北海道 札幌市 が図書館法第10条、札幌市図書館条例に基づき設置、運営する公立図書館である。札幌市内に10の常設図書館を有し、のべ約257万点の資料を収蔵している。中心となる中央図書館は 中央区 にある。","https://ja.wikipedia.org/wiki/札幌市図書館#新琴似図書館","北海道の図書館一覧","https://ja.wikipedia.org/wiki/北海道の図書館一覧","箇条書き,制限あり","北緯43度1分48.3秒 東経141度20分25秒","札幌市（12館、29室、4コーナー、3カウンター）","2,567,257冊（2012年時点）","http://www.city.sapporo.jp/toshokan/index.html札幌市の図書館","7,243,740冊（2012年）","北海道札幌市","札幌市図書館条例(PDF)","2,011,666人（中央および地区10館の合計）（2012年）","","JP-1000032","総合","","","705,127千円（2012年）","","153人","","","",""
"札幌市図書館","[札幌市元町図書館] 札幌市図書館 （さっぽろしとしょかん）は、 北海道 札幌市 が図書館法第10条、札幌市図書館条例に基づき設置、運営する公立図書館である。札幌市内に10の常設図書館を有し、のべ約257万点の資料を収蔵している。中心となる中央図書館は 中央区 にある。","https://ja.wikipedia.org/wiki/札幌市図書館#元町図書館","北海道の図書館一覧","https://ja.wikipedia.org/wiki/北海道の図書館一覧","箇条書き,制限あり","北緯43度1分48.3秒 東経141度20分25秒","札幌市（12館、29室、4コーナー、3カウンター）","2,567,257冊（2012年時点）","http://www.city.sapporo.jp/toshokan/index.html札幌市の図書館","7,243,740冊（2012年）","北海道札幌市","札幌市図書館条例(PDF)","2,011,666人（中央および地区10館の合計）（2012年）","","JP-1000032","総合","","","705,127千円（2012年）","","153人","","","",""
"札幌市図書館","[札幌市東札幌図書館] 札幌市図書館 （さっぽろしとしょかん）は、 北海道 札幌市 が図書館法第10条、札幌市図書館条例に基づき設置、運営する公立図書館である。札幌市内に10の常設図書館を有し、のべ約257万点の資料を収蔵している。中心となる中央図書館は 中央区 にある。","https://ja.wikipedia.org/wiki/札幌市図書館#東札幌図書館","北海道の図書館一覧","https://ja.wikipedia.org/wiki/北海道の図書館一覧","箇条書き,制限あり","北緯43度1分48.3秒 東経141度20分25秒","札幌市（12館、29室、4コーナー、3カウンター）","2,567,257冊（2012年時点）","http://www.city.sapporo.jp/toshokan/index.html札幌市の図書館","7,243,740冊（2012年）","北海道札幌市","札幌市図書館条例(PDF)","2,011,666人（中央および地区10館の合計）（2012年）","","JP-1000032","総合","","","705,127千円（2012年）","","153人","","","",""
"札幌市図書館","[札幌市厚別図書館] 札幌市図書館 （さっぽろしとしょかん）は、 北海道 札幌市 が図書館法第10条、札幌市図書館条例に基づき設置、運営する公立図書館である。札幌市内に10の常設図書館を有し、のべ約257万点の資料を収蔵している。中心となる中央図書館は 中央区 にある。","https://ja.wikipedia.org/wiki/札幌市図書館#厚別図書館","北海道の図書館一覧","https://ja.wikipedia.org/wiki/北海道の図書館一覧","箇条書き,制限あり","北緯43度1分48.3秒 東経141度20分25秒","札幌市（12館、29室、4コーナー、3カウンター）","2,567,257冊（2012年時点）","http://www.city.sapporo.jp/toshokan/index.html札幌市の図書館","7,243,740冊（2012年）","北海道札幌市","札幌市図書館条例(PDF)","2,011,666人（中央および地区10館の合計）（2012年）","","JP-1000032","総合","","","705,127千円（2012年）","","153人","","","",""
"札幌市図書館","[札幌市西岡図書館] 札幌市図書館 （さっぽろしとしょかん）は、 北海道 札幌市 が図書館法第10条、札幌市図書館条例に基づき設置、運営する公立図書館である。札幌市内に10の常設図書館を有し、のべ約257万点の資料を収蔵している。中心となる中央図書館は 中央区 にある。","https://ja.wikipedia.org/wiki/札幌市図書館#西岡図書館","北海道の図書館一覧","https://ja.wikipedia.org/wiki/北海道の図書館一覧","箇条書き,制限あり","北緯43度1分48.3秒 東経141度20分25秒","札幌市（12館、29室、4コーナー、3カウンター）","2,567,257冊（2012年時点）","http://www.city.sapporo.jp/toshokan/index.html札幌市の図書館","7,243,740冊（2012年）","北海道札幌市","札幌市図書館条例(PDF)","2,011,666人（中央および地区10館の合計）（2012年）","","JP-1000032","総合","","","705,127千円（2012年）","","153人","","","",""
"札幌市図書館","[札幌市清田図書館] 札幌市図書館 （さっぽろしとしょかん）は、 北海道 札幌市 が図書館法第10条、札幌市図書館条例に基づき設置、運営する公立図書館である。札幌市内に10の常設図書館を有し、のべ約257万点の資料を収蔵している。中心となる中央図書館は 中央区 にある。","https://ja.wikipedia.org/wiki/札幌市図書館#清田図書館","北海道の図書館一覧","https://ja.wikipedia.org/wiki/北海道の図書館一覧","箇条書き,制限あり","北緯43度1分48.3秒 東経141度20分25秒","札幌市（12館、29室、4コーナー、3カウンター）","2,567,257冊（2012年時点）","http://www.city.sapporo.jp/toshokan/index.html札幌市の図書館","7,243,740冊（2012年）","北海道札幌市","札幌市図書館条例(PDF)","2,011,666人（中央および地区10館の合計）（2012年）","","JP-1000032","総合","","","705,127千円（2012年）","","153人","","","",""
"札幌市図書館","[札幌市澄川図書館] 札幌市図書館 （さっぽろしとしょかん）は、 北海道 札幌市 が図書館法第10条、札幌市図書館条例に基づき設置、運営する公立図書館である。札幌市内に10の常設図書館を有し、のべ約257万点の資料を収蔵している。中心となる中央図書館は 中央区 にある。","https://ja.wikipedia.org/wiki/札幌市図書館#澄川図書館","北海道の図書館一覧","https://ja.wikipedia.org/wiki/北海道の図書館一覧","箇条書き,制限あり","北緯43度1分48.3秒 東経141度20分25秒","札幌市（12館、29室、4コーナー、3カウンター）","2,567,257冊（2012年時点）","http://www.city.sapporo.jp/toshokan/index.html札幌市の図書館","7,243,740冊（2012年）","北海道札幌市","札幌市図書館条例(PDF)","2,011,666人（中央および地区10館の合計）（2012年）","","JP-1000032","総合","","","705,127千円（2012年）","","153人","","","",""
"札幌市図書館","[札幌市山の手図書館] 札幌市図書館 （さっぽろしとしょかん）は、 北海道 札幌市 が図書館法第10条、札幌市図書館条例に基づき設置、運営する公立図書館である。札幌市内に10の常設図書館を有し、のべ約257万点の資料を収蔵している。中心となる中央図書館は 中央区 にある。","https://ja.wikipedia.org/wiki/札幌市図書館#山の手図書館","北海道の図書館一覧","https://ja.wikipedia.org/wiki/北海道の図書館一覧","箇条書き,制限あり","北緯43度1分48.3秒 東経141度20分25秒","札幌市（12館、29室、4コーナー、3カウンター）","2,567,257冊（2012年時点）","http://www.city.sapporo.jp/toshokan/index.html札幌市の図書館","7,243,740冊（2012年）","北海道札幌市","札幌市図書館条例(PDF)","2,011,666人（中央および地区10館の合計）（2012年）","","JP-1000032","総合","","","705,127千円（2012年）","","153人","","","",""
"札幌市図書館","[札幌市曙図書館] 札幌市図書館 （さっぽろしとしょかん）は、 北海道 札幌市 が図書館法第10条、札幌市図書館条例に基づき設置、運営する公立図書館である。札幌市内に10の常設図書館を有し、のべ約257万点の資料を収蔵している。中心となる中央図書館は 中央区 にある。","https://ja.wikipedia.org/wiki/札幌市図書館#曙図書館","北海道の図書館一覧","https://ja.wikipedia.org/wiki/北海道の図書館一覧","箇条書き,制限あり","北緯43度1分48.3秒 東経141度20分25秒","札幌市（12館、29室、4コーナー、3カウンター）","2,567,257冊（2012年時点）","http://www.city.sapporo.jp/toshokan/index.html札幌市の図書館","7,243,740冊（2012年）","北海道札幌市","札幌市図書館条例(PDF)","2,011,666人（中央および地区10館の合計）（2012年）","","JP-1000032","総合","","","705,127千円（2012年）","","153人","","","",""
"江別市情報図書館","[江別市情報図書館[外 4] 江別市情報図書館 （えべつしじょうほうとしょかん）は、 北海道 江別市 に所在する 公立図書館 。","https://ja.wikipedia.org/wiki/江別市情報図書館","北海道の図書館一覧","https://ja.wikipedia.org/wiki/北海道の図書館一覧","箇条書き,制限あり","北緯43度05分29秒東経141度31分11秒","〒069-0815北海道江別市野幌末広町7","448,506冊（2018年度時点）","https://www.lib.city.ebetsu.hokkaido.jp/","810,832冊（2018年度）","江別市","江別市図書館条例（1989年3月制定）","","1989年（平成元年）8月","JP-1000070","総合","","","124,264,443円（2018年）","","45人","北緯43度05分29秒東経141度31分11秒﻿ / ﻿北緯43.09139度 東経141.51972度﻿ /43.09139; 141.51972座標:北緯43度05分29秒東経141度31分11秒﻿ / ﻿北緯43.09139度 東経141.51972度﻿ /43.09139; 141.51972","","191,683人（2018年度）",""
"千歳市立図書館","[千歳市立図書館[外 5] 千歳市立図書館 （ちとせしりつとしょかん、英語 : Chitose City Library）は、 北海道 千歳市 真町に所在する 公立図書館 。","https://ja.wikipedia.org/wiki/千歳市立図書館","北海道の図書館一覧","https://ja.wikipedia.org/wiki/北海道の図書館一覧","箇条書き,制限あり","","〒066-0046北海道千歳市真町2196番地の1","288,335冊（平成29年度時点）","http://library-city-chitose.jp/","656,356冊（平成29年度）","千歳市","千歳市立図書館条例","","1988年2月1日","JP-1000081","","2,815.586 m2","(株)山三ふじや","","","","","","",""
"恵庭市立図書館","[恵庭市立図書館[外 6] 恵庭市立図書館 （えにわしりつとしょかん）は、 北海道 恵庭市 恵み野 西5丁目に所在する 市立図書館 。 2017年 （平成29年） 4月1日 より 指定管理者制度 が導入され、 図書館流通センター が 指定管理者 となる予定である  。","https://ja.wikipedia.org/wiki/恵庭市立図書館","北海道の図書館一覧","https://ja.wikipedia.org/wiki/北海道の図書館一覧","箇条書き,制限あり","北緯42度54分21.6秒東経141度35分7.0秒","〒061-1373北海道恵庭市恵み野西5丁目10番2","304,812冊（2015年度時点）","opac.city.eniwa.hokkaido.jp/","60,490冊（2015年度）","恵庭市","恵庭市図書館条例（平成4年3月25日恵庭市条例第4号）","295,356人（2015年度）","1992年（平成4年）7月30日","JP-1000088","総合","2,081.84 m2","恵庭市教育部図書課","111,280千円*（2016年予算）","恵庭市民会館図書室","25人（学校司書除く、2016年5月1日現在）","北緯42度54分21.6秒東経141度35分7.0秒﻿ / ﻿北緯42.906000度 東経141.585278度﻿ /42.906000; 141.585278座標:北緯42度54分21.6秒東経141度35分7.0秒﻿ / ﻿北緯42.906000度 東経141.585278度﻿ /42.906000; 141.585278","北海道日建設計","","内藤和代（2015年11月現在）"
"北広島市図書館 (存在しないページ)","[北広島市図書館[外 7]大曲分館]","https://ja.wikipedia.org/w/index.php?title=北広島市図書館&amp;action=edit&amp;redlink=1","北海道の図書館一覧","https://ja.wikipedia.org/wiki/北海道の図書館一覧","箇条書き,制限あり","","","","","","","","","","","","","","","","","","","",""
"石狩市民図書館 (存在しないページ)","[石狩市民図書館[外 8]花川南分館八幡分館厚田分館浜益分館]","https://ja.wikipedia.org/w/index.php?title=石狩市民図書館&amp;action=edit&amp;redlink=1","北海道の図書館一覧","https://ja.wikipedia.org/wiki/北海道の図書館一覧","箇条書き,制限あり","","","","","","","","","","","","","","","","","","","",""
"りすた図書館 (存在しないページ)","[りすた図書館（夕張市立）[外 9]]","https://ja.wikipedia.org/w/index.php?title=りすた図書館&amp;action=edit&amp;redlink=1","北海道の図書館一覧","https://ja.wikipedia.org/wiki/北海道の図書館一覧","箇条書き,制限あり","","","","","","","","","","","","","","","","","","","",""
"岩見沢市立図書館","[岩見沢市立図書館[外 10] 岩見沢市立図書館 （いわみざわしりつとしょかん）は 北海道 岩見沢市 にある公立 図書館 。市内春日町の本館のほか、合併前の旧 栗沢町 ・ 北村 から引き継いだものを含む3つの分館を有する。","https://ja.wikipedia.org/wiki/岩見沢市立図書館","北海道の図書館一覧","https://ja.wikipedia.org/wiki/北海道の図書館一覧","箇条書き,制限あり","北緯43度11分31.1秒東経141度46分44.1秒","〒068-0827北海道岩見沢市春日町2丁目18番1号","本館223,129冊（2012年度末時点）","","本館309,049冊（2012年度）","","","本館約15万人（2012年度）","1951年9月1日","JP-1000062","総合","3,307.2 m2","岩見沢市","","","","北緯43度11分31.1秒東経141度46分44.1秒﻿ / ﻿北緯43.191972度 東経141.778917度﻿ /43.191972; 141.778917座標:北緯43度11分31.1秒東経141度46分44.1秒﻿ / ﻿北緯43.191972度 東経141.778917度﻿ /43.191972; 141.778917","","",""
"来夢21図書館 (存在しないページ)","[来夢21図書館]","https://ja.wikipedia.org/w/index.php?title=来夢21図書館&amp;action=edit&amp;redlink=1","北海道の図書館一覧","https://ja.wikipedia.org/wiki/北海道の図書館一覧","箇条書き,制限あり","","","","","","","","","","","","","","","","","","","",""
"美唄市立図書館 (存在しないページ)","[美唄市立図書館[外 11]]","https://ja.wikipedia.org/w/index.php?title=美唄市立図書館&amp;action=edit&amp;redlink=1","北海道の図書館一覧","https://ja.wikipedia.org/wiki/北海道の図書館一覧","箇条書き,制限あり","","","","","","","","","","","","","","","","","","","",""
"芦別市立図書館 (存在しないページ)","[芦別市立図書館[外 12]]","https://ja.wikipedia.org/w/index.php?title=芦別市立図書館&amp;action=edit&amp;redlink=1","北海道の図書館一覧","https://ja.wikipedia.org/wiki/北海道の図書館一覧","箇条書き,制限あり","","","","","","","","","","","","","","","","","","","",""
"赤平市図書館 (存在しないページ)","[赤平市図書館[外 13]]","https://ja.wikipedia.org/w/index.php?title=赤平市図書館&amp;action=edit&amp;redlink=1","北海道の図書館一覧","https://ja.wikipedia.org/wiki/北海道の図書館一覧","箇条書き,制限あり","","","","","","","","","","","","","","","","","","","",""
"三笠市立図書館 (存在しないページ)","[三笠市立図書館[外 14]]","https://ja.wikipedia.org/w/index.php?title=三笠市立図書館&amp;action=edit&amp;redlink=1","北海道の図書館一覧","https://ja.wikipedia.org/wiki/北海道の図書館一覧","箇条書き,制限あり","","","","","","","","","","","","","","","","","","","",""
"滝川市立図書館","[滝川市立図書館[外 15] 滝川市立図書館 （たきかわしりつとしょかん）は、 北海道 滝川市 にある 公共図書館 である。 市役所 庁舎に入居しており、市の財政圧迫を抑えつつ、利便性の高い立地を活かしたサービスの向上、利用促進ならびに中心 市街地 の活性化を図っている   。また、 東日本大震災 の際には、たまたま同時期に廃止された 移動図書館 車を活用して被災地へ本を寄贈するなどの支援活動を行った   。","https://ja.wikipedia.org/wiki/滝川市立図書館","北海道の図書館一覧","https://ja.wikipedia.org/wiki/北海道の図書館一覧","箇条書き,制限あり","北緯43度33分28秒東経141度54分37秒","〒073- 8686滝川市大町1丁目2番15号","134,845冊（2012年度時点時点）","http://lib.city.takikawa.hokkaido.jp/","219,469冊（2012年度）","滝川市","滝川市立図書館条例（昭和48年4月1日条例第27号）","106,443人（2012年度）","1973年（昭和48年）4月1日","JP-1000082","総合","1,402.4m2","滝川市教育委員会","","","","北緯43度33分28秒東経141度54分37秒﻿ / ﻿北緯43.55778度 東経141.91028度﻿ /43.55778; 141.91028座標:北緯43度33分28秒東経141度54分37秒﻿ / ﻿北緯43.55778度 東経141.91028度﻿ /43.55778; 141.91028","","",""
"砂川市図書館 (存在しないページ)","[砂川市図書館[外 16]]","https://ja.wikipedia.org/w/index.php?title=砂川市図書館&amp;action=edit&amp;redlink=1","北海道の図書館一覧","https://ja.wikipedia.org/wiki/北海道の図書館一覧","箇条書き,制限あり","","","","","","","","","","","","","","","","","","","",""
"歌志内市立図書館 (存在しないページ)","[歌志内市立図書館[外 17]]","https://ja.wikipedia.org/w/index.php?title=歌志内市立図書館&amp;action=edit&amp;redlink=1","北海道の図書館一覧","https://ja.wikipedia.org/wiki/北海道の図書館一覧","箇条書き,制限あり","","","","","","","","","","","","","","","","","","","",""
"深川市生きがい文化センター図書館 (存在しないページ)","[深川市生きがい文化センター図書館[外 18]]","https://ja.wikipedia.org/w/index.php?title=深川市生きがい文化センター図書館&amp;action=edit&amp;redlink=1","北海道の図書館一覧","https://ja.wikipedia.org/wiki/北海道の図書館一覧","箇条書き,制限あり","","","","","","","","","","","","","","","","","","","",""
"奈井江町図書館 (存在しないページ)","[奈井江町図書館[外 19]]","https://ja.wikipedia.org/w/index.php?title=奈井江町図書館&amp;action=edit&amp;redlink=1","北海道の図書館一覧","https://ja.wikipedia.org/wiki/北海道の図書館一覧","箇条書き,制限あり","","","","","","","","","","","","","","","","","","","",""
"由仁町ゆめっく館 (存在しないページ)","[由仁町ゆめっく館[外 20]]","https://ja.wikipedia.org/w/index.php?title=由仁町ゆめっく館&amp;action=edit&amp;redlink=1","北海道の図書館一覧","https://ja.wikipedia.org/wiki/北海道の図書館一覧","箇条書き,制限あり","","","","","","","","","","","","","","","","","","","",""
"長沼町図書館 (存在しないページ)","[長沼町図書館[外 21]]","https://ja.wikipedia.org/w/index.php?title=長沼町図書館&amp;action=edit&amp;redlink=1","北海道の図書館一覧","https://ja.wikipedia.org/wiki/北海道の図書館一覧","箇条書き,制限あり","","","","","","","","","","","","","","","","","","","",""
"栗山町図書館 (存在しないページ)","[栗山町図書館[外 22]]","https://ja.wikipedia.org/w/index.php?title=栗山町図書館&amp;action=edit&amp;redlink=1","北海道の図書館一覧","https://ja.wikipedia.org/wiki/北海道の図書館一覧","箇条書き,制限あり","","","","","","","","","","","","","","","","","","","",""
"新十津川町図書館 (存在しないページ)","[新十津川町図書館[外 23]]","https://ja.wikipedia.org/w/index.php?title=新十津川町図書館&amp;action=edit&amp;redlink=1","北海道の図書館一覧","https://ja.wikipedia.org/wiki/北海道の図書館一覧","箇条書き,制限あり","","","","","","","","","","","","","","","","","","","",""
"秩父別町図書館 (存在しないページ)","[秩父別町図書館[外 24]]","https://ja.wikipedia.org/w/index.php?title=秩父別町図書館&amp;action=edit&amp;redlink=1","北海道の図書館一覧","https://ja.wikipedia.org/wiki/北海道の図書館一覧","箇条書き,制限あり","","","","","","","","","","","","","","","","","","","",""
"北竜町図書館 (存在しないページ)","[北竜町図書館[外 25]]","https://ja.wikipedia.org/w/index.php?title=北竜町図書館&amp;action=edit&amp;redlink=1","北海道の図書館一覧","https://ja.wikipedia.org/wiki/北海道の図書館一覧","箇条書き,制限あり","","","","","","","","","","","","","","","","","","","",""
"沼田町図書館 (存在しないページ)","[沼田町図書館[外 26]]","https://ja.wikipedia.org/w/index.php?title=沼田町図書館&amp;action=edit&amp;redlink=1","北海道の図書館一覧","https://ja.wikipedia.org/wiki/北海道の図書館一覧","箇条書き,制限あり","","","","","","","","","","","","","","","","","","","",""
"月形町図書館 (存在しないページ)","[月形町図書館[外 27]]","https://ja.wikipedia.org/w/index.php?title=月形町図書館&amp;action=edit&amp;redlink=1","北海道の図書館一覧","https://ja.wikipedia.org/wiki/北海道の図書館一覧","箇条書き,制限あり","","","","","","","","","","","","","","","","","","","",""
"市立小樽図書館","[市立小樽図書館[外 28] 市立小樽図書館 （しりつおたるとしょかん）は、 北海道 小樽市 花園 にある 公立図書館 。 1916年 （ 大正 5年）、小樽区役所（後の 小樽市役所 ）の一室に「区立小樽図書館」の名で開設され  、 1922年 （大正11年）の 市制 施行に伴い「市立小樽図書館」に改称  。 1923年 （大正12年） 11月30日 に旧館が落成し  、この旧館が老朽化により解体された後、 1983年 （昭和58年）に新館が完成し  、 平成 期以降に至る。北海道内では、 枝幸郡 枝幸町 の枝幸町立図書館に次いで2番目に古い 図書館 である   。","https://ja.wikipedia.org/wiki/市立小樽図書館","北海道の図書館一覧","https://ja.wikipedia.org/wiki/北海道の図書館一覧","箇条書き,制限あり","北緯43度11分28.7196秒東経140度59分36.0132秒","〒047-0024北海道小樽市花園5丁目1-1","311,359冊（2019年度時点）","市立小樽図書館","334,776冊（2019年度時点）","","市立小樽図書館条例（平成28年7月13日条例第40号）","179,460人（2019年度時点）","1916年8月1日","JP-1000043","","2489.034m2","小樽市教育委員会","57,433,000円（2019年度時点）","","","北緯43度11分28.7196秒東経140度59分36.0132秒﻿ / ﻿北緯43.191311000度 東経140.993337000度﻿ /43.191311000; 140.993337000座標:北緯43度11分28.7196秒東経140度59分36.0132秒﻿ / ﻿北緯43.191311000度 東経140.993337000度﻿ /43.191311000; 140.993337000","","102,825人（2019年度時点）","鈴木浩一（2020年時点）"
"余市町図書館 (存在しないページ)","[余市町図書館[外 29]]","https://ja.wikipedia.org/w/index.php?title=余市町図書館&amp;action=edit&amp;redlink=1","北海道の図書館一覧","https://ja.wikipedia.org/wiki/北海道の図書館一覧","箇条書き,制限あり","","","","","","","","","","","","","","","","","","","",""
"京極町生涯学習センター (存在しないページ)","[京極町生涯学習センター湧学館[外 30]]","https://ja.wikipedia.org/w/index.php?title=京極町生涯学習センター&amp;action=edit&amp;redlink=1","北海道の図書館一覧","https://ja.wikipedia.org/wiki/北海道の図書館一覧","箇条書き,制限あり","","","","","","","","","","","","","","","","","","","",""
"市立室蘭図書館 (存在しないページ)","[市立室蘭図書館[外 31]]","https://ja.wikipedia.org/w/index.php?title=市立室蘭図書館&amp;action=edit&amp;redlink=1","北海道の図書館一覧","https://ja.wikipedia.org/wiki/北海道の図書館一覧","箇条書き,制限あり","","","","","","","","","","","","","","","","","","","",""
"苫小牧市立中央図書館","[苫小牧市立中央図書館[外 32] 苫小牧市立中央図書館 （とまこまいしりつちゅうおうとしょかん、英語 : Tomakomai City Library）は、 北海道 苫小牧市 末広町に所在する 公立図書館 。","https://ja.wikipedia.org/wiki/苫小牧市立中央図書館","北海道の図書館一覧","https://ja.wikipedia.org/wiki/北海道の図書館一覧","箇条書き,制限あり","","〒053-0011北海道苫小牧市末広町3丁目1番15号","199,625（平成30年4月から平成31年3月時点）","http://www.tomakomai-lib.jp/","437,124（平成30年4月から平成31年3月）","苫小牧市","苫小牧市立図書館条例","307,800人（平成30年4月から平成31年3月）","1988年11月3日","JP-1000066","","6,812.19 m2","TRC苫小牧グループ","1億7,601万8,000円（令和元年度）","苫小牧町公民館図書部市立苫小牧図書館","28人","","株式会社岡田新一設計事務所","",""
"登別市立図書館 (存在しないページ)","[登別市立図書館[外 33]]","https://ja.wikipedia.org/w/index.php?title=登別市立図書館&amp;action=edit&amp;redlink=1","北海道の図書館一覧","https://ja.wikipedia.org/wiki/北海道の図書館一覧","箇条書き,制限あり","","","","","","","","","","","","","","","","","","","",""
"伊達市立図書館 (存在しないページ)","[伊達市立図書館[外 34]]","https://ja.wikipedia.org/w/index.php?title=伊達市立図書館&amp;action=edit&amp;redlink=1","北海道の図書館一覧","https://ja.wikipedia.org/wiki/北海道の図書館一覧","箇条書き,制限あり","","","","","","","","","","","","","","","","","","","",""
"白老町立図書館","[白老町立図書館[外 35] 白老町立図書館 （しらおいちょうりつとしょかん）は、 北海道 白老郡 白老町 にある 公立図書館 。なお、本項では、前身の施設についても記述する。","https://ja.wikipedia.org/wiki/白老町立図書館","北海道の図書館一覧","https://ja.wikipedia.org/wiki/北海道の図書館一覧","箇条書き,制限あり","北緯42度33分9.6秒東経141度21分10秒","〒059-0906北海道白老郡白老町本町1丁目1番3号","55,812冊（2017年時点）","図書館ホームページ（白老町）","","","","","","JP-1000141","","","","","","","北緯42度33分9.6秒東経141度21分10秒﻿ / ﻿北緯42.552667度 東経141.35278度﻿ /42.552667; 141.35278座標:北緯42度33分9.6秒東経141度21分10秒﻿ / ﻿北緯42.552667度 東経141.35278度﻿ /42.552667; 141.35278","","",""
"まなびランド図書室 (存在しないページ)","[むかわ町の図書館[外 36]まなびランド図書室穂別図書館]","https://ja.wikipedia.org/w/index.php?title=まなびランド図書室&amp;action=edit&amp;redlink=1","北海道の図書館一覧","https://ja.wikipedia.org/wiki/北海道の図書館一覧","箇条書き,制限あり","","","","","","","","","","","","","","","","","","","",""
"まなびランド図書室 (存在しないページ)","[まなびランド図書室]","https://ja.wikipedia.org/w/index.php?title=まなびランド図書室&amp;action=edit&amp;redlink=1","北海道の図書館一覧","https://ja.wikipedia.org/wiki/北海道の図書館一覧","箇条書き,制限あり","","","","","","","","","","","","","","","","","","","",""
"穂別図書館 (存在しないページ)","[穂別図書館]","https://ja.wikipedia.org/w/index.php?title=穂別図書館&amp;action=edit&amp;redlink=1","北海道の図書館一覧","https://ja.wikipedia.org/wiki/北海道の図書館一覧","箇条書き,制限あり","","","","","","","","","","","","","","","","","","","",""
"洞爺湖町立読書の家 (存在しないページ)","[洞爺湖町立読書の家あぶた読書の家[外 37]みずうみ読書の家[外 38]洞爺総合センター図書室[外 39]]","https://ja.wikipedia.org/w/index.php?title=洞爺湖町立読書の家&amp;action=edit&amp;redlink=1","北海道の図書館一覧","https://ja.wikipedia.org/wiki/北海道の図書館一覧","箇条書き,制限あり","","","","","","","","","","","","","","","","","","","",""
"日高町立図書館郷土資料館 (存在しないページ)","[日高町立図書館郷土資料館日高町立日高図書館郷土資料館[外 40]日高町立門別図書館郷土資料館[外 41]]","https://ja.wikipedia.org/w/index.php?title=日高町立図書館郷土資料館&amp;action=edit&amp;redlink=1","北海道の図書館一覧","https://ja.wikipedia.org/wiki/北海道の図書館一覧","箇条書き,制限あり","","","","","","","","","","","","","","","","","","","",""
"新ひだか町図書館 (存在しないページ)","[新ひだか町図書館[外 42]新ひだか町静内図書館新ひだか町三石図書館]","https://ja.wikipedia.org/w/index.php?title=新ひだか町図書館&amp;action=edit&amp;redlink=1","北海道の図書館一覧","https://ja.wikipedia.org/wiki/北海道の図書館一覧","箇条書き,制限あり","","","","","","","","","","","","","","","","","","","",""
"平取町立図書館 (存在しないページ)","[平取町立図書館[外 43]]","https://ja.wikipedia.org/w/index.php?title=平取町立図書館&amp;action=edit&amp;redlink=1","北海道の図書館一覧","https://ja.wikipedia.org/wiki/北海道の図書館一覧","箇条書き,制限あり","","","","","","","","","","","","","","","","","","","",""
"浦河町立図書館 (存在しないページ)","[浦河町立図書館[外 44]]","https://ja.wikipedia.org/w/index.php?title=浦河町立図書館&amp;action=edit&amp;redlink=1","北海道の図書館一覧","https://ja.wikipedia.org/wiki/北海道の図書館一覧","箇条書き,制限あり","","","","","","","","","","","","","","","","","","","",""
"町立様似図書館 (存在しないページ)","[町立様似図書館[外 45]]","https://ja.wikipedia.org/w/index.php?title=町立様似図書館&amp;action=edit&amp;redlink=1","北海道の図書館一覧","https://ja.wikipedia.org/wiki/北海道の図書館一覧","箇条書き,制限あり","","","","","","","","","","","","","","","","","","","",""
"新冠町レ・コード館図書プラザ (存在しないページ)","[新冠町レ・コード館図書プラザ[外 46]]","https://ja.wikipedia.org/w/index.php?title=新冠町レ・コード館図書プラザ&amp;action=edit&amp;redlink=1","北海道の図書館一覧","https://ja.wikipedia.org/wiki/北海道の図書館一覧","箇条書き,制限あり","","","","","","","","","","","","","","","","","","","",""
"函館市中央図書館","[函館市中央図書館[外 47] 函館市中央図書館 （はこだてしちゅうおうとしょかん）は、 北海道 函館市 にある 公立図書館 。","https://ja.wikipedia.org/wiki/函館市中央図書館","北海道の図書館一覧","https://ja.wikipedia.org/wiki/北海道の図書館一覧","箇条書き,制限あり","北緯41度47分53.9秒 東経140度45分12.6秒","函館市（1館5室1配本所）","812,469冊・点（2012年度末時点）","hakodate-lib.jp","1,585,638冊・点（2012年度）","函館市","函館市図書館条例","699,279人（2012年度）","1928年（昭和3年）","JP-1000042","総合","","","311,383千円（2013年度）","函館毎日新聞緑叢会附属図書室、私立函館図書館","19人","","","",""
"北斗市立図書館 (存在しないページ)","[北斗市立図書館[外 48]北斗市立図書館分館]","https://ja.wikipedia.org/w/index.php?title=北斗市立図書館&amp;action=edit&amp;redlink=1","北海道の図書館一覧","https://ja.wikipedia.org/wiki/北海道の図書館一覧","箇条書き,制限あり","","","","","","","","","","","","","","","","","","","",""
"松前町立図書館 (存在しないページ)","[松前町立図書館[外 49]]","https://ja.wikipedia.org/w/index.php?title=松前町立図書館&amp;action=edit&amp;redlink=1","北海道の図書館一覧","https://ja.wikipedia.org/wiki/北海道の図書館一覧","箇条書き,制限あり","","","","","","","","","","","","","","","","","","","",""
"森町図書館 (存在しないページ)","[森町図書館[外 50]]","https://ja.wikipedia.org/w/index.php?title=森町図書館&amp;action=edit&amp;redlink=1","北海道の図書館一覧","https://ja.wikipedia.org/wiki/北海道の図書館一覧","箇条書き,制限あり","","","","","","","","","","","","","","","","","","","",""
"八雲町立図書館 (存在しないページ)","[八雲町立図書館[外 51]]","https://ja.wikipedia.org/w/index.php?title=八雲町立図書館&amp;action=edit&amp;redlink=1","北海道の図書館一覧","https://ja.wikipedia.org/wiki/北海道の図書館一覧","箇条書き,制限あり","","","","","","","","","","","","","","","","","","","",""
"長万部町図書館 (存在しないページ)","[長万部町図書館[外 52]]","https://ja.wikipedia.org/w/index.php?title=長万部町図書館&amp;action=edit&amp;redlink=1","北海道の図書館一覧","https://ja.wikipedia.org/wiki/北海道の図書館一覧","箇条書き,制限あり","","","","","","","","","","","","","","","","","","","",""
"江差町図書館 (存在しないページ)","[江差町図書館[外 53]]","https://ja.wikipedia.org/w/index.php?title=江差町図書館&amp;action=edit&amp;redlink=1","北海道の図書館一覧","https://ja.wikipedia.org/wiki/北海道の図書館一覧","箇条書き,制限あり","","","","","","","","","","","","","","","","","","","",""
"厚沢部町図書館 (存在しないページ)","[厚沢部町図書館[外 54]]","https://ja.wikipedia.org/w/index.php?title=厚沢部町図書館&amp;action=edit&amp;redlink=1","北海道の図書館一覧","https://ja.wikipedia.org/wiki/北海道の図書館一覧","箇条書き,制限あり","","","","","","","","","","","","","","","","","","","",""
"せたな町大成図書館 (存在しないページ)","[せたな町大成図書館]","https://ja.wikipedia.org/w/index.php?title=せたな町大成図書館&amp;action=edit&amp;redlink=1","北海道の図書館一覧","https://ja.wikipedia.org/wiki/北海道の図書館一覧","箇条書き,制限あり","","","","","","","","","","","","","","","","","","","",""
"旭川市図書館","[旭川市図書館[外 55] 旭川市中央図書館 （あさひかわしちゅうおうとしょかん）は、 北海道 旭川市 、 旭川市常磐公園 内に位置する 公立図書館 。","https://ja.wikipedia.org/wiki/旭川市図書館","北海道の図書館一覧","https://ja.wikipedia.org/wiki/北海道の図書館一覧","箇条書き,制限あり","北緯43度46分30.8秒東経142度21分38.5秒","〒070-0044旭川市常磐公園","53万6千冊（2005年時点）","","","旭川市","","","1994年（平成6年）10月1日","","","","","","","","北緯43度46分30.8秒東経142度21分38.5秒﻿ / ﻿北緯43.775222度 東経142.360694度﻿ /43.775222; 142.360694座標:北緯43度46分30.8秒東経142度21分38.5秒﻿ / ﻿北緯43.775222度 東経142.360694度﻿ /43.775222; 142.360694","","",""
"旭川市図書館","[旭川市中央図書館] 旭川市中央図書館 （あさひかわしちゅうおうとしょかん）は、 北海道 旭川市 、 旭川市常磐公園 内に位置する 公立図書館 。","https://ja.wikipedia.org/wiki/旭川市図書館#旭川市中央図書館","北海道の図書館一覧","https://ja.wikipedia.org/wiki/北海道の図書館一覧","箇条書き,制限あり","北緯43度46分30.8秒東経142度21分38.5秒","〒070-0044旭川市常磐公園","53万6千冊（2005年時点）","","","旭川市","","","1994年（平成6年）10月1日","","","","","","","","北緯43度46分30.8秒東経142度21分38.5秒﻿ / ﻿北緯43.775222度 東経142.360694度﻿ /43.775222; 142.360694座標:北緯43度46分30.8秒東経142度21分38.5秒﻿ / ﻿北緯43.775222度 東経142.360694度﻿ /43.775222; 142.360694","","",""
"市立士別図書館 (存在しないページ)","[市立士別図書館[外 56]朝日図書室]","https://ja.wikipedia.org/w/index.php?title=市立士別図書館&amp;action=edit&amp;redlink=1","北海道の図書館一覧","https://ja.wikipedia.org/wiki/北海道の図書館一覧","箇条書き,制限あり","","","","","","","","","","","","","","","","","","","",""
"市立名寄図書館","[市立名寄図書館[外 57] 市立名寄図書館 （しりつなよろとしょかん）は、 北海道 名寄市 に所在する 公立図書館 。","https://ja.wikipedia.org/wiki/市立名寄図書館","北海道の図書館一覧","https://ja.wikipedia.org/wiki/北海道の図書館一覧","箇条書き,制限あり","","〒096-0010北海道名寄市大通南2丁目5番地","170,334冊（2018年3月31日時点）","市立名寄図書館","114,384冊（平成29年度）","","名寄市図書館条例","41,839人（平成29年度）","1970年8月1日","JP-1000077","総合","1,683m2","名寄市","4,614.8万円（令和2年度）","","","","","",""
"市立富良野図書館","[市立富良野図書館[外 58] 市立富良野図書館 （しりつふらのとしょかん）は、 北海道 富良野市 に所在する 公立 図書館 。","https://ja.wikipedia.org/wiki/市立富良野図書館","北海道の図書館一覧","https://ja.wikipedia.org/wiki/北海道の図書館一覧","箇条書き,制限あり","","〒076-0032北海道富良野市若松町5番10号","131,758冊（平成30年度時点）","市立富良野図書館","146,587冊（平成30年度）","","市立富良野図書館設置条例","92,990人（平成30年度）","1972年4月1日","","総合","1,782.07m2","富良野市","3,109.9万円（平成31年度）","","","","","",""
"当麻町立図書館 (存在しないページ)","[当麻町立図書館[外 59]]","https://ja.wikipedia.org/w/index.php?title=当麻町立図書館&amp;action=edit&amp;redlink=1","北海道の図書館一覧","https://ja.wikipedia.org/wiki/北海道の図書館一覧","箇条書き,制限あり","","","","","","","","","","","","","","","","","","","",""
"美瑛町図書館 (存在しないページ)","[美瑛町図書館[外 60]]","https://ja.wikipedia.org/w/index.php?title=美瑛町図書館&amp;action=edit&amp;redlink=1","北海道の図書館一覧","https://ja.wikipedia.org/wiki/北海道の図書館一覧","箇条書き,制限あり","","","","","","","","","","","","","","","","","","","",""
"和寒町立図書館 (存在しないページ)","[和寒町立図書館[外 61]]","https://ja.wikipedia.org/w/index.php?title=和寒町立図書館&amp;action=edit&amp;redlink=1","北海道の図書館一覧","https://ja.wikipedia.org/wiki/北海道の図書館一覧","箇条書き,制限あり","","","","","","","","","","","","","","","","","","","",""
"比布町図書館 (存在しないページ)","[比布町図書館[外 62]]","https://ja.wikipedia.org/w/index.php?title=比布町図書館&amp;action=edit&amp;redlink=1","北海道の図書館一覧","https://ja.wikipedia.org/wiki/北海道の図書館一覧","箇条書き,制限あり","","","","","","","","","","","","","","","","","","","",""
"東神楽町図書館 (存在しないページ)","[東神楽町図書館[外 63]]","https://ja.wikipedia.org/w/index.php?title=東神楽町図書館&amp;action=edit&amp;redlink=1","北海道の図書館一覧","https://ja.wikipedia.org/wiki/北海道の図書館一覧","箇条書き,制限あり","","","","","","","","","","","","","","","","","","","",""
"剣淵町絵本の館","[剣淵町絵本の館[外 64] 剣淵町絵本の館 （けんぶちちょうえほんのやかた）は、 北海道 剣淵町 に所在する絵本を集めた専門図書館   。","https://ja.wikipedia.org/wiki/剣淵町絵本の館","北海道の図書館一覧","https://ja.wikipedia.org/wiki/北海道の図書館一覧","箇条書き,制限あり","北緯44度5分29.3秒東経142度21分30.3秒","〒098-0332北海道上川郡剣淵町緑町15-3","","http://ehon-yakata.com/","","","","","1991年（平成3年）8月1日（旧館）↓2004年（平成16年）6月25日","JP-1005976","絵本","","剣淵町","","","","北緯44度5分29.3秒東経142度21分30.3秒﻿ / ﻿北緯44.091472度 東経142.358417度﻿ /44.091472; 142.358417座標:北緯44度5分29.3秒東経142度21分30.3秒﻿ / ﻿北緯44.091472度 東経142.358417度﻿ /44.091472; 142.358417","","",""
"上富良野町図書館 (存在しないページ)","[上富良野町図書館[外 65]]","https://ja.wikipedia.org/w/index.php?title=上富良野町図書館&amp;action=edit&amp;redlink=1","北海道の図書館一覧","https://ja.wikipedia.org/wiki/北海道の図書館一覧","箇条書き,制限あり","","","","","","","","","","","","","","","","","","","",""
"市立留萌図書館 (存在しないページ)","[市立留萌図書館[外 66]]","https://ja.wikipedia.org/w/index.php?title=市立留萌図書館&amp;action=edit&amp;redlink=1","北海道の図書館一覧","https://ja.wikipedia.org/wiki/北海道の図書館一覧","箇条書き,制限あり","","","","","","","","","","","","","","","","","","","",""
"稚内市立図書館","[稚内市立図書館[外 67] 稚内市立図書館 （わっかないしりつとしょかん）は、 北海道 稚内市 が運営する公立 図書館 である。日本で最も北に位置する図書館である。","https://ja.wikipedia.org/wiki/稚内市立図書館","北海道の図書館一覧","https://ja.wikipedia.org/wiki/北海道の図書館一覧","箇条書き,制限あり","北緯45度23分43.0秒東経141度41分24.0秒","〒097-0005北海道稚内市大黒4丁目1-1","226,109冊（2018年時点）","http://www.city.wakkanai.hokkaido.jp/toshokan/","140,220冊（2018年）","","","","","JP-1000067","","","","","","","北緯45度23分43.0秒東経141度41分24.0秒﻿ / ﻿北緯45.395278度 東経141.690000度﻿ /45.395278; 141.690000座標:北緯45度23分43.0秒東経141度41分24.0秒﻿ / ﻿北緯45.395278度 東経141.690000度﻿ /45.395278; 141.690000","","",""
"浜頓別町立図書館 (存在しないページ)","[浜頓別町立図書館[外 68]]","https://ja.wikipedia.org/w/index.php?title=浜頓別町立図書館&amp;action=edit&amp;redlink=1","北海道の図書館一覧","https://ja.wikipedia.org/wiki/北海道の図書館一覧","箇条書き,制限あり","","","","","","","","","","","","","","","","","","","",""
"枝幸町立図書館 (存在しないページ)","[枝幸町立図書館[外 69]]","https://ja.wikipedia.org/w/index.php?title=枝幸町立図書館&amp;action=edit&amp;redlink=1","北海道の図書館一覧","https://ja.wikipedia.org/wiki/北海道の図書館一覧","箇条書き,制限あり","","","","","","","","","","","","","","","","","","","",""
"北見市立図書館","[北見市立図書館[外 70] 北見市立中央図書館 （きたみしりつちゅうおうとしょかん）は、北海道北見市泉町1丁目に所在する 公立図書館 。","https://ja.wikipedia.org/wiki/北見市立図書館","北海道の図書館一覧","https://ja.wikipedia.org/wiki/北海道の図書館一覧","箇条書き,制限あり","","〒090-0811北海道北見市泉町1丁目2番21号","323,874冊（平成29年度時点）","北見市立中央図書館","501,702冊（平成29年度）","北見市","北見市立図書館条例","334,570人（平成29年度）","1946年8月5日","","","4,798.83 m2","北見市教育委員会","","市立北見図書館","","","","",""
"北見市立図書館","[北見市立中央図書館] 北見市立中央図書館 （きたみしりつちゅうおうとしょかん）は、北海道北見市泉町1丁目に所在する 公立図書館 。","https://ja.wikipedia.org/wiki/北見市立図書館#北見市立中央図書館","北海道の図書館一覧","https://ja.wikipedia.org/wiki/北海道の図書館一覧","箇条書き,制限あり","","〒090-0811北海道北見市泉町1丁目2番21号","323,874冊（平成29年度時点）","北見市立中央図書館","501,702冊（平成29年度）","北見市","北見市立図書館条例","334,570人（平成29年度）","1946年8月5日","","","4,798.83 m2","北見市教育委員会","","市立北見図書館","","","","",""
"北見市立図書館","[北見市立図書館東分館] 北見市立中央図書館 （きたみしりつちゅうおうとしょかん）は、北海道北見市泉町1丁目に所在する 公立図書館 。","https://ja.wikipedia.org/wiki/北見市立図書館#北見市立中央図書館","北海道の図書館一覧","https://ja.wikipedia.org/wiki/北海道の図書館一覧","箇条書き,制限あり","","〒090-0811北海道北見市泉町1丁目2番21号","323,874冊（平成29年度時点）","北見市立中央図書館","501,702冊（平成29年度）","北見市","北見市立図書館条例","334,570人（平成29年度）","1946年8月5日","","","4,798.83 m2","北見市教育委員会","","市立北見図書館","","","","",""
"北見市立図書館","[北見市立図書館緑分館] 北見市立中央図書館 （きたみしりつちゅうおうとしょかん）は、北海道北見市泉町1丁目に所在する 公立図書館 。","https://ja.wikipedia.org/wiki/北見市立図書館#北見市立中央図書館","北海道の図書館一覧","https://ja.wikipedia.org/wiki/北海道の図書館一覧","箇条書き,制限あり","","〒090-0811北海道北見市泉町1丁目2番21号","323,874冊（平成29年度時点）","北見市立中央図書館","501,702冊（平成29年度）","北見市","北見市立図書館条例","334,570人（平成29年度）","1946年8月5日","","","4,798.83 m2","北見市教育委員会","","市立北見図書館","","","","",""
"北見市立図書館","[北見市立端野図書館] 北見市立中央図書館 （きたみしりつちゅうおうとしょかん）は、北海道北見市泉町1丁目に所在する 公立図書館 。","https://ja.wikipedia.org/wiki/北見市立図書館#北見市立端野図書館","北海道の図書館一覧","https://ja.wikipedia.org/wiki/北海道の図書館一覧","箇条書き,制限あり","","〒090-0811北海道北見市泉町1丁目2番21号","323,874冊（平成29年度時点）","北見市立中央図書館","501,702冊（平成29年度）","北見市","北見市立図書館条例","334,570人（平成29年度）","1946年8月5日","","","4,798.83 m2","北見市教育委員会","","市立北見図書館","","","","",""
"北見市立図書館","[北見市立常呂図書館] 北見市立中央図書館 （きたみしりつちゅうおうとしょかん）は、北海道北見市泉町1丁目に所在する 公立図書館 。","https://ja.wikipedia.org/wiki/北見市立図書館#北見市立常呂図書館","北海道の図書館一覧","https://ja.wikipedia.org/wiki/北海道の図書館一覧","箇条書き,制限あり","","〒090-0811北海道北見市泉町1丁目2番21号","323,874冊（平成29年度時点）","北見市立中央図書館","501,702冊（平成29年度）","北見市","北見市立図書館条例","334,570人（平成29年度）","1946年8月5日","","","4,798.83 m2","北見市教育委員会","","市立北見図書館","","","","",""
"北見市立図書館","[北見市立留辺蘂図書館] 北見市立中央図書館 （きたみしりつちゅうおうとしょかん）は、北海道北見市泉町1丁目に所在する 公立図書館 。","https://ja.wikipedia.org/wiki/北見市立図書館#北見市立留辺蘂図書館","北海道の図書館一覧","https://ja.wikipedia.org/wiki/北海道の図書館一覧","箇条書き,制限あり","","〒090-0811北海道北見市泉町1丁目2番21号","323,874冊（平成29年度時点）","北見市立中央図書館","501,702冊（平成29年度）","北見市","北見市立図書館条例","334,570人（平成29年度）","1946年8月5日","","","4,798.83 m2","北見市教育委員会","","市立北見図書館","","","","",""
"網走市立図書館 (存在しないページ)","[網走市立図書館[外 71]]","https://ja.wikipedia.org/w/index.php?title=網走市立図書館&amp;action=edit&amp;redlink=1","北海道の図書館一覧","https://ja.wikipedia.org/wiki/北海道の図書館一覧","箇条書き,制限あり","","","","","","","","","","","","","","","","","","","",""
"紋別市立図書館 (存在しないページ)","[紋別市立図書館[外 72]]","https://ja.wikipedia.org/w/index.php?title=紋別市立図書館&amp;action=edit&amp;redlink=1","北海道の図書館一覧","https://ja.wikipedia.org/wiki/北海道の図書館一覧","箇条書き,制限あり","","","","","","","","","","","","","","","","","","","",""
"大空町図書館 (存在しないページ)","[大空町図書館[外 73]大空町女満別図書館大空町東藻琴図書館]","https://ja.wikipedia.org/w/index.php?title=大空町図書館&amp;action=edit&amp;redlink=1","北海道の図書館一覧","https://ja.wikipedia.org/wiki/北海道の図書館一覧","箇条書き,制限あり","","","","","","","","","","","","","","","","","","","",""
"美幌町図書館 (存在しないページ)","[美幌町図書館[外 74]]","https://ja.wikipedia.org/w/index.php?title=美幌町図書館&amp;action=edit&amp;redlink=1","北海道の図書館一覧","https://ja.wikipedia.org/wiki/北海道の図書館一覧","箇条書き,制限あり","","","","","","","","","","","","","","","","","","","",""
"斜里町立図書館 (存在しないページ)","[斜里町立図書館[外 75]]","https://ja.wikipedia.org/w/index.php?title=斜里町立図書館&amp;action=edit&amp;redlink=1","北海道の図書館一覧","https://ja.wikipedia.org/wiki/北海道の図書館一覧","箇条書き,制限あり","","","","","","","","","","","","","","","","","","","",""
"清里町図書館 (存在しないページ)","[清里町図書館[外 76]]","https://ja.wikipedia.org/w/index.php?title=清里町図書館&amp;action=edit&amp;redlink=1","北海道の図書館一覧","https://ja.wikipedia.org/wiki/北海道の図書館一覧","箇条書き,制限あり","","","","","","","","","","","","","","","","","","","",""
"町立小清水図書館 (存在しないページ)","[町立小清水図書館[外 77]]","https://ja.wikipedia.org/w/index.php?title=町立小清水図書館&amp;action=edit&amp;redlink=1","北海道の図書館一覧","https://ja.wikipedia.org/wiki/北海道の図書館一覧","箇条書き,制限あり","","","","","","","","","","","","","","","","","","","",""
"訓子府町図書館 (存在しないページ)","[訓子府町図書館[外 78]]","https://ja.wikipedia.org/w/index.php?title=訓子府町図書館&amp;action=edit&amp;redlink=1","北海道の図書館一覧","https://ja.wikipedia.org/wiki/北海道の図書館一覧","箇条書き,制限あり","","","","","","","","","","","","","","","","","","","",""
"佐呂間町立図書館 (存在しないページ)","[佐呂間町立図書館[外 79]]","https://ja.wikipedia.org/w/index.php?title=佐呂間町立図書館&amp;action=edit&amp;redlink=1","北海道の図書館一覧","https://ja.wikipedia.org/wiki/北海道の図書館一覧","箇条書き,制限あり","","","","","","","","","","","","","","","","","","","",""
"遠軽町図書館 (存在しないページ)","[遠軽町図書館[外 80]生田原図書館]","https://ja.wikipedia.org/w/index.php?title=遠軽町図書館&amp;action=edit&amp;redlink=1","北海道の図書館一覧","https://ja.wikipedia.org/wiki/北海道の図書館一覧","箇条書き,制限あり","","","","","","","","","","","","","","","","","","","",""
"湧別町図書館 (存在しないページ)","[湧別町図書館[外 81]湧別町中湧別図書館湧別町湧別図書館]","https://ja.wikipedia.org/w/index.php?title=湧別町図書館&amp;action=edit&amp;redlink=1","北海道の図書館一覧","https://ja.wikipedia.org/wiki/北海道の図書館一覧","箇条書き,制限あり","","","","","","","","","","","","","","","","","","","",""
"滝上町図書館 (存在しないページ)","[滝上町図書館[外 82]]","https://ja.wikipedia.org/w/index.php?title=滝上町図書館&amp;action=edit&amp;redlink=1","北海道の図書館一覧","https://ja.wikipedia.org/wiki/北海道の図書館一覧","箇条書き,制限あり","","","","","","","","","","","","","","","","","","","",""
"興部町立図書館 (存在しないページ)","[興部町立図書館[外 83]]","https://ja.wikipedia.org/w/index.php?title=興部町立図書館&amp;action=edit&amp;redlink=1","北海道の図書館一覧","https://ja.wikipedia.org/wiki/北海道の図書館一覧","箇条書き,制限あり","","","","","","","","","","","","","","","","","","","",""
"雄武町図書館 (存在しないページ)","[雄武町図書館[外 84]]","https://ja.wikipedia.org/w/index.php?title=雄武町図書館&amp;action=edit&amp;redlink=1","北海道の図書館一覧","https://ja.wikipedia.org/wiki/北海道の図書館一覧","箇条書き,制限あり","","","","","","","","","","","","","","","","","","","",""
"置戸町立図書館 (存在しないページ)","[置戸町立図書館[外 85]]","https://ja.wikipedia.org/w/index.php?title=置戸町立図書館&amp;action=edit&amp;redlink=1","北海道の図書館一覧","https://ja.wikipedia.org/wiki/北海道の図書館一覧","箇条書き,制限あり","","","","","","","","","","","","","","","","","","","",""
"帯広市図書館","[帯広市図書館[外 86] 帯広市図書館 （おびひろしとしょかん）は、 北海道 帯広市 にある 公共図書館 である。","https://ja.wikipedia.org/wiki/帯広市図書館","北海道の図書館一覧","https://ja.wikipedia.org/wiki/北海道の図書館一覧","箇条書き,制限あり","北緯42度55分0.3秒東経143度12分7.6秒","〒080-0012帯広市西2条南14丁目3番地1","533,029†（2016年度時点）","公式ウェブサイト","933,276冊†（2016年度）","帯広市","帯広市図書館条例（昭和38年4月1日条例第8号）","403,668人（2016年度）","1963年（昭和38年）4月1日","JP-1000052","総合","6,544.53 m2","帯広市教育委員会","","私立十勝教育会図書館大典記念帯広図書館町立大典記念帯広図書館大典記念図書館帯広図書館","","北緯42度55分0.3秒東経143度12分7.6秒﻿ / ﻿北緯42.916750度 東経143.202111度﻿ /42.916750; 143.202111座標:北緯42度55分0.3秒東経143度12分7.6秒﻿ / ﻿北緯42.916750度 東経143.202111度﻿ /42.916750; 143.202111","下村憲一","",""
"音更町図書館 (存在しないページ)","[音更町図書館[外 87]音更町図書館分館]","https://ja.wikipedia.org/w/index.php?title=音更町図書館&amp;action=edit&amp;redlink=1","北海道の図書館一覧","https://ja.wikipedia.org/wiki/北海道の図書館一覧","箇条書き,制限あり","","","","","","","","","","","","","","","","","","","",""
"士幌町したしみ図書館 (存在しないページ)","[士幌町したしみ図書館[外 88]]","https://ja.wikipedia.org/w/index.php?title=士幌町したしみ図書館&amp;action=edit&amp;redlink=1","北海道の図書館一覧","https://ja.wikipedia.org/wiki/北海道の図書館一覧","箇条書き,制限あり","","","","","","","","","","","","","","","","","","","",""
"上士幌町図書館 (存在しないページ)","[上士幌町図書館[外 89]]","https://ja.wikipedia.org/w/index.php?title=上士幌町図書館&amp;action=edit&amp;redlink=1","北海道の図書館一覧","https://ja.wikipedia.org/wiki/北海道の図書館一覧","箇条書き,制限あり","","","","","","","","","","","","","","","","","","","",""
"鹿追町図書館 (存在しないページ)","[鹿追町図書館[外 90]]","https://ja.wikipedia.org/w/index.php?title=鹿追町図書館&amp;action=edit&amp;redlink=1","北海道の図書館一覧","https://ja.wikipedia.org/wiki/北海道の図書館一覧","箇条書き,制限あり","","","","","","","","","","","","","","","","","","","",""
"新得町図書館 (存在しないページ)","[新得町図書館[外 91]]","https://ja.wikipedia.org/w/index.php?title=新得町図書館&amp;action=edit&amp;redlink=1","北海道の図書館一覧","https://ja.wikipedia.org/wiki/北海道の図書館一覧","箇条書き,制限あり","","","","","","","","","","","","","","","","","","","",""
"清水町図書館 (存在しないページ)","[清水町図書館[外 92]]","https://ja.wikipedia.org/w/index.php?title=清水町図書館&amp;action=edit&amp;redlink=1","北海道の図書館一覧","https://ja.wikipedia.org/wiki/北海道の図書館一覧","箇条書き,制限あり","","","","","","","","","","","","","","","","","","","",""
"芽室町図書館 (存在しないページ)","[芽室町図書館[外 93]]","https://ja.wikipedia.org/w/index.php?title=芽室町図書館&amp;action=edit&amp;redlink=1","北海道の図書館一覧","https://ja.wikipedia.org/wiki/北海道の図書館一覧","箇条書き,制限あり","","","","","","","","","","","","","","","","","","","",""
"中札内村図書館 (存在しないページ)","[中札内村図書館[外 94]]","https://ja.wikipedia.org/w/index.php?title=中札内村図書館&amp;action=edit&amp;redlink=1","北海道の図書館一覧","https://ja.wikipedia.org/wiki/北海道の図書館一覧","箇条書き,制限あり","","","","","","","","","","","","","","","","","","","",""
"大樹町図書館 (存在しないページ)","[大樹町図書館[外 95]]","https://ja.wikipedia.org/w/index.php?title=大樹町図書館&amp;action=edit&amp;redlink=1","北海道の図書館一覧","https://ja.wikipedia.org/wiki/北海道の図書館一覧","箇条書き,制限あり","","","","","","","","","","","","","","","","","","","",""
"広尾町立図書館 (存在しないページ)","[広尾町立図書館[外 96]]","https://ja.wikipedia.org/w/index.php?title=広尾町立図書館&amp;action=edit&amp;redlink=1","北海道の図書館一覧","https://ja.wikipedia.org/wiki/北海道の図書館一覧","箇条書き,制限あり","","","","","","","","","","","","","","","","","","","",""
"幕別町図書館 (存在しないページ)","[幕別町図書館[外 97]札内分館忠類分館]","https://ja.wikipedia.org/w/index.php?title=幕別町図書館&amp;action=edit&amp;redlink=1","北海道の図書館一覧","https://ja.wikipedia.org/wiki/北海道の図書館一覧","箇条書き,制限あり","","","","","","","","","","","","","","","","","","","",""
"池田町立図書館 (存在しないページ)","[池田町立図書館[外 98]]","https://ja.wikipedia.org/w/index.php?title=池田町立図書館&amp;action=edit&amp;redlink=1","北海道の図書館一覧","https://ja.wikipedia.org/wiki/北海道の図書館一覧","箇条書き,制限あり","","","","","","","","","","","","","","","","","","","",""
"本別町図書館 (存在しないページ)","[本別町図書館[外 99]]","https://ja.wikipedia.org/w/index.php?title=本別町図書館&amp;action=edit&amp;redlink=1","北海道の図書館一覧","https://ja.wikipedia.org/wiki/北海道の図書館一覧","箇条書き,制限あり","","","","","","","","","","","","","","","","","","","",""
"豊頃町図書館 (存在しないページ)","[豊頃町図書館[外 100]]","https://ja.wikipedia.org/w/index.php?title=豊頃町図書館&amp;action=edit&amp;redlink=1","北海道の図書館一覧","https://ja.wikipedia.org/wiki/北海道の図書館一覧","箇条書き,制限あり","","","","","","","","","","","","","","","","","","","",""
"浦幌町立図書館 (存在しないページ)","[浦幌町立図書館[外 101]]","https://ja.wikipedia.org/w/index.php?title=浦幌町立図書館&amp;action=edit&amp;redlink=1","北海道の図書館一覧","https://ja.wikipedia.org/wiki/北海道の図書館一覧","箇条書き,制限あり","","","","","","","","","","","","","","","","","","","",""
"釧路市図書館","[釧路市図書館[外 102] 釧路市中央図書館 （くしろしちゅうおうとしょかん）は、 北海道 釧路市 北大通り10丁目に所在する 公立図書館 。","https://ja.wikipedia.org/wiki/釧路市図書館","北海道の図書館一覧","https://ja.wikipedia.org/wiki/北海道の図書館一覧","箇条書き,制限あり","","〒085-0015北海道釧路市北大通り10丁目2-1（新釧路道銀ビル3〜7階）","329,445冊（2018年時点）","釧路市中央図書館","375,935冊（CD貸出も含む）（2018年）","釧路市","釧路市図書館条例","211,647人（2018年）","2018年2月3日","","","5,289.48 m2","くしろ知域文化財団コンソーシアム","","市立釧路図書館","","","","",""
"釧路市図書館","[釧路市中央図書館] 釧路市中央図書館 （くしろしちゅうおうとしょかん）は、 北海道 釧路市 北大通り10丁目に所在する 公立図書館 。","https://ja.wikipedia.org/wiki/釧路市図書館#釧路市中央図書館","北海道の図書館一覧","https://ja.wikipedia.org/wiki/北海道の図書館一覧","箇条書き,制限あり","","〒085-0015北海道釧路市北大通り10丁目2-1（新釧路道銀ビル3〜7階）","329,445冊（2018年時点）","釧路市中央図書館","375,935冊（CD貸出も含む）（2018年）","釧路市","釧路市図書館条例","211,647人（2018年）","2018年2月3日","","","5,289.48 m2","くしろ知域文化財団コンソーシアム","","市立釧路図書館","","","","",""
"釧路市図書館","[音別町ふれあい図書館] 釧路市中央図書館 （くしろしちゅうおうとしょかん）は、 北海道 釧路市 北大通り10丁目に所在する 公立図書館 。","https://ja.wikipedia.org/wiki/釧路市図書館#分館・分室","北海道の図書館一覧","https://ja.wikipedia.org/wiki/北海道の図書館一覧","箇条書き,制限あり","","〒085-0015北海道釧路市北大通り10丁目2-1（新釧路道銀ビル3〜7階）","329,445冊（2018年時点）","釧路市中央図書館","375,935冊（CD貸出も含む）（2018年）","釧路市","釧路市図書館条例","211,647人（2018年）","2018年2月3日","","","5,289.48 m2","くしろ知域文化財団コンソーシアム","","市立釧路図書館","","","","",""
"弟子屈町図書館 (存在しないページ)","[弟子屈町図書館[外 103]]","https://ja.wikipedia.org/w/index.php?title=弟子屈町図書館&amp;action=edit&amp;redlink=1","北海道の図書館一覧","https://ja.wikipedia.org/wiki/北海道の図書館一覧","箇条書き,制限あり","","","","","","","","","","","","","","","","","","","",""
"標茶町図書館 (存在しないページ)","[標茶町図書館[外 104]]","https://ja.wikipedia.org/w/index.php?title=標茶町図書館&amp;action=edit&amp;redlink=1","北海道の図書館一覧","https://ja.wikipedia.org/wiki/北海道の図書館一覧","箇条書き,制限あり","","","","","","","","","","","","","","","","","","","",""
"本の森厚岸情報館 (存在しないページ)","[本の森厚岸情報館[外 105]本の森厚岸情報館分館]","https://ja.wikipedia.org/w/index.php?title=本の森厚岸情報館&amp;action=edit&amp;redlink=1","北海道の図書館一覧","https://ja.wikipedia.org/wiki/北海道の図書館一覧","箇条書き,制限あり","","","","","","","","","","","","","","","","","","","",""
"鶴居村ふるさと情報館 (存在しないページ)","[鶴居村ふるさと情報館[外 106]]","https://ja.wikipedia.org/w/index.php?title=鶴居村ふるさと情報館&amp;action=edit&amp;redlink=1","北海道の図書館一覧","https://ja.wikipedia.org/wiki/北海道の図書館一覧","箇条書き,制限あり","","","","","","","","","","","","","","","","","","","",""
"根室市図書館 (存在しないページ)","[根室市図書館[外 107]]","https://ja.wikipedia.org/w/index.php?title=根室市図書館&amp;action=edit&amp;redlink=1","北海道の図書館一覧","https://ja.wikipedia.org/wiki/北海道の図書館一覧","箇条書き,制限あり","","","","","","","","","","","","","","","","","","","",""
"別海町図書館 (存在しないページ)","[別海町図書館[外 108]]","https://ja.wikipedia.org/w/index.php?title=別海町図書館&amp;action=edit&amp;redlink=1","北海道の図書館一覧","https://ja.wikipedia.org/wiki/北海道の図書館一覧","箇条書き,制限あり","","","","","","","","","","","","","","","","","","","",""
"中標津町図書館","[中標津町図書館[外 109] 中標津町総合文化会館 （なかしべつちょうそうごうぶんかかいかん）は  、 北海道 標津郡 中標津町 にある 施設 。文化会館、 公民館 、 図書館 機能を持つ複合施設になっている。この項目では、 中標津町図書館 （なかしべつちょうとしょかん）についても記載している。","https://ja.wikipedia.org/wiki/中標津町図書館","北海道の図書館一覧","https://ja.wikipedia.org/wiki/北海道の図書館一覧","箇条書き,制限あり","北緯43度32分56秒東経144度58分42秒","〒086-1002北海道標津郡中標津町東2条南3丁目1-1","","","","","","","1995年7月1日","","","32,395m²","","","","","北緯43度32分56秒東経144度58分42秒﻿ / ﻿北緯43.54889度 東経144.97833度﻿ /43.54889; 144.97833﻿ (中標津町総合文化会館)座標:北緯43度32分56秒東経144度58分42秒﻿ / ﻿北緯43.54889度 東経144.97833度﻿ /43.54889; 144.97833﻿ (中標津町総合文化会館)","","",""
"標津町図書館 (存在しないページ)","[標津町図書館[外 110]]","https://ja.wikipedia.org/w/index.php?title=標津町図書館&amp;action=edit&amp;redlink=1","北海道の図書館一覧","https://ja.wikipedia.org/wiki/北海道の図書館一覧","箇条書き,制限あり","","","","","","","","","","","","","","","","","","","",""
"札幌市","[ふきのとう子ども図書館（公益財団法人ふきのとう文庫） -札幌市西区[外 111] 札幌市 （さっぽろし）は、 北海道 の 道央地方 に位置し、 石狩振興局 に属する 市 。 道庁所在地 にして石狩振興局所在地であり、道庁所在地であることから「道都」とも呼ばれ  、 政治 ・ 経済 ・ 文化 の中心地。北海道最大の人口（196万人）を有する 政令指定都市 である。","https://ja.wikipedia.org/wiki/札幌市","北海道の図書館一覧","https://ja.wikipedia.org/wiki/北海道の図書館一覧","箇条書き,制限あり","北緯43度3分43.5秒東経141度21分15.8秒","〒060-8611北海道札幌市中央区北1条西2丁目北緯43度3分43.5秒東経141度21分15.8秒﻿ / ﻿北緯43.062083度 東経141.354389度﻿ /43.062083; 141.354389座標:北緯43度3分43.5秒東経141度21分15.8秒﻿ / ﻿北緯43.062083度 東経141.354389度﻿ /43.062083; 141.354389札幌市役所庁舎","","","","","","","","","","","","","","","","","",""
