"タイトル","コメント","URL","親リストタイトル","親リストURL","一覧抽出方法","座標","標高","位置","所在地","山系","種類","初登頂","最新噴火","Hidden","Hidden","Hidden","Hidden","Hidden","Hidden","Hidden","Hidden","Hidden","Hidden","Hidden","Hidden"
"大千軒岳","[1だいせんげんだけ大千軒岳渡島管内檜山管内1,071.6地理院地図Googleマップ北緯41度34分46秒東経140度09分39秒﻿ / ﻿北緯41.579319度 東経140.160818度﻿ /41.579319; 140.160818﻿ (大千軒岳)日本三百名山花の百名山キリシタン殉教の山] 大千軒岳 （だいせんげんだけ）は、 北海道 渡島半島 の南西部、 松前郡 松前町 と 上ノ国町 との境にある 山 である。 標高 1,072m。 1896年 （明治29年）、北海道で最初に 一等三角点 が設置された山である。","https://ja.wikipedia.org/wiki/大千軒岳","北海道の百名山","https://ja.wikipedia.org/wiki/北海道の百名山","表形式","北緯41度34分46秒東経140度9分39秒","1,071.87m","北緯41度34分46秒東経140度9分39秒﻿ / ﻿北緯41.57944度 東経140.16083度﻿ /41.57944; 140.16083座標:北緯41度34分46秒東経140度9分39秒﻿ / ﻿北緯41.57944度 東経140.16083度﻿ /41.57944; 140.16083","北海道松前郡松前町・上ノ国町","","","","","","","","","","","","","","","",""
"恵山","[2えさん恵山渡島管内618.1地理院地図Googleマップ北緯41度48分17秒東経141度09分58秒﻿ / ﻿北緯41.804707度 東経141.166031度﻿ /41.804707; 141.166031﻿ (恵山)新日本百名山恵山岬灯台水無海浜温泉] 恵山 （えさん）は、 北海道 函館市 にある標高618 mの気象庁による常時観測対象の 活火山 。 渡島半島 の東南端で 太平洋 に突き出すように位置する。山頂には 三等三角点 （点名「恵山」）が設置されている。 恵山道立自然公園 に指定されているほか、 新日本百名山 、 北海道百名山 、 北海道の百名山 に選定されている。","https://ja.wikipedia.org/wiki/恵山_(火山)","北海道の百名山","https://ja.wikipedia.org/wiki/北海道の百名山","表形式","北緯41度48分17秒東経141度09分58秒","618m","北緯41度48分17秒東経141度09分58秒﻿ / ﻿北緯41.80472度 東経141.16611度﻿ /41.80472; 141.16611","日本北海道渡島総合振興局函館市","独立峰","成層火山・溶岩ドーム","","","","","","","","","","","","","",""
"横津岳","[3よこつだけ横津岳渡島管内1,166.9地理院地図Googleマップ北緯41度56分16秒東経140度46分17秒﻿ / ﻿北緯41.937805度 東経140.771388度﻿ /41.937805; 140.771388﻿ (横津岳)航空レーダー基地] 横津岳 （よこつだけ）は、 恵山道立自然公園 に指定された 北海道 亀田郡 七飯町 にある標高1166.9mの 山 である。","https://ja.wikipedia.org/wiki/横津岳","北海道の百名山","https://ja.wikipedia.org/wiki/北海道の百名山","表形式","北緯41度56分16秒東経140度46分17秒","1166.9m","北緯41度56分16秒東経140度46分17秒﻿ / ﻿北緯41.93778度 東経140.77139度﻿ /41.93778; 140.77139","北海道亀田郡七飯町","横津岳山地","成層火山","","","","","","","","","","","","","",""
"駒ヶ岳","[4こまがたけ駒ヶ岳渡島管内1,131地理院地図Googleマップ北緯42度03分48秒東経140度40分38秒﻿ / ﻿北緯42.063394度 東経140.677258度﻿ /42.063394; 140.677258﻿ (駒ヶ岳)日本二百名山渡島駒ヶ岳大沼国定公園渡島富士] 北海道駒ヶ岳 （ほっかいどうこまがたけ）は、 北海道 森町 、 鹿部町 、 七飯町 にまたがる標高1,131 m の 活火山 （ 成層火山 ）である。 渡島国 ・ 渡島半島 の ランドマーク となっている。 蝦夷駒ヶ岳 （えぞこまがたけ）、 渡島駒ヶ岳 （おしまこまがたけ）とも呼ばれる。江戸時代の旧称は 内浦岳 。 富士山 型の紡錘状の山容から 谷元旦 が描いた絵画が 渡島富士 （おしまふじ）と呼ばれ、 郷土富士 となっている。「北海道」を冠するのは 全国に多数存在する同名の山 と区別するためであり、地元・北海道では単に 駒ヶ岳 と呼ばれる  。","https://ja.wikipedia.org/wiki/北海道駒ヶ岳","北海道の百名山","https://ja.wikipedia.org/wiki/北海道の百名山","表形式","北緯42度03分48秒東経140度40分38秒","1,131m","北緯42度03分48秒東経140度40分38秒﻿ / ﻿北緯42.06333度 東経140.67722度﻿ /42.06333; 140.67722座標:北緯42度03分48秒東経140度40分38秒﻿ / ﻿北緯42.06333度 東経140.67722度﻿ /42.06333; 140.67722","日本北海道森町、鹿部町、七飯町","独立峰","成層火山（活火山ランクA）","","","","","","","","","","","","","",""
"乙部岳","[5画 像 募 集 中おとべだけ乙部岳檜山管内1,016.6地理院地図Googleマップ北緯42度02分22秒東経140度16分29秒﻿ / ﻿北緯42.039370度 東経140.274586度﻿ /42.039370; 140.274586﻿ (乙部岳)]","https://ja.wikipedia.org/w/index.php?title=乙部岳&amp;action=edit&amp;redlink=1","北海道の百名山","https://ja.wikipedia.org/wiki/北海道の百名山","表形式","","","","","","","","","","","","","","","","","","","",""
"雄鉾岳","[6画 像 募 集 中おぽこだけ雄鉾岳渡島管内999.3地理院地図Googleマップ北緯42度09分14秒東経140度06分59秒﻿ / ﻿北緯42.153959度 東経140.116415度﻿ /42.153959; 140.116415﻿ (雄鉾岳)]","https://ja.wikipedia.org/w/index.php?title=雄鉾岳&amp;action=edit&amp;redlink=1","北海道の百名山","https://ja.wikipedia.org/wiki/北海道の百名山","表形式","","","","","","","","","","","","","","","","","","","",""
"遊楽部岳","[7画 像 募 集 中ゆうらっぷだけ遊楽部岳渡島管内檜山管内1,277地理院地図Googleマップ北緯42度13分18秒東経140度00分58秒﻿ / ﻿北緯42.221603度 東経140.016162度﻿ /42.221603; 140.016162﻿ (遊楽部岳)見市岳]","https://ja.wikipedia.org/w/index.php?title=遊楽部岳&amp;action=edit&amp;redlink=1","北海道の百名山","https://ja.wikipedia.org/wiki/北海道の百名山","表形式","","","","","","","","","","","","","","","","","","","",""
"長万部岳","[8画 像 募 集 中おしゃまんべだけ長万部岳渡島管内檜山管内972.4地理院地図Googleマップ北緯42度35分09秒東経140度11分22秒﻿ / ﻿北緯42.585872度 東経140.189455度﻿ /42.585872; 140.189455﻿ (長万部岳)]","https://ja.wikipedia.org/w/index.php?title=長万部岳&amp;action=edit&amp;redlink=1","北海道の百名山","https://ja.wikipedia.org/wiki/北海道の百名山","表形式","","","","","","","","","","","","","","","","","","","",""
"大平山","[9画 像 募 集 中おおびらやま大平山後志管内1,190.6地理院地図Googleマップ北緯42度38分09秒東経140度08分08秒﻿ / ﻿北緯42.635959度 東経140.135584度﻿ /42.635959; 140.135584﻿ (大平山)]","https://ja.wikipedia.org/w/index.php?title=大平山_(島牧郡)&amp;action=edit&amp;redlink=1","北海道の百名山","https://ja.wikipedia.org/wiki/北海道の百名山","表形式","","","","","","","","","","","","","","","","","","","",""
"狩場山","[10かりばやま狩場山後志管内檜山管内1,519.9地理院地図Googleマップ北緯42度36分48秒東経139度56分26秒﻿ / ﻿北緯42.613354度 東経139.940607度﻿ /42.613354; 139.940607﻿ (狩場山)日本三百名山賀老の滝茂津多岬] 狩場山 （かりばやま）は、 狩場茂津多道立自然公園 に指定されていて 北海道 せたな町 、 島牧村 にまたがる第四紀火山である。標高は1,519.9mで 一等三角点 （点名「狩場岳」）の山。 狩場山地 の主峰で、 道南 の最高峰でもある。 アイヌ語 の「Karinpa（桜皮）us（が群生する）nupuri（山）」に由来する  。","https://ja.wikipedia.org/wiki/狩場山","北海道の百名山","https://ja.wikipedia.org/wiki/北海道の百名山","表形式","北緯42度36分48秒東経139度56分26秒","1,519.9m","北緯42度36分48秒東経139度56分26秒﻿ / ﻿北緯42.61333度 東経139.94056度﻿ /42.61333; 139.94056座標:北緯42度36分48秒東経139度56分26秒﻿ / ﻿北緯42.61333度 東経139.94056度﻿ /42.61333; 139.94056","日本北海道檜山振興局久遠郡せたな町後志総合振興局島牧郡島牧村","狩場山地","成層火山","","","","","","","","","","","","","",""
"雷電山","[11らいでんやま雷電山後志管内1,211.7地理院地図Googleマップ北緯42度54分13秒東経140度28分11秒﻿ / ﻿北緯42.903633度 東経140.469623度﻿ /42.903633; 140.469623﻿ (雷電山)雷電温泉朝日温泉 (北海道)] 雷電山 （らいでんやま）は、 北海道 岩内郡 岩内町 と 磯谷郡 蘭越町 とにまたがる 第四紀 の 火山 である。 標高 は1,211.3 mで 一等三角点 （点名「雷電岳」）がある。","https://ja.wikipedia.org/wiki/雷電山_(後志支庁)","北海道の百名山","https://ja.wikipedia.org/wiki/北海道の百名山","表形式","北緯42度54分13秒東経140度28分11秒","1,211.3m","北緯42度54分13秒東経140度28分11秒﻿ / ﻿北緯42.90361度 東経140.46972度﻿ /42.90361; 140.46972座標:北緯42度54分13秒東経140度28分11秒﻿ / ﻿北緯42.90361度 東経140.46972度﻿ /42.90361; 140.46972","日本北海道岩内郡岩内町・磯谷郡蘭越町","ニセコ連峰","成層火山","","","","","","","","","","","","","",""
"積丹岳","[12画 像 募 集 中しゃこたんだけ積丹岳後志管内1,255.3地理院地図Googleマップ北緯43度16分14秒東経140度28分49秒﻿ / ﻿北緯43.270613度 東経140.480326度﻿ /43.270613; 140.480326﻿ (積丹岳)] 積丹岳 （しゃこたんだけ）は、 北海道 積丹町 に位置する 山 。 標高 1,255.3m。","https://ja.wikipedia.org/wiki/積丹岳","北海道の百名山","https://ja.wikipedia.org/wiki/北海道の百名山","表形式","北緯43度16分14秒東経140度28分49秒","1,255.3m","北緯43度16分14秒東経140度28分49秒﻿ / ﻿北緯43.27056度 東経140.48028度﻿ /43.27056; 140.48028座標:北緯43度16分14秒東経140度28分49秒﻿ / ﻿北緯43.27056度 東経140.48028度﻿ /43.27056; 140.48028","日本北海道積丹町","","","","","","","","","","","","","","","",""
"昆布岳","[13こんぶだけ昆布岳後志管内胆振管内1,045.1地理院地図Googleマップ北緯42度42分37秒東経140度39分20秒﻿ / ﻿北緯42.710370度 東経140.655469度﻿ /42.710370; 140.655469﻿ (昆布岳)] 昆布岳 （こんぶだけ）は、 北海道 虻田郡 豊浦町 と 虻田郡 ニセコ町 とにまたがる 標高 1,045.1mの 鮮新世後期 の 火山  である。","https://ja.wikipedia.org/wiki/昆布岳","北海道の百名山","https://ja.wikipedia.org/wiki/北海道の百名山","表形式","北緯42度42分37秒東経140度39分20秒","1,045.1m","北緯42度42分37秒東経140度39分20秒﻿ / ﻿北緯42.71028度 東経140.65556度﻿ /42.71028; 140.65556座標:北緯42度42分37秒東経140度39分20秒﻿ / ﻿北緯42.71028度 東経140.65556度﻿ /42.71028; 140.65556","日本北海道虻田郡豊浦町・虻田郡ニセコ町","昆布火山体","成層火山","","","","","","","","","","","","","",""
"チセヌプリ","[14ちせぬぷりチセヌプリ後志管内1,134.2地理院地図Googleマップ北緯42度53分17秒東経140度35分48秒﻿ / ﻿北緯42.888119度 東経140.596716度﻿ /42.888119; 140.596716﻿ (チセヌプリ)神仙沼ニセコ湯本温泉] チセヌプリ は、 北海道 岩内郡 共和町 と 磯谷郡 蘭越町 とにまたがる標高1,134.2 mの 火山 である。 ニセコ連峰 東山系に位置し、 ニセコ積丹小樽海岸国定公園 内にある。 二等三角点 （点名「袴腰」）が設置されている。","https://ja.wikipedia.org/wiki/チセヌプリ","北海道の百名山","https://ja.wikipedia.org/wiki/北海道の百名山","表形式","北緯42度53分17秒東経140度35分48秒","1,134.2m","北緯42度53分17秒東経140度35分48秒﻿ / ﻿北緯42.88806度 東経140.59667度﻿ /42.88806; 140.59667座標:北緯42度53分17秒東経140度35分48秒﻿ / ﻿北緯42.88806度 東経140.59667度﻿ /42.88806; 140.59667","日本北海道岩内郡共和町・磯谷郡蘭越町","ニセコ連峰","溶岩円頂丘（鐘状）","","","","","","","","","","","","","",""
"ニセコアンヌプリ","[15にせこあんぬぷりニセコアンヌプリ後志管内1,308.0地理院地図Googleマップ北緯42度52分30秒東経140度39分32秒﻿ / ﻿北緯42.875018度 東経140.658839度﻿ /42.875018; 140.658839﻿ (ニセコアンヌプリ)日本三百名山スキーリゾート五色温泉] ニセコアンヌプリ は、 北海道 後志総合振興局 かつ ニセコ積丹小樽海岸国定公園 内にある標高1,308.2mの 火山  。ニセコ火山群  に属し ニセコ連峰 の主峰である。世界の4大スキー場の一つに数えられ、西側には イワオヌプリ 、 ニトヌプリ 、 チセヌプリ などの山々、北側にはワイスホルンがある。 尻別川 を挟んで 羊蹄山 の向かいにあり、世界的なスキー場のある山としても有名である。 日本三百名山 である。山頂には 一等三角点 （点名「似古安岳」）が設置されている。","https://ja.wikipedia.org/wiki/ニセコアンヌプリ","北海道の百名山","https://ja.wikipedia.org/wiki/北海道の百名山","表形式","北緯42度52分30秒東経140度39分32秒","1,308.2m","北緯42度52分30秒東経140度39分32秒﻿ / ﻿北緯42.87500度 東経140.65889度﻿ /42.87500; 140.65889座標:北緯42度52分30秒東経140度39分32秒﻿ / ﻿北緯42.87500度 東経140.65889度﻿ /42.87500; 140.65889","日本北海道ニセコ町・倶知安町","ニセコ連峰","成層火山","正木照信（1898年）","","","","","","","","","","","","",""
"尻別岳","[16しりべつだけ尻別岳後志管内1,107.4地理院地図Googleマップ北緯42度46分21秒東経140度54分37秒﻿ / ﻿北緯42.772572度 東経140.910348度﻿ /42.772572; 140.910348﻿ (尻別岳)前方羊蹄山ピンネシリルスツリゾート] 尻別岳 （しりべつだけ）は、 北海道 喜茂別町 、 留寿都村 、 真狩村 にまたがる第四紀火山である。標高は1107.27m、 二等三角点 （点名「後別岳」）  の 山 である。 アイヌ の人々は ピンネシリ （雄岳）  と呼び、当時の入植者は前方羊蹄山と呼んだ。南側山麓の橇負山（枝脈）には ルスツリゾート が広がる。","https://ja.wikipedia.org/wiki/尻別岳","北海道の百名山","https://ja.wikipedia.org/wiki/北海道の百名山","表形式","北緯42度46分20秒東経140度54分40秒","1107.27m","北緯42度46分20秒東経140度54分40秒﻿ / ﻿北緯42.77222度 東経140.91111度﻿ /42.77222; 140.91111座標:北緯42度46分20秒東経140度54分40秒﻿ / ﻿北緯42.77222度 東経140.91111度﻿ /42.77222; 140.91111","北海道喜茂別町・留寿都村・真狩村","独立峰","溶岩ドーム","","","","","","","","","","","","","",""
"羊蹄山","[17ようていざん羊蹄山後志管内1,898地理院地図Googleマップ北緯42度49分42秒東経140度48分40秒﻿ / ﻿北緯42.828233度 東経140.811180度﻿ /42.828233; 140.811180﻿ (羊蹄山)日本百名山新日本百名山一等三角点百名山後方羊蹄山蝦夷富士マッカリヌプリ] 羊蹄山 （ようていざん）は、 北海道 後志 地方南部（ 胆振国 北西部）にある、 標高 1,898mの 成層火山 である。 後方羊蹄山 （しりべしやま）として、 日本百名山 に選定されている  。","https://ja.wikipedia.org/wiki/羊蹄山","北海道の百名山","https://ja.wikipedia.org/wiki/北海道の百名山","表形式","北緯42度49分36秒東経140度48分41秒","1,898m","北緯42度49分36秒東経140度48分41秒﻿ / ﻿北緯42.82667度 東経140.81139度﻿ /42.82667; 140.81139座標:北緯42度49分36秒東経140度48分41秒﻿ / ﻿北緯42.82667度 東経140.81139度﻿ /42.82667; 140.81139","日本北海道後志総合振興局ニセコ町・倶知安町・喜茂別町・真狩村・京極町","独立峰","成層火山・活火山（ランクＣ）","","","","","","","","","","","","","",""
"有珠山","[18うすざん有珠山胆振管内737.0地理院地図Googleマップ北緯42度32分38秒東経140度50分21秒﻿ / ﻿北緯42.543888度 東経140.839166度﻿ /42.543888; 140.839166﻿ (有珠山)洞爺湖有珠山ジオパーク] 有珠山 （うすざん）は、 北海道 ・ 洞爺湖 の南に位置する 標高 737mの 活火山 。 山頂 は 有珠郡 壮瞥町 にあり、山体は 虻田郡 洞爺湖町 、 伊達市 にまたがっている。 支笏洞爺国立公園 内にあり  、 昭和新山 とともに「 日本の地質百選 」に選定され  、周辺地域が 洞爺湖有珠山ジオパーク として「日本ジオパーク」「世界ジオパーク」に認定されている。","https://ja.wikipedia.org/wiki/有珠山","北海道の百名山","https://ja.wikipedia.org/wiki/北海道の百名山","表形式","北緯42度32分38秒東経140度50分21秒","大有珠：737m","北緯42度32分38秒東経140度50分21秒﻿ / ﻿北緯42.54389度 東経140.83917度﻿ /42.54389; 140.83917座標:北緯42度32分38秒東経140度50分21秒﻿ / ﻿北緯42.54389度 東経140.83917度﻿ /42.54389; 140.83917","日本北海道有珠郡壮瞥町・虻田郡洞爺湖町・伊達市","","成層火山と溶岩ドーム群(活火山ランクA)","","","","","","","","","","","","","",""
"室蘭岳","[19むろらんだけ室蘭岳胆振管内911.1地理院地図Googleマップ北緯42度26分08秒東経141度00分11秒﻿ / ﻿北緯42.435609度 東経141.003070度﻿ /42.435609; 141.003070﻿ (室蘭岳)新・花の百名山正式名称：鷲別岳] 鷲別岳 （わしべつだけ）とは、 北海道 登別市 と 室蘭市 にまたがる山。 標高 911m。 北海道百名山 に選定されている。","https://ja.wikipedia.org/wiki/鷲別岳","北海道の百名山","https://ja.wikipedia.org/wiki/北海道の百名山","表形式","北緯42度26分08秒東経141度00分11秒","911.1m","北緯42度26分08秒東経141度00分11秒﻿ / ﻿北緯42.43556度 東経141.00306度﻿ /42.43556; 141.00306座標:北緯42度26分08秒東経141度00分11秒﻿ / ﻿北緯42.43556度 東経141.00306度﻿ /42.43556; 141.00306","日本北海道室蘭市・登別市","支笏・洞爺","成層火山","","","","","","","","","","","","","",""
"徳舜瞥山","[20とくしゅんべつやま徳舜瞥山胆振管内1,309地理院地図Googleマップ北緯42度38分03秒東経141度07分53秒﻿ / ﻿北緯42.634200度 東経141.131358度﻿ /42.634200; 141.131358﻿ (徳舜瞥山)三階滝] 徳舜瞥山 （とくしゅんべつやま）は、 北海道 伊達市 大滝区 にある標高1,309 mの 火山 である。すぐ隣の ホロホロ山 と双耳峰を成している。 北海道百名山 および 北海道の百名山 に選定されている。","https://ja.wikipedia.org/wiki/徳舜瞥山","北海道の百名山","https://ja.wikipedia.org/wiki/北海道の百名山","表形式","北緯42度38分03秒東経141度07分53秒","1,309m","北緯42度38分03秒東経141度07分53秒﻿ / ﻿北緯42.63417度 東経141.13139度﻿ /42.63417; 141.13139座標:北緯42度38分03秒東経141度07分53秒﻿ / ﻿北緯42.63417度 東経141.13139度﻿ /42.63417; 141.13139","日本北海道伊達市大滝区","ホロホロ・徳舜瞥火山","成層火山","","","","","","","","","","","","","",""
"樽前山","[21たるまえさん樽前山石狩管内胆振管内1,041地理院地図Googleマップ北緯42度41分31秒東経141度23分12秒﻿ / ﻿北緯42.691975度 東経141.386652度﻿ /42.691975; 141.386652﻿ (樽前山)日本二百名山花の百名山支笏湖溶岩ドーム] 樽前山 （たるまえさん、たるまえざん、たるまいさん、たるまいざん）は、 北海道 南西部にある 支笏湖 の南側、 苫小牧市 の北西部に位置する 活火山 。 標高 は最高点の樽前ドームで1,041m、 一等三角点 （点名「樽前岳」）の東山で1,022m、 三等三角点 （点名「樽前山」）の西山で994m。 支笏洞爺国立公園 に属する。 風不死岳 、 恵庭岳 とともに支笏三山の一つに数えられる。","https://ja.wikipedia.org/wiki/樽前山","北海道の百名山","https://ja.wikipedia.org/wiki/北海道の百名山","表形式","北緯42度41分26秒東経141度22分36秒","1,041m","北緯42度41分26秒東経141度22分36秒﻿ / ﻿北緯42.69056度 東経141.37667度﻿ /42.69056; 141.37667座標:北緯42度41分26秒東経141度22分36秒﻿ / ﻿北緯42.69056度 東経141.37667度﻿ /42.69056; 141.37667","北海道苫小牧市・千歳市","支笏カルデラ","火砕丘、溶岩ドーム(活火山ランクA)","","","","","","","","","","","","","",""
"風不死岳","[22ふっぷしだけ風不死岳石狩管内1,102.5地理院地図Googleマップ北緯42度43分01秒東経141度21分32秒﻿ / ﻿北緯42.716842度 東経141.358874度﻿ /42.716842; 141.358874﻿ (風不死岳)支笏湖] 風不死岳 （ふっぷしだけ）は、 北海道 千歳市 にある 火山 。 標高 は1,102.5 mで 三等三角点 （点名「風不止」）がある。","https://ja.wikipedia.org/wiki/風不死岳","北海道の百名山","https://ja.wikipedia.org/wiki/北海道の百名山","表形式","北緯42度43分1秒東経141度21分32秒","1,102.5m","北緯42度43分1秒東経141度21分32秒﻿ / ﻿北緯42.71694度 東経141.35889度﻿ /42.71694; 141.35889座標:北緯42度43分1秒東経141度21分32秒﻿ / ﻿北緯42.71694度 東経141.35889度﻿ /42.71694; 141.35889","日本北海道千歳市","","成層火山・溶岩ドーム","","","","","","","","","","","","","",""
"恵庭岳","[23えにわだけ恵庭岳石狩管内1,319.7地理院地図Googleマップ北緯42度47分36秒東経141度17分07秒﻿ / ﻿北緯42.793298度 東経141.285357度﻿ /42.793298; 141.285357﻿ (恵庭岳)支笏湖オコタンペ湖] 恵庭岳 （えにわだけ、アイヌ語: e-en-iwa）は、 北海道 の 支笏洞爺国立公園 にある 第四紀 火山 である。標高は1,320 mで、1991年に 気象庁 より 活火山 に指定されている。山名は アイヌ語 の「エエンイワ  」（頭が・尖っている・山）に由来する  。","https://ja.wikipedia.org/wiki/恵庭岳","北海道の百名山","https://ja.wikipedia.org/wiki/北海道の百名山","表形式","北緯42度47分35秒東経141度17分07秒","1,320m","北緯42度47分35秒東経141度17分07秒﻿ / ﻿北緯42.79306度 東経141.28528度﻿ /42.79306; 141.28528座標:北緯42度47分35秒東経141度17分07秒﻿ / ﻿北緯42.79306度 東経141.28528度﻿ /42.79306; 141.28528","日本北海道千歳市・恵庭市","","活火山","","200年前","","","","","","","","","","","",""
"漁岳","[24いざりだけ漁岳石狩管内1,317.7地理院地図Googleマップ北緯42度49分16秒東経141度14分08秒﻿ / ﻿北緯42.821111度 東経141.235555度﻿ /42.821111; 141.235555﻿ (漁岳)支笏湖オコタンペ湖] 漁岳 （いざりだけ）は、 北海道 石狩振興局 恵庭市 と 千歳市 および 札幌市 の接点にある標高1,318 mの 火山 である。 北海道の百名山 に選定されている。山頂には 二等三角点 「漁岳」が設置されている  。","https://ja.wikipedia.org/wiki/漁岳","北海道の百名山","https://ja.wikipedia.org/wiki/北海道の百名山","表形式","北緯42度49分16秒東経141度14分08秒","1317.7m","北緯42度49分16秒東経141度14分08秒﻿ / ﻿北緯42.82111度 東経141.23556度﻿ /42.82111; 141.23556座標:北緯42度49分16秒東経141度14分08秒﻿ / ﻿北緯42.82111度 東経141.23556度﻿ /42.82111; 141.23556","日本北海道恵庭市・千歳市・札幌市","支笏火山","成層火山","","","","","","","","","","","","","",""
"空沼岳","[25そらぬまだけ空沼岳石狩管内1,251.0地理院地図Googleマップ北緯42度51分54秒東経141度15分13秒﻿ / ﻿北緯42.865083度 東経141.253641度﻿ /42.865083; 141.253641﻿ (空沼岳)花の百名山] 空沼岳 （そらぬまだけ）は、 北海道 石狩管内 の 札幌市 にある 標高 約1,251mの 山 である。山頂付近は 支笏洞爺国立公園 の第1種特別地域に指定されている。","https://ja.wikipedia.org/wiki/空沼岳","北海道の百名山","https://ja.wikipedia.org/wiki/北海道の百名山","表形式","北緯42度51分54秒東経141度15分13秒","1,250.8m","北緯42度51分54秒東経141度15分13秒﻿ / ﻿北緯42.86500度 東経141.25361度﻿ /42.86500; 141.25361座標:北緯42度51分54秒東経141度15分13秒﻿ / ﻿北緯42.86500度 東経141.25361度﻿ /42.86500; 141.25361","日本北海道札幌市南区簾舞","","","","","","","","","","","","","","","",""
"札幌岳","[26さっぽろだけ札幌岳石狩管内1,293.0地理院地図Googleマップ北緯42度54分01秒東経141度12分02秒﻿ / ﻿北緯42.900189度 東経141.200521度﻿ /42.900189; 141.200521﻿ (札幌岳)豊平峡ダム] 札幌岳 （さっぽろだけ）は 支笏洞爺国立公園  内に含まれ、 北海道 石狩振興局 札幌市 にある標高1,293mの 火山 である。","https://ja.wikipedia.org/wiki/札幌岳","北海道の百名山","https://ja.wikipedia.org/wiki/北海道の百名山","表形式","北緯42度54分01秒東経141度12分02秒","1,293m","北緯42度54分01秒東経141度12分02秒﻿ / ﻿北緯42.90028度 東経141.20056度﻿ /42.90028; 141.20056座標:北緯42度54分01秒東経141度12分02秒﻿ / ﻿北緯42.90028度 東経141.20056度﻿ /42.90028; 141.20056","日本北海道札幌市南区","札幌岳火山","溶岩台地（楯状火山）","","","","","","","","","","","","","",""
"定山溪・天狗山","[27じょうざんけい・てんぐやま定山溪・天狗山石狩管内1,144.9地理院地図Googleマップ北緯43度00分39秒東経141度06分31秒﻿ / ﻿北緯43.010778度 東経141.108639度﻿ /43.010778; 141.108639﻿ (定山溪・天狗山)] 天狗岳 （てんぐだけ）は 北海道 札幌市 南区 定山渓 にある山。地形図には 天狗山 と記されているが、実際にそう呼ばれることは少ない  。同名の山があちこちにあるので、 定山渓天狗岳 、略して 定天 として親しまれている   。","https://ja.wikipedia.org/wiki/定山溪天狗岳","北海道の百名山","https://ja.wikipedia.org/wiki/北海道の百名山","表形式","北緯43度0分39秒東経141度6分30.7秒","1144.5m","北緯43度0分39秒東経141度6分30.7秒﻿ / ﻿北緯43.01083度 東経141.108528度﻿ /43.01083; 141.108528座標:北緯43度0分39秒東経141度6分30.7秒﻿ / ﻿北緯43.01083度 東経141.108528度﻿ /43.01083; 141.108528","日本北海道札幌市南区定山渓","","","","","","","","","","","","","","","",""
"無意根山","[28むいねやま無意根山石狩管内後志管内1,464地理院地図Googleマップ北緯42度55分43秒東経141度02分22秒﻿ / ﻿北緯42.928598度 東経141.039547度﻿ /42.928598; 141.039547﻿ (無意根山)豊羽鉱山] 無意根山 （むいねやま）は 支笏洞爺国立公園  内に含まれ、 北海道 石狩振興局 札幌市 と 後志総合振興局 虻田郡 京極町 に跨る標高1,464mの 火山 であるが、 二等三角点 「無意根」  が設置されている場所の標高は1,460.2mである。","https://ja.wikipedia.org/wiki/無意根山","北海道の百名山","https://ja.wikipedia.org/wiki/北海道の百名山","表形式","北緯42度55分51秒東経141度02分26秒","1,464m","北緯42度55分51秒東経141度02分26秒﻿ / ﻿北緯42.93083度 東経141.04056度﻿ /42.93083; 141.04056座標:北緯42度55分51秒東経141度02分26秒﻿ / ﻿北緯42.93083度 東経141.04056度﻿ /42.93083; 141.04056","日本北海道札幌市南区・虻田郡京極町","無意根火山","溶岩台地（楯状火山）","","","","","","","","","","","","","",""
"余市岳","[29よいちだけ余市岳石狩管内後志管内1,488.1地理院地図Googleマップ北緯43度01分58秒東経141度01分11秒﻿ / ﻿北緯43.032728度 東経141.019787度﻿ /43.032728; 141.019787﻿ (余市岳)日本三百名山花の百名山] 余市岳 （よいちだけ）は、 北海道 余市郡 赤井川村 と 札幌市 南区 とにまたがる 標高 1,488mの山である。","https://ja.wikipedia.org/wiki/余市岳","北海道の百名山","https://ja.wikipedia.org/wiki/北海道の百名山","表形式","北緯43度1分58秒東経141度1分10秒","1,488m","北緯43度1分58秒東経141度1分10秒﻿ / ﻿北緯43.03278度 東経141.01944度﻿ /43.03278; 141.01944座標:北緯43度1分58秒東経141度1分10秒﻿ / ﻿北緯43.03278度 東経141.01944度﻿ /43.03278; 141.01944","日本北海道札幌市南区・余市郡赤井川村","","","","","","","","","","","","","","","",""
"手稲山","[30ていねやま手稲山石狩管内1,023.7地理院地図Googleマップ北緯43度04分36秒東経141度11分33秒﻿ / ﻿北緯43.076737度 東経141.192632度﻿ /43.076737; 141.192632﻿ (手稲山)送信所・中継所] 手稲山 （ていねやま）は、 北海道 札幌市 西部の 手稲区 と 西区 に跨る 標高 1023.1 m の 山 。","https://ja.wikipedia.org/wiki/手稲山","北海道の百名山","https://ja.wikipedia.org/wiki/北海道の百名山","表形式","北緯43度4分36秒東経141度11分33秒","1023.1m","北緯43度4分36秒東経141度11分33秒﻿ / ﻿北緯43.07667度 東経141.19250度﻿ /43.07667; 141.19250座標:北緯43度4分36秒東経141度11分33秒﻿ / ﻿北緯43.07667度 東経141.19250度﻿ /43.07667; 141.19250","日本北海道札幌市手稲区・西区","","火山","","","","","","","","","","","","","",""
"崕山","[31画 像 募 集 中きりぎしやま崕山空知管内1,072地理院地図Googleマップ北緯43度17分08秒東経142度14分16秒﻿ / ﻿北緯43.285694度 東経142.237656度﻿ /43.285694; 142.237656﻿ (崕山)]","https://ja.wikipedia.org/w/index.php?title=崕山&amp;action=edit&amp;redlink=1","北海道の百名山","https://ja.wikipedia.org/wiki/北海道の百名山","表形式","","","","","","","","","","","","","","","","","","","",""
"夕張岳","[32ゆうばりだけ夕張岳空知管内上川管内1,667.8地理院地図Googleマップ北緯43度05分59秒東経142度15分04秒﻿ / ﻿北緯43.099692度 東経142.251010度﻿ /43.099692; 142.251010﻿ (夕張岳)日本二百名山花の百名山新・花の百名山一等三角点百名山] 夕張岳 （ゆうばりだけ）は、 北海道 の中央部を南北に走る 夕張山地 の南端に位置する 標高 1,668 m の 山 。 夕張市 と 空知郡 南富良野町 にまたがり、山域は北側の 芦別岳 と共に「 富良野芦別道立自然公園 」に指定されている  。","https://ja.wikipedia.org/wiki/夕張岳","北海道の百名山","https://ja.wikipedia.org/wiki/北海道の百名山","表形式","北緯43度05分59秒東経142度15分04秒","1,667.72m","北緯43度05分59秒東経142度15分04秒﻿ / ﻿北緯43.09972度 東経142.25111度﻿ /43.09972; 142.25111座標:北緯43度05分59秒東経142度15分04秒﻿ / ﻿北緯43.09972度 東経142.25111度﻿ /43.09972; 142.25111","日本北海道夕張市・空知郡南富良野町","夕張山地","","","","","","","","","","","","","","",""
"芦別岳","[33あしべつだけ芦別岳空知管内上川管内1,726.5地理院地図Googleマップ北緯43度14分09秒東経142度17分01秒﻿ / ﻿北緯43.235731度 東経142.283553度﻿ /43.235731; 142.283553﻿ (芦別岳)日本二百名山北海道の槍ヶ岳] 芦別岳 （あしべつだけ）は、 北海道 ・ 夕張山地 のほぼ中央に位置し、 富良野市 ・ 芦別市 ・ 南富良野町 にまたがる標高1,726 m  の 山 。山頂は、富良野市と南富良野町との境界にある。 日本二百名山  、および 北海道百名山 と 北海道の百名山 に選定されている。","https://ja.wikipedia.org/wiki/芦別岳","北海道の百名山","https://ja.wikipedia.org/wiki/北海道の百名山","表形式","北緯43度14分09秒東経142度17分01秒","1,726.14m","北緯43度14分09秒東経142度17分01秒﻿ / ﻿北緯43.23583度 東経142.28361度﻿ /43.23583; 142.28361座標:北緯43度14分09秒東経142度17分01秒﻿ / ﻿北緯43.23583度 東経142.28361度﻿ /43.23583; 142.28361","日本北海道富良野市・空知郡南富良野町・芦別市","夕張山地","","","","","","","","","","","","","","",""
"ピンネシリ","[34画 像 募 集 中ぴんねしりピンネシリ石狩管内空知管内1,100.3地理院地図Googleマップ北緯43度29分31秒東経141度42分24秒﻿ / ﻿北緯43.491807度 東経141.706740度﻿ /43.491807; 141.706740﻿ (ピンネシリ)] ピンネシリ とは、 北海道 樺戸郡 新十津川町 と 石狩郡 当別町 の境にある 標高 1,100.4mの山である。","https://ja.wikipedia.org/wiki/ピンネシリ_(新十津川町・当別町)","北海道の百名山","https://ja.wikipedia.org/wiki/北海道の百名山","表形式","北緯43度29分30.3秒東経141度42分24.1秒","1,100.4m","北緯43度29分30.3秒東経141度42分24.1秒﻿ / ﻿北緯43.491750度 東経141.706694度﻿ /43.491750; 141.706694","日本北海道樺戸郡新十津川町北海道石狩郡当別町","樺戸山地","","","","","","","","","","","","","","",""
"神居尻山","[35画 像 募 集 中かむいしりやま神居尻山石狩管内946.7地理院地図Googleマップ北緯43度30分02秒東経141度39分45秒﻿ / ﻿北緯43.500478度 東経141.662545度﻿ /43.500478; 141.662545﻿ (神居尻山)] 神居尻山 （かむいしりやま）とは、 北海道 石狩郡 当別町 にある 標高 946.7mの山である。山名は アイヌ語 のカムイ・シリに由来しており、月形北部の 樺戸山地 に位置する。山頂からは 暑寒別岳 をはじめとした 増毛山地 などを望むことができる。","https://ja.wikipedia.org/wiki/神居尻山","北海道の百名山","https://ja.wikipedia.org/wiki/北海道の百名山","表形式","北緯43度30分01.7秒東経141度39分45.1秒","946.7m","北緯43度30分01.7秒東経141度39分45.1秒﻿ / ﻿北緯43.500472度 東経141.662528度﻿ /43.500472; 141.662528座標:北緯43度30分01.7秒東経141度39分45.1秒﻿ / ﻿北緯43.500472度 東経141.662528度﻿ /43.500472; 141.662528","日本北海道石狩郡当別町","樺戸山地","","","","","","","","","","","","","","",""
"郡別岳","[36画 像 募 集 中ぐんべつだけ郡別岳石狩管内留萌管内1,376.3地理院地図Googleマップ北緯43度41分05秒東経141度29分16秒﻿ / ﻿北緯43.684722度 東経141.487777度﻿ /43.684722; 141.487777﻿ (郡別岳)]","https://ja.wikipedia.org/w/index.php?title=郡別岳&amp;action=edit&amp;redlink=1","北海道の百名山","https://ja.wikipedia.org/wiki/北海道の百名山","表形式","","","","","","","","","","","","","","","","","","","",""
"浜益岳","[37画 像 募 集 中はまますだけ浜益岳石狩管内留萌管内1,257.3地理院地図Googleマップ北緯43度42分14秒東経141度26分20秒﻿ / ﻿北緯43.703893度 東経141.438911度﻿ /43.703893; 141.438911﻿ (浜益岳)]","https://ja.wikipedia.org/w/index.php?title=浜益岳&amp;action=edit&amp;redlink=1","北海道の百名山","https://ja.wikipedia.org/wiki/北海道の百名山","表形式","","","","","","","","","","","","","","","","","","","",""
"暑寒別岳","[38しょかんべつだけ暑寒別岳空知管内留萌管内1,491.4地理院地図Googleマップ北緯43度42分57秒東経141度31分23秒﻿ / ﻿北緯43.715865度 東経141.522949度﻿ /43.715865; 141.522949﻿ (暑寒別岳)日本二百名山新・花の百名山一等三角点百名山増毛富士] 暑寒別岳 （しょかんべつだけ）とは、 北海道 空知総合振興局 西部と、 留萌振興局 東部の3郡4町にまたがる、標高1492mの山。","https://ja.wikipedia.org/wiki/暑寒別岳","北海道の百名山","https://ja.wikipedia.org/wiki/北海道の百名山","表形式","北緯43度43分0秒東経141度31分20秒","1,491.62m","北緯43度43分0秒東経141度31分20秒﻿ / ﻿北緯43.71667度 東経141.52222度﻿ /43.71667; 141.52222","北海道増毛郡増毛町雨竜郡雨竜町・北竜町樺戸郡新十津川町","増毛山地","","","","","","","","","","","","","","",""
"三頭山","[39画 像 募 集 中さんとうさん三頭山上川管内1,009.1地理院地図Googleマップ北緯44度05分30秒東経142度05分09秒﻿ / ﻿北緯44.091549度 東経142.085817度﻿ /44.091549; 142.085817﻿ (三頭山)]","https://ja.wikipedia.org/w/index.php?title=三頭山_(北海道)&amp;action=edit&amp;redlink=1","北海道の百名山","https://ja.wikipedia.org/wiki/北海道の百名山","表形式","","","","","","","","","","","","","","","","","","","",""
"ピッシリ山","[40画 像 募 集 中ぴっしりざんピッシリ山上川管内留萌管内1,031.5地理院地図Googleマップ北緯44度21分20秒東経142度01分55秒﻿ / ﻿北緯44.355624度 東経142.032063度﻿ /44.355624; 142.032063﻿ (ピッシリ山)]","https://ja.wikipedia.org/w/index.php?title=ピッシリ山&amp;action=edit&amp;redlink=1","北海道の百名山","https://ja.wikipedia.org/wiki/北海道の百名山","表形式","","","","","","","","","","","","","","","","","","","",""
"チトカニウシ山","[41画 像 募 集 中ちとかにうしやまチトカニウシ山上川管内オホーツク管内1,445.8地理院地図Googleマップ北緯43度54分24秒東経143度02分55秒﻿ / ﻿北緯43.906666度 東経143.048611度﻿ /43.906666; 143.048611﻿ (チトカニウシ山)]","https://ja.wikipedia.org/w/index.php?title=チトカニウシ山&amp;action=edit&amp;redlink=1","北海道の百名山","https://ja.wikipedia.org/wiki/北海道の百名山","表形式","","","","","","","","","","","","","","","","","","","",""
"天塩岳","[42てしおだけ天塩岳上川管内オホーツク管内1,557.6地理院地図Googleマップ北緯43度57分52秒東経142度53分17秒﻿ / ﻿北緯43.964372度 東経142.887986度﻿ /43.964372; 142.887986﻿ (天塩岳)日本二百名山一等三角点百名山天塩川源流] 天塩岳 （てしおだけ）は、 北海道 士別市 と 紋別郡 滝上町 にまたがる 標高 1,558mの 山 。","https://ja.wikipedia.org/wiki/天塩岳","北海道の百名山","https://ja.wikipedia.org/wiki/北海道の百名山","表形式","北緯43度57分51秒東経142度53分16秒","1,557.6m","北緯43度57分51秒東経142度53分16秒﻿ / ﻿北緯43.96417度 東経142.88778度﻿ /43.96417; 142.88778座標:北緯43度57分51秒東経142度53分16秒﻿ / ﻿北緯43.96417度 東経142.88778度﻿ /43.96417; 142.88778","日本北海道士別市・紋別郡滝上町","","","","","","","","","","","","","","","",""
"ウエンシリ岳","[43画 像 募 集 中うえんしりだけウエンシリ岳上川管内オホーツク管内1,142.3地理院地図Googleマップ北緯44度13分44秒東経142度52分35秒﻿ / ﻿北緯44.228801度 東経142.876338度﻿ /44.228801; 142.876338﻿ (ウエンシリ岳)]","https://ja.wikipedia.org/w/index.php?title=ウエンシリ岳&amp;action=edit&amp;redlink=1","北海道の百名山","https://ja.wikipedia.org/wiki/北海道の百名山","表形式","","","","","","","","","","","","","","","","","","","",""
"ピヤシリ山","[44画 像 募 集 中ぴやしりやまピヤシリ山上川管内オホーツク管内986.6地理院地図Googleマップ北緯44度26分01秒東経142度35分03秒﻿ / ﻿北緯44.433695度 東経142.584098度﻿ /44.433695; 142.584098﻿ (ピヤシリ山)名寄ピヤシリスキー場] ピヤシリ山 （ピヤシリやま）は、 北海道 北東部、 名寄市 ・ 下川町 、および 雄武町 の境にある 標高 987.1mの山。 北見山地 に属する。 飛鏃岳 （ぴやしりだけ）などとも表記される。","https://ja.wikipedia.org/wiki/ピヤシリ山","北海道の百名山","https://ja.wikipedia.org/wiki/北海道の百名山","表形式","北緯44度26分01.3秒東経142度35分02.7秒","987.1m","北緯44度26分01.3秒東経142度35分02.7秒﻿ / ﻿北緯44.433694度 東経142.584083度﻿ /44.433694; 142.584083座標:北緯44度26分01.3秒東経142度35分02.7秒﻿ / ﻿北緯44.433694度 東経142.584083度﻿ /44.433694; 142.584083","日本北海道名寄市・下川町・雄武町","北見山地","","","","","","","","","","","","","","",""
"函岳","[45画 像 募 集 中はこだけ函岳オホーツク管内1,129.3地理院地図Googleマップ北緯44度39分57秒東経142度24分44秒﻿ / ﻿北緯44.665833度 東経142.412222度﻿ /44.665833; 142.412222﻿ (函岳)]","https://ja.wikipedia.org/w/index.php?title=函岳&amp;action=edit&amp;redlink=1","北海道の百名山","https://ja.wikipedia.org/wiki/北海道の百名山","表形式","","","","","","","","","","","","","","","","","","","",""
"利尻山","[46りしりざん利尻山宗谷管内1,721地理院地図Googleマップ北緯45度10分49秒東経141度14分29秒﻿ / ﻿北緯45.180415度 東経141.241384度﻿ /45.180415; 141.241384﻿ (利尻山)日本百名山新日本百名山花の百名山新・花の百名山利尻富士利尻島] 利尻山 （りしりざん）は、 北海道 の 利尻島 に位置する 独立峰 で 標高 1,721m。 利尻町 、 利尻富士町 の2町にまたがる 成層火山 で、 利尻礼文サロベツ国立公園 内の山域は特別区域に指定され、 日本百名山  、 新日本百名山  、 花の百名山  及び 新・花の百名山  に選定されている。","https://ja.wikipedia.org/wiki/利尻岳","北海道の百名山","https://ja.wikipedia.org/wiki/北海道の百名山","表形式","北緯45度10分43秒東経141度14分31秒","1,721m","北緯45度10分43秒東経141度14分31秒﻿ / ﻿北緯45.17861度 東経141.24194度﻿ /45.17861; 141.24194座標:北緯45度10分43秒東経141度14分31秒﻿ / ﻿北緯45.17861度 東経141.24194度﻿ /45.17861; 141.24194","日本北海道宗谷総合振興局利尻郡利尻町・利尻富士町","独立峰","成層火山","","","","","","","","","","","","","",""
"アポイ岳","[47あぽいだけアポイ岳日高管内810.6地理院地図Googleマップ北緯42度06分28秒東経143度01分32秒﻿ / ﻿北緯42.107851度 東経143.025652度﻿ /42.107851; 143.025652﻿ (アポイ岳)花の百名山新・花の百名山アポイ岳ジオパーク] アポイ岳 （アポイだけ）は、 北海道 様似郡 様似町 かつ 日高山脈 支稜線西南端に位置し、 一等三角点 （点名「冬島」）で標高810.5mの 山 である。","https://ja.wikipedia.org/wiki/アポイ岳","北海道の百名山","https://ja.wikipedia.org/wiki/北海道の百名山","表形式","北緯42度06分28秒東経143度01分32秒","810.5m","北緯42度06分28秒東経143度01分32秒﻿ / ﻿北緯42.10778度 東経143.02556度﻿ /42.10778; 143.02556座標:北緯42度06分28秒東経143度01分32秒﻿ / ﻿北緯42.10778度 東経143.02556度﻿ /42.10778; 143.02556","日本北海道様似郡様似町","日高山脈","","","","","","","","","","","","","","",""
"楽古岳","[48らっこだけ楽古岳日高管内十勝管内1,471.9地理院地図Googleマップ北緯42度16分21秒東経143度06分40秒﻿ / ﻿北緯42.272516度 東経143.111245度﻿ /42.272516; 143.111245﻿ (楽古岳)] 楽古岳 （らっこだけ）は、 北海道 浦河郡 浦河町 と 広尾郡 広尾町 とにまたがる、標高1,471 mの 山 である。","https://ja.wikipedia.org/wiki/楽古岳","北海道の百名山","https://ja.wikipedia.org/wiki/北海道の百名山","表形式","北緯42度16分21秒東経143度06分40秒","1,471.5m","北緯42度16分21秒東経143度06分40秒﻿ / ﻿北緯42.27250度 東経143.11111度﻿ /42.27250; 143.11111座標:北緯42度16分21秒東経143度06分40秒﻿ / ﻿北緯42.27250度 東経143.11111度﻿ /42.27250; 143.11111","日本北海道浦河郡浦河町・広尾郡広尾町","日高山脈","褶曲山脈","正木照信（1900年）","","","","","","","","","","","","",""
"野塚岳","[49画 像 募 集 中のつかだけ野塚岳日高管内十勝管内1,353.2地理院地図Googleマップ北緯42度19分45秒東経143度02分52秒﻿ / ﻿北緯42.329188度 東経143.047803度﻿ /42.329188; 143.047803﻿ (野塚岳)天馬街道野塚トンネル真上]","https://ja.wikipedia.org/w/index.php?title=野塚岳&amp;action=edit&amp;redlink=1","北海道の百名山","https://ja.wikipedia.org/wiki/北海道の百名山","表形式","","","","","","","","","","","","","","","","","","","",""
"ピリカヌプリ","[50ぴりかぬぷりピリカヌプリ日高管内十勝管内1,631.2地理院地図Googleマップ北緯42度24分08秒東経142度58分00秒﻿ / ﻿北緯42.402222度 東経142.966667度﻿ /42.402222; 142.966667﻿ (ピリカヌプリ)南日高三山柴崎芳太郎] ピリカヌプリ は、 北海道 広尾郡 大樹町 と 浦河郡 浦河町 とにまたがる、 標高 1,631 mの 山 である。 日高山脈 南部にあり、 日高山脈襟裳国定公園 に属する。山頂には 二等三角点 （点名「奴振」）が設置されている  。","https://ja.wikipedia.org/wiki/ピリカヌプリ","北海道の百名山","https://ja.wikipedia.org/wiki/北海道の百名山","表形式","北緯42度24分08秒東経142度58分00秒","1,630.8m","北緯42度24分08秒東経142度58分00秒﻿ / ﻿北緯42.40222度 東経142.96667度﻿ /42.40222; 142.96667座標:北緯42度24分08秒東経142度58分00秒﻿ / ﻿北緯42.40222度 東経142.96667度﻿ /42.40222; 142.96667","日本北海道広尾郡大樹町・浦河郡浦河町","日高山脈","褶曲山脈","柴崎芳太郎（1913年）","","","","","","","","","","","","",""
"神威岳","[51かむいだけ神威岳日高管内十勝管内1,600.5地理院地図Googleマップ北緯42度25分42秒東経142度54分25秒﻿ / ﻿北緯42.428468度 東経142.906861度﻿ /42.428468; 142.906861﻿ (神威岳)日本三百名山南日高三山柴崎芳太郎] 神威岳 （かむいだけ）は、 北海道 広尾郡 大樹町 と 浦河郡 浦河町 とにまたがる 標高 1,600 mの 山 。 日高山脈 南部にあり、 日高山脈襟裳国定公園 に属する。威風堂々とした山容で  、 日本三百名山 に選定されている。","https://ja.wikipedia.org/wiki/神威岳_(大樹町・浦河町)","北海道の百名山","https://ja.wikipedia.org/wiki/北海道の百名山","表形式","北緯42度25分42秒東経142度54分25秒","1,600.2m","北緯42度25分42秒東経142度54分25秒﻿ / ﻿北緯42.42833度 東経142.90694度﻿ /42.42833; 142.90694座標:北緯42度25分42秒東経142度54分25秒﻿ / ﻿北緯42.42833度 東経142.90694度﻿ /42.42833; 142.90694","日本北海道広尾郡大樹町・浦河郡浦河町","日高山脈","褶曲山脈","柴崎芳太郎（1913年）","","","","","","","","","","","","",""
"ピセナイ山","[52画 像 募 集 中ぴせないやまピセナイ山日高管内1,027.6地理院地図Googleマップ北緯42度24分49秒東経142度38分16秒﻿ / ﻿北緯42.413611度 東経142.637778度﻿ /42.413611; 142.637778﻿ (ピセナイ山)日高山脈展望の山]","https://ja.wikipedia.org/w/index.php?title=ピセナイ山&amp;action=edit&amp;redlink=1","北海道の百名山","https://ja.wikipedia.org/wiki/北海道の百名山","表形式","","","","","","","","","","","","","","","","","","","",""
"ペテガリ岳","[53ぺてがりだけペテガリ岳日高管内十勝管内1,736.2地理院地図Googleマップ北緯42度29分58秒東経142度52分16秒﻿ / ﻿北緯42.499340度 東経142.871015度﻿ /42.499340; 142.871015﻿ (ペテガリ岳)日本二百名山遥かなる山柴崎芳太郎] ペテガリ岳 （ペテガリだけ）は、 北海道 の 日高山脈 中部に位置し、 日高郡 新ひだか町 と 広尾郡 大樹町 にまたがる 標高 1,736 m の山である。 日高山脈襟裳国定公園 に含まれ、山頂には 二等三角点  （点名「辺天狩岳」）がある。 日本二百名山 の一つ。A・B・Cの三つの カール を持つ。","https://ja.wikipedia.org/wiki/ペテガリ岳","北海道の百名山","https://ja.wikipedia.org/wiki/北海道の百名山","表形式","北緯42度29分58秒東経142度52分16秒","1,736.2m","北緯42度29分58秒東経142度52分16秒﻿ / ﻿北緯42.49944度 東経142.87111度﻿ /42.49944; 142.87111座標:北緯42度29分58秒東経142度52分16秒﻿ / ﻿北緯42.49944度 東経142.87111度﻿ /42.49944; 142.87111","日本北海道日高郡新ひだか町・広尾郡大樹町","日高山脈","褶曲山脈","柴崎芳太郎（1913年）","","","","","","","","","","","","",""
"1839峰","[54いっぱーさんきゅうほう1839峰日高管内1,842地理院地図Googleマップ北緯42度32分22秒東経142度48分29秒﻿ / ﻿北緯42.539361度 東経142.808111度﻿ /42.539361; 142.808111﻿ (1839峰)] 1839峰 （いっぱーさんきゅうほう）は、 北海道 日高振興局 日高郡 新ひだか町 にある 標高 1,842 mの 山 である。 日高山脈 中部主稜線上のヤオロマップ岳から西に派生する支稜線上に位置し、一目瞭然の魁偉な山容を持つ  。 日高山脈襟裳国定公園 に含まれる。","https://ja.wikipedia.org/wiki/1839峰","北海道の百名山","https://ja.wikipedia.org/wiki/北海道の百名山","表形式","北緯42度32分22秒東経142度48分29秒","1,842m","北緯42度32分22秒東経142度48分29秒﻿ / ﻿北緯42.53944度 東経142.80806度﻿ /42.53944; 142.80806座標:北緯42度32分22秒東経142度48分29秒﻿ / ﻿北緯42.53944度 東経142.80806度﻿ /42.53944; 142.80806","日本北海道日高郡新ひだか町","日高山脈","","斉藤長寿郎（1929年）","","","","","","","","","","","","",""
"コイカクシュサツナイ岳","[55画 像 募 集 中こいかくしゅさつないだけコイカクシュサツナイ岳日高管内十勝管内1,721地理院地図Googleマップ北緯42度34分15秒東経142度49分30秒﻿ / ﻿北緯42.570958度 東経142.824925度﻿ /42.570958; 142.824925﻿ (コイカクシュサツナイ岳)]","https://ja.wikipedia.org/w/index.php?title=コイカクシュサツナイ岳&amp;action=edit&amp;redlink=1","北海道の百名山","https://ja.wikipedia.org/wiki/北海道の百名山","表形式","","","","","","","","","","","","","","","","","","","",""
"カムイエクウチカウシ山","[56かむいえくうちかうしやまカムイエクウチカウシ山日高管内十勝管内1,979.5地理院地図Googleマップ北緯42度37分30秒東経142度45分59秒﻿ / ﻿北緯42.625112度 東経142.766406度﻿ /42.625112; 142.766406﻿ (カムイエクウチカウシ山)日本二百名山一等三角点百名山通称：カムエク北海道の剱岳] カムイエクウチカウシ山 （カムイエクウチカウシやま）は、 北海道 日高山脈 に属する 山 である。 日本二百名山 の一つに数えられる。名称は アイヌ語 の「熊（神）の転げ落ちる山」に由来する。登山家の間ではしばしば カムエク と略して呼ばれる  。","https://ja.wikipedia.org/wiki/カムイエクウチカウシ山","北海道の百名山","https://ja.wikipedia.org/wiki/北海道の百名山","表形式","北緯42度37分30秒東経142度45分59秒","1,979.5m","北緯42度37分30秒東経142度45分59秒﻿ / ﻿北緯42.62500度 東経142.76639度﻿ /42.62500; 142.76639座標:北緯42度37分30秒東経142度45分59秒﻿ / ﻿北緯42.62500度 東経142.76639度﻿ /42.62500; 142.76639","北海道日高郡新ひだか町・河西郡中札内村","日高山脈","氷食尖峰","正木照信（1900年）","","","","","","","","","","","","",""
"イドンナップ岳","[57画 像 募 集 中いどんなっぷだけイドンナップ岳日高管内1,752地理院地図Googleマップ北緯42度37分36秒東経142度38分40秒﻿ / ﻿北緯42.626599度 東経142.644356度﻿ /42.626599; 142.644356﻿ (イドンナップ岳)新冠富士]","https://ja.wikipedia.org/w/index.php?title=イドンナップ岳&amp;action=edit&amp;redlink=1","北海道の百名山","https://ja.wikipedia.org/wiki/北海道の百名山","表形式","","","","","","","","","","","","","","","","","","","",""
"札内岳","[58さつないだけ札内岳十勝管内1,896地理院地図Googleマップ北緯42度41分38秒東経142度47分48秒﻿ / ﻿北緯42.693861度 東経142.796638度﻿ /42.693861; 142.796638﻿ (札内岳)] 札内岳 （さつないだけ）は、 北海道 帯広市 と 河西郡 中札内村 とにまたがる標高1,895 m   の 山 である。 日高山脈襟裳国定公園 に含まれる。また、 北海道の百名山 に選ばれている。","https://ja.wikipedia.org/wiki/札内岳","北海道の百名山","https://ja.wikipedia.org/wiki/北海道の百名山","表形式","北緯42度41分38秒東経142度47分48秒","1,895.6m","北緯42度41分38秒東経142度47分48秒﻿ / ﻿北緯42.69389度 東経142.79667度﻿ /42.69389; 142.79667座標:北緯42度41分38秒東経142度47分48秒﻿ / ﻿北緯42.69389度 東経142.79667度﻿ /42.69389; 142.79667","日本北海道十勝総合振興局帯広市・河西郡中札内村","日高山脈","","井田清（1927年）","","","","","","","","","","","","",""
"十勝幌尻岳","[59とかちほろしりだけ十勝幌尻岳十勝管内1,846.0地理院地図Googleマップ北緯42度41分44秒東経142度51分34秒﻿ / ﻿北緯42.695469度 東経142.859405度﻿ /42.695469; 142.859405﻿ (十勝幌尻岳)通称：カチポロ] 十勝幌尻岳 （とかちぽろしりだけ）は、 北海道 帯広市 と 河西郡 中札内村 とにまたがる 標高 1,846 m の 山 である。 日高山脈襟裳国定公園 に属する。","https://ja.wikipedia.org/wiki/十勝幌尻岳","北海道の百名山","https://ja.wikipedia.org/wiki/北海道の百名山","表形式","北緯42度41分44秒東経142度51分34秒","1,846.1m","北緯42度41分44秒東経142度51分34秒﻿ / ﻿北緯42.69556度 東経142.85944度﻿ /42.69556; 142.85944座標:北緯42度41分44秒東経142度51分34秒﻿ / ﻿北緯42.69556度 東経142.85944度﻿ /42.69556; 142.85944","北海道十勝総合振興局帯広市・河西郡中札内村","日高山脈","","徳永正雄（1930年）","","","","","","","","","","","","",""
"幌尻岳","[60ぽろしりだけ幌尻岳日高管内2,052.8地理院地図Googleマップ北緯42度43分10秒東経142度40分58秒﻿ / ﻿北緯42.719435度 東経142.682894度﻿ /42.719435; 142.682894﻿ (幌尻岳)日本百名山日高山脈最高峰七つ沼カール] 幌尻岳 （ぽろしりだけ）は、 北海道 日高振興局 の 沙流郡 平取町 と 新冠郡 新冠町 にまたがる 標高 2,052 m   の 山 。 日高山脈 の主峰であり、 日本百名山 に選定されている  。 日高山脈襟裳国定公園 に含まれ、山頂には二等 三角点 （点名「幌尻」）  がある。山名は アイヌ語 で「Poro（大きい）sir（山）」を意味する  。","https://ja.wikipedia.org/wiki/幌尻岳","北海道の百名山","https://ja.wikipedia.org/wiki/北海道の百名山","表形式","北緯42度43分10秒東経142度40分58秒","2,052.80m","北緯42度43分10秒東経142度40分58秒﻿ / ﻿北緯42.71944度 東経142.68278度﻿ /42.71944; 142.68278座標:北緯42度43分10秒東経142度40分58秒﻿ / ﻿北緯42.71944度 東経142.68278度﻿ /42.71944; 142.68278","日本北海道日高振興局沙流郡平取町・新冠郡新冠町","日高山脈","褶曲山脈","吉野半平（1913年）","","","","","","","","","","","","",""
"戸蔦別岳","[61画 像 募 集 中とったべつだけ戸蔦別岳日高管内十勝管内1,959地理院地図Googleマップ北緯42度44分19秒東経142度41分42秒﻿ / ﻿北緯42.738650度 東経142.695100度﻿ /42.738650; 142.695100﻿ (戸蔦別岳)]","https://ja.wikipedia.org/w/index.php?title=戸蔦別岳&amp;action=edit&amp;redlink=1","北海道の百名山","https://ja.wikipedia.org/wiki/北海道の百名山","表形式","","","","","","","","","","","","","","","","","","","",""
"伏美岳","[62画 像 募 集 中ふしみだけ伏美岳十勝管内1,792地理院地図Googleマップ北緯42度46分33秒東経142度45分56秒﻿ / ﻿北緯42.775803度 東経142.765594度﻿ /42.775803; 142.765594﻿ (伏美岳)]","https://ja.wikipedia.org/w/index.php?title=伏美岳&amp;action=edit&amp;redlink=1","北海道の百名山","https://ja.wikipedia.org/wiki/北海道の百名山","表形式","","","","","","","","","","","","","","","","","","","",""
"ピパイロ岳","[63画 像 募 集 中ぴぱいろだけピパイロ岳十勝管内1,916.5地理院地図Googleマップ北緯42度46分23秒東経142度43分39秒﻿ / ﻿北緯42.773187度 東経142.727607度﻿ /42.773187; 142.727607﻿ (ピパイロ岳)]","https://ja.wikipedia.org/w/index.php?title=ピパイロ岳&amp;action=edit&amp;redlink=1","北海道の百名山","https://ja.wikipedia.org/wiki/北海道の百名山","表形式","","","","","","","","","","","","","","","","","","","",""
"チロロ岳","[64画 像 募 集 中ちろろだけチロロ岳日高管内1,879.9地理院地図Googleマップ北緯42度49分32秒東経142度40分31秒﻿ / ﻿北緯42.825588度 東経142.675403度﻿ /42.825588; 142.675403﻿ (チロロ岳)]","https://ja.wikipedia.org/w/index.php?title=チロロ岳&amp;action=edit&amp;redlink=1","北海道の百名山","https://ja.wikipedia.org/wiki/北海道の百名山","表形式","","","","","","","","","","","","","","","","","","","",""
"芽室岳","[65画 像 募 集 中めむろだけ芽室岳日高管内十勝管内1,753.7地理院地図Googleマップ北緯42度52分08秒東経142度47分07秒﻿ / ﻿北緯42.868970度 東経142.785393度﻿ /42.868970; 142.785393﻿ (芽室岳)]","https://ja.wikipedia.org/w/index.php?title=芽室岳&amp;action=edit&amp;redlink=1","北海道の百名山","https://ja.wikipedia.org/wiki/北海道の百名山","表形式","","","","","","","","","","","","","","","","","","","",""
"剣山","[66画 像 募 集 中つるぎやま剣山十勝管内1,205.1地理院地図Googleマップ北緯42度50分55秒東経142度53分06秒﻿ / ﻿北緯42.848705度 東経142.885057度﻿ /42.848705; 142.885057﻿ (剣山)]","https://ja.wikipedia.org/w/index.php?title=剣山_(北海道)&amp;action=edit&amp;redlink=1","北海道の百名山","https://ja.wikipedia.org/wiki/北海道の百名山","表形式","","","","","","","","","","","","","","","","","","","",""
"富良野岳","[67ふらのだけ富良野岳上川管内1,912.1地理院地図Googleマップ北緯43度23分37秒東経142度38分06秒﻿ / ﻿北緯43.393724度 東経142.634976度﻿ /43.393724; 142.634976﻿ (富良野岳)花の百名山一等三角点百名山] 富良野岳 （ふらのだけ）は、 石狩山地 の十勝岳連峰の南西部に位置し、 富良野市 と 上富良野町 にまたがる 標高 1,912 m の 山 である。山域は 大雪山国立公園 に指定されている  。","https://ja.wikipedia.org/wiki/富良野岳","北海道の百名山","https://ja.wikipedia.org/wiki/北海道の百名山","表形式","北緯43度23分37秒東経142度38分06秒","1,911.90m","北緯43度23分37秒東経142度38分06秒﻿ / ﻿北緯43.39361度 東経142.63500度﻿ /43.39361; 142.63500座標:北緯43度23分37秒東経142度38分06秒﻿ / ﻿北緯43.39361度 東経142.63500度﻿ /43.39361; 142.63500","日本北海道上川総合振興局富良野市上川総合振興局上富良野町","石狩山地（十勝岳連峰）","成層火山","","","","","","","","","","","","","",""
"上ホロカメットク山","[68かみほろかめっとくやま上ホロカメットク山上川管内十勝管内1,920地理院地図Googleマップ北緯43度24分17秒東経142度40分18秒﻿ / ﻿北緯43.404844度 東経142.671747度﻿ /43.404844; 142.671747﻿ (上ホロカメットク山)] 上ホロカメットク山 （かみホロカメットクやま）は、 北海道 上富良野町 ・ 南富良野町 ・ 新得町 にまたがる 標高 1,920 m の 山 である。","https://ja.wikipedia.org/wiki/上ホロカメットク山","北海道の百名山","https://ja.wikipedia.org/wiki/北海道の百名山","表形式","北緯43度24分17.6秒東経142度40分18.4秒","1,920m","北緯43度24分17.6秒東経142度40分18.4秒﻿ / ﻿北緯43.404889度 東経142.671778度﻿ /43.404889; 142.671778座標:北緯43度24分17.6秒東経142度40分18.4秒﻿ / ﻿北緯43.404889度 東経142.671778度﻿ /43.404889; 142.671778","日本北海道上富良野町・南富良野町・新得町","石狩山地十勝岳連峰","","","","","","","","","","","","","","",""
"十勝岳","[69とかちだけ十勝岳上川管内十勝管内2,077地理院地図Googleマップ北緯43度25分04秒東経142度41分11秒﻿ / ﻿北緯43.417839度 東経142.686297度﻿ /43.417839; 142.686297﻿ (十勝岳)日本百名山花の百名山活火山十勝川源頭] 十勝岳 （とかちだけ）は、 北海道 の中央部の 上川管内 の 美瑛町 ・ 上富良野町 、 十勝管内 の 新得町 にまたがる 標高 2,077 m の 活火山 。 大雪山国立公園  内の 十勝岳連峰 （十勝火山群）の主峰である。 日本百名山  及び 花の百名山  に選定されている。","https://ja.wikipedia.org/wiki/十勝岳","北海道の百名山","https://ja.wikipedia.org/wiki/北海道の百名山","表形式","北緯43度25分05秒東経142度41分11秒","2,077m","北緯43度25分05秒東経142度41分11秒﻿ / ﻿北緯43.41806度 東経142.68639度﻿ /43.41806; 142.68639座標:北緯43度25分05秒東経142度41分11秒﻿ / ﻿北緯43.41806度 東経142.68639度﻿ /43.41806; 142.68639","日本北海道上川総合振興局美瑛町・上富良野町、十勝総合振興局新得町","石狩山地（十勝岳連峰）","成層火山・活火山（ランクＡ）・火山群","","","","","","","","","","","","","",""
"美瑛岳","[70びえいだけ美瑛岳上川管内十勝管内2,052.3地理院地図Googleマップ北緯43度26分24秒東経142度42分24秒﻿ / ﻿北緯43.439895度 東経142.706563度﻿ /43.439895; 142.706563﻿ (美瑛岳)] 美瑛岳 （びえいだけ）は、 北海道 上川郡 美瑛町 に位置する 標高 2,052 m の 火山 である。 大雪山国立公園 に属し、山頂には 二等三角点 （点名「帯経しけ」  ）がある。","https://ja.wikipedia.org/wiki/美瑛岳","北海道の百名山","https://ja.wikipedia.org/wiki/北海道の百名山","表形式","北緯43度26分23.8秒東経142度42分22.7秒","2,052m","北緯43度26分23.8秒東経142度42分22.7秒﻿ / ﻿北緯43.439944度 東経142.706306度﻿ /43.439944; 142.706306座標:北緯43度26分23.8秒東経142度42分22.7秒﻿ / ﻿北緯43.439944度 東経142.706306度﻿ /43.439944; 142.706306","日本北海道上川郡美瑛町","石狩山地（十勝岳連峰）","","","","","","","","","","","","","","",""
"オプタテシケ山","[71おぷたてしけやまオプタテシケ山上川管内十勝管内2,012.7地理院地図Googleマップ北緯43度28分13秒東経142度45分06秒﻿ / ﻿北緯43.470244度 東経142.751538度﻿ /43.470244; 142.751538﻿ (オプタテシケ山)日本三百名山] オプタテシケ山 （オプタテシケやま）は 北海道 上川郡 美瑛町 と 新得町 の境界に位置する 標高 2,013mの山である   。 三等三角点 の名称は「 美瑛岳 」と記されている。","https://ja.wikipedia.org/wiki/オプタテシケ山","北海道の百名山","https://ja.wikipedia.org/wiki/北海道の百名山","表形式","北緯43度28分13秒東経142度45分05秒","2,012.48m","北緯43度28分13秒東経142度45分05秒﻿ / ﻿北緯43.47028度 東経142.75139度﻿ /43.47028; 142.75139座標:北緯43度28分13秒東経142度45分05秒﻿ / ﻿北緯43.47028度 東経142.75139度﻿ /43.47028; 142.75139","日本北海道上川総合振興局上川郡美瑛町・十勝総合振興局上川郡新得町","石狩山地（十勝岳連峰）","","","","","","","","","","","","","","",""
"トムラウシ山","[72とむらうしやまトムラウシ山上川管内十勝管内2,141.2地理院地図Googleマップ北緯43度31分38秒東経142度50分56秒﻿ / ﻿北緯43.527111度 東経142.848790度﻿ /43.527111; 142.848790﻿ (トムラウシ山)日本百名山一等三角点百名山大雪山の奥座敷] トムラウシ山 （富村牛山、富良牛山）は、 北海道 中央部、 上川管内 美瑛町 と 十勝管内 新得町 の境にそびえる 大雪山 系南部の 標高 2,141 m の 山 。「大雪の奥座敷」と称される。地元では昔から「カムイミンタラ」（神々の遊ぶ庭）として崇められてきた  。 日本百名山 に選定されている  。","https://ja.wikipedia.org/wiki/トムラウシ山","北海道の百名山","https://ja.wikipedia.org/wiki/北海道の百名山","表形式","北緯43度31分38秒東経142度50分56秒","2,141.19m","北緯43度31分38秒東経142度50分56秒﻿ / ﻿北緯43.52722度 東経142.84889度﻿ /43.52722; 142.84889座標:北緯43度31分38秒東経142度50分56秒﻿ / ﻿北緯43.52722度 東経142.84889度﻿ /43.52722; 142.84889","日本北海道上川総合振興局上川郡美瑛町・十勝総合振興局上川郡新得町","大雪山系（石狩山地）","成層火山","","","","","","","","","","","","","",""
"白雲岳","[73はくうんだけ白雲岳上川管内2,230.0地理院地図Googleマップ北緯43度39分40秒東経142度54分21秒﻿ / ﻿北緯43.661188度 東経142.905915度﻿ /43.661188; 142.905915﻿ (白雲岳)] 大雪山 （たいせつざん、だいせつざん）は、 北海道 中央部にある 旭岳 などの山々からなる巨大な山塊の名称  。大雪山系とも呼ばれ、一帯は 大雪山国立公園 に指定されている  。","https://ja.wikipedia.org/wiki/白雲岳","北海道の百名山","https://ja.wikipedia.org/wiki/北海道の百名山","表形式","北緯43度39分48.9秒東経142度51分14.9秒","旭岳：2,290.93m","北緯43度39分48.9秒東経142度51分14.9秒﻿ / ﻿北緯43.663583度 東経142.854139度﻿ /43.663583; 142.854139座標:北緯43度39分48.9秒東経142度51分14.9秒﻿ / ﻿北緯43.663583度 東経142.854139度﻿ /43.663583; 142.854139","日本・北海道上川郡","石狩山地","複成火山","","","","","","","","","","","","","",""
"赤岳","[74画 像 募 集 中あかだけ赤岳上川管内2,078.5地理院地図Googleマップ北緯43度40分28秒東経142度55分36秒﻿ / ﻿北緯43.674522度 東経142.926531度﻿ /43.674522; 142.926531﻿ (赤岳)] 大雪山 （たいせつざん、だいせつざん）は、 北海道 中央部にある 旭岳 などの山々からなる巨大な山塊の名称  。大雪山系とも呼ばれ、一帯は 大雪山国立公園 に指定されている  。","https://ja.wikipedia.org/wiki/赤岳_(大雪山系)","北海道の百名山","https://ja.wikipedia.org/wiki/北海道の百名山","表形式","北緯43度39分48.9秒東経142度51分14.9秒","旭岳：2,290.93m","北緯43度39分48.9秒東経142度51分14.9秒﻿ / ﻿北緯43.663583度 東経142.854139度﻿ /43.663583; 142.854139座標:北緯43度39分48.9秒東経142度51分14.9秒﻿ / ﻿北緯43.663583度 東経142.854139度﻿ /43.663583; 142.854139","日本・北海道上川郡","石狩山地","複成火山","","","","","","","","","","","","","",""
"旭岳","[75あさひだけ旭岳上川管内2,290.9地理院地図Googleマップ北緯43度39分49秒東経142度51分15秒﻿ / ﻿北緯43.663582度 東経142.854138度﻿ /43.663582; 142.854138﻿ (旭岳)日本百名山新日本百名山花の百名山新・花の百名山一等三角点百名山旭岳ヌタプカウシュペ北海道最高峰] 旭岳 （あさひだけ）は、 北海道 上川郡 東川町 にある 火山 である。 大雪山 連峰の主峰で 標高 2,291m。北海道最高峰。","https://ja.wikipedia.org/wiki/旭岳","北海道の百名山","https://ja.wikipedia.org/wiki/北海道の百名山","表形式","北緯43度39分48.9秒東経142度51分14.9秒","2,290.93m","北緯43度39分48.9秒東経142度51分14.9秒﻿ / ﻿北緯43.663583度 東経142.854139度﻿ /43.663583; 142.854139座標:北緯43度39分48.9秒東経142度51分14.9秒﻿ / ﻿北緯43.663583度 東経142.854139度﻿ /43.663583; 142.854139","日本北海道上川郡東川町","石狩山地（大雪山系）","成層火山","","","","","","","","","","","","","",""
"北鎮岳","[76ほくちんだけ北鎮岳上川管内2,244地理院地図Googleマップ北緯43度41分34秒東経142度52分47秒﻿ / ﻿北緯43.692764度 東経142.879831度﻿ /43.692764; 142.879831﻿ (北鎮岳)] 大雪山 （たいせつざん、だいせつざん）は、 北海道 中央部にある 旭岳 などの山々からなる巨大な山塊の名称  。大雪山系とも呼ばれ、一帯は 大雪山国立公園 に指定されている  。","https://ja.wikipedia.org/wiki/北鎮岳","北海道の百名山","https://ja.wikipedia.org/wiki/北海道の百名山","表形式","北緯43度39分48.9秒東経142度51分14.9秒","旭岳：2,290.93m","北緯43度39分48.9秒東経142度51分14.9秒﻿ / ﻿北緯43.663583度 東経142.854139度﻿ /43.663583; 142.854139座標:北緯43度39分48.9秒東経142度51分14.9秒﻿ / ﻿北緯43.663583度 東経142.854139度﻿ /43.663583; 142.854139","日本・北海道上川郡","石狩山地","複成火山","","","","","","","","","","","","","",""
"愛別岳","[77あいべつだけ愛別岳上川管内2,112.7地理院地図Googleマップ北緯43度42分28秒東経142度51分26秒﻿ / ﻿北緯43.707900度 東経142.857111度﻿ /43.707900; 142.857111﻿ (愛別岳)] 愛別岳 （あいべつだけ）は、 北海道 上川郡 上川町 にある 標高 2,112.7mの山である。 大雪山国立公園 内に位置し、 大雪山系 がなだらかな中で険しい姿の山として知られる。","https://ja.wikipedia.org/wiki/愛別岳","北海道の百名山","https://ja.wikipedia.org/wiki/北海道の百名山","表形式","北緯43度42分28秒東経142度51分26秒","2,112.7m","北緯43度42分28秒東経142度51分26秒﻿ / ﻿北緯43.70778度 東経142.85722度﻿ /43.70778; 142.85722座標:北緯43度42分28秒東経142度51分26秒﻿ / ﻿北緯43.70778度 東経142.85722度﻿ /43.70778; 142.85722","北海道上川郡上川町","石狩山地（大雪山系）","","","","","","","","","","","","","","",""
"黒岳","[78くろだけ黒岳上川管内1,984.0地理院地図Googleマップ北緯43度41分51秒東経142度55分13秒﻿ / ﻿北緯43.697489度 東経142.920263度﻿ /43.697489; 142.920263﻿ (黒岳)層雲峡] 大雪山 （たいせつざん、だいせつざん）は、 北海道 中央部にある 旭岳 などの山々からなる巨大な山塊の名称  。大雪山系とも呼ばれ、一帯は 大雪山国立公園 に指定されている  。","https://ja.wikipedia.org/wiki/黒岳_(北海道・大雪山)","北海道の百名山","https://ja.wikipedia.org/wiki/北海道の百名山","表形式","北緯43度39分48.9秒東経142度51分14.9秒","旭岳：2,290.93m","北緯43度39分48.9秒東経142度51分14.9秒﻿ / ﻿北緯43.663583度 東経142.854139度﻿ /43.663583; 142.854139座標:北緯43度39分48.9秒東経142度51分14.9秒﻿ / ﻿北緯43.663583度 東経142.854139度﻿ /43.663583; 142.854139","日本・北海道上川郡","石狩山地","複成火山","","","","","","","","","","","","","",""
"東ヌプカウシヌプリ","[79ひがしぬぷかうしぬぷり東ヌプカウシヌプリ十勝管内1,252.2地理院地図Googleマップ北緯43度14分45秒東経143度06分08秒﻿ / ﻿北緯43.245833度 東経143.102222度﻿ /43.245833; 143.102222﻿ (東ヌプカウシヌプリ)然別火山群扇ヶ原] 東ヌプカウシヌプリ （ひがしヌプカウシヌプリ）は、 北海道 河東郡 鹿追町 ・ 上士幌町 ・ 士幌町 にまたがる 標高 1,252 m の 山 である。","https://ja.wikipedia.org/wiki/東ヌプカウシヌプリ","北海道の百名山","https://ja.wikipedia.org/wiki/北海道の百名山","表形式","北緯43度14分45秒東経143度6分8秒","1,252m","北緯43度14分45秒東経143度6分8秒﻿ / ﻿北緯43.24583度 東経143.10222度﻿ /43.24583; 143.10222座標:北緯43度14分45秒東経143度6分8秒﻿ / ﻿北緯43.24583度 東経143.10222度﻿ /43.24583; 143.10222","北海道河東郡鹿追町・上士幌町・士幌町","石狩山地","溶岩ドーム","","","","","","","","","","","","","",""
"ウペペサンケ山","[80うぺぺさんけやまウペペサンケ山十勝管内1,848地理院地図Googleマップ北緯43度23分22秒東経143度04分55秒﻿ / ﻿北緯43.389517度 東経143.082056度﻿ /43.389517; 143.082056﻿ (ウペペサンケ山)糠平富士] ウペペサンケ山 （ウペペサンケやま）は、 北海道 の 東大雪 南部にあり、 河東郡 鹿追町 と 上士幌町 とにまたがる 標高 1,848 mの 火山 である。","https://ja.wikipedia.org/wiki/ウペペサンケ山","北海道の百名山","https://ja.wikipedia.org/wiki/北海道の百名山","表形式","北緯43度23分22秒東経143度04分55秒","1,848m","北緯43度23分22秒東経143度04分55秒﻿ / ﻿北緯43.38944度 東経143.08194度﻿ /43.38944; 143.08194座標:北緯43度23分22秒東経143度04分55秒﻿ / ﻿北緯43.38944度 東経143.08194度﻿ /43.38944; 143.08194","日本北海道十勝総合振興局河東郡鹿追町・河東郡上士幌町","石狩山地","成層火山","","","","","","","","","","","","","",""
"ニペソツ山","[81にぺそつやまニペソツ山十勝管内2,012.7地理院地図Googleマップ北緯43度27分21秒東経143度01分56秒﻿ / ﻿北緯43.455910度 東経143.032191度﻿ /43.455910; 143.032191﻿ (ニペソツ山)日本二百名山天下の名峰] ニペソツ山 （ニペソツやま）は、 北海道 の 東大雪 にある 標高 2,013 m の 山 。 北海道 十勝総合振興局 管内 新得町 と 上士幌町 の境にあり、標高2,000mを超える山としては国内で最も東に位置する。 日本二百名山 に選定されている。","https://ja.wikipedia.org/wiki/ニペソツ山","北海道の百名山","https://ja.wikipedia.org/wiki/北海道の百名山","表形式","北緯43度27分21秒東経143度01分56秒","2,012.88m","北緯43度27分21秒東経143度01分56秒﻿ / ﻿北緯43.45583度 東経143.03222度﻿ /43.45583; 143.03222座標:北緯43度27分21秒東経143度01分56秒﻿ / ﻿北緯43.45583度 東経143.03222度﻿ /43.45583; 143.03222","北海道十勝総合振興局上川郡新得町河東郡上士幌町","石狩山地","成層火山","","","","","","","","","","","","","",""
"西クマネシリ岳","[82にしくまねしりだけ西クマネシリ岳十勝管内1,635地理院地図Googleマップ北緯43度31分09秒東経143度14分00秒﻿ / ﻿北緯43.519106度 東経143.233294度﻿ /43.519106; 143.233294﻿ (西クマネシリ岳)然別火山群]","https://ja.wikipedia.org/w/index.php?title=西クマネシリ岳&amp;action=edit&amp;redlink=1","北海道の百名山","https://ja.wikipedia.org/wiki/北海道の百名山","表形式","","","","","","","","","","","","","","","","","","","",""
"石狩岳","[83いしかりだけ石狩岳上川管内十勝管内1,967地理院地図Googleマップ北緯43度32分48秒東経143度01分20秒﻿ / ﻿北緯43.546528度 東経143.022342度﻿ /43.546528; 143.022342﻿ (石狩岳)日本二百名山石狩川源頭] 石狩岳 （いしかりだけ）は、 北海道 中央部、 石狩山地 にある 標高 1,967 m の 山 。山頂は 上川町 （ 石狩国 ）と 上士幌町 （ 十勝国 ）の境にある。名称は 石狩川 の水源であることから付けられた。 大雪山国立公園 に属している  。","https://ja.wikipedia.org/wiki/石狩岳","北海道の百名山","https://ja.wikipedia.org/wiki/北海道の百名山","表形式","北緯43度32分48秒東経143度01分20秒","1,967m","北緯43度32分48秒東経143度01分20秒﻿ / ﻿北緯43.54667度 東経143.02222度﻿ /43.54667; 143.02222座標:北緯43度32分48秒東経143度01分20秒﻿ / ﻿北緯43.54667度 東経143.02222度﻿ /43.54667; 143.02222","日本北海道上川郡上川町河東郡上士幌町","石狩山地","褶曲山脈","松本十郎（1876年）","","","","","","","","","","","","",""
"音更山","[84おとふけやま音更山上川管内十勝管内1,932.0地理院地図Googleマップ北緯43度33分42秒東経143度02分07秒﻿ / ﻿北緯43.561775度 東経143.035311度﻿ /43.561775; 143.035311﻿ (音更山)] 音更山 （おとふけやま）は、北海道中央部の 石狩山地 にある 北海道 上川総合振興局 管内の 上川郡 上川町 と 十勝総合振興局 管内の 河東郡 上士幌町 にまたがる 標高 1,932mの 山 。 石英閃緑岩 からなる。","https://ja.wikipedia.org/wiki/音更山","北海道の百名山","https://ja.wikipedia.org/wiki/北海道の百名山","表形式","北緯43度33分42秒東経143度02分07秒","1,932m","北緯43度33分42秒東経143度02分07秒﻿ / ﻿北緯43.56167度 東経143.03528度﻿ /43.56167; 143.03528座標:北緯43度33分42秒東経143度02分07秒﻿ / ﻿北緯43.56167度 東経143.03528度﻿ /43.56167; 143.03528","日本北海道上川郡上川町河東郡上士幌町","石狩山地","褶曲山脈","","","","","","","","","","","","","",""
"武利岳","[85むりいだけ武利岳上川管内オホーツク管内1,876.2地理院地図Googleマップ北緯43度43分59秒東経143度10分35秒﻿ / ﻿北緯43.732935度 東経143.176511度﻿ /43.732935; 143.176511﻿ (武利岳)]","https://ja.wikipedia.org/w/index.php?title=武利岳&amp;action=edit&amp;redlink=1","北海道の百名山","https://ja.wikipedia.org/wiki/北海道の百名山","表形式","","","","","","","","","","","","","","","","","","","",""
"平山","[86画 像 募 集 中ひらやま平山上川管内オホーツク管内1,771地理院地図Googleマップ北緯43度45分36秒東経143度00分26秒﻿ / ﻿北緯43.759925度 東経143.007142度﻿ /43.759925; 143.007142﻿ (平山)]","https://ja.wikipedia.org/w/index.php?title=平山_(北海道)&amp;action=edit&amp;redlink=1","北海道の百名山","https://ja.wikipedia.org/wiki/北海道の百名山","表形式","","","","","","","","","","","","","","","","","","","",""
"ニセイカウシュッペ山","[87にせいかうしゅっぺやまニセイカウシュッペ山上川管内1,883地理院地図Googleマップ北緯43度46分47秒東経142度59分04秒﻿ / ﻿北緯43.779656度 東経142.984401度﻿ /43.779656; 142.984401﻿ (ニセイカウシュッペ山)日本三百名山] ニセイカウシュッペ山 （ニセイカウシュッペやま）は、 北海道 上川郡 上川町 にある 標高 1,883 m の 火山 である。","https://ja.wikipedia.org/wiki/ニセイカウシュッペ山","北海道の百名山","https://ja.wikipedia.org/wiki/北海道の百名山","表形式","北緯43度46分48秒東経142度59分07秒","1,883m","北緯43度46分48秒東経142度59分07秒﻿ / ﻿北緯43.78000度 東経142.98528度﻿ /43.78000; 142.98528座標:北緯43度46分48秒東経142度59分07秒﻿ / ﻿北緯43.78000度 東経142.98528度﻿ /43.78000; 142.98528","日本北海道上川郡上川町","石狩山地、北大雪火山群","成層火山","","","","","","","","","","","","","",""
"北見富士","[88画 像 募 集 中きたみふじ北見富士オホーツク管内1,291地理院地図Googleマップ北緯43度41分37秒東経143度17分45秒﻿ / ﻿北緯43.693611度 東経143.295833度﻿ /43.693611; 143.295833﻿ (北見富士)]","https://ja.wikipedia.org/w/index.php?title=北見富士_(北見市)&amp;action=edit&amp;redlink=1","北海道の百名山","https://ja.wikipedia.org/wiki/北海道の百名山","表形式","","","","","","","","","","","","","","","","","","","",""
"阿寒富士","[89あかんふじ阿寒富士釧路管内1,291地理院地図Googleマップ北緯43度22分27秒東経144度00分23秒﻿ / ﻿北緯43.374055度 東経144.006472度﻿ /43.374055; 144.006472﻿ (阿寒富士)オンネトー] 阿寒富士 （あかんふじ）は、美しい円錐状の山容を持つ 北海道 東部に位置する 活火山 。 標高 1,476m。 雌阿寒岳 （8つの小さな火山から構成される成層火山群）を構成する一火山である  。北海道 釧路総合振興局 白糠郡 白糠町 と 十勝総合振興局 足寄郡 足寄町 の境界に位置し、山腹の北東部が 釧路市 （旧 阿寒町 ）に属する。","https://ja.wikipedia.org/wiki/阿寒富士","北海道の百名山","https://ja.wikipedia.org/wiki/北海道の百名山","表形式","北緯43度22分26.6秒東経144度00分23.3秒","1,475.8m","北緯43度22分26.6秒東経144度00分23.3秒﻿ / ﻿北緯43.374056度 東経144.006472度﻿ /43.374056; 144.006472座標:北緯43度22分26.6秒東経144度00分23.3秒﻿ / ﻿北緯43.374056度 東経144.006472度﻿ /43.374056; 144.006472","日本北海道釧路総合振興局白糠郡白糠町十勝総合振興局足寄郡足寄町","","","","","","","","","","","","","","","",""
"雌阿寒岳","[90めあかんだけ雌阿寒岳十勝管内釧路管内1,499地理院地図Googleマップ北緯43度23分11秒東経144度00分33秒﻿ / ﻿北緯43.386350度 東経144.009092度﻿ /43.386350; 144.009092﻿ (雌阿寒岳)日本百名山新日本百名山花の百名山阿寒岳オンネトー] 雌阿寒岳 （めあかんだけ）は、 北海道 東部にある阿寒カルデラの南西部にある8つの火山で構成される成層火山群の総称  。主峰はポンマチネシリ（標高1,499m）  。 日本百名山 に選定されている  。","https://ja.wikipedia.org/wiki/雌阿寒岳","北海道の百名山","https://ja.wikipedia.org/wiki/北海道の百名山","表形式","北緯43度23分12秒東経144度00分32秒","1,499m","北緯43度23分12秒東経144度00分32秒﻿ / ﻿北緯43.38667度 東経144.00889度﻿ /43.38667; 144.00889座標:北緯43度23分12秒東経144度00分32秒﻿ / ﻿北緯43.38667度 東経144.00889度﻿ /43.38667; 144.00889","日本北海道釧路総合振興局釧路市、十勝総合振興局足寄町","","成層火山","","","","","","","","","","","","","",""
"雄阿寒岳","[91おあかんだけ雄阿寒岳釧路管内1,370.5地理院地図Googleマップ北緯43度27分15秒東経144度09分53秒﻿ / ﻿北緯43.454057度 東経144.164618度﻿ /43.454057; 144.164618﻿ (雄阿寒岳)阿寒湖ペンケトーパンケトー] 雄阿寒岳 （おあかんだけ）は、 北海道 釧路市 阿寒町にある第四紀 火山 。","https://ja.wikipedia.org/wiki/雄阿寒岳","北海道の百名山","https://ja.wikipedia.org/wiki/北海道の百名山","表形式","北緯43度27分14.6秒東経144度9分40.3秒","1,370.5m","北緯43度27分14.6秒東経144度9分40.3秒﻿ / ﻿北緯43.454056度 東経144.161194度﻿ /43.454056; 144.161194座標:北緯43度27分14.6秒東経144度9分40.3秒﻿ / ﻿北緯43.454056度 東経144.161194度﻿ /43.454056; 144.161194","日本北海道釧路市","","成層火山・溶岩ドーム","","","","","","","","","","","","","",""
"カムイヌプリ","[92かむいぬぷりカムイヌプリ釧路管内857地理院地図Googleマップ北緯43度34分28秒東経144度33分20秒﻿ / ﻿北緯43.574469度 東経144.555458度﻿ /43.574469; 144.555458﻿ (カムイヌプリ)摩周岳摩周湖] 摩周岳 （ましゅうだけ）は、 北海道 釧路総合振興局 弟子屈町 にある 標高 857 m の 山 。 カルデラ湖 である 摩周湖 の外輪山の最高峰で湖面標高は502m。","https://ja.wikipedia.org/wiki/摩周岳","北海道の百名山","https://ja.wikipedia.org/wiki/北海道の百名山","表形式","北緯43度34分20秒東経144度33分39秒","857m","北緯43度34分20秒東経144度33分39秒﻿ / ﻿北緯43.57222度 東経144.56083度﻿ /43.57222; 144.56083座標:北緯43度34分20秒東経144度33分39秒﻿ / ﻿北緯43.57222度 東経144.56083度﻿ /43.57222; 144.56083","日本北海道川上郡弟子屈町","","複成火山","","4,000年前以降","","","","","","","","","","","",""
"西別岳","[93にしべつだけ西別岳釧路管内799.8地理院地図Googleマップ北緯43度33分13秒東経144度34分54秒﻿ / ﻿北緯43.553537度 東経144.581752度﻿ /43.553537; 144.581752﻿ (西別岳)] 西別岳 （にしべつだけ）は、 北海道 川上郡 標茶町 にある 標高 799, 5 m の 山 。摩周火山を構成する 火山 の一つ。","https://ja.wikipedia.org/wiki/西別岳","北海道の百名山","https://ja.wikipedia.org/wiki/北海道の百名山","表形式","北緯43度33分13秒東経144度34分54秒","799,5m","北緯43度33分13秒東経144度34分54秒﻿ / ﻿北緯43.55361度 東経144.58167度﻿ /43.55361; 144.58167座標:北緯43度33分13秒東経144度34分54秒﻿ / ﻿北緯43.55361度 東経144.58167度﻿ /43.55361; 144.58167","北海道川上郡標茶町","","火山","","","","","","","","","","","","","",""
"藻琴山","[94画 像 募 集 中もことやま藻琴山オホーツク管内釧路管内1,000地理院地図Googleマップ北緯43度42分16秒東経144度19分52秒﻿ / ﻿北緯43.704444度 東経144.331111度﻿ /43.704444; 144.331111﻿ (藻琴山)屈斜路湖小清水峠] 藻琴山 （もことやま）は 北海道 東部にある 火山 。標高999.9メートル  。","https://ja.wikipedia.org/wiki/藻琴山","北海道の百名山","https://ja.wikipedia.org/wiki/北海道の百名山","表形式","北緯43度42分21.6秒東経144度19分51.8秒","999.9mm","北緯43度42分21.6秒東経144度19分51.8秒﻿ / ﻿北緯43.706000度 東経144.331056度﻿ /43.706000; 144.331056座標:北緯43度42分21.6秒東経144度19分51.8秒﻿ / ﻿北緯43.706000度 東経144.331056度﻿ /43.706000; 144.331056","","","","","","","","","","","","","","","","",""
"武佐岳","[95むさだけ武佐岳根室管内1,005.7地理院地図Googleマップ北緯43度40分40秒東経144度52分54秒﻿ / ﻿北緯43.677783度 東経144.881690度﻿ /43.677783; 144.881690﻿ (武佐岳)開陽台] 武佐岳 （むさだけ）は、 北海道 中標津町 と 標津町 とにまたがる第四紀火山である。 標高 は1005.2m。","https://ja.wikipedia.org/wiki/武佐岳","北海道の百名山","https://ja.wikipedia.org/wiki/北海道の百名山","表形式","北緯43度40分40秒東経144度52分55秒","1005.2m","北緯43度40分40秒東経144度52分55秒﻿ / ﻿北緯43.67778度 東経144.88194度﻿ /43.67778; 144.88194座標:北緯43度40分40秒東経144度52分55秒﻿ / ﻿北緯43.67778度 東経144.88194度﻿ /43.67778; 144.88194","日本北海道中標津町・標津町","成層火山","","","","","","","","","","","","","","",""
"斜里岳","[96しゃりだけ斜里岳オホーツク管内根室管内1,547地理院地図Googleマップ北緯43度45分57秒東経144度43分06秒﻿ / ﻿北緯43.765791度 東経144.718195度﻿ /43.765791; 144.718195﻿ (斜里岳)日本百名山花の百名山新・花の百名山オホーツク富士斜里富士] 斜里岳 （しゃりだけ）は 北海道 の 知床半島 にある 火山 。 標高 は1,547m。 斜里岳道立自然公園 に属し、 日本百名山 に選定されている  。 清里町 の観光スポットの一つである。","https://ja.wikipedia.org/wiki/斜里岳","北海道の百名山","https://ja.wikipedia.org/wiki/北海道の百名山","表形式","北緯43度45分56秒東経144度43分04秒","1,547m","北緯43度45分56秒東経144度43分04秒﻿ / ﻿北緯43.76556度 東経144.71778度﻿ /43.76556; 144.71778","北海道斜里郡斜里町・清里町、標津郡標津町","知床半島","成層火山","","25万年前","","","","","","","","","","","",""
"海別岳","[97うなべつだけ海別岳オホーツク管内根室管内1,419.4地理院地図Googleマップ北緯43度52分37秒東経144度52分36秒﻿ / ﻿北緯43.876826度 東経144.876547度﻿ /43.876826; 144.876547﻿ (海別岳)知床] 海別岳 （うなべつだけ）は、 北海道 斜里町 、 羅臼町 、 標津町 にまたがる 知床半島 の付け根に位置する 第四紀 火山 である。標高は1419.3m。山体は3町にまたがる。","https://ja.wikipedia.org/wiki/海別岳","北海道の百名山","https://ja.wikipedia.org/wiki/北海道の百名山","表形式","北緯43度52分37秒東経144度52分36秒","1419.3m","北緯43度52分37秒東経144度52分36秒﻿ / ﻿北緯43.87694度 東経144.87667度﻿ /43.87694; 144.87667座標:北緯43度52分37秒東経144度52分36秒﻿ / ﻿北緯43.87694度 東経144.87667度﻿ /43.87694; 144.87667","北海道斜里町・羅臼町・標津町","","","","","","","","","","","","","","","",""
"羅臼岳","[98らうすだけ羅臼岳オホーツク管内根室管内1,660.2地理院地図Googleマップ北緯44度04分32秒東経145度07分20秒﻿ / ﻿北緯44.075677度 東経145.122236度﻿ /44.075677; 145.122236﻿ (羅臼岳)日本百名山花の百名山新・花の百名山知床知床富士] 羅臼岳 （らうすだけ）は、 北海道 ・ 知床半島 にある 火山 群の主峰及び最高峰で 標高 1,661m   。古くは アイヌ語 で チャチャヌプリ 、また 良牛岳 と記されたこともある。1964年（昭和39年）6月1日に 知床国立公園 に指定され  、 2005年 7月にこの山域を含む知床半島が 知床 (世界遺産) に正式登録された。 日本百名山  、 花の百名山  及び 新・花の百名山  に選定されている山である。","https://ja.wikipedia.org/wiki/羅臼岳","北海道の百名山","https://ja.wikipedia.org/wiki/北海道の百名山","表形式","北緯44度04分33秒東経145度07分20秒","1,661m","北緯44度04分33秒東経145度07分20秒﻿ / ﻿北緯44.07583度 東経145.12222度﻿ /44.07583; 145.12222座標:北緯44度04分33秒東経145度07分20秒﻿ / ﻿北緯44.07583度 東経145.12222度﻿ /44.07583; 145.12222","日本北海道目梨郡羅臼町・斜里郡斜里町","知床半島","成層火山","","","","","","","","","","","","","",""
"硫黄山","[99いおうざん硫黄山オホーツク管内根室管内1,562.5地理院地図Googleマップ北緯44度08分00秒東経145度09分41秒﻿ / ﻿北緯44.133258度 東経145.161290度﻿ /44.133258; 145.161290﻿ (硫黄山)一等三角点百名山知床] 知床硫黄山 （しれとこいおうざん）は、 北海道 羅臼町 と 斜里町 にまたがる 知床国立公園 の 知床半島 に位置する 活火山 である。山頂部は斜里町に属していて、 一等三角点 に指定されており、そこの 標高 は1,562.5 m である  。","https://ja.wikipedia.org/wiki/知床硫黄山","北海道の百名山","https://ja.wikipedia.org/wiki/北海道の百名山","表形式","北緯44度08分00秒東経145度09分41秒","1,561.95m","北緯44度08分00秒東経145度09分41秒﻿ / ﻿北緯44.13333度 東経145.16139度﻿ /44.13333; 145.16139座標:北緯44度08分00秒東経145度09分41秒﻿ / ﻿北緯44.13333度 東経145.16139度﻿ /44.13333; 145.16139","日本北海道斜里郡斜里町・目梨郡羅臼町","知床半島","成層火山","","","","","","","","","","","","","",""
"知床岳","[100しれとこだけ知床岳オホーツク管内根室管内1,254.2地理院地図Googleマップ北緯44度14分12秒東経145度16分23秒﻿ / ﻿北緯44.23675度 東経145.273083度﻿ /44.23675; 145.273083﻿ (知床岳)知床] 知床岳 （しれとこだけ）は、 北海道 羅臼町 、 斜里町 にまたがる 知床半島 の中の第四紀 火山 である。標高は1254.2m。山体は両町にまたがるが、ピークは斜里町に属する。その原始のままの自然は常人を近づけない。","https://ja.wikipedia.org/wiki/知床岳","北海道の百名山","https://ja.wikipedia.org/wiki/北海道の百名山","表形式","北緯44度14分09秒東経145度16分26秒","1253.9m","北緯44度14分09秒東経145度16分26秒﻿ / ﻿北緯44.23583度 東経145.27389度﻿ /44.23583; 145.27389座標:北緯44度14分09秒東経145度16分26秒﻿ / ﻿北緯44.23583度 東経145.27389度﻿ /44.23583; 145.27389","日本北海道羅臼町・斜里町","","成層火山","","","","","","","","","","","","","",""
