"タイトル","コメント","URL","親リストタイトル","親リストURL","一覧抽出方法","座標","位置","標高","所在地","山系","種類","初登頂","別名","城郭構造","天守構造","築城主","築城年","主な改修者","主な城主","廃城年","遺構","指定文化財","地図","Hidden","Hidden"
"大菩薩嶺","[1大菩薩嶺だいぼさつれい2057大菩薩連嶺2A（ロッジ長兵衛・大菩薩峠）1] 大菩薩嶺 （だいぼさつれい）は、 山梨県 甲州市 と 北都留郡 丹波山村 に跨る 標高 2,057 m の 山 。 深田久弥 の 日本百名山 には「大菩薩岳」の項で取り上げられている。なお、 大菩薩峠 は大菩薩嶺の南方約2kmに位置する尾根の鞍部にあたる（標高1,897m）   。","https://ja.wikipedia.org/wiki/大菩薩嶺","山梨百名山","https://ja.wikipedia.org/wiki/山梨百名山","表形式","北緯35度44分55秒東経138度50分43秒","北緯35度44分55秒東経138度50分43秒﻿ / ﻿北緯35.74861度 東経138.84528度﻿ /35.74861; 138.84528","2,056.9m","山梨県甲州市、北都留郡丹波山村","奥秩父山塊（大菩薩連嶺）","","","","","","","","","","","","","","",""
"小金沢山","[2小金沢山こがねざわやま2014大菩薩連嶺2A（ロッジ長兵衛・石丸峠）2] 小金沢山 （こがねざわやま）は、 山梨県 大月市 と 甲州市 の境にある山。 標高 は2,014.3メートル。大月市の最高地点。 山梨百名山 の一つ。","https://ja.wikipedia.org/wiki/小金沢山","山梨百名山","https://ja.wikipedia.org/wiki/山梨百名山","表形式","北緯35度43分01秒東経138度51分24秒","北緯35度43分01秒東経138度51分24秒﻿ / ﻿北緯35.71694度 東経138.85667度﻿ /35.71694; 138.85667座標:北緯35度43分01秒東経138度51分24秒﻿ / ﻿北緯35.71694度 東経138.85667度﻿ /35.71694; 138.85667","2,014.3m","山梨県大月市・甲州市","大菩薩連嶺","","","","","","","","","","","","","","",""
"雁ヶ腹摺山","[3雁ヶ腹摺山がんがはらすりやま1874大菩薩連嶺1A（大峠）3] 雁ヶ腹摺山 （がんがはらすりやま）は、 山梨県 大月市 にある山。 標高 は1,874メートル。 山梨百名山 の一つ。","https://ja.wikipedia.org/wiki/雁ヶ腹摺山","山梨百名山","https://ja.wikipedia.org/wiki/山梨百名山","表形式","北緯35度41分12秒東経138度53分05秒","北緯35度41分12秒東経138度53分05秒﻿ / ﻿北緯35.68667度 東経138.88472度﻿ /35.68667; 138.88472座標:北緯35度41分12秒東経138度53分05秒﻿ / ﻿北緯35.68667度 東経138.88472度﻿ /35.68667; 138.88472","1,874m","日本山梨県大月市","","","","","","","","","","","","","","","",""
"大蔵高丸","[4大蔵高丸おおくらたかまる1781大菩薩連嶺1A（湯の沢峠）4] 大蔵高丸 （おおくらたかまる）は、 山梨県 大月市 と 甲州市 の境にある山。標高は1781メートル。 山梨百名山 の一つ。","https://ja.wikipedia.org/wiki/大蔵高丸","山梨百名山","https://ja.wikipedia.org/wiki/山梨百名山","表形式","北緯35度40分22秒東経138度50分49秒","北緯35度40分22秒東経138度50分49秒﻿ / ﻿北緯35.67278度 東経138.84694度﻿ /35.67278; 138.84694","1781m","山梨県大月市・甲州市","","","","","","","","","","","","","","","",""
"滝子山","[5滝子山たきごやま1590大菩薩連嶺2B（滝子沢駐車場・檜平）5] 滝子山 （たきごやま）は、 山梨県 大月市 にある 山 。二等 三角点 が置かれた山頂の 標高 は1,590m。最高峰はこの山頂の西側にある別の山頂で1,620mという標識が立っている。通常、滝子山の山頂といえば、この最高峰を指している。","https://ja.wikipedia.org/wiki/滝子山","山梨百名山","https://ja.wikipedia.org/wiki/山梨百名山","表形式","北緯35度37分49秒東経138度51分3秒","北緯35度37分49秒東経138度51分3秒﻿ / ﻿北緯35.63028度 東経138.85083度﻿ /35.63028; 138.85083","1,620m","山梨県大月市","大菩薩連嶺、奥秩父山塊","","","","","","","","","","","","","","",""
"笹子雁ヶ腹摺山","[6笹子雁ヶ腹摺山ささごがんがはらすりやま1358大菩薩連嶺1A（旧笹子トンネル登山口）6] 笹子雁ヶ腹摺山 （ささごがんがはらすりやま）は、 山梨県 大月市 と 甲州市 の境にある 山 。 標高 は1357.7 メートル 。 山梨百名山 の一つ。","https://ja.wikipedia.org/wiki/笹子雁ヶ腹摺山","山梨百名山","https://ja.wikipedia.org/wiki/山梨百名山","表形式","北緯35度37分2秒東経138度47分37秒","北緯35度37分2秒東経138度47分37秒﻿ / ﻿北緯35.61722度 東経138.79361度﻿ /35.61722; 138.79361座標:北緯35度37分2秒東経138度47分37秒﻿ / ﻿北緯35.61722度 東経138.79361度﻿ /35.61722; 138.79361","1357.7m","山梨県大月市・甲州市","大菩薩連嶺、奥秩父山塊","","","","","","","","","","","","","","",""
"源次郎岳","[7源次郎岳げんじろうだけ1477大菩薩連嶺2A（嵯峨塩温泉バス停）7] 源次郎岳 （げんじろうだけ）は、 山梨県 甲州市 にある山である。 標高 は1,476.6 メートル 。 山梨百名山 の一つ。","https://ja.wikipedia.org/wiki/源次郎岳","山梨百名山","https://ja.wikipedia.org/wiki/山梨百名山","表形式","北緯35度41分48.3秒東経138度47分56.9秒","北緯35度41分48.3秒東経138度47分56.9秒﻿ / ﻿北緯35.696750度 東経138.799139度﻿ /35.696750; 138.799139座標:北緯35度41分48.3秒東経138度47分56.9秒﻿ / ﻿北緯35.696750度 東経138.799139度﻿ /35.696750; 138.799139","1,476.6m","日本山梨県甲州市","","","","","","","","","","","","","","","",""
"棚横手山 (存在しないページ)","[8棚横手山たなよこてやま1306大菩薩連嶺2A（大滝不動尊）8]","https://ja.wikipedia.org/w/index.php?title=棚横手山&amp;action=edit&amp;redlink=1","山梨百名山","https://ja.wikipedia.org/wiki/山梨百名山","表形式","","","","","","","","","","","","","","","","","","","",""
"本社ヶ丸 (存在しないページ)","[9本社ヶ丸ほんじゃがまる1631御坂山地3B（JR笹子駅・船橋沢）9]","https://ja.wikipedia.org/w/index.php?title=本社ヶ丸&amp;action=edit&amp;redlink=1","山梨百名山","https://ja.wikipedia.org/wiki/山梨百名山","表形式","","","","","","","","","","","","","","","","","","","",""
"高川山","[10高川山たかがわやま976御坂山地2A（JR初狩駅）10] 高川山 （たかがわやま）は、 山梨県 都留市 と 大月市 の境にある 山 。 標高 975.7m。","https://ja.wikipedia.org/wiki/高川山","山梨百名山","https://ja.wikipedia.org/wiki/山梨百名山","表形式","北緯35度35分09秒東経138度54分06秒","北緯35度35分09秒東経138度54分06秒﻿ / ﻿北緯35.58583度 東経138.90167度﻿ /35.58583; 138.90167","975.7m","山梨県都留市・大月市","御坂山地","","","","","","","","","","","","","","",""
"三頭山 (東京都)","[11三頭山みとうさん1531奥多摩2A（鶴峠バス停）11] 三頭山 （みとうさん）は、 東京都 西多摩郡 奥多摩町 ・ 檜原村 、 山梨県 上野原市 、 北都留郡 小菅村 にまたがる 標高 1,531mの 山 。 日本三百名山 、 山梨百名山 の一つに選定されている。古くは山の神々が集まる場所で鹿妻山と呼ばれていた。","https://ja.wikipedia.org/wiki/三頭山_(東京都)","山梨百名山","https://ja.wikipedia.org/wiki/山梨百名山","表形式","北緯35度44分19秒東経139度00分51秒","北緯35度44分19秒東経139度00分51秒﻿ / ﻿北緯35.73861度 東経139.01417度﻿ /35.73861; 139.01417座標:北緯35度44分19秒東経139度00分51秒﻿ / ﻿北緯35.73861度 東経139.01417度﻿ /35.73861; 139.01417","1,531m","日本東京都西多摩郡奥多摩町、檜原村山梨県上野原市、北都留郡小菅村","奥多摩","","","","","","","","","","","","","","",""
"権現山 (山梨県) (存在しないページ)","[12権現山ごんげんやま1312奥多摩2A（浅川バス停）12]","https://ja.wikipedia.org/w/index.php?title=権現山_(山梨県)&amp;action=edit&amp;redlink=1","山梨百名山","https://ja.wikipedia.org/wiki/山梨百名山","表形式","","","","","","","","","","","","","","","","","","","",""
"扇山 (大月市)","[13扇山おうぎやま1136奥多摩2A（JR鳥沢駅・梨の木平・大久保のコル）13] 扇山 （おうぎやま）は、 山梨県 大月市 と 上野原市 の境にある山。標高は1138メートル。 山梨百名山 の一つ。当山の西側の百蔵山、北側の権現山とをあわせて郡内三山という  。","https://ja.wikipedia.org/wiki/扇山_(大月市)","山梨百名山","https://ja.wikipedia.org/wiki/山梨百名山","表形式","北緯35度38分14秒東経139度0分48秒","北緯35度38分14秒東経139度0分48秒﻿ / ﻿北緯35.63722度 東経139.01333度﻿ /35.63722; 139.01333座標:北緯35度38分14秒東経139度0分48秒﻿ / ﻿北緯35.63722度 東経139.01333度﻿ /35.63722; 139.01333","1138m","山梨県大月市・上野原市","","","","","","","","","","","","","","","",""
"百蔵山","[14百蔵山ももくらやま1003奥多摩2A（JR猿橋駅）14] 百蔵山 （ももくらやま）  は、 山梨県 大月市 にある山。標高は1003.4メートル。 山梨百名山 の一つ。当山の東側の 扇山 、北東側の権現山とをあわせて郡内三山という  。","https://ja.wikipedia.org/wiki/百蔵山","山梨百名山","https://ja.wikipedia.org/wiki/山梨百名山","表形式","北緯35度38分17秒東経138度58分52秒","北緯35度38分17秒東経138度58分52秒﻿ / ﻿北緯35.63806度 東経138.98111度﻿ /35.63806; 138.98111座標:北緯35度38分17秒東経138度58分52秒﻿ / ﻿北緯35.63806度 東経138.98111度﻿ /35.63806; 138.98111","1003.4m","山梨県大月市","","","","","","","","","","","","","","","",""
"岩殿山城","[15岩殿山いわどのさん634奥多摩1A（JR大月駅）15] 岩殿山城 （いわどのやまじょう）は、 山梨県 大月市 賑岡町 にあった 日本の城 。 標高 634メートルの 岩殿山 に築かれた 山城 。","https://ja.wikipedia.org/wiki/岩殿山城#岩殿山","山梨百名山","https://ja.wikipedia.org/wiki/山梨百名山","表形式","北緯35度37分17.71秒東経138度56分59.51秒","北緯35度37分17.71秒東経138度56分59.51秒﻿ / ﻿北緯35.6215861度 東経138.9498639度﻿ /35.6215861; 138.9498639﻿ (岩殿山城)座標:北緯35度37分17.71秒東経138度56分59.51秒﻿ / ﻿北緯35.6215861度 東経138.9498639度﻿ /35.6215861; 138.9498639﻿ (岩殿山城)","","","","","","岩殿城","連郭式山城","なし","小山田氏","1530年代","　","小山田氏もしくは武田氏","17世紀初頭","郭、堀切、虎口、井戸、土橋","山梨県史跡","岩殿山城","",""
"高柄山 (存在しないページ)","[16高柄山たかつかやま733道志山塊3B（JR四方津駅）16]","https://ja.wikipedia.org/w/index.php?title=高柄山&amp;action=edit&amp;redlink=1","山梨百名山","https://ja.wikipedia.org/wiki/山梨百名山","表形式","","","","","","","","","","","","","","","","","","","",""
"倉岳山","[17倉岳山くらたけやま990道志山塊2A（浜沢バス停）17] 倉岳山 （くらたけやま）は、 山梨県 大月市 と 上野原市 の境にある山。標高は990.1メートル。 山梨百名山 の一つ。 秋山山系 の最高峰。","https://ja.wikipedia.org/wiki/倉岳山","山梨百名山","https://ja.wikipedia.org/wiki/山梨百名山","表形式","北緯35度35分02秒東経139度01分11秒","北緯35度35分02秒東経139度01分11秒﻿ / ﻿北緯35.58389度 東経139.01972度﻿ /35.58389; 139.01972","990.1m","山梨県大月市・上野原市","","","","","","","","","","","","","","","",""
"九鬼山","[18九鬼山くきやま970道志山塊2A（富士急行田野倉駅）18] 九鬼山 （くきやま）は、 山梨県 都留市 と 大月市 の境にある山。標高は970mで、 相模川 水系の桂川と秋山川にはさまれた秋山山稜に位置する。 山梨百名山 の一峰。 富士山 の展望に恵まれており、 都留市二十一秀峰 、 秀麗富嶽十二景 に選定されている。山頂のほぼ直下を リニアモーターカー の 実験線 の トンネル が貫通している。","https://ja.wikipedia.org/wiki/九鬼山","山梨百名山","https://ja.wikipedia.org/wiki/山梨百名山","表形式","北緯35度34分35秒東経138度57分03秒","北緯35度34分35秒東経138度57分03秒﻿ / ﻿北緯35.57639度 東経138.95083度﻿ /35.57639; 138.95083","970m","山梨県都留市・大月市","道志山塊(秋山山稜)","","","","","","","","","","","","","","",""
"二十六夜山 (山梨県上野原市) (存在しないページ)","[19二十六夜山にじゅうろくやさん972道志山塊2A（下尾崎駐車場）19]","https://ja.wikipedia.org/w/index.php?title=二十六夜山_(山梨県上野原市)&amp;action=edit&amp;redlink=1","山梨百名山","https://ja.wikipedia.org/wiki/山梨百名山","表形式","","","","","","","","","","","","","","","","","","","",""
"菜畑山 (存在しないページ)","[20菜畑山なばたけうら1283道志山塊2A（和出村バス停）20]","https://ja.wikipedia.org/w/index.php?title=菜畑山&amp;action=edit&amp;redlink=1","山梨百名山","https://ja.wikipedia.org/wiki/山梨百名山","表形式","","","","","","","","","","","","","","","","","","","",""
"今倉山 (存在しないページ)","[21今倉山いまくらやま1470道志山塊2A（道坂トンネル）21]","https://ja.wikipedia.org/w/index.php?title=今倉山&amp;action=edit&amp;redlink=1","山梨百名山","https://ja.wikipedia.org/wiki/山梨百名山","表形式","","","","","","","","","","","","","","","","","","","",""
"御正体山","[22御正体山みしょうたいやま1682道志山塊3A（道坂トンネル）22] 御正体山 （みしょうたいやま、-さん）は、 山梨県 都留市 と 南都留郡 道志村 の境にある山。標高は1,681m   で、 道志山塊 の 最高峰 である。 日本二百名山 、 山梨百名山 の一つに数えられている。","https://ja.wikipedia.org/wiki/御正体山","山梨百名山","https://ja.wikipedia.org/wiki/山梨百名山","表形式","北緯35度29分13秒東経138度55分54秒","北緯35度29分13秒東経138度55分54秒﻿ / ﻿北緯35.48694度 東経138.93167度﻿ /35.48694; 138.93167座標:北緯35度29分13秒東経138度55分54秒﻿ / ﻿北緯35.48694度 東経138.93167度﻿ /35.48694; 138.93167","1,681m","山梨県都留市・南都留郡道志村","道志山塊","","","","","","","","","","","","","","",""
"石割山","[23石割山いしわりやま1413道志山塊1A（石割神社駐車場）23] 石割山 （いしわりやま）は、 山梨県 南都留郡 山中湖村 ・同 忍野村 、 都留市 の境界にある 標高 1412 m の 山 である。 道志山塊 の山であり、北は 御正体山 、西は二十曲峠を経て 杓子山 へと連なる。山頂東側八合目の石割神社には割れ目のはいった大岩があり、山名の由来となっている  。山頂からは 富士山 を正面にして左下に 山中湖 、右に遠く 南アルプス までの展望が広がる。 山梨百名山 に選定されている。","https://ja.wikipedia.org/wiki/石割山","山梨百名山","https://ja.wikipedia.org/wiki/山梨百名山","表形式","北緯35度27分01.7秒東経138度54分04.4秒","北緯35度27分01.7秒東経138度54分04.4秒﻿ / ﻿北緯35.450472度 東経138.901222度﻿ /35.450472; 138.901222座標:北緯35度27分01.7秒東経138度54分04.4秒﻿ / ﻿北緯35.450472度 東経138.901222度﻿ /35.450472; 138.901222","1,413m","日本山梨県・山中湖村・忍野村・都留市","道志山塊","","","","","","","","","","","","","","",""
"杓子山","[24杓子山しゃくしやま1598道志山塊2A（鳥居地峠）24] 杓子山 （しゃくしやま）は 山梨県 の 富士吉田市 、 都留市 、 忍野村 の境界に位置する山。標高1597.6m。 道志山塊 に属し、 山梨百名山 、 都留市二十一秀峰 の一つに選定されている。山中湖の北、忍野村の北面の山。杓子山を林道から眺めると、大きなガレが目につく。シャク＝地崩れで、これが名前の由来だと言われている。 ","https://ja.wikipedia.org/wiki/杓子山","山梨百名山","https://ja.wikipedia.org/wiki/山梨百名山","表形式","北緯35度29分7秒東経138度51分58秒","北緯35度29分7秒東経138度51分58秒﻿ / ﻿北緯35.48528度 東経138.86611度﻿ /35.48528; 138.86611","1597.6m","山梨県富士吉田市、都留市、忍野村","道志山塊","","","","","","","","","","","","","","",""
"大室山 (丹沢)","[25大室山おおむろやま1588丹沢山地3A（久保バス停）25] 大室山 （おおむろやま・地形図「おおむろざん」）は 丹沢山地 北部、 山梨県 と 神奈川県 の境にある 標高 1,587mの山   。かつては「 大群山 （おおむれやま）」と呼ばれた。 山梨百名山 に数えられており、神奈川県側は 丹沢大山国定公園 に指定されている。","https://ja.wikipedia.org/wiki/大室山_(丹沢)","山梨百名山","https://ja.wikipedia.org/wiki/山梨百名山","表形式","北緯35度30分39秒東経139度04分06秒","北緯35度30分39秒東経139度04分06秒﻿ / ﻿北緯35.51083度 東経139.06833度﻿ /35.51083; 139.06833座標:北緯35度30分39秒東経139度04分06秒﻿ / ﻿北緯35.51083度 東経139.06833度﻿ /35.51083; 139.06833","1,587m","日本神奈川県相模原市緑区山梨県南都留郡道志村","丹沢山地","山塊","","","","","","","","","","","","","",""
"鳥ノ胸山 (存在しないページ)","[26鳥ノ胸山とんのむねやま1208丹沢山地2A（道の駅道志）26]","https://ja.wikipedia.org/w/index.php?title=鳥ノ胸山&amp;action=edit&amp;redlink=1","山梨百名山","https://ja.wikipedia.org/wiki/山梨百名山","表形式","","","","","","","","","","","","","","","","","","","",""
"雨乞岳 (山梨県)","[27雨乞岳あまごいだけ2037赤石山脈3B（ヴィレッジ白州登山口）27] 雨乞岳 （あまごいだけ）は、 山梨県 北杜市 にある 標高 2,037 mの 山 。 赤石山脈 の 甲斐駒ヶ岳 から 鋸岳 への尾根の途中から北に分かれた尾根にある。山頂近くから、甲斐駒ヶ岳、 鳳凰三山 、 富士山 を展望できる。 山梨百名山 の一つ。","https://ja.wikipedia.org/wiki/雨乞岳_(山梨県)","山梨百名山","https://ja.wikipedia.org/wiki/山梨百名山","表形式","北緯35度49分34秒東経138度14分08秒","北緯35度49分34秒東経138度14分08秒﻿ / ﻿北緯35.82611度 東経138.23556度﻿ /35.82611; 138.23556座標:北緯35度49分34秒東経138度14分08秒﻿ / ﻿北緯35.82611度 東経138.23556度﻿ /35.82611; 138.23556","2,037m","日本山梨県北杜市","赤石山脈","","","","","","","","","","","","","","",""
"日向山 (山梨県)","[28日向山ひなたやま1660赤石山脈2A（矢立石駐車場）28] 日向山 （ひなたやま）は、 山梨県 北杜市 にある標高1,660mの 山 。 赤石山脈 の 甲斐駒ヶ岳 から 鋸岳 への尾根の途中から北側に派生した尾根にある。 山頂（三角点）付近は樹木に遮られているため展望はないが、山頂の西に雁ヶ原（がんがはら）と呼ばれる 花崗岩 が露出したザレ場があり、そこは 甲斐駒ヶ岳 や 八ヶ岳連峰 の展望台として知られている。","https://ja.wikipedia.org/wiki/日向山_(山梨県)","山梨百名山","https://ja.wikipedia.org/wiki/山梨百名山","表形式","北緯35度48分09秒東経138度16分17秒","北緯35度48分09秒東経138度16分17秒﻿ / ﻿北緯35.80250度 東経138.27139度﻿ /35.80250; 138.27139","1,660m","山梨県北杜市","赤石山脈","","","","","","","","","","","","","","",""
"鋸岳 (赤石山脈)","[29鋸岳のこぎりだけ2685南アルプス6D（釜無川ゲート）29] 鋸岳 （のこぎりだけ）は 赤石山脈 （南アルプス）北端に位置する 標高 2,685 メートル の 山 。 日本二百名山 および 山梨百名山  に選定されている。山頂周辺は 南アルプス国立公園 の特別保護地区に指定されている  。","https://ja.wikipedia.org/wiki/鋸岳_(赤石山脈)","山梨百名山","https://ja.wikipedia.org/wiki/山梨百名山","表形式","北緯35度46分44秒東経138度12分36秒","北緯35度46分44秒東経138度12分36秒﻿ / ﻿北緯35.77889度 東経138.21000度﻿ /35.77889; 138.21000座標:北緯35度46分44秒東経138度12分36秒﻿ / ﻿北緯35.77889度 東経138.21000度﻿ /35.77889; 138.21000","2,685m","日本長野県伊那市山梨県北杜市","赤石山脈","","","","","","","","","","","","","","",""
"甲斐駒ヶ岳","[30甲斐駒ヶ岳かいこまがたけ2967南アルプス3C（北沢峠）30] 甲斐駒ヶ岳 （かいこまがたけ）は、 南アルプス国立公園 内の 赤石山脈 （南アルプス）北端の 山梨県 北杜市 と 長野県 伊那市 にまたがる 標高 2,967 m の 山 である。峻険な山容をもち、半ば独立峰のような姿勢で屹立する 日本アルプス 屈指の名峰で、 日本百名山  、 新日本百名山  、 新・花の百名山  、 山梨百名山  、 信州百名山 、 日本百景 に選定されている。","https://ja.wikipedia.org/wiki/甲斐駒ヶ岳","山梨百名山","https://ja.wikipedia.org/wiki/山梨百名山","表形式","北緯35度45分28秒東経138度14分12秒","北緯35度45分28秒東経138度14分12秒﻿ / ﻿北緯35.75778度 東経138.23667度﻿ /35.75778; 138.23667座標:北緯35度45分28秒東経138度14分12秒﻿ / ﻿北緯35.75778度 東経138.23667度﻿ /35.75778; 138.23667","2,967m","山梨県北杜市、長野県伊那市","赤石山脈","隆起（花崗岩）","1818年（小尾権三郎が開山）","","","","","","","","","","","","",""
"アサヨ峰","[31アサヨ峰あさよみね2799南アルプス3C（北沢峠・栗沢山）31] アサヨ峰 （アサヨみね）は、 赤石山脈 の 甲斐駒ヶ岳 と 鳳凰山 とを結ぶ早川尾根上にある 山 である。 標高 は2,799m。甲斐駒ヶ岳、 仙丈ヶ岳 、 北岳 といった南アルプス北部の山々を好位置で展望することができる。","https://ja.wikipedia.org/wiki/アサヨ峰","山梨百名山","https://ja.wikipedia.org/wiki/山梨百名山","表形式","北緯35度43分54秒東経138度14分29秒","北緯35度43分54秒東経138度14分29秒﻿ / ﻿北緯35.73167度 東経138.24139度﻿ /35.73167; 138.24139座標:北緯35度43分54秒東経138度14分29秒﻿ / ﻿北緯35.73167度 東経138.24139度﻿ /35.73167; 138.24139","2,799m","日本山梨県南アルプス市・北杜市","赤石山脈","","","","","","","","","","","","","","",""
"仙丈ヶ岳","[32仙丈ヶ岳せんじょうがたけ3033南アルプス3C（北沢峠・小仙丈ヶ岳）32] 仙丈ヶ岳 または 仙丈岳 （せんじょうがたけ・せんじょうだけ）は、 長野県 伊那市 と 山梨県 南アルプス市 にまたがる 南アルプス国立公園 内の 赤石山脈 の北部にある 標高 3,033 m の 山 である。","https://ja.wikipedia.org/wiki/仙丈ヶ岳","山梨百名山","https://ja.wikipedia.org/wiki/山梨百名山","表形式","北緯35度43分12秒東経138度11分1秒","北緯35度43分12秒東経138度11分1秒﻿ / ﻿北緯35.72000度 東経138.18361度﻿ /35.72000; 138.18361座標:北緯35度43分12秒東経138度11分1秒﻿ / ﻿北緯35.72000度 東経138.18361度﻿ /35.72000; 138.18361","3,032.88m","日本山梨県南アルプス市長野県伊那市","赤石山脈","氷食尖峰、褶曲隆起","","","","","","","","","","","","","",""
"小太郎山 (存在しないページ)","[33小太郎山こたろうやま2725南アルプス4B（広河原・草すべり）33]","https://ja.wikipedia.org/w/index.php?title=小太郎山&amp;action=edit&amp;redlink=1","山梨百名山","https://ja.wikipedia.org/wiki/山梨百名山","表形式","","","","","","","","","","","","","","","","","","","",""
"北岳","[34北岳きただけ3193南アルプス5B（広河原・草すべり）34] 北岳 （きただけ）は、 山梨県 南アルプス市 にある 標高 3,193 メートル  の山。 赤石山脈 （南アルプス）北部に位置し、 富士山 に次ぐ 日本第2位 の高峰である  。","https://ja.wikipedia.org/wiki/北岳","山梨百名山","https://ja.wikipedia.org/wiki/山梨百名山","表形式","北緯35度40分28秒東経138度14分20秒","北緯35度40分28秒東経138度14分20秒﻿ / ﻿北緯35.67444度 東経138.23889度﻿ /35.67444; 138.23889座標:北緯35度40分28秒東経138度14分20秒﻿ / ﻿北緯35.67444度 東経138.23889度﻿ /35.67444; 138.23889","3,193.2m","日本山梨県南アルプス市","赤石山脈","隆起","1871年（名取直江）","","","","","","","","","","","","",""
"間ノ岳","[35間ノ岳あいのだけ3190南アルプス6C（広河原・草すべり）35] 間ノ岳 （あいのだけ）は 赤石山脈 （南アルプス）北部にある 標高 3,190 m の 山      。 飛騨山脈 の 穂高岳 と並んで、 日本第3位の高峰 である。深田久弥の 日本百名山 のひとつ。山頂は 山梨県 と 静岡県 にまたがる。","https://ja.wikipedia.org/wiki/間ノ岳","山梨百名山","https://ja.wikipedia.org/wiki/山梨百名山","表形式","北緯35度38分46秒東経138度13分42秒","北緯35度38分46秒東経138度13分42秒﻿ / ﻿北緯35.64611度 東経138.22833度﻿ /35.64611; 138.22833﻿ (間ノ岳)座標:北緯35度38分46秒東経138度13分42秒﻿ / ﻿北緯35.64611度 東経138.22833度﻿ /35.64611; 138.22833﻿ (間ノ岳)","3,189.50m","日本山梨県南アルプス市、南巨摩郡早川町静岡県静岡市葵区","赤石山脈","隆起","","","","","","","","","","","","","",""
"農鳥岳","[36農鳥岳のうとりだけ3051南アルプス7C（奈良田・大門沢）36] 農鳥岳 （のうとりだけ）は 南アルプス国立公園 内の 赤石山脈 （南アルプス）にある 標高 3,026 m の 山 である。山頂は 山梨県 と 静岡県 の県境にまたがる。 日本二百名山  、 新日本百名山  、及び 山梨百名山  に選定されている。","https://ja.wikipedia.org/wiki/農鳥岳","山梨百名山","https://ja.wikipedia.org/wiki/山梨百名山","表形式","北緯35度37分16秒東経138度14分13秒","北緯35度37分16秒東経138度14分13秒﻿ / ﻿北緯35.62111度 東経138.23694度﻿ /35.62111; 138.23694","3,025.9m","山梨県南巨摩郡早川町静岡県静岡市葵区","赤石山脈","","","","","","","","","","","","","","",""
"黒河内岳","[37笹山（黒河内岳）ささやまくろごうちだけ2733南アルプス5D（奈良田湖）37] 黒河内岳 （くろごうちだけ）は、 赤石山脈 （南アルプス）にある 山 。赤石山脈の主稜線上にある 間ノ岳 を起点に南へ 太平洋 近くまで延びる尾根である 白峰南嶺 上に位置し、 山梨県 と 静岡県 にまたがる。北峰（ 標高 2,733 m）と南峰（同2,717.6 m）からなる 双耳峰 で、 三角点 は低いほうの南峰に設置されている。","https://ja.wikipedia.org/wiki/黒河内岳","山梨百名山","https://ja.wikipedia.org/wiki/山梨百名山","表形式","北緯35度34分16秒東経138度14分38秒","北緯35度34分16秒東経138度14分38秒﻿ / ﻿北緯35.57111度 東経138.24389度﻿ /35.57111; 138.24389座標:北緯35度34分16秒東経138度14分38秒﻿ / ﻿北緯35.57111度 東経138.24389度﻿ /35.57111; 138.24389","2,733m","日本山梨県南巨摩郡早川町静岡県静岡市葵区","赤石山脈（白峰南嶺）","","","","","","","","","","","","","","",""
"笊ヶ岳","[38笊ヶ岳ざるがたけ2629南アルプス7D（老平）38] 笊ヶ岳 （ざるがたけ）は、 山梨県 と 静岡県 とにまたがる 赤石山脈 白峰南嶺 の 標高 2,629 m の 山 。 日本二百名山  及び 山梨百名山  に選定されている。","https://ja.wikipedia.org/wiki/笊ヶ岳","山梨百名山","https://ja.wikipedia.org/wiki/山梨百名山","表形式","北緯35度25分27秒東経138度15分34秒","北緯35度25分27秒東経138度15分34秒﻿ / ﻿北緯35.42417度 東経138.25944度﻿ /35.42417; 138.25944座標:北緯35度25分27秒東経138度15分34秒﻿ / ﻿北緯35.42417度 東経138.25944度﻿ /35.42417; 138.25944","2,628.96m","山梨県南巨摩郡早川町静岡県静岡市葵区","赤石山脈（白峰南嶺）","隆起","中村清太郎（1911年）","","","","","","","","","","","","",""
"鳳凰山","[39鳳凰山　地蔵ヶ岳　観音岳　薬師岳ほうおうざん　じぞうがたけ　かんのんだけ　やくしだけ2840南アルプス6C（青木鉱泉・地蔵岳・仲道）39-139-239-3] 鳳凰山 （ほうおうざん）は 山梨県 の南アルプス北東部にある3つの山の総称である。後述の通り、鳳凰山とはどの山を指すのか歴史的には諸説あったため、地蔵ヶ岳・観音ヶ岳・薬師ヶ岳の3山の総称として特に 鳳凰三山 とも呼ばれる。 南アルプス国立公園 内にあり、 日本百名山  、 新日本百名山  、 新・花の百名山  および 山梨百名山  に選定されている。","https://ja.wikipedia.org/wiki/鳳凰山","山梨百名山","https://ja.wikipedia.org/wiki/山梨百名山","表形式","北緯35度42分06秒東経138度18分17秒","北緯35度42分06秒東経138度18分17秒﻿ / ﻿北緯35.70167度 東経138.30472度﻿ /35.70167; 138.30472座標:北緯35度42分06秒東経138度18分17秒﻿ / ﻿北緯35.70167度 東経138.30472度﻿ /35.70167; 138.30472","2,841m","日本山梨県南アルプス市・韮崎市・北杜市","赤石山脈","隆起褶曲（花崗岩）","","","","","","","","","","","","","",""
"甘利山","[40甘利山あまりやま1731南アルプス1A（広河原駐車場）40] 甘利山 （あまりやま）は、 山梨県 韮崎市 と 南アルプス市 との境界にある標高約1,731m  の山である。","https://ja.wikipedia.org/wiki/甘利山","山梨百名山","https://ja.wikipedia.org/wiki/山梨百名山","表形式","北緯35度40分53秒東経138度22分34秒","北緯35度40分53秒東経138度22分34秒﻿ / ﻿北緯35.68139度 東経138.37611度﻿ /35.68139; 138.37611座標:北緯35度40分53秒東経138度22分34秒﻿ / ﻿北緯35.68139度 東経138.37611度﻿ /35.68139; 138.37611","1,731m","日本山梨県韮崎市・南アルプス市","","","","","","","","","","","","","","","",""
"千頭星山 (存在しないページ)","[41千頭星山せんとうぼしやま2139南アルプス2A（広河原駐車場）41]","https://ja.wikipedia.org/w/index.php?title=千頭星山&amp;action=edit&amp;redlink=1","山梨百名山","https://ja.wikipedia.org/wiki/山梨百名山","表形式","","","","","","","","","","","","","","","","","","","",""
"櫛形山 (山梨県)","[42櫛形山くしがたやま2052南アルプス3A（みはらし台駐車場・北尾根登山道）42] 櫛形山 （くしがたやま）は、 山梨県 の 赤石山脈 の「前衛峰」にあたる 山 。標高2,052m。 日本二百名山 のひとつに選定されている。","https://ja.wikipedia.org/wiki/櫛形山_(山梨県)","山梨百名山","https://ja.wikipedia.org/wiki/山梨百名山","表形式","北緯35度35分12秒東経138度22分9秒","北緯35度35分12秒東経138度22分9秒﻿ / ﻿北緯35.58667度 東経138.36917度﻿ /35.58667; 138.36917","2,052m","山梨県南アルプス市南巨摩郡富士川町","赤石山脈","","","","","","","","","","","","","","",""
"源氏山 (山梨県) (存在しないページ)","[43源氏山げんじやま1827南アルプス2A（丸山林道登山口）43]","https://ja.wikipedia.org/w/index.php?title=源氏山_(山梨県)&amp;action=edit&amp;redlink=1","山梨百名山","https://ja.wikipedia.org/wiki/山梨百名山","表形式","","","","","","","","","","","","","","","","","","","",""
"富士見山 (存在しないページ)","[44富士見山ふじみやま1640身延山地3B（平須登山口）44]","https://ja.wikipedia.org/w/index.php?title=富士見山&amp;action=edit&amp;redlink=1","山梨百名山","https://ja.wikipedia.org/wiki/山梨百名山","表形式","","","","","","","","","","","","","","","","","","","",""
"身延山","[45身延山みのぶさん1153身延山地3A（ロープウェイ駐車場）45] 身延山 （みのぶさん）は 山梨県 南巨摩郡 身延町 と 早川町 の境にある 山 である。標高1,153m。また同地にある 日蓮宗 総本山 久遠寺 の 山号 でもあり、 日本仏教三大霊山 の一つという別名としてもよく用いられる。","https://ja.wikipedia.org/wiki/身延山","山梨百名山","https://ja.wikipedia.org/wiki/山梨百名山","表形式","北緯35度23分51秒東経138度24分59秒","北緯35度23分51秒東経138度24分59秒﻿ / ﻿北緯35.39750度 東経138.41639度﻿ /35.39750; 138.41639","1,153m","山梨県南巨摩郡身延町・早川町","身延山地","","","","","","","","","","","","","","",""
"七面山","[46七面山しちめんざん1989身延山地4A（羽衣)46] 七面山 （しちめんさん）は 山梨県 南巨摩郡 にある1,989mの 山 。 三角点 は1,982.4m  。 日本二百名山 の一つに選定されている。","https://ja.wikipedia.org/wiki/七面山","山梨百名山","https://ja.wikipedia.org/wiki/山梨百名山","表形式","北緯35度22分14秒東経138度21分2秒","北緯35度22分14秒東経138度21分2秒﻿ / ﻿北緯35.37056度 東経138.35056度﻿ /35.37056; 138.35056座標:北緯35度22分14秒東経138度21分2秒﻿ / ﻿北緯35.37056度 東経138.35056度﻿ /35.37056; 138.35056","1,989m","日本山梨県南巨摩郡身延町・早川町","身延山地","","","","","","","","","","","","","","",""
"八紘嶺 (存在しないページ)","[47八紘嶺はっこうれい1918身延山地2B（梅ヶ島八紘嶺登山口駐車場）47]","https://ja.wikipedia.org/w/index.php?title=八紘嶺&amp;action=edit&amp;redlink=1","山梨百名山","https://ja.wikipedia.org/wiki/山梨百名山","表形式","","","","","","","","","","","","","","","","","","","",""
"山伏 (赤石山脈)","[48山伏やんぶし2014身延山地1B（大笹峠駐車場）48] 山伏 （やんぶし）は、 山梨県 南巨摩郡 早川町 と 静岡県 静岡市 葵区 との境にある山である。 赤石山脈 の 白峰南嶺 に続く山で、同嶺の最南の2,000m峰であり、安倍川流域の最高峰でもある。 標高 2,013.2m。","https://ja.wikipedia.org/wiki/山伏_(赤石山脈)","山梨百名山","https://ja.wikipedia.org/wiki/山梨百名山","表形式","北緯35度18分16秒東経138度17分07秒","北緯35度18分16秒東経138度17分07秒﻿ / ﻿北緯35.30444度 東経138.28528度﻿ /35.30444; 138.28528座標:北緯35度18分16秒東経138度17分07秒﻿ / ﻿北緯35.30444度 東経138.28528度﻿ /35.30444; 138.28528","2,013.2m","日本山梨県南巨摩郡早川町・静岡県静岡市葵区","赤石山脈（白峰南嶺）","","","","","","","","","","","","","","",""
"十枚山","[49十枚山じゅうまいさん1726身延山地3B（十枚山登山口・十枚峠）49] 十枚山 （じゅうまいさん）は、 山梨県 南巨摩郡 南部町 と 静岡県 静岡市 葵区 にまたがる山である。 標高 1,726mの上十枚山と、1,732mの下十枚山からなる 双耳峰 だが、 国土地理院 の 地形図 では上十枚山を十枚山としている。","https://ja.wikipedia.org/wiki/十枚山","山梨百名山","https://ja.wikipedia.org/wiki/山梨百名山","表形式","北緯35度15分14秒東経138度22分40秒","北緯35度15分14秒東経138度22分40秒﻿ / ﻿北緯35.25389度 東経138.37778度﻿ /35.25389; 138.37778座標:北緯35度15分14秒東経138度22分40秒﻿ / ﻿北緯35.25389度 東経138.37778度﻿ /35.25389; 138.37778","1,726m","山梨県南巨摩郡南部町静岡県静岡市葵区","身延山地","","","","","","","","","","","","","","",""
"篠井山","[50篠井山しのいさん1394身延山地3A（篠井山奥山登山口）50] 篠井山 （しのいさん）は、 山梨県 南巨摩郡 南部町 にある山である。 標高 1,394.4m。","https://ja.wikipedia.org/wiki/篠井山","山梨百名山","https://ja.wikipedia.org/wiki/山梨百名山","表形式","北緯35度14分52.2秒東経138度25分35.4秒","北緯35度14分52.2秒東経138度25分35.4秒﻿ / ﻿北緯35.247833度 東経138.426500度﻿ /35.247833; 138.426500座標:北緯35度14分52.2秒東経138度25分35.4秒﻿ / ﻿北緯35.247833度 東経138.426500度﻿ /35.247833; 138.426500","1,394.4m","日本山梨県南巨摩郡南部町","身延山地","","","","","","","","","","","","","","",""
"貫ヶ岳 (存在しないページ)","[51貫ヶ岳かんがたけ897身延山地2A（中沢登山口）51]","https://ja.wikipedia.org/w/index.php?title=貫ヶ岳&amp;action=edit&amp;redlink=1","山梨百名山","https://ja.wikipedia.org/wiki/山梨百名山","表形式","","","","","","","","","","","","","","","","","","","",""
"高ドッキョウ","[52高ドッキョウたかどっきょう1134身延山地2A（樽峠登山口）52] 高ドッキョウ （たかドッキョウ）は、 静岡県 静岡市 清水区 と 山梨県 南巨摩郡 南部町 の境にある山。 高ドッキョー とも書く。標高1134メートル。 山梨百名山 の1つ  。","https://ja.wikipedia.org/wiki/高ドッキョウ","山梨百名山","https://ja.wikipedia.org/wiki/山梨百名山","表形式","北緯35度10分42.4秒東経138度26分17.0秒","北緯35度10分42.4秒東経138度26分17.0秒﻿ / ﻿北緯35.178444度 東経138.438056度﻿ /35.178444; 138.438056座標:北緯35度10分42.4秒東経138度26分17.0秒﻿ / ﻿北緯35.178444度 東経138.438056度﻿ /35.178444; 138.438056","1134m","日本山梨県南巨摩郡南部町静岡県静岡市清水区","身延山地","","","","","","","","","","","","","","",""
"白鳥山 (山梨県・静岡県) (存在しないページ)","[53白鳥山しらとりやま5681A（森林公園駐車場）53]","https://ja.wikipedia.org/w/index.php?title=白鳥山_(山梨県・静岡県)&amp;action=edit&amp;redlink=1","山梨百名山","https://ja.wikipedia.org/wiki/山梨百名山","表形式","","","","","","","","","","","","","","","","","","","",""
"富士山","[54富士山ふじさん3776独立峰5B（スバルライン五合目）54] 富士山 （ふじさん、 英語 : Mount Fuji ）は、 山梨県 （ 富士吉田市 、 南都留郡 鳴沢村 ）と、 静岡県 （ 富士宮市 、 裾野市 、 富士市 、 御殿場市 、 駿東郡 小山町 ）に跨る 活火山 である  。 標高 3776.12 m 、 日本最高峰 （ 剣ヶ峰 ）  の 独立峰 で、その優美な風貌は日本国外でも 日本 の 象徴 として広く知られている。数多くの芸術作品の題材とされ芸術面のみならず、気候や地層など地質学的にも社会的に大きな影響を与えている。懸垂曲線の山容を有した玄武岩質成層火山で構成され、その山体は 駿河湾 の海岸まで及ぶ。","https://ja.wikipedia.org/wiki/富士山","山梨百名山","https://ja.wikipedia.org/wiki/山梨百名山","表形式","北緯35度21分45秒東経138度43分50秒","北緯35度21分45秒東経138度43分50秒﻿ / ﻿北緯35.3625度 東経138.7306度﻿ /35.3625; 138.7306座標:北緯35度21分45秒東経138度43分50秒﻿ / ﻿北緯35.3625度 東経138.7306度﻿ /35.3625; 138.7306","3,776.12m","日本静岡県富士宮市裾野市富士市御殿場市駿東郡小山町山梨県富士吉田市南都留郡鳴沢村","独立峰","成層火山・活火山ランクB・常時観測火山","663年（役小角）","","","","","","","","","","","","",""
"三つ峠","[55三ッ峠山みつとうげやま1785御坂山地2A（金ヶ窪沢登山口）55] 三つ峠 （みつとうげ）は、 山梨県 都留市 、 西桂町 、 富士河口湖町 の境界にある 標高 1,785mの 山 である。 峠 ではない。 三ッ峠山 と呼ばれることもある  。","https://ja.wikipedia.org/wiki/三つ峠","山梨百名山","https://ja.wikipedia.org/wiki/山梨百名山","表形式","北緯35度32分57秒東経138度48分33秒","北緯35度32分57秒東経138度48分33秒﻿ / ﻿北緯35.54917度 東経138.80917度﻿ /35.54917; 138.80917","1,785m","山梨県都留市・南都留郡西桂町・富士河口湖町","御坂山地","","","","","","","","","","","","","","",""
"達沢山 (存在しないページ)","[56達沢山たつざわやま1358御坂山地2A（立沢林道入口）56]","https://ja.wikipedia.org/w/index.php?title=達沢山&amp;action=edit&amp;redlink=1","山梨百名山","https://ja.wikipedia.org/wiki/山梨百名山","表形式","","","","","","","","","","","","","","","","","","","",""
"黒岳 (御坂山地)","[57黒岳くろだけ1793御坂山地1A（すずらん峠登山口）57] 黒岳 （くろたけ  ）は、 山梨県 南都留郡 富士河口湖町 と 山梨県 笛吹市 芦川町との境界に位置する標高1,793mの山で、 御坂山地 の最高峰。 河口湖 の北側に位置する。 日本三百名山 、 山梨百名山 に選定されている。","https://ja.wikipedia.org/wiki/黒岳_(御坂山地)","山梨百名山","https://ja.wikipedia.org/wiki/山梨百名山","表形式","北緯35度33分8秒東経138度44分58秒","北緯35度33分8秒東経138度44分58秒﻿ / ﻿北緯35.55222度 東経138.74944度﻿ /35.55222; 138.74944座標:北緯35度33分8秒東経138度44分58秒﻿ / ﻿北緯35.55222度 東経138.74944度﻿ /35.55222; 138.74944","1,793m","山梨県笛吹市山梨県南都留郡富士河口湖町","御坂山地","","","","","","","","","","","","","","",""
"釈迦ヶ岳 (笛吹市)","[58釈迦ヶ岳しゃかがだけ1641御坂山地1A（日向坂峠）58] 釈迦ヶ岳 （しゃかがたけ）は、 山梨県 笛吹市  にある 御坂山地 北部の 標高 1,641 m の 山    。山梨県により 山梨百名山 の一つに選定されている  。別名が神座山、釈迦岳、嵯峨ヶ岳  、檜峰  。","https://ja.wikipedia.org/wiki/釈迦ヶ岳_(笛吹市)","山梨百名山","https://ja.wikipedia.org/wiki/山梨百名山","表形式","北緯35度33分46.63秒東経138度43分15.12秒","北緯35度33分46.63秒東経138度43分15.12秒﻿ / ﻿北緯35.5629528度 東経138.7208667度﻿ /35.5629528; 138.7208667座標:北緯35度33分46.63秒東経138度43分15.12秒﻿ / ﻿北緯35.5629528度 東経138.7208667度﻿ /35.5629528; 138.7208667","1,641m","日本山梨県笛吹市","御坂山地","","","","","","","","","","","","","","",""
"大栃山 (存在しないページ)","[59大栃山おおとちやま1415御坂山地1A（檜峰神社）59]","https://ja.wikipedia.org/w/index.php?title=大栃山&amp;action=edit&amp;redlink=1","山梨百名山","https://ja.wikipedia.org/wiki/山梨百名山","表形式","","","","","","","","","","","","","","","","","","","",""
"春日山 (山梨県) (存在しないページ)","[60春日山かすがやま1235御坂山地1A（新鳥坂トンネル）60]","https://ja.wikipedia.org/w/index.php?title=春日山_(山梨県)&amp;action=edit&amp;redlink=1","山梨百名山","https://ja.wikipedia.org/wiki/山梨百名山","表形式","","","","","","","","","","","","","","","","","","","",""
"滝戸山 (存在しないページ)","[61滝戸山たきどやま1221御坂山地2A（右左口の里民芸館）61]","https://ja.wikipedia.org/w/index.php?title=滝戸山&amp;action=edit&amp;redlink=1","山梨百名山","https://ja.wikipedia.org/wiki/山梨百名山","表形式","","","","","","","","","","","","","","","","","","","",""
"節刀ヶ岳 (存在しないページ)","[62節刀ヶ岳せっとうがたけ1736御坂山地3B（魚眠荘前・鬼ヶ岳）62]","https://ja.wikipedia.org/w/index.php?title=節刀ヶ岳&amp;action=edit&amp;redlink=1","山梨百名山","https://ja.wikipedia.org/wiki/山梨百名山","表形式","","","","","","","","","","","","","","","","","","","",""
"十二ヶ岳 (山梨県) (存在しないページ)","[63十二ヶ岳じゅうにがたけ1683御坂山地2C（長浜・桑留尾）63]","https://ja.wikipedia.org/w/index.php?title=十二ヶ岳_(山梨県)&amp;action=edit&amp;redlink=1","山梨百名山","https://ja.wikipedia.org/wiki/山梨百名山","表形式","","","","","","","","","","","","","","","","","","","",""
"王岳 (存在しないページ)","[64王岳おうだけ1623御坂山地3A（西湖いやしの里）64]","https://ja.wikipedia.org/w/index.php?title=王岳&amp;action=edit&amp;redlink=1","山梨百名山","https://ja.wikipedia.org/wiki/山梨百名山","表形式","","","","","","","","","","","","","","","","","","","",""
"三方分山 (存在しないページ)","[65三方分山さんぽうぶんざん1422御坂山地2B（精進バス停）65]","https://ja.wikipedia.org/w/index.php?title=三方分山&amp;action=edit&amp;redlink=1","山梨百名山","https://ja.wikipedia.org/wiki/山梨百名山","表形式","","","","","","","","","","","","","","","","","","","",""
"蛾ヶ岳 (存在しないページ)","[66蛾ヶ岳ひるがたけ1279御坂山地2A（四尾連湖駐車場）66]","https://ja.wikipedia.org/w/index.php?title=蛾ヶ岳&amp;action=edit&amp;redlink=1","山梨百名山","https://ja.wikipedia.org/wiki/山梨百名山","表形式","","","","","","","","","","","","","","","","","","","",""
"足和田山","[67足和田山あしわだやま1355御坂山地1A（一本木バス停）67] 足和田山 （あしわだやま）は、 山梨県 南都留郡 富士河口湖町   と 鳴沢村 とにまたがる 標高 1,354.9 m の 山  。","https://ja.wikipedia.org/wiki/足和田山","山梨百名山","https://ja.wikipedia.org/wiki/山梨百名山","表形式","北緯35度29分38.87秒東経138度42分27.56秒","北緯35度29分38.87秒東経138度42分27.56秒﻿ / ﻿北緯35.4941306度 東経138.7076556度﻿ /35.4941306; 138.7076556座標:北緯35度29分38.87秒東経138度42分27.56秒﻿ / ﻿北緯35.4941306度 東経138.7076556度﻿ /35.4941306; 138.7076556","1,354.91m","日本山梨県南都留郡富士河口湖町、鳴沢村","御坂山地","","","","","","","","","","","","","","",""
"竜ヶ岳 (山梨県)","[68竜ヶ岳りゅうがたけ1485天子山地2A（本栖湖キャンプ場）68] 竜ヶ岳 （りゅうがだけ）は、 山梨県 南巨摩郡 身延町  、 南都留郡 富士河口湖町   と 静岡県 富士宮市 にまたがる 天子山地 の最北端に位置する  標高 1,485 m の 山   。 本栖湖 の南岸に接し  、山域は 富士箱根伊豆国立公園 の特別地域の指定を受けている  。","https://ja.wikipedia.org/wiki/竜ヶ岳_(山梨県)","山梨百名山","https://ja.wikipedia.org/wiki/山梨百名山","表形式","北緯35度26分48.55秒東経138度35分0.31秒","北緯35度26分48.55秒東経138度35分0.31秒﻿ / ﻿北緯35.4468194度 東経138.5834194度﻿ /35.4468194; 138.5834194座標:北緯35度26分48.55秒東経138度35分0.31秒﻿ / ﻿北緯35.4468194度 東経138.5834194度﻿ /35.4468194; 138.5834194","1,485m","日本山梨県南巨摩郡身延町、南都留郡富士河口湖町静岡県富士宮市","天子山地","","","","","","","","","","","","","","",""
"毛無山 (山梨県・静岡県)","[69毛無山けなしやま1964天子山地3B（湯之奥林道登山口）69] 毛無山 （けなしやま）は、 山梨県 南巨摩郡 身延町 （旧 西八代郡 下部町 ）と 静岡県 富士宮市 にまたがる 標高 1,964 m の 山 。 天子山地 の 最高峰 である。 日本二百名山  、 山梨百名山  及び 静岡百山  に選定されている。","https://ja.wikipedia.org/wiki/毛無山_(山梨県・静岡県)","山梨百名山","https://ja.wikipedia.org/wiki/山梨百名山","表形式","北緯35度24分57秒東経138度32分38秒","北緯35度24分57秒東経138度32分38秒﻿ / ﻿北緯35.41583度 東経138.54389度﻿ /35.41583; 138.54389","1,964m","山梨県南巨摩郡身延町静岡県富士宮市","天子山地","","","","","","","","","","","","","","",""
"長者ヶ岳","[70長者ヶ岳ちょうじゃがたけ1336天子山地3B（佐野川渓谷登山口）70] 長者ヶ岳 （ちょうじゃがたけ）は、 静岡県 富士宮市 と 山梨県 南巨摩郡 南部町 の県境にある 標高 1335.8mの 山 である。 天子山地 に属する。 山梨百名山 の1つ。","https://ja.wikipedia.org/wiki/長者ヶ岳","山梨百名山","https://ja.wikipedia.org/wiki/山梨百名山","表形式","北緯35度20分28.5秒東経138度32分04.8秒","北緯35度20分28.5秒東経138度32分04.8秒﻿ / ﻿北緯35.341250度 東経138.534667度﻿ /35.341250; 138.534667座標:北緯35度20分28.5秒東経138度32分04.8秒﻿ / ﻿北緯35.341250度 東経138.534667度﻿ /35.341250; 138.534667","1335.8m","日本静岡県富士宮市山梨県南巨摩郡南部町","天子山地","","","","","","","","","","","","","","",""
"三石山 (山梨県) (存在しないページ)","[71三石山みついしやま1173天子山地2B（大崩登山道）71]","https://ja.wikipedia.org/w/index.php?title=三石山_(山梨県)&amp;action=edit&amp;redlink=1","山梨百名山","https://ja.wikipedia.org/wiki/山梨百名山","表形式","","","","","","","","","","","","","","","","","","","",""
"思親山","[72思親山ししんさん1031天子山地2A（上佐野集落・佐野峠 ）72] 思親山 （ししんさん）は、 山梨県 南巨摩郡 南部町 にある 標高 1,030.9mの 山 である。 天子山地 に属する。 山梨百名山 の1つ。","https://ja.wikipedia.org/wiki/思親山","山梨百名山","https://ja.wikipedia.org/wiki/山梨百名山","表形式","北緯35度29分59秒東経138度49分12秒","北緯35度29分59秒東経138度49分12秒﻿ / ﻿北緯35.49972度 東経138.82000度﻿ /35.49972; 138.82000座標:北緯35度29分59秒東経138度49分12秒﻿ / ﻿北緯35.49972度 東経138.82000度﻿ /35.49972; 138.82000","1,030.9m","日本山梨県南巨摩郡南部町","天子山地","","","","","","","","","","","","","","",""
"赤岳 (八ヶ岳山系)","[73赤岳あかだけ2899八ヶ岳4D（美し森・県界尾根）73] 赤岳 （あかだけ）は、 長野県 南佐久郡 南牧村 、 諏訪郡 原村 、 茅野市 、 山梨県 北杜市 にまたがる 標高 2,899 m の 山 。 八ヶ岳中信高原国定公園 南部に位置し、 八ヶ岳連峰 の 最高峰 である。","https://ja.wikipedia.org/wiki/赤岳_(八ヶ岳山系)","山梨百名山","https://ja.wikipedia.org/wiki/山梨百名山","表形式","北緯35度58分15秒東経138度22分12秒","北緯35度58分15秒東経138度22分12秒﻿ / ﻿北緯35.97083度 東経138.37000度﻿ /35.97083; 138.37000","2,899.17m","日本長野県南牧村、原村、茅野市山梨県北杜市","八ヶ岳連峰","","","","","","","","","","","","","","",""
"権現岳 (八ヶ岳)","[74権現岳ごんげんだけ2715八ヶ岳4C（天女山入口）74] 権現岳 （ごんげんだけ）は、 八ヶ岳連峰 の南部に位置する 山 。 八ヶ岳中信高原国定公園 に属する。","https://ja.wikipedia.org/wiki/権現岳_(八ヶ岳)","山梨百名山","https://ja.wikipedia.org/wiki/山梨百名山","表形式","北緯35度56分59秒東経138度21分34秒","北緯35度56分59秒東経138度21分34秒﻿ / ﻿北緯35.94972度 東経138.35944度﻿ /35.94972; 138.35944","2,715m","長野県諏訪郡富士見町山梨県北杜市","八ヶ岳連峰","","","","","","","","","","","","","","",""
"編笠山","[75編笠山あみがさやま2524八ヶ岳3B（観音平・青年小屋）75] 編笠山 （あみがさやま）は、 八ヶ岳連峰 の最南端に位置する 標高 2,524 m の 山 。 1964年 （ 昭和 39年） 6月1日 に 八ヶ岳中信高原国定公園 に指定され  、 山梨百名山  に選定されている。","https://ja.wikipedia.org/wiki/編笠山","山梨百名山","https://ja.wikipedia.org/wiki/山梨百名山","表形式","北緯35度56分30秒東経138度20分42秒","北緯35度56分30秒東経138度20分42秒﻿ / ﻿北緯35.94167度 東経138.34500度﻿ /35.94167; 138.34500座標:北緯35度56分30秒東経138度20分42秒﻿ / ﻿北緯35.94167度 東経138.34500度﻿ /35.94167; 138.34500","2,523.72m","日本山梨県北杜市長野県諏訪郡富士見町","八ヶ岳連峰","コニーデ型火山","","","","","","","","","","","","","",""
"横尾山","[76横尾山よこおやま1818奥秩父山塊1A（信州峠）[1] 横尾山 （よこおやま）は 山梨県 北杜市 （旧 北巨摩郡 須玉町 ）と 長野県 南佐久郡 川上村 の境にあり、 秩父山地 の西端域にある 山 。 標高 1,818m。","https://ja.wikipedia.org/wiki/横尾山","山梨百名山","https://ja.wikipedia.org/wiki/山梨百名山","表形式","北緯35度55分7秒東経138度31分16秒","北緯35度55分7秒東経138度31分16秒﻿ / ﻿北緯35.91861度 東経138.52111度﻿ /35.91861; 138.52111座標:北緯35度55分7秒東経138度31分16秒﻿ / ﻿北緯35.91861度 東経138.52111度﻿ /35.91861; 138.52111","1,818m","日本山梨県北杜市長野県南佐久郡川上村","奥秩父山塊","","","","","","","","","","","","","","",""
"小川山","[77小川山おがわやま2418奥秩父山塊4C（瑞牆山荘）77] 小川山 （おがわやま）は 山梨県 北杜市 と 長野県 南佐久郡 川上村 の境にある標高2,418mの 山 。 奥秩父 山地に属する。","https://ja.wikipedia.org/wiki/小川山","山梨百名山","https://ja.wikipedia.org/wiki/山梨百名山","表形式","北緯35度54分33秒東経138度36分44秒","北緯35度54分33秒東経138度36分44秒﻿ / ﻿北緯35.90917度 東経138.61222度﻿ /35.90917; 138.61222座標:北緯35度54分33秒東経138度36分44秒﻿ / ﻿北緯35.90917度 東経138.61222度﻿ /35.90917; 138.61222","2,418m","日本山梨県北杜市長野県南佐久郡川上村","奥秩父山塊","山塊","","","","","","","","","","","","","",""
"瑞牆山","[78瑞牆山みずがきやま2230奥秩父山塊2C（瑞牆山荘）78] 瑞牆山 （みずがきやま）は 山梨県 北杜市 （旧 北巨摩郡 須玉町 ）にある標高2,230mの 山 で、 奥秩父 の山域の主脈の一つ。旧須玉町域の最北部にあたる。 日本百名山 のひとつ。","https://ja.wikipedia.org/wiki/瑞牆山","山梨百名山","https://ja.wikipedia.org/wiki/山梨百名山","表形式","北緯35度53分36秒東経138度35分31秒","北緯35度53分36秒東経138度35分31秒﻿ / ﻿北緯35.89333度 東経138.59194度﻿ /35.89333; 138.59194","2,230m","日本山梨県北杜市","奥秩父山塊","","","","","","","","","","","","","","",""
"金峰山 (山梨県・長野県)","[79金峰山きんぷさん2599奥秩父山塊2A（大弛峠）79] 金峰山 （きんぷさん/きんぽうざん）は、 山梨県 甲府市 と 長野県 南佐久郡 川上村 の境界にある標高2,599 m の 山 である。別名「 甲州御岳山 」  。","https://ja.wikipedia.org/wiki/金峰山_(山梨県・長野県)","山梨百名山","https://ja.wikipedia.org/wiki/山梨百名山","表形式","北緯35度52分17秒東経138度37分31秒","北緯35度52分17秒東経138度37分31秒﻿ / ﻿北緯35.87139度 東経138.62528度﻿ /35.87139; 138.62528座標:北緯35度52分17秒東経138度37分31秒﻿ / ﻿北緯35.87139度 東経138.62528度﻿ /35.87139; 138.62528","2,599m","山梨県甲府市長野県南佐久郡川上村","奥秩父山塊","","","","","","","","","","","","","","",""
"国師岳","[80国師ヶ岳こくしがたけ2592奥秩父山塊1A（大弛峠）80] 国師岳 （こくしだけ）は 山梨県 山梨市 と 長野県 南佐久郡 川上村 の境界にある 標高 2,592 m の 山 である。 国師ヶ岳 （こくしがたけ）とも呼ばれる。","https://ja.wikipedia.org/wiki/国師岳","山梨百名山","https://ja.wikipedia.org/wiki/山梨百名山","表形式","北緯35度52分15秒東経138度40分23秒","北緯35度52分15秒東経138度40分23秒﻿ / ﻿北緯35.87083度 東経138.67306度﻿ /35.87083; 138.67306座標:北緯35度52分15秒東経138度40分23秒﻿ / ﻿北緯35.87083度 東経138.67306度﻿ /35.87083; 138.67306","2,592m","日本山梨県山梨市長野県南佐久郡川上村","奥秩父山塊","","","","","","","","","","","","","","",""
"甲武信ヶ岳","[81甲武信ヶ岳こぶしがたけ2475奥秩父山塊4B（大弛峠）81] 甲武信ヶ岳 （こぶしがたけ）は、 山梨県 ・ 埼玉県 ・ 長野県 の3県の境にある 標高 2,475mの 山 で、 奥秩父山塊 の主脈の中央に位置する。甲武信岳（こぶしだけ）とも呼ぶ。","https://ja.wikipedia.org/wiki/甲武信ヶ岳","山梨百名山","https://ja.wikipedia.org/wiki/山梨百名山","表形式","北緯35度54分32秒東経138度43分44秒","北緯35度54分32秒東経138度43分44秒﻿ / ﻿北緯35.90889度 東経138.72889度﻿ /35.90889; 138.72889座標:北緯35度54分32秒東経138度43分44秒﻿ / ﻿北緯35.90889度 東経138.72889度﻿ /35.90889; 138.72889","2,475m","埼玉県秩父市山梨県山梨市長野県川上村","奥秩父山塊","","","","","","","","","","","","","","",""
"鶏冠山 (山梨県山梨市)","[82鶏冠山とさかやま2115奥秩父山塊4D（西沢渓谷入口）82] 鶏冠山 （とさかやま）とは 山梨県 山梨市 にある 標高 2,115 m の 山 である。　","https://ja.wikipedia.org/wiki/鶏冠山_(山梨県山梨市)","山梨百名山","https://ja.wikipedia.org/wiki/山梨百名山","表形式","北緯35度53分14秒東経138度43分33秒","北緯35度53分14秒東経138度43分33秒﻿ / ﻿北緯35.88722度 東経138.72583度﻿ /35.88722; 138.72583座標:北緯35度53分14秒東経138度43分33秒﻿ / ﻿北緯35.88722度 東経138.72583度﻿ /35.88722; 138.72583","2,115m","日本山梨県山梨市","奥秩父山塊","","","","","","","","","","","","","","",""
"破風山 (奥秩父) (存在しないページ)","[83破風山はふさん2318奥秩父山塊5B（西沢渓谷入口・雁坂峠）83]","https://ja.wikipedia.org/w/index.php?title=破風山_(奥秩父)&amp;action=edit&amp;redlink=1","山梨百名山","https://ja.wikipedia.org/wiki/山梨百名山","表形式","","","","","","","","","","","","","","","","","","","",""
"雁坂嶺 (存在しないページ)","[84雁坂嶺かりさかれい2289奥秩父山塊4B（西沢渓谷入口）84]","https://ja.wikipedia.org/w/index.php?title=雁坂嶺&amp;action=edit&amp;redlink=1","山梨百名山","https://ja.wikipedia.org/wiki/山梨百名山","表形式","","","","","","","","","","","","","","","","","","","",""
"笠取山 (奥秩父)","[85笠取山かさとりやま　1953奥秩父山塊2B（作場平）85] 笠取山 （かさとりやま）は 埼玉県 秩父市 と 山梨県 甲州市 の境にある 標高 1,953mの 山 で、 奥秩父 の山域の主脈の一つに位置している。","https://ja.wikipedia.org/wiki/笠取山_(奥秩父)","山梨百名山","https://ja.wikipedia.org/wiki/山梨百名山","表形式","北緯35度51分55秒東経138度49分11秒","北緯35度51分55秒東経138度49分11秒﻿ / ﻿北緯35.86528度 東経138.81972度﻿ /35.86528; 138.81972座標:北緯35度51分55秒東経138度49分11秒﻿ / ﻿北緯35.86528度 東経138.81972度﻿ /35.86528; 138.81972","1,953m","日本埼玉県秩父市・山梨県甲州市","奥秩父山塊","","","","","","","","","","","","","","",""
"飛竜山","[86飛龍山（大洞山）ひりゅうさん2077奥秩父山塊4B（三ノ瀬・将監小屋）86] 飛竜山 （ひりゅうさん）は、 埼玉県 秩父市 と 山梨県 北都留郡 丹波山村 との県境にある 標高 2,077mの 山 である。 奥秩父 の山域の主脈の一つ。","https://ja.wikipedia.org/wiki/飛竜山","山梨百名山","https://ja.wikipedia.org/wiki/山梨百名山","表形式","北緯35度50分23秒東経138度53分32秒","北緯35度50分23秒東経138度53分32秒﻿ / ﻿北緯35.83972度 東経138.89222度﻿ /35.83972; 138.89222座標:北緯35度50分23秒東経138度53分32秒﻿ / ﻿北緯35.83972度 東経138.89222度﻿ /35.83972; 138.89222","2,077m","日本埼玉県秩父市山梨県北都留郡丹波山村","奥秩父山塊","","","","","","","","","","","","","","",""
"雲取山","[87雲取山くもとりやま2017奥秩父山塊4B（後山林道片倉谷ゲート・三条の湯）87] 雲取山 （くもとりやま・くもとりさん  ）は、 東京都 ・ 埼玉県 ・ 山梨県 の 境界 にある 標高 2,017.13m  の 山 。東京都の最高峰であり、都内の山で2000mを越えるのは、この山のみとなっている。 ","https://ja.wikipedia.org/wiki/雲取山","山梨百名山","https://ja.wikipedia.org/wiki/山梨百名山","表形式","北緯35度51分20秒東経138度56分38秒","北緯35度51分20秒東経138度56分38秒﻿ / ﻿北緯35.85556度 東経138.94389度﻿ /35.85556; 138.94389座標:北緯35度51分20秒東経138度56分38秒﻿ / ﻿北緯35.85556度 東経138.94389度﻿ /35.85556; 138.94389","2,017.13m","日本東京都西多摩郡奥多摩町埼玉県秩父市山梨県北都留郡丹波山村","秩父山地","","","","","","","","","","","","","","",""
"鶏冠山 (山梨県甲州市)","[88鶏冠山（黒川山）けいかんざん1716奥秩父山塊2A（柳沢峠駐車場）88] 鶏冠山 （けいかんざん）とは、 山梨県 甲州市 にある 黒川山周辺の総称 である。三等三角点黒川が有る標高1710.1が黒川山。 標高 1,716mが見張台。東側の岩稜に祠が建っていてそこに鶏冠山の山梨百名山の標柱が有る。","https://ja.wikipedia.org/wiki/鶏冠山_(山梨県甲州市)","山梨百名山","https://ja.wikipedia.org/wiki/山梨百名山","表形式","北緯35度47分19秒東経138度50分09秒","北緯35度47分19秒東経138度50分09秒﻿ / ﻿北緯35.78861度 東経138.83583度﻿ /35.78861; 138.83583座標:北緯35度47分19秒東経138度50分09秒﻿ / ﻿北緯35.78861度 東経138.83583度﻿ /35.78861; 138.83583","1,716m","日本山梨県甲州市","奥秩父、大菩薩連嶺","山塊","","","","","","","","","","","","","",""
"黒金山 (山梨県)","[89黒金山くろがねやま2232奥秩父山塊2B（乾徳山林道駐車場）89] 黒金山 （くろがねやま）は 山梨県 山梨市 にある 標高 2,231.6mの 山 である。 奥秩父 の山域の一つ。","https://ja.wikipedia.org/wiki/黒金山_(山梨県)","山梨百名山","https://ja.wikipedia.org/wiki/山梨百名山","表形式","北緯35度50分28秒東経138度42分35秒","北緯35度50分28秒東経138度42分35秒﻿ / ﻿北緯35.84111度 東経138.70972度﻿ /35.84111; 138.70972座標:北緯35度50分28秒東経138度42分35秒﻿ / ﻿北緯35.84111度 東経138.70972度﻿ /35.84111; 138.70972","2,231.6m","日本山梨県山梨市","奥秩父山塊","","","","","","","","","","","","","","",""
"乾徳山","[90乾徳山けんとくさん2031奥秩父山塊3C（徳和駐車場・銀晶水）90] 乾徳山 （けんとくさん）は、 山梨県 山梨市 にある標高2,031mの 山 で、 奥秩父 の山域にある。","https://ja.wikipedia.org/wiki/乾徳山","山梨百名山","https://ja.wikipedia.org/wiki/山梨百名山","表形式","北緯35度49分23秒東経138度42分54秒","北緯35度49分23秒東経138度42分54秒﻿ / ﻿北緯35.82306度 東経138.71500度﻿ /35.82306; 138.71500","2,031m","山梨県山梨市","奥秩父山塊","","","","","","","","","","","","","","",""
"小楢山","[91小楢山こならやま1713奥秩父山塊1A（焼山峠）91] 小楢山 （こならやま）は、 山梨県 山梨市 （旧 東山梨郡 牧丘町 ）にあり 奥秩父山地 の南（西）部に位置する 山 である。古那羅山とも記される。 標高 は1,713m。 山梨百名山 。焼山峠の 登山 口に子授 地蔵 （こさずけじぞう）がある。的石、幕岩（黎明岩）、天狗岩、御座石、屏風岩、羅漢岩、薬石門という名の 岩 ・ 石 がある。一杯水という名の水場がある。 父 恋し路、古那羅道（ 母 恋し路）という名の 登山道 がある。山頂には、錫杖ヶ原（しゃくじょうがはら）という野原（カヤトの原）があり、 レンゲツツジ などが咲く。 夢想国師 が修行したという 伝説 がある。","https://ja.wikipedia.org/wiki/小楢山","山梨百名山","https://ja.wikipedia.org/wiki/山梨百名山","表形式","北緯35度46分54秒東経138度39分51秒","北緯35度46分54秒東経138度39分51秒﻿ / ﻿北緯35.78167度 東経138.66417度﻿ /35.78167; 138.66417座標:北緯35度46分54秒東経138度39分51秒﻿ / ﻿北緯35.78167度 東経138.66417度﻿ /35.78167; 138.66417","1,712.5m","日本山梨県山梨市","奥秩父山塊","山塊","","","","","","","","","","","","","",""
"茅ヶ岳","[92茅ヶ岳かやがたけ1704奥秩父山塊2B（深田公園駐車場）92] 茅ヶ岳 （かやがたけ）は、 山梨県 にある 山 。 北杜市 と 甲斐市 に属する。","https://ja.wikipedia.org/wiki/茅ヶ岳","山梨百名山","https://ja.wikipedia.org/wiki/山梨百名山","表形式","北緯35度47分42.1秒東経138度30分49.6秒","北緯35度47分42.1秒東経138度30分49.6秒﻿ / ﻿北緯35.795028度 東経138.513778度﻿ /35.795028; 138.513778","1,703.976m","山梨県北杜市、甲斐市","奥秩父山塊","複成火山","","","","","","","","","","","","","",""
"曲岳","[93曲岳まがりだけ1642奥秩父山塊1B（曲岳登山口・観音峠）93] 曲岳 （まがりたけ）は、 山梨県 甲斐市 と 北杜市 に跨る、 奥秩父山地 の南（西）部に位置する 山 である。","https://ja.wikipedia.org/wiki/曲岳","山梨百名山","https://ja.wikipedia.org/wiki/山梨百名山","表形式","北緯35度48分11秒東経138度32分10秒","北緯35度48分11秒東経138度32分10秒﻿ / ﻿北緯35.80306度 東経138.53611度﻿ /35.80306; 138.53611座標:北緯35度48分11秒東経138度32分10秒﻿ / ﻿北緯35.80306度 東経138.53611度﻿ /35.80306; 138.53611","1,642.4m","日本山梨県甲斐市・北杜市","奥秩父山塊","山塊","","","","","","","","","","","","","",""
"黒富士","[94黒富士くろふじ1635奥秩父山塊2A（平見城公民館）94] 黒富士 （くろふじ）は、 山梨県 にある 奥秩父山地 の南西部に位置する 山 。 標高 は1,635m。 山梨百名山 および 甲府名山 のひとつ。","https://ja.wikipedia.org/wiki/黒富士","山梨百名山","https://ja.wikipedia.org/wiki/山梨百名山","表形式","北緯35度47分52秒東経138度33分12秒","北緯35度47分52秒東経138度33分12秒﻿ / ﻿北緯35.79778度 東経138.55333度﻿ /35.79778; 138.55333","1,635m","山梨県甲府市","奥秩父山塊","溶岩ドーム","","","","","","","","","","","","","",""
"太刀岡山","[95太刀岡山たちおかやま1295奥秩父山塊1A（太刀岡山登山口駐車場）95] 太刀岡山 （たちおかやま）は、 山梨県 甲府市 草鹿沢町と 甲斐市 下芦沢（旧 中巨摩郡 敷島町 ）にある 山 。 山梨百名山 のひとつ。 標高 は1,295m。","https://ja.wikipedia.org/wiki/太刀岡山","山梨百名山","https://ja.wikipedia.org/wiki/山梨百名山","表形式","北緯35度46分33秒東経138度32分33秒","北緯35度46分33秒東経138度32分33秒﻿ / ﻿北緯35.77583度 東経138.54250度﻿ /35.77583; 138.54250","1,295m","山梨県甲府市・甲斐市","奥秩父山塊","","","","","","","","","","","","","","",""
"羅漢寺山","[96羅漢寺山らかんじやま1058奥秩父山塊1A（パノラマ台・山頂駅）96] 弥三郎岳 （やさぶろうたけ）は、 山梨県 甲府市 にある、 奥秩父山地 の南（西）部に位置する 山 。","https://ja.wikipedia.org/wiki/羅漢寺山","山梨百名山","https://ja.wikipedia.org/wiki/山梨百名山","表形式","北緯35度44分50秒東経138度33分35秒","北緯35度44分50秒東経138度33分35秒﻿ / ﻿北緯35.74722度 東経138.55972度﻿ /35.74722; 138.55972","1,058m","山梨県甲府市","奥秩父山塊","山塊","-","","","","","","","","","","","","",""
"帯那山","[97帯那山おびなやま1422奥秩父山塊2A（戸市バス停）97] 帯那山 （おびなやま）は、 山梨県 甲府市 と同県 山梨市 の境にあり 奥秩父山地 の南（西）部に位置する 山 。 標高 は1,422m。 山梨百名山 、 甲府名山 のひとつ。","https://ja.wikipedia.org/wiki/帯那山","山梨百名山","https://ja.wikipedia.org/wiki/山梨百名山","表形式","北緯35度44分16秒東経138度35分42秒","北緯35度44分16秒東経138度35分42秒﻿ / ﻿北緯35.73778度 東経138.59500度﻿ /35.73778; 138.59500座標:北緯35度44分16秒東経138度35分42秒﻿ / ﻿北緯35.73778度 東経138.59500度﻿ /35.73778; 138.59500","1,422m","日本山梨県甲府市・山梨市","奥秩父山塊","山塊","","","","","","","","","","","","","",""
"要害山 (山梨県)","[98要害山ようがいざん780奥秩父山塊1A（要害温泉）98] 要害山城 （ようがいやまじょう・ようがいざんじょう・ようがいさんじょう）は、 山梨県 甲府市 上積翠寺町（かみせきすいじまち）にあった 日本の城 。 躑躅ヶ崎館 （武田氏館跡）の 詰城 として築かれた 山城 である。 1991年 （ 平成 3年）に国の 史跡 に指定された  。要害城、積翠山城とも呼ばれる。なお、 甲府名山 にも選定されている。","https://ja.wikipedia.org/wiki/要害山_(山梨県)","山梨百名山","https://ja.wikipedia.org/wiki/山梨百名山","表形式","北緯35度42分10.93秒東経138度35分53.61秒","北緯35度42分10.93秒東経138度35分53.61秒﻿ / ﻿北緯35.7030361度 東経138.5982250度﻿ /35.7030361; 138.5982250座標:北緯35度42分10.93秒東経138度35分53.61秒﻿ / ﻿北緯35.7030361度 東経138.5982250度﻿ /35.7030361; 138.5982250","","","","","","要害城、積翠山城","山城","なし","武田信虎","永正17年（1520年）","武田勝頼、加藤光泰","武田氏、徳川氏、加藤光泰","慶長5年（1600年）","堀切、竪堀、石垣、虎口、土塁、井戸、郭、土橋","国の史跡","要害山城","",""
"兜山 (山梨県) (存在しないページ)","[99兜山かぶとやま913奥秩父山塊2A（登山口駐車場・山腹コース）99]","https://ja.wikipedia.org/w/index.php?title=兜山_(山梨県)&amp;action=edit&amp;redlink=1","山梨百名山","https://ja.wikipedia.org/wiki/山梨百名山","表形式","","","","","","","","","","","","","","","","","","","",""
"大蔵経寺山","[100大蔵経寺山だいぞうきょうじやま716奥秩父山塊2A（ＪＲ石和温泉駅）100] 大蔵経寺山 （だいぞうきょうじやま）は、 山梨県 甲府市 と 笛吹市 （旧 東八代郡 石和町 ）の境にあり、 奥秩父山地 の南端に位置する 山 である。 標高 は715.6 メートル 。 山梨百名山 、 甲府名山 のひとつ。","https://ja.wikipedia.org/wiki/大蔵経寺山","山梨百名山","https://ja.wikipedia.org/wiki/山梨百名山","表形式","北緯35度40分09秒東経138度37分32秒","北緯35度40分09秒東経138度37分32秒﻿ / ﻿北緯35.66917度 東経138.62556度﻿ /35.66917; 138.62556座標:北緯35度40分09秒東経138度37分32秒﻿ / ﻿北緯35.66917度 東経138.62556度﻿ /35.66917; 138.62556","715.6m","日本山梨県甲府市・笛吹市","奥秩父山塊","山塊","","","","","","","","","","","","","",""
