"タイトル","コメント","URL","親リストタイトル","親リストURL","一覧抽出方法","座標","所在地","位置","面積","公式サイト","分類","法人番号","運営者","山号","本尊","創建年","宗派","開園","札所等","設備・遊具","事務所所在地","文化財","開基","正式名","駐車場"
"二重橋","[1二重橋と皇居外苑千代田区千代田・皇居外苑二重橋前駅など] 二重橋 （にじゅうばし）は、 東京都 千代田区 千代田 の 皇居 内にある 橋 の 通称 である。正確には皇居正門から長和殿へ向かう途上、二重橋濠に架かる鉄橋のことで、本来の名称は 正門鉄橋 （せいもんてつばし）である。ただし正門鉄橋と正門石橋の二つの総称としても用いられている   。","https://ja.wikipedia.org/wiki/二重橋","新東京百景","https://ja.wikipedia.org/wiki/新東京百景","表形式","北緯35度40分48秒東経139度45分12秒","千代田区","","","","","","","","","","","","","","","","","",""
"千鳥ヶ淵","[2千鳥ヶ淵から日比谷千代田区九段南2〜日比谷公園九段下駅など] 千鳥ヶ淵 （ちどりがふち）は、 皇居 の北西側にあるお 堀 である。","https://ja.wikipedia.org/wiki/千鳥ヶ淵","新東京百景","https://ja.wikipedia.org/wiki/新東京百景","表形式","","","","","","","","","","","","","","","","","","","",""
"東京駅","[3東京駅と丸の内ビル街千代田区丸の内東京駅など] 東京駅 （とうきょうえき）は、 東京都 千代田区 丸の内 一丁目にある、 東日本旅客鉄道 （JR東日本）、 東海旅客鉄道 （JR東海）、 東京地下鉄 （東京メトロ）の 駅 である。JR東日本の 在来線 と 新幹線 各路線、JR東海の 東海道新幹線 、 地下鉄 丸ノ内線 が発着する ターミナル駅 である    。","https://ja.wikipedia.org/wiki/東京駅","新東京百景","https://ja.wikipedia.org/wiki/新東京百景","表形式","","東京都千代田区丸の内一丁目","","","","","","","","","","","","","","","","","",""
"国会議事堂","[4国会議事堂千代田区永田町1-7-1国会議事堂前駅] 国会議事堂 （こっかいぎじどう、 英 : National Diet Building ）は、 日本 の 国会 が開催される 建物 。","https://ja.wikipedia.org/wiki/国会議事堂","新東京百景","https://ja.wikipedia.org/wiki/新東京百景","表形式","北緯35度40分33.2秒東経139度44分41.9秒","〒100-0014東京都千代田区永田町1-7-1","","","","","","","","","","","","","","","","","",""
"日比谷公園","[5日比谷公園千代田区日比谷公園日比谷駅] 日比谷公園 （ひびやこうえん）は、 東京都 千代田区 に所在する 公園 、および同公園を町域とする千代田区の町名である。 郵便番号 は100-0012。","https://ja.wikipedia.org/wiki/日比谷公園","新東京百景","https://ja.wikipedia.org/wiki/新東京百景","表形式","北緯35度40分25秒東経139度45分22秒","日本東京都千代田区","","16.2ha","公式ホームページ","都市公園","","東京都公園協会2011～2015年度指定管理者","","","","","1903年6月1日","","日比谷公会堂、大音楽堂、小音楽堂、陳列場、日比谷図書文化館、テニスコート、児童遊園、軽飲食店、緑と水の市民カレッジ","東京都千代田区日比谷公園1番6号","","","","なし"
"皇居東御苑","[6皇居東御苑千代田区千代田大手町駅] 皇居東御苑 （こうきょひがしぎょえん）は、 東京都 千代田区 の 皇居 の東側に付属している広さ約21 ヘクタール の 庭園 。 宮内庁 の管轄。 皇宮警察 がある。","https://ja.wikipedia.org/wiki/皇居東御苑","新東京百景","https://ja.wikipedia.org/wiki/新東京百景","表形式","","","","","","","","","","","","","","","","","","","",""
"神田明神","[7明神・聖堂・ニコライ堂千代田区外神田2、文京区湯島1、千代田区神田駿河台4御茶ノ水駅など] 神田明神 （かんだみょうじん）は、 東京都 千代田区 外神田 二丁目にある 神社 。正式名称は 神田神社 （かんだじんじゃ）  。","https://ja.wikipedia.org/wiki/神田明神","新東京百景","https://ja.wikipedia.org/wiki/新東京百景","表形式","北緯35度42分7.3秒東経139度46分4.4秒","東京都千代田区外神田2丁目16番2号","北緯35度42分7.3秒東経139度46分4.4秒﻿ / ﻿北緯35.702028度 東経139.767889度﻿ /35.702028; 139.767889﻿ (神田明神)座標:北緯35度42分7.3秒東経139度46分4.4秒﻿ / ﻿北緯35.702028度 東経139.767889度﻿ /35.702028; 139.767889﻿ (神田明神)","","","","","","","","","","","東京十社","","","","","",""
"中央通り (東京都)","[8銀座通り中央区銀座1〜8銀座駅など] 中央通り （ちゅうおうどおり）は、 東京都 港区 から同 中央区 を経由し、同 台東区 に至る道路の通称（東京都道路通称名）である。 国道15号 、 国道17号 、 都道437号 などから構成される。","https://ja.wikipedia.org/wiki/中央通り_(東京都)","新東京百景","https://ja.wikipedia.org/wiki/新東京百景","表形式","","","","","","","","","","","","","","","","","","","",""
"日本橋 (東京都中央区)","[9日本橋中央区日本橋1-1日本橋駅] 日本橋 は、東京都中央区日本橋地域の 町名 で、北は日本橋川、南は 都道408号 に接する。現行行政地名は日本橋一丁目から日本橋三丁目。 郵便番号 は103-0027  。","https://ja.wikipedia.org/wiki/日本橋_(東京都中央区)","新東京百景","https://ja.wikipedia.org/wiki/新東京百景","表形式","","","","","","","","","","","","","","","","","","","",""
"浜離宮庭園","[10浜離宮庭園中央区浜離宮庭園汐留駅] 浜離宮庭園 （はまりきゅうていえん）は、 東京都 中央区 の 町名 。丁番を持たない単独町名である。 郵便番号 は104-0046  。","https://ja.wikipedia.org/wiki/浜離宮庭園","新東京百景","https://ja.wikipedia.org/wiki/新東京百景","表形式","","","","","","","","","","","","","","","","","","","",""
"水天宮 (東京都中央区)","[11水天宮中央区日本橋蛎殻町2-4-1水天宮前駅] 水天宮 （すいてんぐう）は、 東京都 中央区 日本橋蛎殻町 にある 神社 。 福岡県 久留米市 にある 久留米水天宮 の分社である。","https://ja.wikipedia.org/wiki/水天宮_(東京都中央区)","新東京百景","https://ja.wikipedia.org/wiki/新東京百景","表形式","北緯35度41分1秒東経139度47分6秒","東京都中央区日本橋蛎殻町二丁目4番1号","北緯35度41分1秒東経139度47分6秒﻿ / ﻿北緯35.68361度 東経139.78500度﻿ /35.68361; 139.78500﻿ (水天宮 (東京都中央区))座標:北緯35度41分1秒東経139度47分6秒﻿ / ﻿北緯35.68361度 東経139.78500度﻿ /35.68361; 139.78500﻿ (水天宮 (東京都中央区))","","","","","","","","","","","日本橋七福神（弁財天）","","","","","",""
"歌舞伎座","[12歌舞伎座中央区銀座4-12-15東銀座駅] 歌舞伎座 （かぶきざ）は、 東京都 中央区 銀座 4-12-15にある 歌舞伎 専用の 劇場 である。火災や戦災に遭うなど様々な変遷はあったが、今日に至るまで名実ともに代表的な歌舞伎劇場として知られる。","https://ja.wikipedia.org/wiki/歌舞伎座","新東京百景","https://ja.wikipedia.org/wiki/新東京百景","表形式","北緯35度40分10.3秒東経139度46分4.8秒","〒104-0061東京都中央区銀座四丁目12番15号","北緯35度40分10.3秒東経139度46分4.8秒﻿ / ﻿北緯35.669528度 東経139.768000度﻿ /35.669528; 139.768000﻿ (歌舞伎座 （第5期）Kabuki-za)座標:北緯35度40分10.3秒東経139度46分4.8秒﻿ / ﻿北緯35.669528度 東経139.768000度﻿ /35.669528; 139.768000﻿ (歌舞伎座 （第5期）Kabuki-za)","","","","","","","","","","","","","","","","",""
"増上寺","[13増上寺と東京タワー港区芝公園4赤羽橋駅など] 増上寺 （ぞうじょうじ）は、 東京都 港区 芝公園 四丁目にある 浄土宗 の 仏教 寺院 。 山号 は三縁山。三縁山広度院増上寺（ さんえんざん こうどいん ぞうじょうじ ）と称する。","https://ja.wikipedia.org/wiki/増上寺","新東京百景","https://ja.wikipedia.org/wiki/新東京百景","表形式","北緯35度39分26.7秒東経139度44分53.8秒","東京都港区芝公園4丁目7番35号","北緯35度39分26.7秒東経139度44分53.8秒﻿ / ﻿北緯35.657417度 東経139.748278度﻿ /35.657417; 139.748278座標:北緯35度39分26.7秒東経139度44分53.8秒﻿ / ﻿北緯35.657417度 東経139.748278度﻿ /35.657417; 139.748278","","","","7010405001420","","三縁山（さんえんざん）","阿弥陀如来","明徳4年（1393年）","鎮西派","","江戸三十三箇所21番","","","三解脱門、紙本著色法然上人絵伝ほか（重要文化財）徳川家霊廟","聖聡","三縁山 広度院 増上寺",""
"迎賓館","[14迎賓館(旧赤坂離宮)港区元赤坂2-1-1四ツ谷駅] 赤坂迎賓館（2018年6月24日撮影）","https://ja.wikipedia.org/wiki/迎賓館","新東京百景","https://ja.wikipedia.org/wiki/新東京百景","表形式","","","","","","","","","","","","","","","","","","","",""
"泉岳寺","[15泉岳寺港区高輪2-11-1泉岳寺駅] 泉岳寺 （せんがくじ）は、 東京都 港区 高輪 2-11-1にある 曹洞宗 の 寺院 。 青松寺 ・ 総泉寺 とともに曹洞宗 江戸三箇寺 の1つに数えられる  。","https://ja.wikipedia.org/wiki/泉岳寺","新東京百景","https://ja.wikipedia.org/wiki/新東京百景","表形式","北緯35度38分15.8秒東経139度44分10.6秒","東京都港区高輪二丁目11番1号","北緯35度38分15.8秒東経139度44分10.6秒﻿ / ﻿北緯35.637722度 東経139.736278度﻿ /35.637722; 139.736278座標:北緯35度38分15.8秒東経139度44分10.6秒﻿ / ﻿北緯35.637722度 東経139.736278度﻿ /35.637722; 139.736278","","","","6010405001413","","萬松山","釈迦如来","慶長17年（1612年）","曹洞宗","","","","","浅野長矩・赤穂浪士墓（国の史跡）","門庵宗関、徳川家康（願主）","",""
"新宿御苑","[16新宿御苑新宿区内藤町新宿御苑前駅] 新宿御苑 （しんじゅくぎょえん）は、 東京都 新宿区 と 渋谷区 に跨がる 環境省 所管の 庭園 である。","https://ja.wikipedia.org/wiki/新宿御苑","新東京百景","https://ja.wikipedia.org/wiki/新東京百景","表形式","北緯35度41分7秒東経139度42分35秒","日本東京都新宿区、渋谷区","","58.3 ha","公式ホームページ","国民公園","","環境省","","","","","1906年（明治39年）5月","","日本庭園、旧洋館御休所、旧御涼亭","〒160-0014東京都新宿区内藤町11番地","","","","200台"
"新宿","[17新宿超高層ビルと新宿中央公園新宿区西新宿都庁前駅など] 新宿一帯は 1889年 （ 明治 22年）の 町村制 施行で 南豊島郡 内藤新宿町 となる。 1896年 （明治29年）南豊島郡と 東多摩郡 の合併で 豊多摩郡 の所属となる。 1920年 （ 大正 9年）に 東京市 四谷区 に編入、 1947年 （昭和22年） 3月15日 には四谷区、 牛込区 、 淀橋区 が統合されて 新宿区 となる。","https://ja.wikipedia.org/wiki/新宿","新東京百景","https://ja.wikipedia.org/wiki/新東京百景","表形式","","","","","","","","","","","","","","","","","","","",""
"明治神宮外苑","[18神宮外苑新宿区霞ヶ丘町外苑前駅など] 明治神宮外苑 （めいじじんぐうがいえん）は、 東京都 新宿区 霞ヶ丘町 ・ 港区 北青山 （一部）にある洋風庭園である。 明治神宮 の敷地内。通常は略して 神宮外苑 と呼ばれることが多い。異称として 神宮の杜 とも呼ばれる  。","https://ja.wikipedia.org/wiki/明治神宮外苑","新東京百景","https://ja.wikipedia.org/wiki/新東京百景","表形式","","","","","","","","","","","","","","","","","","","",""
"湯島天満宮","[19湯島天神文京区湯島3-30-1湯島駅] 湯島天満宮 （ゆしまてんまんぐう）は、 東京都 文京区 湯島 三丁目にある 神社 。 旧社格 は 府社 で、現在は 神社本庁 の 別表神社 。神紋は「加賀梅鉢紋」。","https://ja.wikipedia.org/wiki/湯島天満宮","新東京百景","https://ja.wikipedia.org/wiki/新東京百景","表形式","北緯35度42分27.98秒東経139度46分5.61秒","東京都文京区湯島三丁目30番1号","北緯35度42分27.98秒東経139度46分5.61秒﻿ / ﻿北緯35.7077722度 東経139.7682250度﻿ /35.7077722; 139.7682250﻿ (湯島天満宮)座標:北緯35度42分27.98秒東経139度46分5.61秒﻿ / ﻿北緯35.7077722度 東経139.7682250度﻿ /35.7077722; 139.7682250﻿ (湯島天満宮)","","","","","","","","","","","","","","","","",""
"六義園","[20六義園文京区本駒込6駒込駅] 六義園 （りくぎえん）は、 東京都 文京区 本駒込 六丁目にある 都立庭園 。","https://ja.wikipedia.org/wiki/六義園","新東京百景","https://ja.wikipedia.org/wiki/新東京百景","表形式","北緯35度43分59.0秒東経139度44分48.0秒","東京都文京区本駒込六丁目","","87,809.41m2","公式ホームページ","都立庭園・特別名勝","","東京都公園協会2011～2015年度指定管理者","","","","","","","集会場（心泉亭）、茶室（宣春亭）","","","","",""
"小石川後楽園","[21小石川後楽園文京区後楽1-6-6後楽園駅など] 小石川後楽園 （こいしかわこうらくえん）は、 東京都 文京区 後楽 一丁目にある 都立庭園 。 江戸時代 初期に 水戸徳川家 の 江戸 上屋敷内につくられた築山泉水回遊式の 日本庭園 （ 大名庭園 ）である。国の 特別史跡 及び 特別名勝 に指定されている  。","https://ja.wikipedia.org/wiki/小石川後楽園","新東京百景","https://ja.wikipedia.org/wiki/新東京百景","表形式","北緯35度42分18.4秒東経139度44分59.6秒","日本東京都文京区後楽一丁目","","7ha","小石川後楽園","都立庭園・特別名勝・特別史跡","","東京都公園協会2011～2015年度指定管理者","","","","","1938年4月3日","","集会場（涵徳亭）","東京都文京区後楽1-6-6","","","","なし"
"東京大学の建造物","[22東大赤門と安田講堂文京区本郷7東大前駅など] 東京大学の建造物 （とうきょうだいがくのけんぞうぶつ）では、 東京大学 の敷地内にある建造物について解説している。","https://ja.wikipedia.org/wiki/東京大学の建造物","新東京百景","https://ja.wikipedia.org/wiki/新東京百景","表形式","","","","","","","","","","","","","","","","","","","",""
"浅草寺","[23浅草寺と仲見世台東区浅草1、2浅草駅] 浅草寺 （せんそうじ）は、 東京都 台東区 浅草 2丁目にある東京都内最古の 寺 である。正式には 金龍山浅草寺 （きんりゅうざんせんそうじ）と号し、観音菩薩を本尊とすることから 浅草観音 （あさくさかんのん）として知られている。 山号 は金龍山。","https://ja.wikipedia.org/wiki/浅草寺","新東京百景","https://ja.wikipedia.org/wiki/新東京百景","表形式","北緯35度42分53秒東経139度47分48.3秒","東京都台東区浅草二丁目3番1号","北緯35度42分53秒東経139度47分48.3秒﻿ / ﻿北緯35.71472度 東経139.796750度﻿ /35.71472; 139.796750座標:北緯35度42分53秒東経139度47分48.3秒﻿ / ﻿北緯35.71472度 東経139.796750度﻿ /35.71472; 139.796750","","","","2010505000327","","金龍山","聖観世音菩薩（絶対秘仏）","（伝）推古天皇36年（628年）","聖観音宗（天台宗系単立）","","坂東三十三箇所13番江戸三十三箇所1番","","","法華経（国宝）二天門・伝法院・元版一切経（重要文化財）","（伝）土師中知（真中知）","金龍山淺草寺金龍山浅草寺",""
"上野恩賜公園","[24上野公園台東区上野公園、池之端3上野駅] 上野恩賜公園 （うえのおんしこうえん）は、 東京都 台東区 にある 公園 。通称 上野公園 。「上野の森」とも呼ばれ、 武蔵野台地 末端の 舌状台地 「上野台」に公園が位置することから「上野の山」とも呼ばれる。面積は約53haである  。 東京都建設局 の管轄。公園内には博物館、動物園等、多くの文化施設が存在する。「上野公園」は台東区の町名でもある。","https://ja.wikipedia.org/wiki/上野恩賜公園","新東京百景","https://ja.wikipedia.org/wiki/新東京百景","表形式","北緯35度42分44秒東経139度46分16秒","日本東京都台東区上野公園","","53.8ヘクタール","","都市公園","","","","","","","1873年10月19日","","東京国立博物館、国立西洋美術館、国立科学博物館、恩賜上野動物園他多数","〒110-0007 東京都台東区上野公園7-47","","","","有り"
"隅田公園","[25隅田公園台東区花川戸〜今戸、墨田区向島浅草駅] 隅田公園 （すみだこうえん）は、 東京都 の 隅田川 沿いにある 公園 で、右岸の 台東区 浅草 、 花川戸 、 今戸 （ 地図 ）と左岸の 墨田区 向島 （ 地図 ）にまたがる。春には 桜 が満開になり、夏には 隅田川花火大会 が行われる。","https://ja.wikipedia.org/wiki/隅田公園","新東京百景","https://ja.wikipedia.org/wiki/新東京百景","表形式","","","","","","","","","","","","","","","","","","","",""
"向島百花園","[26向島百花園墨田区東向島3東向島駅] 向島百花園 （むこうじまひゃっかえん）は、 東京都 墨田区 東向島 三丁目にある 都立庭園 で、 江戸時代 に発祥をもつ花園である。みどころは早春の 梅 と秋の 萩 である。 隅田川七福神 の発祥の地であり 佐原鞠塢 が所有していた、ともいわれる「 福禄寿 」が祭られている。","https://ja.wikipedia.org/wiki/向島百花園","新東京百景","https://ja.wikipedia.org/wiki/新東京百景","表形式","北緯35度43分27.1秒東経139度48分55.6秒","東京都墨田区東向島三丁目","","8,718.52m2","公式ホームページ","都立庭園・名勝・史跡","","東京都公園協会2011～2015年度指定管理者","","","","","","","集会場（御成座敷）","","","","",""
"清澄庭園","[27清澄庭園江東区清澄3清澄白河駅] 清澄庭園 （きよすみていえん）は、 東京都 江東区 清澄 にある 都立庭園 。池の周囲に築山や名石を配置した 回遊式林泉庭園 で、 東京都指定名勝 に指定されている。","https://ja.wikipedia.org/wiki/清澄庭園","新東京百景","https://ja.wikipedia.org/wiki/新東京百景","表形式","北緯35度40分47.8秒東経139度47分51.8秒","日本東京都江東区清澄三丁目","","37,434.32m2","清澄庭園","都立庭園・都指定名勝","","東京都公園協会2011～2015年度指定管理者","","","","","1932年7月24日","","集会場（涼亭・大正記念館）、児童遊園","東京都江東区清澄3-3-9","","","",""
"亀戸天神社","[28亀戸天神江東区亀戸3-6-1亀戸駅] 亀戸天神社 （かめいどてんじんしゃ）は、 東京都 江東区 亀戸 にある 神社 （ 天満宮 ）である。 菅原道真 を祀り、学問の神として親しまれている。特に1・2月の受験シーズンの土曜・日曜には、道真の加護を求めて 絵馬 を奉納する受験生で境内が溢れる。通称は 亀戸天神 、 亀戸天満宮 または 東宰府天満宮 。","https://ja.wikipedia.org/wiki/亀戸天神社","新東京百景","https://ja.wikipedia.org/wiki/新東京百景","表形式","北緯35度42分10秒東経139度49分15秒","東京都江東区亀戸3丁目6番1号","北緯35度42分10秒東経139度49分15秒﻿ / ﻿北緯35.70278度 東経139.82083度﻿ /35.70278; 139.82083﻿ (亀戸天神社)座標:北緯35度42分10秒東経139度49分15秒﻿ / ﻿北緯35.70278度 東経139.82083度﻿ /35.70278; 139.82083﻿ (亀戸天神社)","","","","","","","","","","","","","","","","",""
"清洲橋","[29清洲橋と新大橋中央区日本橋中洲〜江東区清澄1水天宮前駅など] 清洲橋 （きよすばし）は、 隅田川 にかかる 橋 で、 東京都道474号浜町北砂町線 （ 清洲橋通り ）を通す。西岸は 中央区 日本橋中洲 、東岸は 江東区 清澄 一丁目。「清洲」という名称は公募により、建設当時の両岸である深川区 清 住町と日本橋区中 洲 町から採られた。","https://ja.wikipedia.org/wiki/清洲橋","新東京百景","https://ja.wikipedia.org/wiki/新東京百景","表形式","","","","","","","","","","","","","","","","","","","",""
"品川神社","[30品川神社品川区北品川3-7-15新馬場駅] 品川神社 （しながわじんじゃ）は、 東京都 品川区 北品川三丁目にある 神社 。元 准勅祭社 として 東京十社 のひとつでもある。 また 東海七福神 の一社として、 大黒天 を祀る。","https://ja.wikipedia.org/wiki/品川神社","新東京百景","https://ja.wikipedia.org/wiki/新東京百景","表形式","北緯35度37分6.5秒東経139度44分22.7秒","東京都品川区北品川三丁目7番15号","北緯35度37分6.5秒東経139度44分22.7秒﻿ / ﻿北緯35.618472度 東経139.739639度﻿ /35.618472; 139.739639座標:北緯35度37分6.5秒東経139度44分22.7秒﻿ / ﻿北緯35.618472度 東経139.739639度﻿ /35.618472; 139.739639","","","","","","","","","","","","","","","","",""
"大井ふ頭中央海浜公園","[31大井埠頭中央海浜公園とモノレール品川区八潮大井競馬場前駅] 大井ふ頭中央海浜公園 （おおいふとうちゅうおうかいひんこうえん）は 東京都 品川区 および 大田区 に所在する 東京都港湾局 が管理する 海上公園 である。","https://ja.wikipedia.org/wiki/大井ふ頭中央海浜公園","新東京百景","https://ja.wikipedia.org/wiki/新東京百景","表形式","北緯35度35分31.8秒東経139度45分10.1秒","日本東京都品川区八潮4丁目1番19号","","454,271m2","","海上公園","","日比谷アメニス南部地区（18公園）グループ","","","","","1978年4月1日","","","","","","",""
"潮風公園","[32潮風公園品川区東八潮台場駅] 潮風公園 （しおかぜこうえん）は、 東京都 品川区 東八潮 にある 都立公園 である。 1974年 6月1日 開園、面積は約15.5ha。開園当時の名称は「 13号地公園 」であった。","https://ja.wikipedia.org/wiki/潮風公園","新東京百景","https://ja.wikipedia.org/wiki/新東京百景","表形式","","","","","","","","","","","","","","","","","","","",""
"瀧泉寺","[33目黒不動尊目黒区下目黒3-20-26不動前駅] 瀧泉寺 （りゅうせんじ）は、 日本 の 南関東 の、 東京都 目黒区 下目黒 に所在する、 天台宗 の 寺院 。 山号 は 泰叡山 （たいえいざん）。 不動明王 像を 本尊 とすることから、古くより「 目黒不動尊 （めぐろ ふどうそん）」「 目黒不動 」「 お不動さん  」などと 通称 されている。","https://ja.wikipedia.org/wiki/瀧泉寺","新東京百景","https://ja.wikipedia.org/wiki/新東京百景","表形式","北緯35度37分43秒東経139度42分29秒","東京都目黒区下目黒3-20-26","北緯35度37分43秒東経139度42分29秒﻿ / ﻿北緯35.62861度 東経139.70806度﻿ /35.62861; 139.70806座標:北緯35度37分43秒東経139度42分29秒﻿ / ﻿北緯35.62861度 東経139.70806度﻿ /35.62861; 139.70806","","","","3013205000166","","泰叡山","不動明王","伝・808年（大同3年）","天台宗","","江戸五色不動江戸三十三箇所33番関東三十六不動18番元祖山手七福神（寿老人）","","","青木昆陽墓（国の史跡）ほか","伝・円仁","泰叡山瀧泉寺",""
"大円寺 (目黒区)","[34大円寺の石仏群目黒区下目黒1-8-5目黒駅] 大円寺 （だいえんじ）は、 東京都 目黒区 下目黒 一丁目にある 天台宗 の寺院。山号は松林山。本尊は 釈迦如来 。 大黒天 を祀り、 元祖山手七福神 のひとつとなっている。","https://ja.wikipedia.org/wiki/大円寺_(目黒区)","新東京百景","https://ja.wikipedia.org/wiki/新東京百景","表形式","","東京都目黒区下目黒1-8-5","","","","","5013205000098","","松林山","釈迦如来","寛永元年（1624年）","","","元祖山手七福神","","","","","",""
"池上本門寺","[35本門寺五重塔大田区池上1-1-1池上駅] 池上本門寺 （いけがみほんもんじ）は、 東京都 大田区 池上 にある 日蓮宗 の大本山。","https://ja.wikipedia.org/wiki/池上本門寺","新東京百景","https://ja.wikipedia.org/wiki/新東京百景","表形式","北緯35度34分44秒東経139度42分18.6秒","東京都大田区池上一丁目1番1号","北緯35度34分44秒東経139度42分18.6秒﻿ / ﻿北緯35.57889度 東経139.705167度﻿ /35.57889; 139.705167﻿ (池上本門寺)座標:北緯35度34分44秒東経139度42分18.6秒﻿ / ﻿北緯35.57889度 東経139.705167度﻿ /35.57889; 139.705167﻿ (池上本門寺)","","","","1010805000093","","長栄山","三宝尊","1282年（弘安5年）","日蓮宗","","日蓮聖人霊跡東国花の寺百ヶ寺東京4番京浜四大本山","","","木造日蓮聖人坐像（重要文化財）ほか","池上宗仲","長栄山大国院本門寺",""
"東京国際空港","[36羽田空港大田区羽田空港1・2羽田空港第1・第2ターミナル駅など] 東京国際空港 （とうきょうこくさいくうこう、 英 : Tokyo International Airport ）は、 東京都 大田区 羽田空港 にある 日本 最大の 空港 。 通称 、 羽田空港 （はねだくうこう、 英 : Haneda Airport ）。単に ｢ 羽田 ｣ と呼ばれる場合もある。 IATA空港コード は HND 。","https://ja.wikipedia.org/wiki/東京国際空港","新東京百景","https://ja.wikipedia.org/wiki/新東京百景","表形式","北緯35度33分12秒東経139度46分52秒","東京都大田区羽田空港","","","tokyo-haneda.com","","","国土交通大臣","","","","","","","","","","","",""
"田園調布駅","[37田園調布駅から多摩川台公園大田区田園調布3・4田園調布駅など] 田園調布駅 （でんえんちょうふえき）は、 東京都 大田区 田園調布 三丁目にある、 東急電鉄 の 駅 である  。","https://ja.wikipedia.org/wiki/田園調布駅","新東京百景","https://ja.wikipedia.org/wiki/新東京百景","表形式","北緯35度35分48.8秒東経139度40分2.3秒","東京都大田区田園調布三丁目25-18北緯35度35分48.8秒東経139度40分2.3秒﻿ / ﻿北緯35.596889度 東経139.667306度﻿ /35.596889; 139.667306座標:北緯35度35分48.8秒東経139度40分2.3秒﻿ / ﻿北緯35.596889度 東経139.667306度﻿ /35.596889; 139.667306","","","","","","","","","","","","","","","","","",""
"谷沢川","[38等々力渓谷世田谷区等々力1・2、野毛1、中町1等々力駅] 谷沢川 （やざわがわ）は、 東京都 世田谷区 を流れる 多摩川 水系の 一級河川 である。","https://ja.wikipedia.org/wiki/谷沢川","新東京百景","https://ja.wikipedia.org/wiki/新東京百景","表形式","","","","","","","","","","","","","","","","","","","",""
"駒沢オリンピック公園","[39駒沢オリンピック公園世田谷区駒沢公園1-1駒沢大学駅] 駒沢オリンピック公園 （こまざわオリンピックこうえん、 英語 : Komazawa Olympic Park）は、 東京都 世田谷区 および 目黒区 にある 運動公園 。","https://ja.wikipedia.org/wiki/駒沢オリンピック公園","新東京百景","https://ja.wikipedia.org/wiki/新東京百景","表形式","北緯35度37分32.9秒東経139度39分41.8秒","日本東京都世田谷区駒沢公園、東京都目黒区東が丘2丁目・八雲5丁目","","41.3ha","http://www.tef.or.jp/kopgp/","運動公園","","東京都公園協会2011～2015年度指定管理者","","","","","","","陸上競技場球技場体育館他","","","","",""
"世田谷代官屋敷","[40世田谷代官屋敷世田谷区世田谷1-29-18上町駅] 世田谷代官屋敷 （せたがやだいかんやしき）は、 彦根藩 世田谷領の 代官 を世襲した大場家の私邸かつ役宅で、大場代官屋敷とも呼ばれる。現在の 東京都 世田谷区 世田谷1丁目に置かれた。 1952年 （ 昭和 27年）に東京都指定史跡に、 1978年 （ 昭和 53年）に大場家住宅主屋及び表門の二棟が重要文化財に指定された。","https://ja.wikipedia.org/wiki/世田谷代官屋敷","新東京百景","https://ja.wikipedia.org/wiki/新東京百景","表形式","北緯35度38分29.0秒東経139度38分51.6秒","〒154-0017東京都世田谷区世田谷1-29-18","","","","","","","","","","","","","","","重要文化財","","",""
"明治神宮","[41明治神宮渋谷区代々木神園町1-1明治神宮前駅など] 明治神宮 （めいじじんぐう）は、 東京都 渋谷区 にある 神社 。 旧社格 は官幣大社で、 勅祭社 。","https://ja.wikipedia.org/wiki/明治神宮","新東京百景","https://ja.wikipedia.org/wiki/新東京百景","表形式","北緯35度40分34秒東経139度41分57秒","東京都渋谷区代々木神園町1番1号","北緯35度40分34秒東経139度41分57秒﻿ / ﻿北緯35.67611度 東経139.69917度﻿ /35.67611; 139.69917﻿ (明治神宮)座標:北緯35度40分34秒東経139度41分57秒﻿ / ﻿北緯35.67611度 東経139.69917度﻿ /35.67611; 139.69917﻿ (明治神宮)","","","","","","","","","","","","","","","","",""
"代々木公園","[42代々木公園と表参道渋谷区代々木神園町、神南、神宮前表参道駅など] 代々木公園 （よよぎこうえん）は、 東京都 渋谷区 にある 公園 である。所轄は 東京都建設局 、指定管理者は 東京都公園協会 で、代々木公園管理事務所が管理している。","https://ja.wikipedia.org/wiki/代々木公園","新東京百景","https://ja.wikipedia.org/wiki/新東京百景","表形式","北緯35度40分19.11秒東経139度41分51.67秒","日本東京都渋谷区代々木神園町・神南二丁目","","54ha","代々木公園","","","東京都公園協会2011～2015年度指定管理者","","","","","1967年（昭和42年）10月20日","","","〒151-0052東京都渋谷区代々木神園町2-1","","","",""
"梅照院","[43新井薬師中野区新井5-3-5新井薬師前駅] 梅照院 （ばいしょういん）は、東京都中野区にある 真言宗豊山派 の 寺院 。一般には、 新井薬師 （あらいやくし）として知られている。山号は新井山。 新井山梅照院'（あらいさんばいしょういん)と号する。","https://ja.wikipedia.org/wiki/梅照院","新東京百景","https://ja.wikipedia.org/wiki/新東京百景","表形式","北緯35度42分50.9秒東経139度40分3.2秒","東京都中野区新井5-3-5","北緯35度42分50.9秒東経139度40分3.2秒﻿ / ﻿北緯35.714139度 東経139.667556度﻿ /35.714139; 139.667556座標:北緯35度42分50.9秒東経139度40分3.2秒﻿ / ﻿北緯35.714139度 東経139.667556度﻿ /35.714139; 139.667556","","","","7011205000307","","新井山","薬師如来、如意輪観音","天正4年（1586年）","真言宗豊山派","","御府内八十八箇所71番新東京百景","","","","行春","新井山 梅照院 薬王寺",""
"哲学堂公園","[44哲学堂中野区松が谷1新井薬師前駅] 座標 : .mw-parser-output .geo-default,.mw-parser-output .geo-dms,.mw-parser-output .geo-dec{display:inline}.mw-parser-output .geo-nondefault,.mw-parser-output .geo-multi-punct{display:none}.mw-parser-output .longitude,.mw-parser-output .latitude{white-space:nowrap} 北緯35度43分20秒 東経139度40分27秒 ﻿ / ﻿ 北緯35.72222度 東経139.67417度 ﻿ / 35.72222; 139.67417","https://ja.wikipedia.org/wiki/哲学堂公園","新東京百景","https://ja.wikipedia.org/wiki/新東京百景","表形式","","","","","","","","","","","","","","","","","","","",""
"善福寺公園","[45善福寺公園杉並区善福寺2・3西荻窪駅などよりバス(「善福寺公園」停留所)] 善福寺公園 （ぜんぷくじこうえん）は 東京都 杉並区 にある 東京都建設局 所轄の 都立公園 である。","https://ja.wikipedia.org/wiki/善福寺公園","新東京百景","https://ja.wikipedia.org/wiki/新東京百景","表形式","北緯35度42分53.3秒東経139度35分27.7秒","日本東京都杉並区","","7.8ha","公式サイト","都立公園","","東京都公園協会2011～2015年度指定管理者","","","","","1961年（昭和36年）6月","","","東京都杉並区善福寺3-9-10","","","",""
"サンシャインシティ","[46サンシャインシティと都電豊島区東池袋3東池袋四丁目停留場など] 248店","https://ja.wikipedia.org/wiki/サンシャインシティ","新東京百景","https://ja.wikipedia.org/wiki/新東京百景","表形式","","〒170-0013東京都豊島区東池袋3-1-3","","","","","","","","","","","","","","","","","",""
"法明寺 (豊島区)","[47雑司ヶ谷鬼子母神豊島区雑司ヶ谷3-15-20雑司が谷駅] 法明寺 （ほうみょうじ）は、 東京都 豊島区 南池袋 にある、 日蓮宗 の 寺院 。山号は威光山。飛地境内に 鬼子母神堂 がある。","https://ja.wikipedia.org/wiki/法明寺_(豊島区)","新東京百景","https://ja.wikipedia.org/wiki/新東京百景","表形式","北緯35度43分27.7秒東経139度42分49.5秒","東京都豊島区南池袋3-18-18","北緯35度43分27.7秒東経139度42分49.5秒﻿ / ﻿北緯35.724361度 東経139.713750度﻿ /35.724361; 139.713750","","","","8013305000219","","威光山","三宝尊","伝・810年（弘仁1年）","日蓮宗","","","","","雑司ヶ谷鬼子母神堂（重要文化財）ほか","","威光山法明寺",""
"飛鳥山公園","[48飛鳥山公園北区西ケ原2-16王子駅] 飛鳥山公園 （あすかやまこうえん）は、 東京都 北区 にある区立 公園 。東京都内の 桜 の名所の1つ。 江戸 享保 期に行楽地として整備され、 明治 6年（ 1873年 ）3月には日本最初の公園の一つに指定された。園内に残る 渋沢栄一 の旧邸の遺構は国の 重要文化財 に指定されている。","https://ja.wikipedia.org/wiki/飛鳥山公園","新東京百景","https://ja.wikipedia.org/wiki/新東京百景","表形式","北緯35度45分2.02秒東経139度44分20.00秒","東京都北区王子1-1-3","","73,000 m2","","都市公園","","","","","","","","","博物館、庭園、野外ステージ、児童公園、噴水","","","","","普通車21台、障害者用2台、大型車輌4台"
"旧古河庭園","[49旧古河庭園北区西ケ原1-27-39西ケ原駅] 旧古河庭園 （きゅうふるかわていえん）は、 東京都 北区 西ケ原 にある 都立庭園 である。 1919年 （ 大正 8年）に 古河財閥 の 古河虎之助 男爵 の邸宅として現在の形（洋館、西洋庭園、日本庭園）に整えられた。現在は 国有財産 であり、東京都が借り受けて一般公開している。国の 名勝 に指定されている。東京の バラ の名所として親しまれている。","https://ja.wikipedia.org/wiki/旧古河庭園","新東京百景","https://ja.wikipedia.org/wiki/新東京百景","表形式","北緯35度44分33秒東経139度44分46秒","東京都北区西ケ原一丁目","","30,780.86m2","公式ホームページ","都立庭園・名勝","","東京都公園協会2011～2015年度指定管理者","","","","","","","洋館・茶室（公財）大谷美術館の管理","","","","",""
"荒川自然公園","[50荒川自然公園荒川区荒川8-25-3荒川二丁目停留場] 荒川自然公園 （あらかわしぜんこうえん）は、 東京都 荒川区 荒川 にある区立 公園 である。","https://ja.wikipedia.org/wiki/荒川自然公園","新東京百景","https://ja.wikipedia.org/wiki/新東京百景","表形式","北緯35度44分26.5秒東経139度47分8.1秒","日本東京都荒川区","","61,068.03m²","荒川自然公園","区立公園","","","","","","","1974年4月26日","","","東京都荒川区荒川8丁目25番3号","","","","なし"
"乗蓮寺","[51東京大仏板橋区赤塚5-28-3高島平駅などよりバス(「区立美術館」停留所)] 乗蓮寺 （じょうれんじ）は、 東京都 板橋区 赤塚 五丁目にある 浄土宗 の寺院。 東京大仏 （俗に赤塚大仏とも）があることで知られている。「東京大仏」は当該寺院の異称にもなっている。毎年 初詣 には、周辺住民及び 高島平 団地居住者も多く参拝し、板橋区内でも随一の賑わいを見せる。","https://ja.wikipedia.org/wiki/乗蓮寺","新東京百景","https://ja.wikipedia.org/wiki/新東京百景","表形式","北緯35度46分54.5秒東経139度38分38.8秒","〒175-0092東京都板橋区赤塚5丁目28番3号","北緯35度46分54.5秒東経139度38分38.8秒﻿ / ﻿北緯35.781806度 東経139.644111度﻿ /35.781806; 139.644111座標:北緯35度46分54.5秒東経139度38分38.8秒﻿ / ﻿北緯35.781806度 東経139.644111度﻿ /35.781806; 139.644111","","","","1011405000384","","赤塚山慶學山孤雲山","阿弥陀如来","応永年間（1394年 – 1427年）","浄土宗","","","","","","","赤塚山慶学院乗蓮寺赤塚山慶學院乘蓮寺",""
"石神井公園","[52石神井公園と三宝寺池練馬区石神井台1・2、石神井5石神井公園駅] 東京都立石神井公園 （とうきょうとりつ・しゃくじいこうえん）は、 東京都 練馬区 にある 都立公園 、 風致公園 である。三宝寺（さんぽうじ）池と石神井池を中心に、 雑木林 、高い木立がそびえる広場、史跡、運動場などからなる。 武蔵野 の緑を色濃く残す。三宝寺池北側の「 石神井松の風文化公園 」などは区立公園（都市計画上は石神井公園）。","https://ja.wikipedia.org/wiki/石神井公園","新東京百景","https://ja.wikipedia.org/wiki/新東京百景","表形式","北緯35度44分20秒東経139度35分51秒","日本東京都練馬区石神井台一丁目","","20.1ha","公式サイト","都立公園(風致公園)・天然記念物","","東京都公園協会2011〜2015年度指定管理者","","","","","1959年3月11日","","史跡、神社、野球場、小野球場、テニスコート、野外ステージ、ボート場、公園遊具、売店（2つ）","練馬区石神井台一丁目26-1","","","","70台"
"總持寺 (足立区)","[53西新井大師足立区西新井1-15-1大師前駅] 總持寺 （そうじじ）は、 東京都 足立区 西新井 一丁目にある 真言宗豊山派 の寺で、 西新井大師 （にしあらいだいし）の通称で広く知られる。山号を五智山と称し、寺名は詳しくは五智山遍照院總持寺（ごちさん へんじょういん そうじじ）と称する。古くから「関東の 高野山  」とも呼ばれる。","https://ja.wikipedia.org/wiki/總持寺_(足立区)","新東京百景","https://ja.wikipedia.org/wiki/新東京百景","表形式","北緯35度46分48.5秒東経139度46分48.0秒","東京都足立区西新井一丁目15番1号","北緯35度46分48.5秒東経139度46分48.0秒﻿ / ﻿北緯35.780139度 東経139.780000度﻿ /35.780139; 139.780000座標:北緯35度46分48.5秒東経139度46分48.0秒﻿ / ﻿北緯35.780139度 東経139.780000度﻿ /35.780139; 139.780000","","","","6011805000161","","五智山（ごちさん）","十一面観世音菩薩、弘法大師","伝・天長3年（826年）","真言宗豊山派","","関東三大師関東八十八箇所特別霊場関東三十六不動26番東国花の寺百ヶ寺 東京1番","","","鋳銅刻画蔵王権現像（国宝、東京国立博物館寄託）絹本著色弘法大師像、銅鐘ほか（重要文化財）","伝・空海","五智山 遍照院 總持寺",""
"柴又帝釈天","[54柴又帝釈天葛飾区柴又7-10-3柴又駅] 柴又帝釈天 （しばまたたいしゃくてん）または、 帝釈天 題経寺 （たいしゃくてん だいきょうじ）は、 東京都 葛 飾区 柴又 七丁目にある 日蓮宗 の 寺院 である。正式には 経栄山題経寺 （きょうえいざん だいきょうじ）と号する。旧本山は大本山中山 法華経寺（なかやま ほけきょうじ） 。親師法縁。","https://ja.wikipedia.org/wiki/柴又帝釈天","新東京百景","https://ja.wikipedia.org/wiki/新東京百景","表形式","北緯35度45分30.24秒東経139度52分41.52秒","東京都葛飾区柴又七丁目10番3号","北緯35度45分30.24秒東経139度52分41.52秒﻿ / ﻿北緯35.7584000度 東経139.8782000度﻿ /35.7584000; 139.8782000座標:北緯35度45分30.24秒東経139度52分41.52秒﻿ / ﻿北緯35.7584000度 東経139.8782000度﻿ /35.7584000; 139.8782000","","","","8011805000432","","経栄山","大曼荼羅","寛永6年（1629年）","日蓮宗","","柴又七福神（毘沙門天）","","","","禅那院日忠、題経院日栄","経栄山題経寺（歴史的・非略体）柴又帝釋天經榮山題經寺",""
"水元公園","[55水元公園葛飾区水元公園、東水元金町駅などよりバス(「水元公園」停留所)] 水元公園 （みずもとこうえん）は、 東京都 葛飾区 にある 都立公園 である。 東京23区 中で最大規模の公園である。水域面積の多い 水郷 公園としての特色がある。","https://ja.wikipedia.org/wiki/水元公園","新東京百景","https://ja.wikipedia.org/wiki/新東京百景","表形式","北緯35度47分37秒東経139度52分15秒","日本東京都葛飾区","","96.3ha","水元公園","都立公園","","東京都公園協会指定管理者","","","","","1965年4月1日","","","東京都葛飾区水元公園3-2","","","",""
"小松川境川親水公園 (存在しないページ)","[56小松川境川親水公園江戸川区中央4〜東小松川3新小岩駅などよりバス(「江戸川高前」停留所)]","https://ja.wikipedia.org/w/index.php?title=小松川境川親水公園&amp;action=edit&amp;redlink=1","新東京百景","https://ja.wikipedia.org/wiki/新東京百景","表形式","","","","","","","","","","","","","","","","","","","",""
"高尾山","[57高尾山八王子市高尾町高尾山口駅] 高尾山 （たかおさん  ）は、 東京都 八王子市 にある 標高 599 メートル （m）の 山 。 明治の森高尾国定公園 及び 東京都立高尾陣場自然公園 に位置  。東京 都心 から近く、年間を通じて多くの 観光 客や 登山 者が訪れる。古くから 修験道 の 霊山 とされた。","https://ja.wikipedia.org/wiki/高尾山","新東京百景","https://ja.wikipedia.org/wiki/新東京百景","表形式","北緯35度37分31秒東経139度14分37秒","日本東京都八王子市高尾町","北緯35度37分31秒東経139度14分37秒﻿ / ﻿北緯35.62528度 東経139.24361度﻿ /35.62528; 139.24361座標:北緯35度37分31秒東経139度14分37秒﻿ / ﻿北緯35.62528度 東経139.24361度﻿ /35.62528; 139.24361","","","","","","","","","","","","","","","","",""
"普済寺 (立川市)","[58普済寺立川市柴崎町4-20-46柴崎体育館駅] 普済寺 （ふさいじ）は、 東京都 立川市 柴崎町 にある 臨済宗建長寺派 の寺院。山号は玄武山。本尊は 聖観音菩薩 。","https://ja.wikipedia.org/wiki/普済寺_(立川市)","新東京百景","https://ja.wikipedia.org/wiki/新東京百景","表形式","","東京都立川市柴崎町4-20-46","","","","","5012805000334","","玄武山","聖観音菩薩","文和年間","臨済宗建長寺派","","","","","石幢（国宝・考古資料）","立河宗恒","",""
"成蹊大学","[59成蹊学園のけやき並木武蔵野市吉祥寺北町3-3-1吉祥寺駅] 成蹊大学 （せいけいだいがく、 英語 : Seikei University ）は、 東京都 武蔵野市 吉祥寺北町 3-3-1に本部を置く 日本 の 私立大学 である。 1949年 に設置された。","https://ja.wikipedia.org/wiki/成蹊大学","新東京百景","https://ja.wikipedia.org/wiki/新東京百景","表形式","北緯35度42分41.3秒東経139度34分23.8秒","","","","","","","","","","","","","","","","","","",""
"井の頭恩賜公園","[60井の頭公園武蔵野市御殿山、三鷹市井の頭井の頭公園駅など] 井の頭恩賜公園  （いのかしらおんしこうえん  、Inokashira Park）は、 東京都 武蔵野市 と 三鷹市 にまたがる 都立 公園 である。","https://ja.wikipedia.org/wiki/井の頭恩賜公園","新東京百景","https://ja.wikipedia.org/wiki/新東京百景","表形式","北緯35度42分3秒東経139度34分27秒","日本東京都三鷹市、武蔵野市","","42ha","井の頭恩賜公園","","","","","","","","","","競技場（400mトラック）、テニスコート（6面）、野外ステージ、ボート場","東京都武蔵野市御殿山1-18-31","","","","60台"
"御岳山 (東京都)","[61御岳山青梅市御岳御嶽駅より御岳登山鉄道] 御岳山 （みたけさん）は、 東京都 青梅市 にある 標高 929mの 山 である。 武蔵御岳山 とも呼ばれる。古くから 山岳信仰 の対象となっており、山上には 武蔵御嶽神社 が建立されている。","https://ja.wikipedia.org/wiki/御岳山_(東京都)","新東京百景","https://ja.wikipedia.org/wiki/新東京百景","表形式","北緯35度46分58.3秒東経139度8分58.2秒","日本東京都青梅市","北緯35度46分58.3秒東経139度8分58.2秒﻿ / ﻿北緯35.782861度 東経139.149500度﻿ /35.782861; 139.149500座標:北緯35度46分58.3秒東経139度8分58.2秒﻿ / ﻿北緯35.782861度 東経139.149500度﻿ /35.782861; 139.149500","","","","","","","","","","","","","","","","",""
"塩船観音寺","[62塩船観音寺青梅市塩船194河辺駅よりバス(「塩船観音入口」停留所)] 塩船観音寺 （しおぶねかんのんじ）は、 東京都 青梅市 塩船 にある 真言宗醍醐派 の 別格本山 。山号は大悲山。 関東八十八ヶ所霊場 第七十二番札所、東国花の寺百ヶ寺東京第十三番札所、奥多摩新四国八十八ヶ所霊場第五十九番札所。 御詠歌 『わすれずも　みちびきたまえ　かんぜおん　ぐぜいのふねに　のりていたらむ』","https://ja.wikipedia.org/wiki/塩船観音寺","新東京百景","https://ja.wikipedia.org/wiki/新東京百景","表形式","北緯35度48分15.4秒東経139度16分52.4秒","東京都青梅市塩船194","北緯35度48分15.4秒東経139度16分52.4秒﻿ / ﻿北緯35.804278度 東経139.281222度﻿ /35.804278; 139.281222座標:北緯35度48分15.4秒東経139度16分52.4秒﻿ / ﻿北緯35.804278度 東経139.281222度﻿ /35.804278; 139.281222","","","","3013105000902","","大悲山","十一面千手千眼観世音菩薩","伝・大化年間（645年-650年）","真言宗醍醐派","","関東八十八ヶ所72番東国花の寺百ヶ寺東京13番奥多摩新四国59番","","","本堂・厨子、仁王門、阿弥陀堂、木造千手観音立像、木造二十八部衆立像（国の重要文化財）木造金剛力士立像2躯（都有形文化財）薬師堂、木造薬師如来立像、銅鐘ほか（市有形文化財）大スギ（都天然記念物）","伝・八百比丘尼","",""
"大國魂神社","[63大國魂神社と馬場大門けやき並木府中市宮町3-1府中駅など] 大國魂神社 （おおくにたまじんじゃ、 新字体 ： 大国魂神社）は、 東京都 府中市 に所在する 神社 。 武蔵国 の 総社 であり、東京五社の一社  。また、武蔵国の 一之宮（一宮） から六之宮までを合わせ祀るため、「 六所宮 」とも呼ばれる。","https://ja.wikipedia.org/wiki/大國魂神社","新東京百景","https://ja.wikipedia.org/wiki/新東京百景","表形式","北緯35度40分2.87秒東経139度28分44.19秒","東京都府中市宮町3-1","北緯35度40分2.87秒東経139度28分44.19秒﻿ / ﻿北緯35.6674639度 東経139.4789417度﻿ /35.6674639; 139.4789417﻿ (大國魂神社)座標:北緯35度40分2.87秒東経139度28分44.19秒﻿ / ﻿北緯35.6674639度 東経139.4789417度﻿ /35.6674639; 139.4789417﻿ (大國魂神社)","","","","","","","","","","","東京五社","","","","","",""
"拝島公園 (存在しないページ)","[64拝島公園昭島市拝島町1拝島駅などよりバス(「拝島大師」停留所)]","https://ja.wikipedia.org/w/index.php?title=拝島公園&amp;action=edit&amp;redlink=1","新東京百景","https://ja.wikipedia.org/wiki/新東京百景","表形式","","","","","","","","","","","","","","","","","","","",""
"深大寺","[65深大寺と神代植物公園調布市深大寺町調布駅などよりバス(「深大寺」停留所など)] 深大寺 （じんだいじ）は、 東京都 調布市 深大寺元町 にある 仏教 寺院 。 天台宗 別格 本山 で、 山号 は浮岳山。","https://ja.wikipedia.org/wiki/深大寺","新東京百景","https://ja.wikipedia.org/wiki/新東京百景","表形式","北緯35度40分3.09秒東経139度33分1.7秒","東京都調布市深大寺元町五丁目15番地1","北緯35度40分3.09秒東経139度33分1.7秒﻿ / ﻿北緯35.6675250度 東経139.550472度﻿ /35.6675250; 139.550472座標:北緯35度40分3.09秒東経139度33分1.7秒﻿ / ﻿北緯35.6675250度 東経139.550472度﻿ /35.6675250; 139.550472","","","","1012405000952","","浮岳山","宝冠阿弥陀如来像","天平5年（733年）","天台宗","","","","","銅造釈迦如来倚像（国宝）梵鐘（重要文化財）","満功上人","浮岳山 昌楽院 深大寺",""
"薬師池公園","[66薬師池公園町田市野津田町町田駅よりバス(「薬師池」停留所)] 薬師池公園 （やくしいけこうえん）は、 東京都 町田市 野津田町 の暖沢（ぬくざわ）地域にある町田市立の 都市公園 （特殊公園）。 新東京百景 、 日本の歴史公園100選 に選定、 東京都指定名勝 に指定されている。公園の中央部より東側に 薬師池 がある。","https://ja.wikipedia.org/wiki/薬師池公園","新東京百景","https://ja.wikipedia.org/wiki/新東京百景","表形式","北緯35度34分44秒東経139度26分52秒","日本東京都町田市野津田町3270","","141,654.28m2","町田市のサイト","都市公園（特殊公園）","","町田市","","","","","1976年（昭和51年）4月1日","","#主な施設を参照","","","","","あり"
"小金井公園","[67小金井公園小金井市桜町3、小平市小金井南町3武蔵小金井駅などよりバス(「小金井公園入口」停留所など)] 小金井公園 （こがねいこうえん）は、 東京都 小金井市 と一部が 小平市 ・ 西東京市 ・ 武蔵野市 にまたがる 東京都立 の 都市公園 （広域公園）である。正式名称は東京都立小金井公園（とうきょうとりつこがねいこうえん）。","https://ja.wikipedia.org/wiki/小金井公園","新東京百景","https://ja.wikipedia.org/wiki/新東京百景","表形式","北緯35度42分52秒東経139度31分08秒","日本東京都小金井市、小平市、西東京市、武蔵野市","","80.2ha","公式サイト","都市公園（広域公園）","","東京都公園協会2011～2015年度指定管理者","","","","","1954年（昭和29年）1月14日","","","東京都小金井市関野町一丁目13番1号","","","","あり（有料・700台）"
"玉川上水","[68玉川上水沿い自然遊歩道小平市たかの台鷹の台駅] 玉川上水 （たまがわじょうすい）は、かつて 江戸 市中へ飲料水を供給していた上水（ 上水道 として利用される 溝渠 ）であり、 江戸の六上水 の一つである。 1653年 （ 承応 2年）に多摩の 羽村 から 四谷 までの高低差92.3 メートル の間に全長42.74 キロメートル が築かれた  。また、一部区間は、現在でも 東京都水道局 の現役の水道施設として活用されている。","https://ja.wikipedia.org/wiki/玉川上水","新東京百景","https://ja.wikipedia.org/wiki/新東京百景","表形式","","","","","","","","","","","","","","","","","","","",""
"金剛寺 (日野市)","[69高幡不動尊日野市高幡高幡不動駅] 金剛寺 （こんごうじ）は、 東京都 日野市 高幡  にある 真言宗智山派 別格本山の寺院。 高幡不動尊 の通称で知られる。本尊は 大日如来 。 高幡山明王院金剛寺 と号する。","https://ja.wikipedia.org/wiki/金剛寺_(日野市)","新東京百景","https://ja.wikipedia.org/wiki/新東京百景","表形式","北緯35度39分43.5秒東経139度24分38秒","東京都日野市高幡733","北緯35度39分43.5秒東経139度24分38秒﻿ / ﻿北緯35.662083度 東経139.41056度﻿ /35.662083; 139.41056座標:北緯35度39分43.5秒東経139度24分38秒﻿ / ﻿北緯35.662083度 東経139.41056度﻿ /35.662083; 139.41056","","","","1013405000199","","高幡山","大日如来","（伝）平安時代初期","真言宗智山派","","関東三大不動尊関東三十六不動尊霊場9番武相不動尊28番東国花の寺百ヶ寺東京7番","","","不動明王二童子像、不動堂、仁王門ほか（重要文化財）五部権現神牌（重要美術品）","清和天皇（勅願）","高幡山明王院金剛寺",""
"北山公園 (東京都)","[70北山公園東村山市野口町3・4西武園駅など] 北山公園 （きたやまこうえん）は、 東京都 東村山市 野口町にある 公園 。","https://ja.wikipedia.org/wiki/北山公園_(東京都)","新東京百景","https://ja.wikipedia.org/wiki/新東京百景","表形式","","","","","","","","","","","","","","","","","","","",""
"国分寺","[71国分寺と国分寺跡国分寺市西元町1・2西国分寺駅など] 国分寺 （こくぶんじ）は、 741年 （ 天平 13年）に 聖武天皇 が仏教による国家鎮護のため、当時の日本の各 国 に建立を命じた 寺院 であり、 国分僧寺 （こくぶんそうじ）と 国分尼寺 （こくぶんにじ）に分かれる。","https://ja.wikipedia.org/wiki/国分寺","新東京百景","https://ja.wikipedia.org/wiki/新東京百景","表形式","","","","","","","","","","","","","","","","","","","",""
"東京都道146号国立停車場谷保線","[72大学通りと谷保天満宮国立市中1〜富士見台、谷保谷保駅など] 東京都道146号 国立停車場谷保線 （とうきょうとどう146ごう くにたちていしゃじょうやほせん）は、 東京都 国立市 中（なか）の JR 国立駅 から、同市富士見台のJR 谷保駅 を経由して同市谷保の 東京都道256号八王子国立線 （ 甲州街道 ）交点に至る道路。国立駅南口から放射状にのびる3本の道の内、中央の道である。","https://ja.wikipedia.org/wiki/東京都道146号国立停車場谷保線","新東京百景","https://ja.wikipedia.org/wiki/新東京百景","表形式","","","","","","","","","","","","","","","","","","","",""
"総持寺 (西東京市)","[73田無山総持寺西東京市本町3-8-12田無駅] 総持寺 （そうじじ）は、 東京都 西東京市 田無町 三丁目にある、 真言宗 智山派 の 寺院 。 山号 は 田無山 （たなしさん）。別名「田無不動尊」。","https://ja.wikipedia.org/wiki/総持寺_(西東京市)","新東京百景","https://ja.wikipedia.org/wiki/新東京百景","表形式","北緯35度43分46.7秒東経139度32分33.7秒","東京都西東京市田無町三丁目8番地12号","北緯35度43分46.7秒東経139度32分33.7秒﻿ / ﻿北緯35.729639度 東経139.542694度﻿ /35.729639; 139.542694座標:北緯35度43分46.7秒東経139度32分33.7秒﻿ / ﻿北緯35.729639度 東経139.542694度﻿ /35.729639; 139.542694","","","","2012705000370","","田無山","大日如来","元和年間（1615-1624年）","新義真言宗","","関東三十六不動尊霊場第10番多摩八十八ヶ所霊場第33番","","","尉殿大権現神号額総持寺のケヤキ","","田無山總持寺",""
"東伏見稲荷神社","[74東伏見稲荷神社西東京市東伏見1-5-38東伏見駅] 東伏見稲荷神社 （ひがしふしみいなりじんじゃ）は 東京都 西東京市 に鎮座する 神社 である。 京都 の 伏見稲荷大社 の 分霊 を 勧請 して創建された。なお、 東伏見 という地名はこの神社が出来てからついた地名で、それにあわせて 西武新宿線 の駅名も上保谷から 東伏見 に変更された。","https://ja.wikipedia.org/wiki/東伏見稲荷神社","新東京百景","https://ja.wikipedia.org/wiki/新東京百景","表形式","北緯35度43分35.9秒東経139度33分26.5秒","東京都西東京市東伏見一丁目5番38号","北緯35度43分35.9秒東経139度33分26.5秒﻿ / ﻿北緯35.726639度 東経139.557361度﻿ /35.726639; 139.557361﻿ (東伏見稲荷神社)座標:北緯35度43分35.9秒東経139度33分26.5秒﻿ / ﻿北緯35.726639度 東経139.557361度﻿ /35.726639; 139.557361﻿ (東伏見稲荷神社)","","","","","","","","","","","","","","","","",""
"新堀橋 (存在しないページ)","[75新堀橋付近の玉川上水福生市大字福生1773福生駅]","https://ja.wikipedia.org/w/index.php?title=新堀橋&amp;action=edit&amp;redlink=1","新東京百景","https://ja.wikipedia.org/wiki/新東京百景","表形式","","","","","","","","","","","","","","","","","","","",""
"多摩川五本松 (存在しないページ)","[76多摩川五本松狛江市元和泉3和泉多摩川駅]","https://ja.wikipedia.org/w/index.php?title=多摩川五本松&amp;action=edit&amp;redlink=1","新東京百景","https://ja.wikipedia.org/wiki/新東京百景","表形式","","","","","","","","","","","","","","","","","","","",""
"村山貯水池","[77多摩湖東大和市多摩湖町1〜6多摩湖駅など] 村山貯水池 （むらやまちょすいち、 英称 ：Murayama Reservoir）は、 多摩湖 （たまこ、 英称 ：Tama Lake）の通称で呼ばれる  、 東大和市 の 狭山丘陵 の 渓谷 に造られた 1927年 （昭和2年）完成の 東京都水道局 水源管理事務所村山・ 山口貯水池 管理事務所が管理する 人造湖 である。西の 村山上貯水池 と東の 村山下貯水池 に分かれている。東京都内の他県にまたがらない 湖 の中では最大である。","https://ja.wikipedia.org/wiki/村山貯水池","新東京百景","https://ja.wikipedia.org/wiki/新東京百景","表形式","北緯35度45分48秒東経139度25分02秒","","北緯35度45分48秒東経139度25分02秒﻿ / ﻿北緯35.76333度 東経139.41722度﻿ /35.76333; 139.41722","","","","","","","","","","","","","","","","",""
"埼玉県道・東京都道40号さいたま東村山線","[78志木街道のけやき並木清瀬市上清戸清瀬駅] 埼玉県道・東京都道40号さいたま東村山線 （さいたまけんどう・とうきょうとどう40ごう さいたまひがしむらやません）は、 埼玉県 さいたま市 浦和区 高砂の県庁前交差点から 東京都 東村山市 久米川町の久米川町交差点に至る 都県道 （ 主要地方道 ）である。東京都清瀬市内には途中、埼玉県新座市内を掠める形で支線も存在し 多摩南北道路 2号（府中清瀬線）に属する。","https://ja.wikipedia.org/wiki/埼玉県道・東京都道40号さいたま東村山線","新東京百景","https://ja.wikipedia.org/wiki/新東京百景","表形式","","","","","","","","","","","","","","","","","","","",""
"竹林公園 (東久留米市)","[79竹林公園東久留米市南沢1-7東久留米駅] 竹林公園 （ちくりんこうえん）は、 東京都 東久留米市 南沢に位置する、 竹林 と 湧水 のある公園である  。起伏を生かした造成がなされており、竹林を一周できる遊歩道がある  。","https://ja.wikipedia.org/wiki/竹林公園_(東久留米市)","新東京百景","https://ja.wikipedia.org/wiki/新東京百景","表形式","北緯35度45分17.3秒東経139度32分4.5秒","日本東京都東久留米市","","3,300m2","竹林公園-東久留米市","","","","","","","","","","","","","","","有り"
"野山北・六道山公園","[80野山北公園武蔵村山市中藤上北台駅などよりバス(「かたくりの湯」停留所など)] 野山北･六道山公園 （のやまきた・ろくどうやまこうえん）とは、 東京都 武蔵村山市 から 瑞穂町 にかけての 狭山丘陵 にある 都立公園 である。面積1,323,900 m 2 で都立公園としては最大級の広さを誇る。","https://ja.wikipedia.org/wiki/野山北・六道山公園","新東京百景","https://ja.wikipedia.org/wiki/新東京百景","表形式","北緯35度45分57.3秒東経139度22分47.1秒","日本東京都武蔵村山市・西多摩郡瑞穂町","","1,323,900m2","公式ページ","都立公園","","","","","","","1988年（昭和63年）6月","","","東京都武蔵村山市三ツ木4-2","","","",""
"天王森公園 (存在しないページ)","[81天王森公園からの多摩ニュータウンと富士山多摩市連光寺6-18聖蹟桜ヶ丘駅よりバス(「東部地蔵前」停留所)]","https://ja.wikipedia.org/w/index.php?title=天王森公園&amp;action=edit&amp;redlink=1","新東京百景","https://ja.wikipedia.org/wiki/新東京百景","表形式","","","","","","","","","","","","","","","","","","","",""
"弁天洞窟","[82弁天洞窟稲城市矢野口京王よみうりランド駅] 弁天洞窟 （べんてんどうくつ）は、 東京都 稲城市 矢野口 2411の威光寺の境内にある地下 霊場 。 新東京百景 の一つ。","https://ja.wikipedia.org/wiki/弁天洞窟","新東京百景","https://ja.wikipedia.org/wiki/新東京百景","表形式","","","","","","","","","","","","","","","","","","","",""
"六枚屏風岩 (存在しないページ)","[83六枚屏風岩あきる野市引田1774秋川駅などよりバス(「サマーランド」停留所)]","https://ja.wikipedia.org/w/index.php?title=六枚屏風岩&amp;action=edit&amp;redlink=1","新東京百景","https://ja.wikipedia.org/wiki/新東京百景","表形式","","","","","","","","","","","","","","","","","","","",""
"羽村取水堰","[84羽村の堰羽村市玉川1-1羽村駅] 羽村取水堰 （はむらしゅすいせき）は、 東京都 羽村市 にある 多摩川 の 堰 。正式名称は 東京都水道局羽村取水堰 。","https://ja.wikipedia.org/wiki/羽村取水堰","新東京百景","https://ja.wikipedia.org/wiki/新東京百景","表形式","北緯35度45分20秒東経139度18分29秒","","北緯35度45分20秒東経139度18分29秒﻿ / ﻿北緯35.75556度 東経139.30806度﻿ /35.75556; 139.30806","","","","","","","","","","","","","","","","",""
"文化の森・六道山公園 (存在しないページ)","[85六道山瑞穂町大字石畑字狭山嶺2260箱根ヶ崎駅よりバス(「石畑駐在所」停留所)]","https://ja.wikipedia.org/w/index.php?title=文化の森・六道山公園&amp;action=edit&amp;redlink=1","新東京百景","https://ja.wikipedia.org/wiki/新東京百景","表形式","","","","","","","","","","","","","","","","","","","",""
"日の出山","[86日の出山日の出町大久野武蔵五日市駅よりバス(「つるつる温泉」停留所)] 日の出山 （ひのでやま）は、 東京都 青梅市 御岳2丁目と東京都 西多摩郡 日の出町 大字大久野の境界に位置する、 標高 902メートルの 山 である。 御岳山 の東に連なり、標高は御岳山より若干低い。 関東ふれあいの道 が山頂を通る。積雪が少ないため、1年を通して登山者が訪れる。 東 側の 関東平野 の東京都心方面の眺望があり、 元旦 初日の出 の登山者もいる。これらにより、南麓の日の出町の町名の由来にもなっている。また、御岳山から見て日の出る方向にあることから「日の出山」説もある。","https://ja.wikipedia.org/wiki/日の出山","新東京百景","https://ja.wikipedia.org/wiki/新東京百景","表形式","北緯35度46分52.4秒東経139度10分02.7秒","日本東京都青梅市・西多摩郡日の出町","北緯35度46分52.4秒東経139度10分02.7秒﻿ / ﻿北緯35.781222度 東経139.167417度﻿ /35.781222; 139.167417座標:北緯35度46分52.4秒東経139度10分02.7秒﻿ / ﻿北緯35.781222度 東経139.167417度﻿ /35.781222; 139.167417","","","","","","","","","","","","","","","","",""
"秋川渓谷 (存在しないページ)","[87秋川渓谷あきる野市五日市〜(上流部)武蔵五日市駅]","https://ja.wikipedia.org/w/index.php?title=秋川渓谷&amp;action=edit&amp;redlink=1","新東京百景","https://ja.wikipedia.org/wiki/新東京百景","表形式","","","","","","","","","","","","","","","","","","","",""
"奥多摩湖","[88奥多摩湖奥多摩町大字原5奥多摩駅よりバス(「奥多摩湖」停留所)] 奥多摩湖 （おくたまこ）は正式名称を 小河内貯水池 （おごうちちょすいち）と言い、 東京都 西多摩郡 奥多摩町 と 山梨県 北都留郡 の 丹波山村 ・ 小菅村 に跨る 東京都水道局 管理の 人造湖 （貯水池）である。 1957年 （ 昭和 32年）、 多摩川 を 小河内ダム （おごうちダム）によって堰き止めて造られた。","https://ja.wikipedia.org/wiki/奥多摩湖","新東京百景","https://ja.wikipedia.org/wiki/新東京百景","表形式","北緯35度47分23秒東経139度03分03秒","","北緯35度47分23秒東経139度03分03秒﻿ / ﻿北緯35.78972度 東経139.05083度﻿ /35.78972; 139.05083","","","","","","","","","","","","","","","","",""
"払沢の滝","[89払沢の滝檜原村本宿武蔵五日市駅よりバス(「払沢の滝入口」停留所)] 払沢の滝 （ほっさわのたき）は、 東京都 西多摩郡 檜原村 にある 滝 。 拂沢の滝 とも表記される。 日本の滝百選 の一つ。","https://ja.wikipedia.org/wiki/払沢の滝","新東京百景","https://ja.wikipedia.org/wiki/新東京百景","表形式","北緯35度43分38秒東経139度08分19秒","東京都西多摩郡檜原村","北緯35度43分38秒東経139度08分19秒﻿ / ﻿北緯35.72722度 東経139.13861度﻿ /35.72722; 139.13861","","","","","","","","","","","","","","","","",""
"三原山","[90三原山大島町] 三原山 （みはらやま）は、 東京都 大島町 の 伊豆大島 にある 火山 である。最も高い峰は 中央火口丘 にある 標高 758mの三原新山で、伊豆大島の最高峰となっている。観光地として火口を周遊する 遊歩道 なども整備されている。","https://ja.wikipedia.org/wiki/三原山","新東京百景","https://ja.wikipedia.org/wiki/新東京百景","表形式","北緯34度43分28秒東経139度23分40秒","日本東京都大島町","北緯34度43分28秒東経139度23分40秒﻿ / ﻿北緯34.72444度 東経139.39444度﻿ /34.72444; 139.39444座標:北緯34度43分28秒東経139度23分40秒﻿ / ﻿北緯34.72444度 東経139.39444度﻿ /34.72444; 139.39444","","","","","","","","","","","","","","","","",""
"波浮港","[91波浮の港大島町波浮港] 波浮港 （はぶみなと）は、 東京都 大島町 にある 地方港湾 。港湾管理者は東京都。 港則法 の適用港である。 統計法 に基づく港湾調査規則では乙種港湾に分類されている。","https://ja.wikipedia.org/wiki/波浮港","新東京百景","https://ja.wikipedia.org/wiki/新東京百景","表形式","北緯34度41分15.2秒東経139度26分15.2秒","東京都大島町","","","東京都大島支庁","","","","","","","","","","","","","","",""
"登龍峠","[92登龍峠の展望八丈町三根] 登龍峠 （のぼりょうとうげ）  は 東京都 八丈町 にある 峠 。 国土地理院 の表記では 登竜峠 であるが、一般には 登龍峠 と書かれることが多い。名称の由来は、この道を下から見ると 龍 が天に登るかのように見えることからという。","https://ja.wikipedia.org/wiki/登龍峠","新東京百景","https://ja.wikipedia.org/wiki/新東京百景","表形式","北緯33度06分49秒東経139度50分09秒","東京都八丈町","","","","","","","","","","","","","","","","","",""
"南ヶ山展望台 (存在しないページ)","[93南ヶ山展望台利島村]","https://ja.wikipedia.org/w/index.php?title=南ヶ山展望台&amp;action=edit&amp;redlink=1","新東京百景","https://ja.wikipedia.org/wiki/新東京百景","表形式","","","","","","","","","","","","","","","","","","","",""
"羽伏浦海岸","[94羽伏浦海岸新島村大字羽伏浦] 羽伏浦海岸 （はぶしうらかいがん）は、 伊豆諸島 ・ 新島 の東側にある海岸である。白い砂浜と海が延々と続く様は 新東京百景 に指定されている。同海岸の南に 白ママ断層 がある。","https://ja.wikipedia.org/wiki/羽伏浦海岸","新東京百景","https://ja.wikipedia.org/wiki/新東京百景","表形式","","","","","","","","","","","","","","","","","","","",""
"神引山","[95カンビキ山新島村式根島] 神引山 （かんびきやま）は、 東京都 新島村 式根島の 伊豆諸島 式根島 北部にある、 標高 98.5m（ 三角点 ）の 山 である。神引湾の西にあたり、神引展望台からの眺めは勇壮である。 伊豆大島 、 利島 、 新島 、 神津島 、 三宅島 、 御蔵島 、 伊豆半島 、 富士山 が望めると言われる。式根島の最高点は109mであり、それに近い。","https://ja.wikipedia.org/wiki/神引山","新東京百景","https://ja.wikipedia.org/wiki/新東京百景","表形式","","","","","","","","","","","","","","","","","","","",""
"天上山 (東京都)","[96天上山の展望神津島村字天上山] 天上山 （てんじょうさん）は、 東京都 神津島村 の 神津島 にある 火山 で、島内の最高峰。","https://ja.wikipedia.org/wiki/天上山_(東京都)","新東京百景","https://ja.wikipedia.org/wiki/新東京百景","表形式","北緯34度13分09.1秒東経139度09分10.6秒","東京都神津島村","北緯34度13分09.1秒東経139度09分10.6秒﻿ / ﻿北緯34.219194度 東経139.152944度﻿ /34.219194; 139.152944座標:北緯34度13分09.1秒東経139度09分10.6秒﻿ / ﻿北緯34.219194度 東経139.152944度﻿ /34.219194; 139.152944","","","","","","","","","","","","","","","","",""
"ひょうたん山 (存在しないページ)","[97ひょうたん山三宅村坪田]","https://ja.wikipedia.org/w/index.php?title=ひょうたん山&amp;action=edit&amp;redlink=1","新東京百景","https://ja.wikipedia.org/wiki/新東京百景","表形式","","","","","","","","","","","","","","","","","","","",""
"御代が池 (存在しないページ)","[98御代が池御蔵島村]","https://ja.wikipedia.org/w/index.php?title=御代が池&amp;action=edit&amp;redlink=1","新東京百景","https://ja.wikipedia.org/wiki/新東京百景","表形式","","","","","","","","","","","","","","","","","","","",""
"青ヶ島村","[99大凸部青ヶ島村] ","https://ja.wikipedia.org/wiki/青ヶ島村#地理","新東京百景","https://ja.wikipedia.org/wiki/新東京百景","表形式","北緯32度27分58.9秒東経139度45分48.1秒","〒100-1701東京都青ヶ島村無番地北緯32度27分58.9秒東経139度45分48.1秒﻿ / ﻿北緯32.466361度 東経139.763361度﻿ /32.466361; 139.763361座標:北緯32度27分58.9秒東経139度45分48.1秒﻿ / ﻿北緯32.466361度 東経139.763361度﻿ /32.466361; 139.763361村役場位置","","5.96km2","","","3000020134023","","","","","","","","","","","","",""
"南島 (東京都)","[100南島小笠原村] 南島 （みなみじま）は、 東京都 ・ 小笠原諸島 の 父島列島 の一部をなす 島 。","https://ja.wikipedia.org/wiki/南島_(東京都)","新東京百景","https://ja.wikipedia.org/wiki/新東京百景","表形式","北緯27度2分18.41秒東経142度10分32.38秒","日本（東京都）","","0.28km²","","","","","","","","","","","","","","","",""
