"タイトル","コメント","URL","親リストタイトル","親リストURL","一覧抽出方法","座標","所在地","国","交差物件","全長","形式","幅","建設","材料","最大支間長","高さ","用途","設計者,施工者","路線名","竣工","管理者","着工","開通","位置","設計者"
"豊平橋","[豊平橋（北海道札幌市豊平区）] 豊平橋 （とよひらばし、とよひらはし）は、 札幌市 の 豊平川 に架かる 橋 。","https://ja.wikipedia.org/wiki/豊平橋","日本百名橋","https://ja.wikipedia.org/wiki/日本百名橋","箇条書き,制限あり","北緯43度3分20.6秒東経141度21分52.1秒","札幌市（中央区-豊平区）","日本","豊平川","132m","3径間連続鋼箱桁橋","28.5m","1965年-1966年","鋼","49.6m","","","日本橋梁","","","","","","",""
"旭橋 (旭川市)","[旭橋（北海道旭川市）] 旭橋 （あさひばし、英語：Asahibashi Bridge  ）は、 北海道 旭川市 の 石狩川 と 牛朱別川 に架かる 橋 。","https://ja.wikipedia.org/wiki/旭橋_(旭川市)","日本百名橋","https://ja.wikipedia.org/wiki/日本百名橋","箇条書き,制限あり","北緯43度46分42秒東経142度21分36秒","北海道旭川市","日本","石狩川","224.9m","ブレースト・リブ・バランスド・カンチレバー・タイドアーチ橋","18.3m","1929年-1932年","","90.9m","","","吉町太郎一、桶浦大三、塩塚重蔵","","","","","","",""
"幣舞橋","[幣舞橋（北海道釧路市）] 幣舞橋 （ぬさまいばし、英語：Nusamai Bridge  ）は、 北海道 釧路市 の 釧路川 に架かる 橋 。幣舞の名前は アイヌ語 の「ヌサ・オ・マイ」（nusa-o-mai 幣場の・ある・ところ）が由来とされている   。","https://ja.wikipedia.org/wiki/幣舞橋","日本百名橋","https://ja.wikipedia.org/wiki/日本百名橋","箇条書き,制限あり","北緯42度58分51.72秒東経144度23分8.03秒","北海道釧路市","日本","釧路川","124.0m","3径間連続鋼床版箱桁橋","33.8m","","","54.0m","","","日立、横河","","","","","","",""
"湊橋","[湊橋（青森県八戸市）] 湊橋 （みなとばし）は、 青森県 八戸市 湊町 と 小中野 との境の 新井田川 に架かる、 青森県道1号八戸階上線 の 橋 である。長さ116m、幅44.3m。","https://ja.wikipedia.org/wiki/湊橋","日本百名橋","https://ja.wikipedia.org/wiki/日本百名橋","箇条書き,制限あり","北緯40度31分24秒 東経141度31分21秒","","","","","","","","","","","","","","","","","","",""
"上ノ橋 (岩手県)","[上の橋（岩手県盛岡市）] 上の橋は 岩手県 盛岡市 にある長さ57メートル幅12メートルの橋である  。","https://ja.wikipedia.org/wiki/上ノ橋_(岩手県)","日本百名橋","https://ja.wikipedia.org/wiki/日本百名橋","箇条書き,制限あり","","","","","","","","","","","","","","","","","","","",""
"蛇の崎橋","[蛇の崎橋（秋田県横手市）] 蛇の崎橋 （じゃのさきばし）は、 秋田県 横手市 の 秋田県道272号御所野安田線 にある 橋 で、 日本百名橋 の1つである。かつての 羽州街道 にあたり、別名は「下の橋」である。","https://ja.wikipedia.org/wiki/蛇の崎橋","日本百名橋","https://ja.wikipedia.org/wiki/日本百名橋","箇条書き,制限あり","北緯39度19分3.4秒東経140度33分54.8秒","秋田県横手市","日本","横手川","","","","2001年","","","","","","","","","","","",""
"臥龍橋","[臥龍橋（山形県寒河江市）] 臥龍橋 （がりゅうきょう）は、 山形県 寒河江市 白岩の山形県道379号日和田松川線にある 橋 で、 日本百名橋 の1つである。かつて 刎橋 であったことで知られる。","https://ja.wikipedia.org/wiki/臥龍橋","日本百名橋","https://ja.wikipedia.org/wiki/日本百名橋","箇条書き,制限あり","北緯38度24分26.7秒東経140度14分22.6秒","山形県寒河江市白岩陣ヶ峰","日本","寒河江川","52m","アーチ","5.5m","1937年","鉄筋コンクリート","","","","","","","","","","",""
"大橋 (広瀬川)","[大橋（宮城県仙台市青葉区）] 大橋 （おおはし）は、 名取川 水系の 広瀬川 にかかる 橋 で、 宮城県 仙台市 青葉区 にある。かつては 仙台城 大手門と城下町を結ぶ重要な位置を占め、現在は 市街地中心部 から 青葉山 を経由して 八木山 方面に通じるための橋として利用されている。現在の橋は長さ約116メートル、幅約11メートル。","https://ja.wikipedia.org/wiki/大橋_(広瀬川)","日本百名橋","https://ja.wikipedia.org/wiki/日本百名橋","箇条書き,制限あり","","","","","","","","","","","","","","","","","","","",""
"信夫橋","[信夫橋（福島県福島市）] 信夫橋 （しのぶばし）は、 福島県 福島市 にある 道路橋 である。","https://ja.wikipedia.org/wiki/信夫橋","日本百名橋","https://ja.wikipedia.org/wiki/日本百名橋","箇条書き,制限あり","北緯37度44分39.5秒 東経140度27分48.0秒","","","","","","","","","","","","","","","","","","",""
"十綱橋","[十綱橋（福島県福島市）] 十綱橋 （とつなばし）は 福島県 福島市 にある 摺上川 に架かる 橋 である。","https://ja.wikipedia.org/wiki/十綱橋","日本百名橋","https://ja.wikipedia.org/wiki/日本百名橋","箇条書き,制限あり","北緯37度49分50.4秒 東経140度27分18.4秒","","","","","","","","","","","","","","","","","","",""
"水府橋","[水府橋（茨城県水戸市）] 水府橋 （すいふばし）は、 茨城県 水戸市 にある 茨城県道232号市毛水戸線 の 那珂川 に架かる 橋 である。 水戸市三の丸と同市水府町を結び、初代は 国道6号 の一部として 1932年 （ 昭和 7年）3月に造られた。","https://ja.wikipedia.org/wiki/水府橋","日本百名橋","https://ja.wikipedia.org/wiki/日本百名橋","箇条書き,制限あり","北緯36度22分34.9秒東経140度28分50秒","茨城県水戸市","日本","","354.5m","6径間連続非合成鋼箱桁橋","14.5m","2013年","","","","","","","","","","","",""
"神橋","[日光・神橋（栃木県日光市）] 神橋 （しんきょう）は、 栃木県 日光市 上鉢石町にある、 大谷川 （だいやがわ）に架かる 朱 塗りの 橋  。 世界遺産 「 日光の社寺 」を構成する 文化財 の1つ    。日本の 重要文化財 に指定されている  。","https://ja.wikipedia.org/wiki/神橋","日本百名橋","https://ja.wikipedia.org/wiki/日本百名橋","箇条書き,制限あり","北緯36度45分12.1秒東経139度36分14.4秒","栃木県日光市上鉢石町1112","日本","大谷川","28m","木造反橋","7.4 m","","木（ケヤキ）、石","","10.6 m","人道橋","","日光街道","伝・天平神護2年（766年）現橋：1904年（明治37年）","日光二荒山神社","","1907年（明治40年）8月6日","",""
"大渡橋 (利根川)","[大渡橋（群馬県前橋市）] 大渡橋 （おおわたりばし）は、 群馬県 前橋市 総社町総社 と同 岩神町 の間の 利根川 に架かる 群馬県道6号前橋箕郷線 （ 上毛三山パノラマ街道 ）の 橋 で、 日本百名橋 に選ばれた。 今日の橋は3代目にあたり、左岸側には 萩原朔太郎 の詩碑、右岸側には緑地がある。","https://ja.wikipedia.org/wiki/大渡橋_(利根川)","日本百名橋","https://ja.wikipedia.org/wiki/日本百名橋","箇条書き,制限あり","北緯36度24分23.6秒東経139度3分3.8秒","群馬県前橋市","日本","","526 m","桁橋","21.5-23.5m","1988年","鋼","","","","","","","","","","",""
"碓氷第三橋梁","[碓氷第三橋梁（群馬県安中市）] 碓氷第三橋梁 （うすいだいさんきょうりょう）は、 群馬県 安中市 松井田町坂本 にある 鉄道橋 。一般には「 めがね橋 」という名称で知られている。","https://ja.wikipedia.org/wiki/碓氷第三橋梁","日本百名橋","https://ja.wikipedia.org/wiki/日本百名橋","箇条書き,制限あり","北緯36度21分29秒 東経138度41分54秒","","","","","","","","","","","","","","","","","","",""
"水郷大橋","[水郷大橋（千葉県佐原市）] 水郷大橋 （すいごうおおはし）は、 国道51号 の 利根川 に架かる橋長535.25 メートル の 斜張橋 である。 千葉県 香取市 と 茨城県 稲敷市 を結ぶ。","https://ja.wikipedia.org/wiki/水郷大橋","日本百名橋","https://ja.wikipedia.org/wiki/日本百名橋","箇条書き,制限あり","北緯35度54分29秒 東経140度29分27秒","","","","","","","","","","","","","","","","","","",""
"秩父橋","[秩父橋（埼玉県秩父市）] 秩父橋 （ちちぶばし）は、 埼玉県 秩父市 阿保町と同寺尾の間に架かり、 荒川 を渡る 国道299号 および 埼玉県道44号秩父児玉線 の道路 橋 である。現在国道299号が通っている橋は、 1985年 に竣工した3代目で、その下流にある2代目の橋も旧秩父橋として現存している。","https://ja.wikipedia.org/wiki/秩父橋","日本百名橋","https://ja.wikipedia.org/wiki/日本百名橋","箇条書き,制限あり","北緯36度1分5.2秒東経139度5分9.5秒","埼玉県秩父市","日本","荒川","153.153 m","斜張橋","10.0 m","1980-1985","鋼","152.0 m","40 m","","五十畑弘","","","","","","",""
"四谷見附橋","[四谷見附橋（新 -東京都新宿区、旧（現・長池見附橋） - 東京都八王子市）] 四谷見附橋 （よつやみつけばし）は、 東京都 の 新宿通り （ 国道20号 ）の橋梁である。南北に走るJR中央線の上に東西に架かり、東側が 千代田区 麹町 六丁目、西側は 新宿区 四谷 一丁目となる。現在の橋は、 1991年 に架け替えられた2代目である。","https://ja.wikipedia.org/wiki/四谷見附橋","日本百名橋","https://ja.wikipedia.org/wiki/日本百名橋","箇条書き,制限あり","北緯35度41分8.3秒東経139度43分49.8秒","東京都新宿区-千代田区","日本","JR中央本線","44.4m","アーチ橋（初代）アーチ状方杖ラーメン橋（二代目）","39.0 m","","","41.0 m","","道路橋、跨線橋","","新宿通り（国道20号）","1913年（初代）、1991年（二代目）","","1911年（初代）、1987年（二代目）","","",""
"氷川大橋","[氷川大橋（東京都西多摩郡奥多摩町）] 氷川大橋 （ひかわおおはし）は、 東京都 西多摩郡 奥多摩町 の 国道411号 にある 橋 で、 日本百名橋 の1つである。","https://ja.wikipedia.org/wiki/氷川大橋","日本百名橋","https://ja.wikipedia.org/wiki/日本百名橋","箇条書き,制限あり","北緯35度48分27.9秒東経139度5分46.6秒","東京都西多摩郡奥多摩町","日本","日原川","83.5m","アーチ","12.4m","1933年","コンクリート","","30m","","","","","","","","",""
"千住大橋","[千住大橋（東京都荒川区）] 千住大橋 （せんじゅおおはし）は、 隅田川 の 東京都区部 にかかる 橋 で、 国道4号 （ 日光街道 ）を通す。北岸は 足立区 千住橋戸町 、南岸は 荒川区 南千住 六丁目。旧橋（下り方向）・新橋（上り方向）の二橋で構成されており、旧橋の上流側に 東京都水道局 の 工業用水道 専用橋である千住 水管橋 がほぼ並行する。","https://ja.wikipedia.org/wiki/千住大橋","日本百名橋","https://ja.wikipedia.org/wiki/日本百名橋","箇条書き,制限あり","北緯35度44分22秒 東経139度47分51秒","","","","","","","","","","","","","","","","","","",""
"両国橋","[両国橋（東京都墨田区）] 両国橋 （りょうごくばし）は、 隅田川 にかかる 橋 で、 国道14号 （ 靖国通り ・ 京葉道路 ）を通す。","https://ja.wikipedia.org/wiki/両国橋","日本百名橋","https://ja.wikipedia.org/wiki/日本百名橋","箇条書き,制限あり","北緯35度41分40秒東経139度47分20秒","東京都中央区-墨田区間","日本","隅田川","164.5m","3径間ゲルバー式鋼鈑桁橋","24.0m","1930-1932年","鋼","","","","","","","","","","",""
"常盤橋 (日本橋川)","[常盤橋（東京都中央区）] 常盤橋 （ときわばし）は、 東京都 千代田区 大手町 と 中央区 日本橋本石町 との間の 日本橋川 にかかる橋。常盤橋は２つあり、 江戸城 常盤橋門に通じる歩行者専用の石橋と 関東大震災 後の復興計画で建設された道路橋である。この2つの橋は共に2連アーチの構造を持ち70mほど離れて架けられている。区別するため石橋の方の「磐」の字は「般」に「 石 」が使われることがある。","https://ja.wikipedia.org/wiki/常盤橋_(日本橋川)","日本百名橋","https://ja.wikipedia.org/wiki/日本百名橋","箇条書き,制限あり","北緯35度41分7秒東経139度46分15秒","東京都千代田区-中央区間","日本","日本橋川","","2連鉄筋コンクリートアーチ橋","","1926年","","","","","","","","","","","",""
"日本橋 (東京都中央区の橋)","[日本橋（東京都中央区）] 日本橋 （にほんばし）は、 東京都 中央区 の 日本橋川 に架かる アーチ橋 。","https://ja.wikipedia.org/wiki/日本橋_(東京都中央区の橋)","日本百名橋","https://ja.wikipedia.org/wiki/日本百名橋","箇条書き,制限あり","北緯35度41分1.4秒東経139度46分27.7秒","東京都中央区","日本","日本橋川","49 m","アーチ橋","27.3 m","","石","","","道路橋","","国道1号","1911年（明治44年）","国土交通省関東地方整備局東京国道事務所","","1911年（明治44年）4月3日","","米元晋一・樺島正義"
"永代橋","[永代橋（東京都中央区）] 永代橋 （えいたいばし）は、 隅田川 にかかる 橋 。 東京都道・千葉県道10号東京浦安線 （ 永代通り ）を通す。西岸は 中央区 新川 一丁目、東岸は 江東区 佐賀 一丁目及び同区 永代 一丁目。地下に 東京メトロ東西線 が通る。日の入りから21時まで青白く ライトアップ される  。 国 の 重要文化財 （ 建造物 、2007年指定）  。","https://ja.wikipedia.org/wiki/永代橋","日本百名橋","https://ja.wikipedia.org/wiki/日本百名橋","箇条書き,制限あり","北緯35度40分35秒東経139度47分15秒","東京都中央区-江東区間","日本","隅田川","184.7 m","スチールアーチ橋（中央径間）、鋼桁橋（両側）","25.0 m","1923-1926年","","","","","","","","","","","",""
"二重橋","[二重橋（東京都千代田区）] 二重橋 （にじゅうばし）は、 東京都 千代田区 千代田 の 皇居 内にある 橋 の 通称 である。正確には皇居正門から長和殿へ向かう途上、二重橋濠に架かる鉄橋のことで、本来の名称は 正門鉄橋 （せいもんてつばし）である。ただし正門鉄橋と正門石橋の二つの総称としても用いられている   。","https://ja.wikipedia.org/wiki/二重橋","日本百名橋","https://ja.wikipedia.org/wiki/日本百名橋","箇条書き,制限あり","北緯35度40分48秒東経139度45分12秒","千代田区","日本","二重橋濠","","","","","","","","道路橋","","","1964年6月","","","","",""
"八幡橋","[八幡橋（弾正橋）（東京都江東区）] 八幡橋 （はちまんばし）は、 東京都 江東区 富岡にある八幡堀遊歩道にかかる人道 橋 。元は現在の 中央区 宝町 の 楓川 に架橋されていた 弾正橋 （だんじょうばし）であり、「旧弾正橋」「元弾正橋」とも称される。","https://ja.wikipedia.org/wiki/八幡橋","日本百名橋","https://ja.wikipedia.org/wiki/日本百名橋","箇条書き,制限あり","北緯35度40分18.7秒東経139度48分2.3秒","江東区","日本","八幡堀遊歩道","15.76m","ボウストリングトラス橋","2.0 m","","","","","道路橋","","","1929年5月","","","","","松本荘一郎"
"横浜ベイブリッジ","[横浜ベイブリッジ（神奈川県横浜市中区）] 横浜ベイブリッジ （よこはまベイブリッジ）は、 1989年 （ 平成 元年） 9月27日 に開通した  神奈川県 横浜市 にある長さ860m（中央支間長460m）の 斜張橋 である  。東京港方面と横浜港を結ぶ港湾物流の一端を担うことにより、都市部の渋滞を緩和する重要な輸送路である。","https://ja.wikipedia.org/wiki/横浜ベイブリッジ","日本百名橋","https://ja.wikipedia.org/wiki/日本百名橋","箇条書き,制限あり","北緯35度27分18.3秒東経139度40分27.3秒","神奈川県横浜市中区本牧ふ頭‐鶴見区大黒ふ頭間","日本","東京湾（横浜港）","860m","斜張橋","40.2m","1980-1989年","","460m","塔高172m、橋げた55m（いずれも海面より）","","","","","","","","",""
"六郷橋","[六郷橋（神奈川県川崎市川崎区）] 六郷橋 （ろくごうばし）は、 東京都 大田区 東六郷 と 神奈川県 川崎市 川崎区 本町との境の 多摩川 に架かる、 国道15号 （第一京浜国道）の橋である。旧橋と対照して 新六郷橋 とも呼ばれる。長さ443.7m、幅34.4m。","https://ja.wikipedia.org/wiki/六郷橋","日本百名橋","https://ja.wikipedia.org/wiki/日本百名橋","箇条書き,制限あり","北緯35度32分11秒東経139度42分30秒","東京都大田区・神奈川県川崎市","日本","多摩川","443.7m","3径間・4径間連続2主箱桁","34.4m","1979-1997年","鋼","","","","","","","","","","",""
"馬入橋","[馬入橋（神奈川県平塚市）] 馬入橋 （ばにゅうばし）は、 神奈川県 平塚市 の 相模川 に架かる道路 橋 である。","https://ja.wikipedia.org/wiki/馬入橋","日本百名橋","https://ja.wikipedia.org/wiki/日本百名橋","箇条書き,制限あり","北緯35度19分54秒東経139度22分01秒","神奈川県平塚市","日本","相模川","563m","総径間数:8上部工形式鋼単純鈑桁橋,2径間連続鋼箱桁橋,3径間連続鋼箱桁橋,2径間連続鋼箱桁橋下部工形式ニューマチックケーソン4基場所打ち杭基礎5基","13.3m","1980年","","","","","","","","","","","",""
"萬代橋","[万代橋（新潟県新潟市中央区）] 萬代橋 （ばんだいばし/よろづよばし）は、 新潟県 新潟市 中央区 の 信濃川 に架かる 国道7号 （重複: 国道8号 、 国道17号 、 国道113号 、 国道350号 ）の 道路 橋梁 。国の 重要文化財 に指定されている。新潟市の信濃川に架橋された初めての橋で、1886年（明治19年）に初代が竣工された。","https://ja.wikipedia.org/wiki/萬代橋","日本百名橋","https://ja.wikipedia.org/wiki/日本百名橋","箇条書き,制限あり","北緯37度55分10.61秒東経139度3分10.97秒","新潟県新潟市中央区","日本","信濃川","306.9m","RC造6連充腹式上路アーチ橋","21.9m","第1代 ：1886年（明治19年）竣工第2代 ：1909年（明治42年）竣工第3代 ：1929年（昭和4年）竣工","","42.4m","","","福田武雄（橋梁本体）山田守（装飾）","","","","","","",""
"直江津橋","[直江津橋（新潟県上越市）] 直江津橋 （なおえつばし）は、 新潟県 上越市 川原町 - 中央1丁目の 関川 に架かる 新潟県道488号三ツ屋中央線 の橋長237.9 m（ メートル ）の 桁橋 。 日本百名橋 の1橋である。","https://ja.wikipedia.org/wiki/直江津橋","日本百名橋","https://ja.wikipedia.org/wiki/日本百名橋","箇条書き,制限あり","北緯37度10分27.3秒東経138度14分55.3秒","新潟県上越市川原町 - 中央1丁目","日本","関川","237.900 m","6径間単純箱桁橋","13.000 m","","鋼","38.850 m","","道路橋","","新潟県道488号三ツ屋中央線","1988年（昭和63年）11月","新潟県上越地域振興局地域整備部","","","",""
"愛本橋","[愛本橋（富山県黒部市）] 愛本橋 （あいもとばし）は、 富山県 黒部市 宇奈月町下立と同市宇奈月町中ノ口に跨る、 黒部川 中流に架かる 橋 。 富山県道13号朝日宇奈月線 の一部を形成する。 1998年 （ 平成 10年）には 日本百名橋 に選定されている。","https://ja.wikipedia.org/wiki/愛本橋","日本百名橋","https://ja.wikipedia.org/wiki/日本百名橋","箇条書き,制限あり","北緯36度51分37秒東経137度33分14秒","富山県黒部市","日本","黒部川","130.000 m","ニールセンローゼ橋","9.300 m","","鋼","128.400 m","","道路橋","","富山県道13号朝日宇奈月線","1972年（昭和47年）7月","富山県","","","",""
"舟橋 (富山市)","[越中・舟橋（富山県富山市）] 舟橋 （ふなはし）は、 富山県 富山市 の 松川 にかかる 富山県道208号小竹諏訪川原線 の 橋 。 江戸時代 には 神通川 に架かる日本一の船橋（ 舟橋 ）として著名になる  。 1998年 （ 平成 10年）には 日本百名橋 に選定されている。","https://ja.wikipedia.org/wiki/舟橋_(富山市)","日本百名橋","https://ja.wikipedia.org/wiki/日本百名橋","箇条書き,制限あり","北緯36度41分39.5秒東経137度12分27.5秒","富山県富山市","日本","松川","18 m","","","1989年","","","","","","","","","","","",""
"犀川大橋","[犀川大橋（石川県金沢市）] 犀川大橋 （さいがわおおはし）は、 石川県 金沢市 千日町と 片町 一丁目を結ぶ 犀川 中流に架かる 橋 である。国の 登録有形文化財 に登録されている。","https://ja.wikipedia.org/wiki/犀川大橋","日本百名橋","https://ja.wikipedia.org/wiki/日本百名橋","箇条書き,制限あり","北緯36度33分30.48秒東経136度39分1.66秒","石川県金沢市","日本","犀川（二級河川）","62.3 m","単径間鋼曲弦ワーレントラス橋","18.7 m","","鋼","","","","関場茂樹","","","","","","",""
"九十九橋","[九十九橋（福井県福井市）] 九十九橋 （つくもばし）は、 福井県 福井市 の 足羽川 下流部に架かる、 福井県道6号福井四ヶ浦線 上にある 橋 。現在の橋は 1986年 （昭和61年）に架け替えられたもの。福井市ではこの橋（あるいは足羽川）を境に橋北（きょうほく）、橋南（きょうなん）と分けられることもある。","https://ja.wikipedia.org/wiki/九十九橋","日本百名橋","https://ja.wikipedia.org/wiki/日本百名橋","箇条書き,制限あり","北緯36度3分47.6秒東経136度12分41.2秒","福井市","日本","足羽川","143.9 m","4径間連続鋼床版桁","26 m","","鉄筋コンクリート","48.5m","","道路橋","","","","","1982年","1986年5月10日","",""
"猿橋","[甲斐の猿橋（山梨県大月市）] 猿橋 （さるはし、えんきょう）は、 山梨県 大月市 猿橋町猿橋にある 桂川 に架かる 刎橋 。国の 名勝 に指定されている。","https://ja.wikipedia.org/wiki/猿橋","日本百名橋","https://ja.wikipedia.org/wiki/日本百名橋","箇条書き,制限あり","北緯35度36分56.6秒東経138度58分48.8秒","山梨県大月市猿橋町猿橋","日本","桂川","30.9m","刎橋","3.3m","1984年（江戸期の復元）","","","31m","","","","","","","","",""
"中津橋","[中津橋（長野県佐久市）] 中津橋 （なかつばし）は、 長野県 佐久市 の 千曲川 （信濃川）に架かる 橋 で、 日本百名橋 に選ばれた。かつての 中山道 にあたる。","https://ja.wikipedia.org/wiki/中津橋","日本百名橋","https://ja.wikipedia.org/wiki/日本百名橋","箇条書き,制限あり","北緯36度16分14秒東経138度25分7秒","長野県佐久市","日本","信濃川（千曲川）","130m","3径間上路式ゲルバートラスト","5.5m","1931年","鋼","","","","","","","","","","",""
"桃介橋","[桃介橋（長野県木曽郡南木曽町）] 桃介橋 （ももすけばし）は、 長野県 木曽郡 南木曽町 読書（よみかき）にある 木曽川 に架けられた 橋 。橋の名は橋の建築主である 大同電力 社長 福澤桃介 に因む。 桃の橋 とも称される。","https://ja.wikipedia.org/wiki/桃介橋","日本百名橋","https://ja.wikipedia.org/wiki/日本百名橋","箇条書き,制限あり","北緯35度36分3秒東経137度36分25秒","南木曽町","日本","木曽川","247m","吊橋","","1921-1922年","木材","","","","","","","","","","",""
"中橋 (宮川)","[中橋（岐阜県高山市）] 中橋 （なかばし）は 岐阜県 高山市 本町一丁目と上三之町を結ぶ 橋 。 宮川 に架かる。 擬宝珠 や 欄干 をそなえ、全体を朱色にまとった特徴を持つことから 赤い中橋 （あかいなかばし）とも呼ばれる。","https://ja.wikipedia.org/wiki/中橋_(宮川)","日本百名橋","https://ja.wikipedia.org/wiki/日本百名橋","箇条書き,制限あり","北緯36度8分24.0秒 東経137度15分33.2秒","","","","","","","","","","","","","","","","","","",""
"永保寺","[永保寺・無際橋（岐阜県多治見市）] 永保寺 （えいほうじ）は、 岐阜県 多治見市 虎渓山町にある 臨済宗南禅寺派 の 寺院 。 山号 は 虎渓山 （こけいざん）。 雲水 の 修行 道場 （ 僧堂 ）である 虎渓山専門道場 を併設している。","https://ja.wikipedia.org/wiki/永保寺","日本百名橋","https://ja.wikipedia.org/wiki/日本百名橋","箇条書き,制限あり","北緯35度20分48秒東経137度7分51秒","岐阜県多治見市虎渓山町1-40","","","","","","","","","","","","","","","","","北緯35度20分48秒東経137度7分51秒﻿ / ﻿北緯35.34667度 東経137.13083度﻿ /35.34667; 137.13083座標:北緯35度20分48秒東経137度7分51秒﻿ / ﻿北緯35.34667度 東経137.13083度﻿ /35.34667; 137.13083",""
"富士川橋","[富士川橋（静岡県富士市）] 東名高速道路 の道路橋梁。 富士IC - 清水IC 間にあり、右岸側には 富士川サービスエリア が隣接する。","https://ja.wikipedia.org/wiki/富士川橋","日本百名橋","https://ja.wikipedia.org/wiki/日本百名橋","箇条書き,制限あり","","静岡県富士市","日本","静岡県富士市岩本-静岡県富士市岩渕","783m","鋼橋","","1965年3月26日-1967年11月24日","鋼","","","","","","","","","","",""
"大井川橋","[大井川橋（静岡県島田市）] 東名高速道路 の道路橋梁。 焼津IC - 吉田IC 間にある。左岸は 焼津市 （旧 大井川町 ）、右岸は島田市。最下流から3番目の橋である。","https://ja.wikipedia.org/wiki/大井川橋","日本百名橋","https://ja.wikipedia.org/wiki/日本百名橋","箇条書き,制限あり","","静岡県焼津市-静岡県島田市","日本","","850m","","","1966年3月24日-1968年9月28日","","","","","","","","","","","",""
"浜名大橋","[浜名橋（静岡県浜松市）] 浜名大橋 （はまなおおはし）は、 浜名湖 の 今切口 に架かる PC橋 。 国道1号 浜名バイパス の馬郡IC〜新居弁天IC間にある。","https://ja.wikipedia.org/wiki/浜名大橋","日本百名橋","https://ja.wikipedia.org/wiki/日本百名橋","箇条書き,制限あり","北緯34度40分44.1秒 東経137度35分51.1秒","静岡県浜松市西区・湖西市","日本","浜名湖","631.8m","PC5径間連続有ヒンジラーメン箱桁橋","9.0m","1976年","","240m","","","","","","","","","",""
"矢作橋","[矢作橋（愛知県岡崎市）] 矢作橋 （やはぎばし）は、 愛知県 岡崎市 を流れる 矢作川 にかかる 橋 であり、橋上を通るのは 東海道 （ 国道1号 ）である。この地は古くから交通の要衝であった。","https://ja.wikipedia.org/wiki/矢作橋","日本百名橋","https://ja.wikipedia.org/wiki/日本百名橋","箇条書き,制限あり","北緯34度57分33.9秒 東経137度8分54.6秒","","","","","","","","","","","","","","","","","","",""
"納屋橋","[納屋橋（愛知県名古屋市中区）] 納屋橋 （なやばし   ）は、 名古屋市 中心部のメインストリートである 広小路通 （ 愛知県道60号名古屋長久手線 ）の 堀川 に架かる 橋 である。納屋橋周辺の 繁華街 を含めた地域の総称として用いられる場合もある。","https://ja.wikipedia.org/wiki/納屋橋","日本百名橋","https://ja.wikipedia.org/wiki/日本百名橋","箇条書き,制限あり","北緯35度10分04秒 東経136度53分31秒","","","","","","","","","","","","","","","","","","",""
"枇杷島橋","[枇杷島橋（愛知県清須市）] 枇杷島橋 （びわじまばし）は、 愛知県 の 庄内川 に架かる 橋 で、 日本百名橋 に選ばれている。","https://ja.wikipedia.org/wiki/枇杷島橋","日本百名橋","https://ja.wikipedia.org/wiki/日本百名橋","箇条書き,制限あり","北緯35度11分32秒東経136度52分3秒","愛知県名古屋市西区- 愛知県清須市","日本","庄内川","177.3m","","11m","1956年","","","","","","","","","","","",""
"長良大橋","[長良大橋（岐阜県岐阜市）] 長良大橋 （ながらおおはし）は、 岐阜県 岐阜市 と同県 大垣市 を結ぶ、 長良川 に架かる 岐阜県道31号岐阜垂井線 の 橋梁 である  。","https://ja.wikipedia.org/wiki/長良大橋","日本百名橋","https://ja.wikipedia.org/wiki/日本百名橋","箇条書き,制限あり","北緯35度21分43秒東経136度41分20秒","岐阜県岐阜市茶屋新田 -大垣市墨俣町墨俣 間","日本","長良川","384.85m","曲弦ワーレントラス橋","14.815m","","鋳鋼","64m","","","","岐阜県道31号岐阜垂井線","1933年（昭和8年）6月","岐阜県","1931年（昭和6年）4月","1933年（昭和8年）11月15日","","岐阜県（北原技師）。"
"宇治橋 (伊勢市)","[伊勢・宇治橋（三重県伊勢市）] 宇治橋 （うじばし）は、 三重県 伊勢市 にある 皇大神宮（内宮） の 参道 口にある、 五十鈴川 にかかる 橋  。別名「 御裳濯橋 （みもすそばし）」。 日本百名橋 の一つ。","https://ja.wikipedia.org/wiki/宇治橋_(伊勢市)","日本百名橋","https://ja.wikipedia.org/wiki/日本百名橋","箇条書き,制限あり","北緯34度27分31.5秒東経136度43分23.5秒","三重県伊勢市","日本","五十鈴川","101.8m","和橋","8.42m","2009年11月3日","木材（檜）","","","道路橋","宮大工、船大工、間組","","","伊勢神宮","","","",""
"瀬田唐橋","[瀬田唐橋（滋賀県大津市）] 瀬田の唐橋 （せたのからはし、瀬田唐橋〈せたからはし〉  ）は、 滋賀県 大津市 瀬田-唐橋町の 瀬田川 に架かる橋である  。全長223.7 メートル  （大橋約172 m、小橋約52 m  ）で、 滋賀県道2号大津能登川長浜線 がこの橋を渡る。 2015年 時点での調査では平日1日あたり1万1955台の交通量がある  。","https://ja.wikipedia.org/wiki/瀬田唐橋","日本百名橋","https://ja.wikipedia.org/wiki/日本百名橋","箇条書き,制限あり","北緯34度58分23秒東経135度54分22秒","滋賀県大津市唐橋町-瀬田1丁目","日本","瀬田川","223.7m","","12m","","","","","道路橋","","滋賀県道2号大津能登川長浜線","1979年（昭和54年）","","1974年（昭和49年）","","",""
"日吉大社","[大宮橋（滋賀県大津市）] 日吉大社 （ひよしたいしゃ）は、 滋賀県 大津市 坂本 にある 神社 。 式内社 （ 名神大社 ）、 二十二社 （下八社）の一社。かつては 日吉社 （ひえしゃ）と呼ばれていた。 旧社格 は 官幣大社 で、現在は 神社本庁 の 別表神社 。 境内 大宮橋は 日本百名橋 に選定されている。","https://ja.wikipedia.org/wiki/日吉大社#文化財","日本百名橋","https://ja.wikipedia.org/wiki/日本百名橋","箇条書き,制限あり","北緯35度4分24.4秒東経135度51分53.9秒","滋賀県大津市坂本5丁目1-1","","","","","","","","","","","","","","","","","北緯35度4分24.4秒東経135度51分53.9秒﻿ / ﻿北緯35.073444度 東経135.864972度﻿ /35.073444; 135.864972﻿ (日吉大社)座標:北緯35度4分24.4秒東経135度51分53.9秒﻿ / ﻿北緯35.073444度 東経135.864972度﻿ /35.073444; 135.864972﻿ (日吉大社)",""
"谷瀬の吊り橋","[谷瀬の吊橋（奈良県吉野郡十津川村）] 谷瀬の吊り橋 （たにぜのつりばし）は、 奈良県 吉野郡 十津川村 に架かる日本最長の生活用鉄線の 吊橋 である  。橋の 銘板 には たにぜばし （谷瀬橋）と刻まれているほか、十津川村による橋梁名は 谷瀬大橋 となる  。","https://ja.wikipedia.org/wiki/谷瀬の吊り橋","日本百名橋","https://ja.wikipedia.org/wiki/日本百名橋","箇条書き,制限あり","北緯34度06分05秒東経135度45分46秒","奈良県吉野郡十津川村上野地-谷瀬","","十津川（熊野川）","297.7m","吊橋","2m","","ワイヤーケーブル","","54m","人道橋","","村道谷瀬線","1954年（昭和29年）","十津川村","不明","","",""
"不老橋","[不老橋（三断橋）（和歌山県和歌山市）] 不老橋 （ふろうばし）は、 和歌山県 和歌山市 和歌浦 に位置する アーチ 型の 石橋 である。","https://ja.wikipedia.org/wiki/不老橋","日本百名橋","https://ja.wikipedia.org/wiki/日本百名橋","箇条書き,制限あり","北緯34度11分12.43秒 東経135度10分21.75秒","","","","","","","","","","","","","","","","","","",""
"三条大橋","[三条大橋（京都府京都市中京区）] 三条大橋 （さんじょうおおはし）は、 京都市 にある 三条通 の 橋 。一級河川の 鴨川 に架かっている  。","https://ja.wikipedia.org/wiki/三条大橋","日本百名橋","https://ja.wikipedia.org/wiki/日本百名橋","箇条書き,制限あり","北緯35度00分32.66秒 東経135度46分18.25秒","","","","","","","","","","","","","","","","","","",""
"五条大橋","[五条大橋（京都府京都市下京区）] 五条大橋 （ごじょうおおはし）は、 京都府 京都市 を流れる 一級河川鴨川 に架設された橋。","https://ja.wikipedia.org/wiki/五条大橋","日本百名橋","https://ja.wikipedia.org/wiki/日本百名橋","箇条書き,制限あり","北緯34度59分45秒 東経135度46分06秒","","","","","","","","","","","","","","","","","","",""
"賀茂別雷神社","[上賀茂神社・橋殿（京都府京都市北区）] 賀茂別雷神社 （かもわけいかづちじんじゃ）は、 京都市 北区 にある 神社 。通称は 上賀茂神社 （かみがもじんじゃ）。 式内社 （ 名神大社 ）、 山城国 一宮 、 二十二社 （上七社）の一社。 旧社格 は 官幣大社 で、現在は 神社本庁 の 別表神社 。","https://ja.wikipedia.org/wiki/賀茂別雷神社","日本百名橋","https://ja.wikipedia.org/wiki/日本百名橋","箇条書き,制限あり","北緯35度3分37秒東経135度45分10秒","京都府京都市北区上賀茂本山339","","","","","","","","","","","","","","","","","北緯35度3分37秒東経135度45分10秒﻿ / ﻿北緯35.06028度 東経135.75278度﻿ /35.06028; 135.75278﻿ (賀茂別雷神社)座標:北緯35度3分37秒東経135度45分10秒﻿ / ﻿北緯35.06028度 東経135.75278度﻿ /35.06028; 135.75278﻿ (賀茂別雷神社)",""
"渡月橋","[渡月橋（京都府京都市西京区）] 渡月橋 （とげつきょう）は、 京都府 京都市 の 桂川 （大堰川）に架かる 橋  。","https://ja.wikipedia.org/wiki/渡月橋","日本百名橋","https://ja.wikipedia.org/wiki/日本百名橋","箇条書き,制限あり","北緯35度0分46.1秒東経135度40分39.8秒","京都市","日本","桂川","155m","","11m","（現在の橋）1934年（昭和9年）","橋脚と橋桁：鉄筋コンクリート欄干：木造","約10m","","","","","","","","","",""
"東福寺","[東福寺偃月橋（京都府京都市東山区）] 東福寺 （とうふくじ）は、 京都市 東山区 にある 臨済宗東福寺派 の 大本山 の 寺院 。 山号 は慧日山（えにちさん）。 京都五山 の第四位の 禅 寺として中世、近世を通じて栄えた。近代に入って規模が縮小されたとはいえ、今なお25か寺の 塔頭 （山内寺院）を有する大寺院である。紅葉の名所として有名である。「東福寺の伽藍面（がらんづら）」ともいう。","https://ja.wikipedia.org/wiki/東福寺","日本百名橋","https://ja.wikipedia.org/wiki/日本百名橋","箇条書き,制限あり","北緯34度58分37.38秒東経135度46分26.74秒","京都府京都市東山区本町十五丁目778","","","","","","","","","","","","","","","","","北緯34度58分37.38秒東経135度46分26.74秒﻿ / ﻿北緯34.9770500度 東経135.7740944度﻿ /34.9770500; 135.7740944﻿ (東福寺)座標:北緯34度58分37.38秒東経135度46分26.74秒﻿ / ﻿北緯34.9770500度 東経135.7740944度﻿ /34.9770500; 135.7740944﻿ (東福寺)",""
"宇治橋 (宇治市)","[宇治橋（京都府宇治市）] 宇治橋 （うじばし）は、 646年 （ 大化 2年）に初めて架けられたという伝承のある、 京都府 宇治市 の 宇治川 に架かる橋である。","https://ja.wikipedia.org/wiki/宇治橋_(宇治市)","日本百名橋","https://ja.wikipedia.org/wiki/日本百名橋","箇条書き,制限あり","北緯34度53分34.6秒 東経135度48分22.4秒","","","","","","","","","","","","","","","","","","",""
"上津屋橋","[上津屋橋（流れ橋）（京都府八幡市）] 上津屋橋 （こうづやばし）は、 日本 の 京都府 久世郡 久御山町 と 八幡市 を結ぶ、 木津川 に架けられた 木橋 である。 川 が増水すると 橋桁 が流される構造を持つ 流れ橋 であることから、 流れ橋 （ながればし）  、あるいは 木津川流れ橋 （きづがわ ながればし）、 八幡流れ橋 （やわた ながればし）などと呼ばれることもある。","https://ja.wikipedia.org/wiki/上津屋橋","日本百名橋","https://ja.wikipedia.org/wiki/日本百名橋","箇条書き,制限あり","北緯34度52分5.38秒東経135度44分52.45秒","京都府久世郡久御山町-八幡市間","日本","木津川（淀川水系）","356.5m","流れ橋","3.3 m（有効幅員3.0 m）","1953年（昭和28年）3月","木材、一部はコンクリート","10.1 m　(2016年3月現在)","","道路橋","徳田敏夫","京都府道281号八幡城陽線1959年(昭和34年)12月18日認定","","","","","",""
"泉大橋","[泉大橋（京都府木津川市）] 泉大橋 （いずみおおはし）は、 京都府 木津川市 の 国道24号 兼 国道163号 線上にある 木津川 に架かる 橋 であり、 日本百名橋 に選ばれている。","https://ja.wikipedia.org/wiki/泉大橋","日本百名橋","https://ja.wikipedia.org/wiki/日本百名橋","箇条書き,制限あり","北緯34度44分36.3秒東経135度49分17.8秒","木津川市","日本","木津川","383.6m","カンチレバー式トラス橋","","1951年","","","","","","","","","","","",""
"長柄橋","[長柄橋（大阪府大阪市北区、東淀川区）] 長柄橋 （ながらばし）は、 淀川 に架かる アーチ橋 である。 大阪市 北区 本庄東 と大阪市 東淀川区 柴島とを結ぶ 全長656.4m、幅員20mの 橋 である。 大阪府道・京都府道14号大阪高槻京都線 の一部である。 浪速の名橋50選 に選定されている。","https://ja.wikipedia.org/wiki/長柄橋","日本百名橋","https://ja.wikipedia.org/wiki/日本百名橋","箇条書き,制限あり","北緯34度43分16.2秒 東経135度30分36.1秒","","","","","","","","","","","","","","","","","","",""
"難波橋","[難波橋（大阪府大阪市中央区）] 難波橋 （なにわばし）は、 大阪市 の 大川 に架かる 堺筋 の 橋 。 浪速の名橋50選 選定橋。大阪弁では「ナンニャバシ」  と発音する。","https://ja.wikipedia.org/wiki/難波橋","日本百名橋","https://ja.wikipedia.org/wiki/日本百名橋","箇条書き,制限あり","北緯34度41分33.7秒東経135度30分25.7秒","大阪市中央区北浜-北区西天満間","日本","旧淀川","189.65m","2ヒンジアーチおよび合成桁RCアーチほか","21.8m","1915年","","","","","意匠:宗兵蔵、彫刻:天岡均一","","","","","","",""
"高麗橋","[高麗橋（大阪府大阪市中央区）] 高麗橋 （こうらいばし）は、 大阪府 大阪市 中央区 の 東横堀川 に架かる 橋 。または、同橋西詰以西の 町名 。","https://ja.wikipedia.org/wiki/高麗橋","日本百名橋","https://ja.wikipedia.org/wiki/日本百名橋","箇条書き,制限あり","北緯34度41分23.46秒 東経135度29分54.35秒","大阪市中央区（高麗橋-東高麗橋）","日本","東横堀川","","アーチ橋","","1929年（昭和4年）","","","","","","","","","","","",""
"淀屋橋","[淀屋橋（大阪府大阪市中央区）] 淀屋橋 （よどやばし）は、 大阪府 大阪市 を流れる 土佐堀川 に架かる、 御堂筋 （ 国道25号 ）の 橋 。または、橋梁及び 淀屋橋駅 周辺のの地域名。なお、「淀屋橋」という行政上の正式な地名は存在せず、一般的には橋の架かる 北区 の 中之島 や 中央区 の 北浜 付近の地域を指しており、周辺は大阪の代表的な ビジネス街 ・ 金融街 （ 中心業務地区 、CBD）となっている。","https://ja.wikipedia.org/wiki/淀屋橋","日本百名橋","https://ja.wikipedia.org/wiki/日本百名橋","箇条書き,制限あり","北緯34度41分34.7秒 東経135度30分3.5秒","","","","","","","","","","","","","","","","","","",""
"心斎橋","[心斎橋（大阪府大阪市中央区）] 心斎橋 （しんさいばし）は、 大阪府 大阪市 中央区 の大阪を代表する 繁華街 。また、かつて 長堀川 に架かっていた 橋 でのちに長堀通に整備された歩道橋。範囲としては 心斎橋筋 ・ 西心斎橋 ・ 東心斎橋 の辺りであり、行政上「心斎橋」という地名は存在しない。","https://ja.wikipedia.org/wiki/心斎橋","日本百名橋","https://ja.wikipedia.org/wiki/日本百名橋","箇条書き,制限あり","北緯34度40分21秒 東経135度30分00秒","","","","","","","","","","","","","","","","","","",""
"住吉反橋","[住吉の反橋（大阪府大阪市住吉区）] 住吉反橋 （すみよしそりはし）は、 大阪市 住吉区 の 住吉大社 境内に架かる橋である。","https://ja.wikipedia.org/wiki/住吉反橋","日本百名橋","https://ja.wikipedia.org/wiki/日本百名橋","箇条書き,制限あり","北緯34度36分45秒 東経135度29分32秒","","","","","","","","","","","","","","","","","","",""
"明石海峡大橋","[明石海峡大橋（兵庫県神戸市、淡路市）] 明石海峡大橋 （あかしかいきょうおおはし）は、 兵庫県 神戸市 垂水区 東舞子町と 淡路市 岩屋とを結ぶ 明石海峡 を横断して架けられた 世界最長 の 吊橋 。全長3,911 m、中央支間 1,991 m である。 本州 と 四国 を結ぶ3本の 本州四国連絡橋 （本四架橋）ルートの一つ「 神戸淡路鳴門自動車道 」の一部として供用されている。","https://ja.wikipedia.org/wiki/明石海峡大橋","日本百名橋","https://ja.wikipedia.org/wiki/日本百名橋","箇条書き,制限あり","北緯34度37分1秒東経135度1分16秒","淡路市-神戸市間","日本","明石海峡","3,911m","3径間2ヒンジ補剛トラス吊橋","","","鋼","1,991 m","298.3 m","道路橋","","国道28号（神戸淡路鳴門自動車道）","","本州四国連絡高速道路","1986年5月","1998年4月5日","",""
"余部橋りょう","[餘部橋梁（兵庫県美方郡香美町）] 余部橋梁 （あまるべきょうりょう）は、 兵庫県 美方郡 香美町 香住区（旧・ 城崎郡 香住町 ）余部、 西日本旅客鉄道 （JR西日本） 山陰本線 鎧駅 - 餘部駅 間にある 橋梁 （ 単線 鉄道橋 ）である。","https://ja.wikipedia.org/wiki/余部橋りょう","日本百名橋","https://ja.wikipedia.org/wiki/日本百名橋","箇条書き,制限あり","北緯35度38分58.9秒東経134度33分37秒","兵庫県美方郡香美町香住区余部","日本","長谷川","310.6m","エクストラドーズド橋","7.25 m","2007年3月8日-2011年2月24日","プレストレスト・コンクリート","82.5 m","41.5 m","","","","","","","","","ジェイアール西日本コンサルタンツ（技師長 北後征雄）"
"神子畑鋳鉄橋","[神子畑橋（兵庫県朝来市）] 神子畑鋳鉄橋 （みこはたちゅうてつきょう）は、 兵庫県 朝来市 の 神子畑川 に架かる 鋳鉄 一連 アーチ橋 である。","https://ja.wikipedia.org/wiki/神子畑鋳鉄橋","日本百名橋","https://ja.wikipedia.org/wiki/日本百名橋","箇条書き,制限あり","北緯35度15分5.3秒東経134度43分59.3秒","〒679-3453 兵庫県朝来市佐嚢（さのう）","日本","","16.0メートル","単径間アーチ橋（上路型）","3.727メートル","","全鋳鉄製","14.2メートル","3.81メートル","道路橋","","","1885年3月","朝来市","","","",""
"武庫大橋","[武庫大橋（兵庫県西宮市）] 武庫大橋 （むこおおはし）は、 国道2号 上にある 武庫川 に架かる 橋 である。 日本百名橋 に選ばれ、 土木学会選奨土木遺産 にも認定された。","https://ja.wikipedia.org/wiki/武庫大橋","日本百名橋","https://ja.wikipedia.org/wiki/日本百名橋","箇条書き,制限あり","北緯34度43分54.4秒東経135度22分49.2秒","兵庫県尼崎市- 兵庫県西宮市","日本","武庫川","262.5m","RC開腹アーチ橋","20m","1926年","鉄筋コンクリート","20.1m","","","増田淳","","","","","","",""
"智頭橋","[智頭橋（鳥取県鳥取市）] 智頭橋 （ちずばし）は、 鳥取県 鳥取市 の 袋川 に架かる 橋 で、 日本百名橋 に選ばれた。","https://ja.wikipedia.org/wiki/智頭橋","日本百名橋","https://ja.wikipedia.org/wiki/日本百名橋","箇条書き,制限あり","北緯35度29分58.7秒東経134度13分41.2秒","鳥取県鳥取市","日本","袋川","26m","3径間ラーメン橋","15m","1956年","鉄筋コンクリート","","","","","","","","","","",""
"瀬戸大橋","[瀬戸大橋（岡山県倉敷市）] 瀬戸大橋 （せとおおはし）は、 本州 の 岡山県 倉敷市 と 四国 の 香川県 坂出市 を結ぶ  10の橋の総称である。瀬戸内海をまたぐ 本州四国連絡橋 の児島・坂出ルートにあたり、橋の大部分は香川県に属する。1988年（昭和63年）に全線開通。それにより初めて四国と本州が陸路で結ばれた。","https://ja.wikipedia.org/wiki/瀬戸大橋","日本百名橋","https://ja.wikipedia.org/wiki/日本百名橋","箇条書き,制限あり","北緯34度23分54秒東経133度48分36秒","香川県坂出市-岡山県倉敷市","日本","瀬戸内海（備讃瀬戸）","12,300 m （海峡部 9,367 m）","","35 m","","","1,100 m （南備讃瀬戸大橋）","194 m （南備讃瀬戸大橋北側主塔）","鉄道道路併用橋","","道路:瀬戸中央自動車道鉄道:本四備讃線（瀬戸大橋線）","","","1978年10月10日","1988年4月10日","",""
"京橋 (岡山市)","[京橋（岡山県岡山市北区、中区）] 京橋 （きょうばし）は、 岡山県 岡山市 の 北区 と 中区 区境の 旭川 に架かる橋である。 歩道 のある片側1車線で橋の中央には 岡山電気軌道 東山本線 の 併用軌道 がある。 毎月第1日曜日には橋のふもとで 備前岡山京橋朝市 が行なわれている。 日本百名橋 の一つである  。","https://ja.wikipedia.org/wiki/京橋_(岡山市)","日本百名橋","https://ja.wikipedia.org/wiki/日本百名橋","箇条書き,制限あり","北緯34度39分29.0秒東経133度55分59.1秒","岡山市北区・中区","日本","旭川","131.2m","綱I型桁、RC床版、切石舗装（花崗岩の石畳）","14.9m","現行橋：1915年6月10日-1917年3月26日","鉄筋コンクリート、花崗石","9.0m","4.27m","","","","","","","","",""
"大橋 (大橋川)","[松江・大橋（島根県松江市）] 大橋 （おおはし）は 島根県道261号母衣町雑賀町線 上にある 大橋川 に架かる 橋 で、 日本百名橋 に選ばれた。松江大橋とも呼ばれる。","https://ja.wikipedia.org/wiki/大橋_(大橋川)","日本百名橋","https://ja.wikipedia.org/wiki/日本百名橋","箇条書き,制限あり","北緯35度28分4.3秒東経133度3分18.3秒","島根県松江市","日本","大橋川","134m","鋼ゲルバー桁","11m","1937年（現橋）","鉄筋コンクリート","30m","","","","","","","","","",""
"石見銀山","[羅漢寺・反橋（島根県大田市）] ","https://ja.wikipedia.org/wiki/石見銀山#世界遺産","日本百名橋","https://ja.wikipedia.org/wiki/日本百名橋","箇条書き,制限あり","北緯35度06分46秒 東経132度26分06秒","","","","","","","","","","","","","","","","","","",""
"厳島","[厳島・反橋（広島県廿日市市）] 厳島 （いつくしま）は、日本の 広島県 廿日市市 宮島町にある島。 瀬戸内海 西部、 広島湾 の北西部に位置する。通称は 宮島 （みやじま）。また 安芸の宮島 ともいう。","https://ja.wikipedia.org/wiki/厳島","日本百名橋","https://ja.wikipedia.org/wiki/日本百名橋","箇条書き,制限あり","北緯34度16分0秒東経132度18分0秒","日本（広島県廿日市市）","","","","","","","","","","","","","","","","","",""
"元安橋","[元安橋（広島県広島市中区）] 元安橋 （もとやすばし）は、 広島県 広島市 の 元安川 にかかる 道路橋 。","https://ja.wikipedia.org/wiki/元安橋","日本百名橋","https://ja.wikipedia.org/wiki/日本百名橋","箇条書き,制限あり","北緯34度23分38秒東経132度27分13秒","広島県広島市中区左岸:大手町、右岸:中島町","","太田川水系元安川","","","","","","","","","","","","","","","",""
"錦帯橋","[錦帯橋（山口県岩国市）] 錦帯橋 （きんたいきょう）は、 山口県 岩国市 の 錦川 に 架橋 された、5連の木造 アーチ橋 である   。","https://ja.wikipedia.org/wiki/錦帯橋","日本百名橋","https://ja.wikipedia.org/wiki/日本百名橋","箇条書き,制限あり","北緯34度10分03.86秒東経132度10分41.43秒","山口県岩国市","日本","錦川","193.3 m","5径間木造アーチ橋","5.0 m","1673年（初代落成。その後、流失や復元工事有り）","","","","","","","","","","","",""
"平安橋","[平安橋（山口県萩市）] 平安橋 （へいあんばし）は、 山口県 萩市 の 新堀川 に架かる 橋 で、 日本百名橋 、萩市の 有形文化財 に選ばれた。","https://ja.wikipedia.org/wiki/平安橋","日本百名橋","https://ja.wikipedia.org/wiki/日本百名橋","箇条書き,制限あり","北緯34度24分34.3秒東経131度23分16.5秒","山口県萩市","日本","新堀川","6.04m","ゲルバー桁橋","3.95m","明和年間","玄武岩","","2.5m","","","","","","","","",""
"金刀比羅宮","[琴平・鞘橋（香川県仲多度郡琴平町）] 金刀比羅宮 （ことひらぐう）は、 香川県 仲多度郡 琴平町 の 象頭山 中腹に鎮座する 単立 神社 である。明治初年の神仏分離以前は 金毘羅大権現 と称され  、以降は、「さぬきの こんぴらさん 」の呼び名で知られる  。","https://ja.wikipedia.org/wiki/金刀比羅宮","日本百名橋","https://ja.wikipedia.org/wiki/日本百名橋","箇条書き,制限あり","北緯34度11分2.41秒東経133度48分34.33秒","香川県仲多度郡琴平町字川西892番地1","","","","","","","","","","","","","","","","","北緯34度11分2.41秒東経133度48分34.33秒﻿ / ﻿北緯34.1840028度 東経133.8095361度﻿ /34.1840028; 133.8095361﻿ (金刀比羅宮)座標:北緯34度11分2.41秒東経133度48分34.33秒﻿ / ﻿北緯34.1840028度 東経133.8095361度﻿ /34.1840028; 133.8095361﻿ (金刀比羅宮)",""
"三架橋","[三架橋（香川県観音寺市）] 三架橋 （さんかばし）は、 香川県 観音寺市 にある鉄骨コンクリート製の橋である。 財田川 の下流にかかっており、海から数えて三番目の橋。","https://ja.wikipedia.org/wiki/三架橋","日本百名橋","https://ja.wikipedia.org/wiki/日本百名橋","箇条書き,制限あり","北緯34度7分54秒東経133度39分1.3秒","香川県観音寺市","日本","財田川","93m","三連アーチ橋","7m","","鉄骨コンクリート","","","","","","","","","","",""
"吉野川橋 (徳島市)","[吉野川橋（徳島県徳島市）] 吉野川橋 （よしのがわばし）は、 徳島県 の 一級河川 吉野川 にかかる17径間曲弦下路式ワーレン トラス橋 。 日本百名橋 、 とくしま市民遺産 に選定  。","https://ja.wikipedia.org/wiki/吉野川橋_(徳島市)","日本百名橋","https://ja.wikipedia.org/wiki/日本百名橋","箇条書き,制限あり","北緯34度5分46.3秒 東経134度33分17.5秒","徳島市（吉野本町）-徳島市（応神町）間","日本","吉野川","1,071m","トラス橋","","1925-1928年","","","","","","","","","","","",""
"祖谷渓","[祖谷の蔓橋（徳島県三好市）] 祖谷渓 （いやだに／いやけい）は、 四国 の 徳島県 三好市 に位置する深い V字谷 の続く 渓谷 。 祖谷谷 、 祖谷渓谷 ともいう。","https://ja.wikipedia.org/wiki/祖谷渓","日本百名橋","https://ja.wikipedia.org/wiki/日本百名橋","箇条書き,制限あり","","","","","","","","","","","","","","","","","","","",""
"長浜大橋","[長浜大橋（愛媛県大洲市）] 長浜大橋 （ながはまおおはし）は、 愛媛県 大洲市 の 肱川 河口にある 道路橋 。全体が赤く塗られていることから、地元では「 赤橋 」の愛称で親しまれている。2009年に 経済産業省 の「 近代化産業遺産 」に認定された。2014年12月10日に国の 重要文化財 に指定された  。","https://ja.wikipedia.org/wiki/長浜大橋","日本百名橋","https://ja.wikipedia.org/wiki/日本百名橋","箇条書き,制限あり","北緯33度36分36.0秒 東経132度28分47.2秒","","","","","","","","","","","","","","","","","","",""
"屋根付橋","[御幸の橋（愛媛県大洲市）] 屋根付橋 （やねつきばし）とは、 屋根 の付けられた 橋 のことである。橋の構造材の劣化速度を遅くする目的で覆いをかけたものや雨風を防ぐため、景観のためなどさまざまな理由から橋が覆いで囲まれている橋。世界的に広く存在し、あるいは「 幌 付き橋」、「 廊下 橋」、「 鞘 橋」、「有 蓋 橋」ともいう。","https://ja.wikipedia.org/wiki/屋根付橋","日本百名橋","https://ja.wikipedia.org/wiki/日本百名橋","箇条書き,制限あり","","","","","","","","","","","","","","","","","","","",""
"播磨屋橋","[播磨屋橋（高知県高知市）] 播磨屋橋 （はりまやばし）は、 高知市 中心部にある道路 橋 で、長さ約20mの桁橋である。俗に、ひらがなで はりまや橋 と表記されることも多い。","https://ja.wikipedia.org/wiki/播磨屋橋","日本百名橋","https://ja.wikipedia.org/wiki/日本百名橋","箇条書き,制限あり","北緯33度33分35.8秒東経133度32分33.5秒","高知県高知市はりまや町一丁目","日本","","約20m","","","","","","","","","","","","","","",""
"沈下橋","[一斗俵沈下橋（高知県高岡郡四万十町）] 沈下橋 （ちんかばし、ちんかきょう）は、 河川 を渡る 橋 の一種である。堤外地に設けられる橋で洪水時には橋面が水面下になる橋をいう  。","https://ja.wikipedia.org/wiki/沈下橋#日本各地の沈下橋#高知県","日本百名橋","https://ja.wikipedia.org/wiki/日本百名橋","箇条書き,制限あり","","","","","","","","","","","","","","","","","","","",""
"常盤橋 (紫川)","[常盤橋（福岡県北九州市小倉北区）] 常盤橋 （ときわばし）は、 福岡県 北九州市 小倉北区 の 紫川 に架かる 橋 で、 日本百名橋 に選ばれた。 長崎街道 、中津街道、秋月街道、門司往還の起・終点でもあった。","https://ja.wikipedia.org/wiki/常盤橋_(紫川)","日本百名橋","https://ja.wikipedia.org/wiki/日本百名橋","箇条書き,制限あり","北緯33度53分10.8秒東経130度52分38.9秒","福岡県北九州市","日本","紫川","85m","三径間連続桁","7.2m","1995年","ボンゴシ、チークの木材","","","","","","","","","","",""
"筑後川昇開橋","[筑後川昇開橋（福岡県大川市）] 筑後川昇開橋 （ちくごがわしょうかいきょう、 Chikugo River Lift bridge ）は、 日本国有鉄道 （国鉄） 佐賀線 に存在し、 筑後川 をまたいで 福岡県 大川市 と 佐賀県 佐賀市 諸富町 （廃線時・ 佐賀郡 諸富町）を結んでいた 鉄道 用 可動式橋梁 である。佐賀線の 廃線 後も保存され、現在は 歩道橋 として活用されている。 旧筑後川橋梁（筑後川昇開橋） として 重要文化財 および 機械遺産 に指定されている。","https://ja.wikipedia.org/wiki/筑後川昇開橋","日本百名橋","https://ja.wikipedia.org/wiki/日本百名橋","箇条書き,制限あり","北緯33度12分54秒 東経130度21分43秒","","","","","","","","","","","","","","","","","","",""
"眼鏡橋 (長崎市)","[長崎眼鏡橋（長崎県長崎市）] 眼鏡橋 （めがねばし）は、 長崎市 の 中島川 に架かる石造二連 アーチ橋 である。架橋時、 琉球王国 だった 天女橋 を除くと、日本初の石造りアーチ橋である   。 1960年 （昭和35年）に国の 重要文化財 に指定された  。","https://ja.wikipedia.org/wiki/眼鏡橋_(長崎市)","日本百名橋","https://ja.wikipedia.org/wiki/日本百名橋","箇条書き,制限あり","北緯32度44分49.85秒 東経129度52分48.29秒","","","","","","","","","","","","","","","","","","",""
"眼鏡橋 (諫早市)","[諫早眼鏡橋（長崎県諫早市）] 眼鏡橋 （めがねばし）とは 長崎県 諫早市 高城町の 諫早公園 内の池に架かる石造二連アーチ橋である。石橋としては日本で初めて国の 重要文化財 に指定された。","https://ja.wikipedia.org/wiki/眼鏡橋_(諫早市)","日本百名橋","https://ja.wikipedia.org/wiki/日本百名橋","箇条書き,制限あり","北緯32度50分43.5秒 東経130度2分56.7秒","","","","","","","","","","","","","","","","","","",""
"西海橋","[西海橋（長崎県西海市、佐世保市）] 西海橋 （さいかいばし）は、 長崎県 佐世保市 針尾島 と 西海市 西彼町 の間にある伊ノ浦瀬戸（ 針尾瀬戸 ）に架かる アーチ橋 である。完成当時は固定アーチ橋としては世界で三番目の長さを誇り、 東洋 一と評された  。2020年に国の 重要文化財 に指定   。","https://ja.wikipedia.org/wiki/西海橋","日本百名橋","https://ja.wikipedia.org/wiki/日本百名橋","箇条書き,制限あり","北緯33度3分11秒東経129度45分28秒","佐世保市-西海市間","日本","針尾瀬戸","316.26m","上路式鋼ブレースドリブ固定アーチ橋","8.1m","1951年-1955年","鋼","243.7m","43.0m（海面高）","","吉田巌（設計者）横河橋梁（施工）","","","","","","",""
"祇園橋","[祇園橋（熊本県天草市）] 祇園橋 （ぎおんばし）は、 熊本県 天草市 の 町山口川 に架かる 石橋 で、 日本百名橋 に選ばれた。","https://ja.wikipedia.org/wiki/祇園橋","日本百名橋","https://ja.wikipedia.org/wiki/日本百名橋","箇条書き,制限あり","北緯32度27分23秒東経130度11分17秒","熊本県天草市","日本","町山口川","28.6m","10径間桁橋構造","3.3m","1832年","砂岩","","","","","","","","","","",""
"通潤橋","[通潤橋（熊本県上益城郡山都町）] 通潤橋 （つうじゅんきょう）は、 熊本県 上益城郡 山都町 （やまとちょう）にある石造単 アーチ橋 。 江戸時代 の 嘉永 7年（ 1854年 ）に 阿蘇 の 外輪山 の南側の 五老ヶ滝 川（ 緑川 水系）の谷に架けられた 水路橋 で、水利に恵まれなかった白糸台地へ通水するための 通潤用水 上井手（うわいで）水路の通水管が通っている。","https://ja.wikipedia.org/wiki/通潤橋","日本百名橋","https://ja.wikipedia.org/wiki/日本百名橋","箇条書き,制限あり","北緯32度40分54.1秒東経130度59分37.3秒","熊本県上益城郡山都町","日本","緑川水系五老ヶ滝川","78m","単アーチ橋","6.3m","1854年","石","28m","20m","","","","","","","","",""
"呉橋","[呉橋（大分県宇佐市）] 呉橋 （くれはし）は、 大分県 宇佐市 南宇佐の 宇佐神宮 西参道にある屋根付きの木造 橋 。 日本百名橋 の一つ。","https://ja.wikipedia.org/wiki/呉橋","日本百名橋","https://ja.wikipedia.org/wiki/日本百名橋","箇条書き,制限あり","北緯33度31分31.0秒 東経131度22分23.7秒","","","","","","","","","","","","","","","","","","",""
"耶馬溪橋","[耶馬溪橋（大分県中津市）] 耶馬渓橋 （やばけいばし）は、 大分県 中津市 本耶馬渓町 の 山国川 水系山国川に架かる石造 アーチ橋 である。","https://ja.wikipedia.org/wiki/耶馬溪橋","日本百名橋","https://ja.wikipedia.org/wiki/日本百名橋","箇条書き,制限あり","","","","","","","","","","","","","","","","","","","",""
"虹澗橋","[虹澗橋（大分県豊後大野市、臼杵市）] 虹澗橋 （こうかんきょう、こうかんばし  ）は、 大分県 豊後大野市 三重町菅生と 臼杵市 野津町大字西畑の間の 大野川 水系三重川に架かる石造 アーチ橋 。通称、 柳井瀬橋 。国の 重要文化財 に指定されている。","https://ja.wikipedia.org/wiki/虹澗橋","日本百名橋","https://ja.wikipedia.org/wiki/日本百名橋","箇条書き,制限あり","北緯33度0分41.0秒 東経131度38分3.8秒","","","","","","","","","","","","","","","","","","",""
"橘橋","[橘橋（宮崎県宮崎市）] 橘橋 （たちばなばし）は、 大淀川 に架かる 国道220号 の橋であり 宮崎県 宮崎市 の市街地を南北に結ぶ。","https://ja.wikipedia.org/wiki/橘橋","日本百名橋","https://ja.wikipedia.org/wiki/日本百名橋","箇条書き,制限あり","","","","","","","","","","","","","","","","","","","",""
"西田橋","[西田橋（鹿児島県鹿児島市）] 西田橋 （にしだはし）は、日本各地にある橋である。","https://ja.wikipedia.org/wiki/西田橋","日本百名橋","https://ja.wikipedia.org/wiki/日本百名橋","箇条書き,制限あり","","","","","","","","","","","","","","","","","","","",""
"天女橋","[天女橋（沖縄県那覇市）] 天女橋 （てんにょばし）は、 沖縄県 那覇市 の 首里城 公園北側の円鑑池に架かる石造 アーチ橋 。国の 重要文化財 に指定され、 日本百名橋 の1つである。観蓮橋とも呼ばれる。","https://ja.wikipedia.org/wiki/天女橋","日本百名橋","https://ja.wikipedia.org/wiki/日本百名橋","箇条書き,制限あり","北緯26度13分6.6秒東経127度43分7.4秒","沖縄県那覇市","日本","円鑑池","9.8m","アーチ","","1502年","琉球石灰岩","","","","","","","","","","",""
"上山市","[上山・新橋（山形県上山市）] 上山市 （かみのやまし）は、 山形県 南東部にある 市 。江戸時代には 上山藩 （居城は 上山城 ）の 城下町 や 羽州街道 の 宿場町 として栄え、現在は 上山温泉 で知られる。 中山城 のある中山宿は 米沢藩 の領地であり、重臣の横田氏が入部している。 城下町 ・ 宿場町 ・ 温泉街 の3つを兼ね備えた都市は、全国的にも珍しいとされる。市域は出羽国（羽前国） 村山郡 がほとんどだが、一部に 置賜郡 も含む（本記事2項の「歴史」も参照）。","https://ja.wikipedia.org/wiki/上山市","日本百名橋","https://ja.wikipedia.org/wiki/日本百名橋","箇条書き,制限あり","北緯38度8分58.5秒東経140度16分4.3秒","〒999-3192山形県上山市河崎一丁目1番10号北緯38度8分58.5秒東経140度16分4.3秒﻿ / ﻿北緯38.149583度 東経140.267861度﻿ /38.149583; 140.267861","日本","","","","","","","","","","","","","","","","",""
"真間の継橋","[真間の継橋（千葉県市川市）] 真間の継橋 （ままのつぎはし）は、 千葉県 市川市 にかつて存在した 橋 で、 日本百名橋 （番外）に選定されている。現在は川自体が存在せず、当地には石碑と説明板、橋の欄干を模した記念物が建てられている。","https://ja.wikipedia.org/wiki/真間の継橋","日本百名橋","https://ja.wikipedia.org/wiki/日本百名橋","箇条書き,制限あり","北緯35度44分16.9秒東経139度54分28.7秒","千葉県市川市","日本","水域なし","","橋に模した記念物","","","","","","","","","","","","","",""
"芦峅寺","[芦峅寺布橋（富山県富山市）] 芦峅寺 （あしくらじ）は、 富山県 中新川郡 立山町 の 地名 で 立山連峰 の玄関口である。もとは 神仏習合 の形態であった当時の「 雄山神社 中宮祈願殿」の寺名で、 中宮寺 とも呼ばれていた。","https://ja.wikipedia.org/wiki/芦峅寺","日本百名橋","https://ja.wikipedia.org/wiki/日本百名橋","箇条書き,制限あり","北緯36度34分59秒 東経137度23分33秒","","日本","","","","","","","","","","","","","","","","",""
"木曽の桟","[木曽の桟（長野県木曽郡上松町）] 木曽の棧 （きそのかけはし）は、 長野県 木曽郡 上松町 の旧 国道19号 （現上松町道）の下にある 橋 跡で、長野県の 史跡 、 日本百名橋 の番外の1つである。 歌枕 としても知られ、近くには「棧温泉」、木曽川右岸道路には「木のかけはし」がある。","https://ja.wikipedia.org/wiki/木曽の桟","日本百名橋","https://ja.wikipedia.org/wiki/日本百名橋","箇条書き,制限あり","北緯35度48分25.8秒東経137度41分15.5秒","長野県木曽郡上松町","日本","木曽川","","","","","","","","","","","","","","","",""
"無量寿寺 (知立市)","[八橋（愛知県知立市）] 無量寿寺  （むりょうじゅじ）は、 愛知県 知立市 にある 臨済宗妙心寺派 の 寺院 。山号は八橋山（やつはしさん）。 三河新四国八十八ヶ所霊場 第四番。","https://ja.wikipedia.org/wiki/無量寿寺_(知立市)","日本百名橋","https://ja.wikipedia.org/wiki/日本百名橋","箇条書き,制限あり","北緯35度0分27.1秒東経137度4分32.69秒","愛知県知立市八橋町寺内61番地1","","","","","","","","","","","","","","","","","北緯35度0分27.1秒東経137度4分32.69秒﻿ / ﻿北緯35.007528度 東経137.0757472度﻿ /35.007528; 137.0757472",""
"裁断橋","[裁断橋（愛知県名古屋市熱田区）] 裁断橋 （さいだんばし）は、 愛知県 名古屋市 熱田区 にあった 橋 である。 日本百名橋 の番外に選ばれた。","https://ja.wikipedia.org/wiki/裁断橋","日本百名橋","https://ja.wikipedia.org/wiki/日本百名橋","箇条書き,制限あり","","","","","","","","","","","","","","","","","","","",""
"飛鳥川 (奈良県)","[飛鳥の石橋（奈良県高市郡明日香村）] 飛鳥川 （あすかがわ）は、 奈良県 中西部を流れる 大和川 水系の 一級河川 。 奈良盆地 西部を多く北流する大和川の 支流 の一つである。","https://ja.wikipedia.org/wiki/飛鳥川_(奈良県)","日本百名橋","https://ja.wikipedia.org/wiki/日本百名橋","箇条書き,制限あり","","","","","","","","","","","","","","","","","","","",""
"橋杭岩","[橋杭岩（和歌山県東牟婁郡串本町）] 橋杭岩は 国道42号 沿いに位置する観光スポットで附近には土産物屋なども数軒見られる。 干物 などを売る店もある。 うすかわ饅頭 は土産として有名である。","https://ja.wikipedia.org/wiki/橋杭岩","日本百名橋","https://ja.wikipedia.org/wiki/日本百名橋","箇条書き,制限あり","北緯33度29分17.2秒東経135度47分39.6秒","〒649-3511和歌山県東牟婁郡串本町鬮野川1549","","","","","","","","","","","","","","","","","",""
"天橋立","[天橋立（京都府宮津市）] 天橋立 （あまのはしだて）は、 京都府 宮津市 の 宮津湾 と 内海 の 阿蘇海 を南北に隔てる全長3.6 キロメートル の湾口 砂州  。 日本三景 の一つであり    、 2013年 の観光入込客数は178万1900人と 京都市 を除いた京都府内の観光地で第1位である  。","https://ja.wikipedia.org/wiki/天橋立","日本百名橋","https://ja.wikipedia.org/wiki/日本百名橋","箇条書き,制限あり","北緯35度34分9.7秒 東経135度11分29.5秒","","","","","","","","","","","","","","","","","","",""
"古川町橋","[行者橋（古川町橋）（京都府京都市東山区）] 古川町橋 （ふるかわまちばし）は、 京都府 京都市 東山区 にある 橋 。 白川 に架かる橋であり、 日本百名橋 の番外に選ばれている。行者橋、一本橋、阿闍梨橋とも呼ばれる。","https://ja.wikipedia.org/wiki/古川町橋","日本百名橋","https://ja.wikipedia.org/wiki/日本百名橋","箇条書き,制限あり","北緯35度0分26.2秒東経135度46分41.3秒","京都府京都市東山区","日本","白川","11.7m","","60cm","1907年","御影石","","","","","","","","","","",""
"雪鯨橋","[雪鯨橋（大阪府大阪市東淀川区）] 雪鯨橋 （せつげいきょう）は、 大阪府 大阪市 東淀川区 の 瑞光 2丁目にある 瑞光寺 境内の弘済池に架かる 橋 である。地元では「 くじら橋 」とも呼ばれる。","https://ja.wikipedia.org/wiki/雪鯨橋","日本百名橋","https://ja.wikipedia.org/wiki/日本百名橋","箇条書き,制限あり","北緯34度44分57.2秒 東経135度32分17.0秒","","","","","","","","","","","","","","","","","","",""
"木の根橋","[木の根橋（兵庫県丹波市）] 木の根橋 （きのねばし）とは、 兵庫県 丹波市 柏原地域に存在する、川をまたいで伸びている ケヤキ の大木の根である。","https://ja.wikipedia.org/wiki/木の根橋","日本百名橋","https://ja.wikipedia.org/wiki/日本百名橋","箇条書き,制限あり","北緯35度7分47.3秒 東経135度4分45.2秒","","","","","","","","","","","","","","","","","","",""
"八十橋","[八十橋（兵庫県加古川市）] 八十橋 （やそばし）は、『播磨国 風土記 』に書かれている天と往来ができたとされる「はし（ 橋 、階、梯）」で、 日本百名橋 の番外の1つである。","https://ja.wikipedia.org/wiki/八十橋","日本百名橋","https://ja.wikipedia.org/wiki/日本百名橋","箇条書き,制限あり","北緯34度47分16.8秒東経134度51分0.7秒","兵庫県加古川市","日本","","","","","","","","","","","","","","","","",""
"雄橋","[雄橋（広島県庄原市）] 雄橋 （おんばし）は 広島県 庄原市 東城町 の 帝釈峡 にある 天然橋 。 比婆道後帝釈国定公園 の一角を担う景勝地で、 1987年 （ 昭和 62年）5月12日に国の 天然記念物 に指定された  。","https://ja.wikipedia.org/wiki/雄橋","日本百名橋","https://ja.wikipedia.org/wiki/日本百名橋","箇条書き,制限あり","北緯34度51分43.1秒 東経133度12分23.0秒","","","","","","","","","","","","","","","","","","",""
"縮景園","[縮景園・跨虹橋（広島県広島市）] 縮景園 （しゅっけいえん）は、 広島県 広島市 中区 上幟町にある 庭園 。","https://ja.wikipedia.org/wiki/縮景園","日本百名橋","https://ja.wikipedia.org/wiki/日本百名橋","箇条書き,制限あり","北緯34度23分59.0秒東経132度28分2.9秒","広島県広島市中区上幟町2-11","","","","","","","","","","","","","","","","","",""
"表御殿庭園","[表御殿庭園石橋（徳島県徳島市）] 旧徳島城表御殿庭園 （きゅうとくしまじょうおもてごてんていえん）は、 徳島県 徳島市 徳島町城内 の 徳島中央公園 内にある 庭園 である。 千秋閣庭園 とも呼ばれている。","https://ja.wikipedia.org/wiki/表御殿庭園","日本百名橋","https://ja.wikipedia.org/wiki/日本百名橋","箇条書き,制限あり","北緯34度4分25.02秒 東経134度33分21.93秒","","","","","","","","","","","","","","","","","","",""
"ドイツ橋","[独逸橋（徳島県鳴門市）] ドイツ橋 （ドイツばし）は、 徳島県 鳴門市 大麻町板東 の 大麻山 にある 大麻比古神社 の敷地を流れる 板東谷川 に架かる石 橋 の アーチ橋 である。 独逸橋 とも表記される。","https://ja.wikipedia.org/wiki/ドイツ橋","日本百名橋","https://ja.wikipedia.org/wiki/日本百名橋","箇条書き,制限あり","北緯34度10分17.814秒東経134度30分07.056秒","徳島県鳴門市大麻町板東（大麻比古神社境内）","日本","板東谷川","9.0m","石造アーチ橋","2.1m","1919年","和泉砂岩","アーチ部径間1.6m","3.2m","","ドイツ人捕虜","","","","","","",""
"屋根付橋","[弓削神社太鼓橋（愛媛県喜多郡内子町）] 屋根付橋 （やねつきばし）とは、 屋根 の付けられた 橋 のことである。橋の構造材の劣化速度を遅くする目的で覆いをかけたものや雨風を防ぐため、景観のためなどさまざまな理由から橋が覆いで囲まれている橋。世界的に広く存在し、あるいは「 幌 付き橋」、「 廊下 橋」、「 鞘 橋」、「有 蓋 橋」ともいう。","https://ja.wikipedia.org/wiki/屋根付橋","日本百名橋","https://ja.wikipedia.org/wiki/日本百名橋","箇条書き,制限あり","","","","","","","","","","","","","","","","","","","",""
"霊台橋","[霊台橋（熊本県下益城郡美里町）] 霊台橋 （れいだいきょう）は、 熊本県 下益城郡 美里町 を流れる 緑川 に架かる 江戸時代 末期の 石橋 。別名 船津橋 。国指定（ 昭和 42年（ 1967年 ） 6月15日 ）の 重要文化財   。","https://ja.wikipedia.org/wiki/霊台橋","日本百名橋","https://ja.wikipedia.org/wiki/日本百名橋","箇条書き,制限あり","北緯32度37分45.3秒東経130度53分18秒","熊本県下益城郡美里町清水・美里町豊富船津","日本","緑川","89.86m","単アーチ","5.45m","1846年（弘化3年）着工1847年（弘化4年）竣工","石材","28.3m","16.32m","","-種山卯助ら石工72人。大工の万助、伴七。","","","","","","",""
"池田矼","[池田矼（沖縄県宮古島市）] 池田矼 （いけだばし）は、 沖縄県 宮古島市 （旧 下地町 ）の崎田川に架かる アーチ橋 である。 1977年 7月1日に沖縄県の 史跡 に指定されており  、 日本百名橋 の番外のひとつでもある。 池田橋 とも表記される  。","https://ja.wikipedia.org/wiki/池田矼","日本百名橋","https://ja.wikipedia.org/wiki/日本百名橋","箇条書き,制限あり","北緯24度45分11.7秒東経125度17分7.8秒","沖縄県宮古島市","日本","崎田川","10m","アーチ","3m強","","石灰岩","","","","","","","","","","",""
