"タイトル","コメント","URL","親リストタイトル","親リストURL","一覧抽出方法","座標","出力","燃料","営業運転開始日","着工日","種類","所在地","国","法人番号","電気事業者","略称","冷却水","運営者","外部リンク","設立","業種","事業内容","代表者","資本金","売上高"
"泊発電所","[とまり/泊発電所01-北海道電力01/北海道古宇郡泊村加圧水型軽水炉157.91989運転停止。定期点検による。2013年7月8日新基準審査申請。] 泊発電所 （とまりはつでんしょ）は、 北海道 古宇郡 泊村 にある 原子力発電所 。","https://ja.wikipedia.org/wiki/泊発電所","日本の原子力発電所","https://ja.wikipedia.org/wiki/日本の原子力発電所","表形式","北緯43度2分10秒東経140度30分45秒","","","","","","","日本","","","","","北海道電力","","","","","","",""
"東通原子力発電所","[ひがしどおり/東通原子力発電所02-東北電力02/青森県下北郡東通村沸騰水型軽水炉11101998運転停止。東北地方太平洋沖地震による。2014年6月10日新基準審査申請。] 東通原子力発電所 （ひがしどおりげんしりょくはつでんしょ）は、 青森県 下北郡 東通村 にある 原子力発電所 。","https://ja.wikipedia.org/wiki/東通原子力発電所","日本の原子力発電所","https://ja.wikipedia.org/wiki/日本の原子力発電所","表形式","北緯41度11分17秒 東経141度23分27秒","110万kW","二酸化ウラン約 ？ t / 年","2005年12月","1998年12月","原子力発電所","日本青森県下北郡東通村大字白糠字前坂下34-4","","","東北電力東京電力ホールディングス","","","","","","","","","",""
"女川原子力発電所","[おながわ/女川原子力発電所02-東北電力04/宮城県牡鹿郡女川町沸騰水型軽水炉282.51995運転停止。東北地方太平洋沖地震による。2020年2月26日新基準設置(変更)許可。工事計画・保安規定審査中。] 女川原子力発電所 （おながわげんしりょくはつでんしょ）は、 宮城県 牡鹿郡 女川町 と 石巻市 にまたがる 東北電力 の 原子力発電所 。","https://ja.wikipedia.org/wiki/女川原子力発電所","日本の原子力発電所","https://ja.wikipedia.org/wiki/日本の原子力発電所","表形式","北緯38度24分04秒東経141度29分59秒","","","","","沸騰水型軽水炉","","日本","","","","","東北電力","","","","","","",""
"東北地方太平洋沖地震","[32002運転停止。東北地方太平洋沖地震による。] 地震の規模は マグニチュード (Mw) 9.0から9.1 で、日本の観測史上最大規模だった。また 宮城県 栗原市で 最大 震度7 が観測された。気象庁により震度7が記録されたのは、1995年の 兵庫県南部地震 （ 阪神・淡路大震災 ）、2004年の 新潟県中越地震 以来、観測史上3回目である。","https://ja.wikipedia.org/wiki/東北地方太平洋沖地震","日本の原子力発電所","https://ja.wikipedia.org/wiki/日本の原子力発電所","表形式","北緯38度06.2分東経142度51.6分﻿ / ﻿北緯38.1033度 東経142.8600度﻿ /38.1033; 142.8600座標:北緯38度06.2分東経142度51.6分﻿ / ﻿北緯38.1033度 東経142.8600度﻿ /38.1033; 142.8600米国地質調査所発表北緯38度17分49秒東経142度22分23秒","","","","","","","","","","","","","","","","","","",""
"東海第二発電所","[とうかい2/東海第二発電所日本原子力発電08/茨城県那珂郡東海村沸騰水型軽水炉11101978運転停止。東北地方太平洋沖地震による。安全対策工事中[28] 東海第二発電所 （とうかいだいにはつでんしょ）は、 茨城県 那珂郡 東海村 にある 日本原子力発電 （日本原電）の 原子力発電所 。略称は 東二 （とうに）、 げんでん東海 。 首都圏 にある唯一の原子力発電所である。","https://ja.wikipedia.org/wiki/東海第二発電所","日本の原子力発電所","https://ja.wikipedia.org/wiki/日本の原子力発電所","表形式","北緯36度27分59秒 東経140度36分24秒","110.0万kW","低濃縮ウラン約 132 t / 年","1978年11月28日","","原子力発電所","日本茨城県那珂郡東海村白方1-1","","","日本原子力発電","","","","","","","","","",""
"柏崎刈羽原子力発電所","[かしわさきかりわ/柏崎刈羽原子力発電所05-東京電力15/新潟県柏崎市新潟県刈羽郡刈羽村沸騰水型軽水炉11101985運転停止。定期点検による。2021年4月14日に核燃料移動禁止の是正措置命令[29] 柏崎刈羽原子力発電所 （かしわざきかりわげんしりょくはつでんしょ）は、 新潟県 柏崎市 と、同県 刈羽郡 刈羽村 にまたがる 東京電力ホールディングス の 原子力発電所 。略称はKK（ケーケー）。","https://ja.wikipedia.org/wiki/柏崎刈羽原子力発電所","日本の原子力発電所","https://ja.wikipedia.org/wiki/日本の原子力発電所","表形式","北緯37度25分35秒東経138度35分40秒","","","","","BWR(1～5号機)　ABWR(6・7号機)","新潟県柏崎市青山町16","日本","","","","","","","","","","","",""
"新潟県中越沖地震","[21990運転停止。新潟県中越沖地震による。2021年4月14日に核燃料移動禁止の是正措置命令[29] 新潟県中越沖地震 （にいがたけんちゅうえつおきじしん）は、 2007年 （平成19年） 7月16日 10時13分23秒 (JST) に発生した、 新潟県 中越地方 沖を震源とする 地震 である。地震の規模を示す マグニチュード (M) は6.8、最大 震度 は6強。中越地方では 2004年 （平成16年）の 新潟県中越地震 以来のマグニチュード6以上および 震度 5弱以上を観測した地震となった。","https://ja.wikipedia.org/wiki/新潟県中越沖地震","日本の原子力発電所","https://ja.wikipedia.org/wiki/日本の原子力発電所","表形式","北緯37度33.4分東経138度36.5分","","","","","","","","","","","","","","","","","","",""
"2021年","[51990運転停止。定期点検による。2021年4月14日に核燃料移動禁止の是正措置命令[29] 2021年 （2021 ねん）は、 西暦 （ グレゴリオ暦 ）による、 金曜日から始まる平年 。 令和 3年。","https://ja.wikipedia.org/wiki/2021年","日本の原子力発電所","https://ja.wikipedia.org/wiki/日本の原子力発電所","表形式","","","","","","","","","","","","","","","","","","","",""
"改良型沸騰水型軽水炉","[改良型沸騰水型軽水炉6135.61996運転停止。2017年12月27日新基準設置(変更)許可。工事計画・保安規定審査中。2021年4月14日に核燃料移動禁止の是正措置命令[29] 2009年9月末時点の改良型沸騰水型軽水炉の設置状況は、 東京電力 柏崎刈羽原子力発電所 6・7号機、 中部電力 浜岡原子力発電所 5号機、 北陸電力 志賀原子力発電所 2号機の4基となっている。","https://ja.wikipedia.org/wiki/改良型沸騰水型軽水炉","日本の原子力発電所","https://ja.wikipedia.org/wiki/日本の原子力発電所","表形式","","","","","","","","","","","","","","","","","","","",""
"2021年","[719972021年6月営業運転予定だったが[30] 2021年 （2021 ねん）は、 西暦 （ グレゴリオ暦 ）による、 金曜日から始まる平年 。 令和 3年。","https://ja.wikipedia.org/wiki/2021年","日本の原子力発電所","https://ja.wikipedia.org/wiki/日本の原子力発電所","表形式","","","","","","","","","","","","","","","","","","","",""
"浜岡原子力発電所","[はまおか/浜岡原子力発電所06-07-中部電力22/静岡県御前崎市沸騰水型軽水炉311019872010年11月29日運転停止。定期点検による。2015年6月16日新基準審査申請。] 浜岡原子力発電所 （はまおかげんしりょくはつでんしょ）は、日本の 静岡県 御前崎市 にある 中部電力 唯一の 原子力発電所 。1号機から5号機まで5つの発電設備があるが、1号機と2号機は 2009年 1月に運転を終了した。敷地面積は160万 m 2 （東西1.5 km 、南北1km）で、PR施設である浜岡原子力館が併設されている。","https://ja.wikipedia.org/wiki/浜岡原子力発電所","日本の原子力発電所","https://ja.wikipedia.org/wiki/日本の原子力発電所","表形式","北緯34度37分23秒 東経138度08分39秒","54.0万kW","低濃縮二酸化ウラン約 - t / 年","1976年3月17日（2009年1月30日営業運転終了）","1971年3月1日","原子力発電所","日本〒437-1695静岡県御前崎市佐倉5561","","","中部電力","","","","","","","","","",""
"2011年","[4113.719932011年5月14日運転停止。菅直人内閣総理大臣の要請による。2014年2月14日新基準審査申請。] 各列内は五十音順。","https://ja.wikipedia.org/wiki/2011年","日本の原子力発電所","https://ja.wikipedia.org/wiki/日本の原子力発電所","表形式","","","","","","","","","","","","","","","","","","","",""
"改良型沸騰水型軽水炉","[改良型沸騰水型軽水炉513820052011年5月14日運転停止。菅直人内閣総理大臣の要請による。] 2009年9月末時点の改良型沸騰水型軽水炉の設置状況は、 東京電力 柏崎刈羽原子力発電所 6・7号機、 中部電力 浜岡原子力発電所 5号機、 北陸電力 志賀原子力発電所 2号機の4基となっている。","https://ja.wikipedia.org/wiki/改良型沸騰水型軽水炉","日本の原子力発電所","https://ja.wikipedia.org/wiki/日本の原子力発電所","表形式","","","","","","","","","","","","","","","","","","","",""
"志賀原子力発電所","[しか/志賀原子力発電所06-北陸電力17/石川県羽咋郡志賀町沸騰水型軽水炉1541993運転停止。ポンプ部品の不具合による。] 志賀原子力発電所 （しかげんしりょくはつでんしょ）は、 石川県 羽咋郡 志賀町 にある 北陸電力 の 原子力発電所 。","https://ja.wikipedia.org/wiki/志賀原子力発電所","日本の原子力発電所","https://ja.wikipedia.org/wiki/日本の原子力発電所","表形式","北緯37度03分40秒東経136度43分35秒","","","","","沸騰水型軽水炉改良型沸騰水型軽水炉","","日本","","","","","北陸電力","","","","","","",""
"改良型沸騰水型軽水炉","[改良型沸騰水型軽水炉2135.82006運転停止。定期点検による。2014年8月12日新基準審査申請。] 2009年9月末時点の改良型沸騰水型軽水炉の設置状況は、 東京電力 柏崎刈羽原子力発電所 6・7号機、 中部電力 浜岡原子力発電所 5号機、 北陸電力 志賀原子力発電所 2号機の4基となっている。","https://ja.wikipedia.org/wiki/改良型沸騰水型軽水炉","日本の原子力発電所","https://ja.wikipedia.org/wiki/日本の原子力発電所","表形式","","","","","","","","","","","","","","","","","","","",""
"敦賀発電所","[つるか/敦賀発電所日本原子力発電18/福井県敦賀市加圧水型軽水炉21161987運転停止。定期点検による。2017年11月5日新基準審査申請。] 敦賀発電所 （つるがはつでんしょ）は、 福井県 敦賀市 明神町にある 日本原子力発電 の 原子力発電所 。特に1号機は 日本 最初の 軽水炉 で、商用炉として最初に発電を開始した同じ日本原子力発電の 東海発電所 に続く2番目の商用発電所である。2012年1月の時点で1号炉は世界で7番目に古かった  。","https://ja.wikipedia.org/wiki/敦賀発電所","日本の原子力発電所","https://ja.wikipedia.org/wiki/日本の原子力発電所","表形式","北緯35度45分02秒 東経136度01分11秒","35.7万kW","低濃縮ウラン約 52 t / 年","1970年3月14日（2015年4月27日廃炉）","1966年4月22日","原子力発電所","日本福井県敦賀市明神町1番地","","","日本原子力発電","","","","","","","","","",""
"美浜発電所","[みはま/美浜発電所08-関西電力18/福井県三方郡美浜町加圧水型軽水炉382.619762021年1月再稼働予定[34] 美浜発電所 （みはまはつでんしょ）は、 福井県 三方郡 美浜町 丹生に所在する 関西電力 原子力事業本部の 原子力発電所 。1号機から3号機まで3基の原子炉の合計出力は166.6万kWである。","https://ja.wikipedia.org/wiki/美浜発電所","日本の原子力発電所","https://ja.wikipedia.org/wiki/日本の原子力発電所","表形式","北緯35度42分13秒 東経135度57分49秒","","","","","","","","","","","","","","","","","","",""
"大飯発電所","[おおい/大飯発電所08-関西電力18/福井県大飯郡おおい町加圧水型軽水炉311819912018年3月14日運転再開。] 大飯発電所 （おおいはつでんしょ）は、 福井県 大飯郡 おおい町 （合併前の旧町名は 大飯町 、読みは同じ）にある 関西電力 の 原子力発電所 。","https://ja.wikipedia.org/wiki/大飯発電所","日本の原子力発電所","https://ja.wikipedia.org/wiki/日本の原子力発電所","表形式","北緯35度32分32秒 東経135度39分18秒","117.5万kW","低濃縮二酸化ウラン","1979年3月27日（2017年12月、廃止を決定）","","原子力発電所","日本〒919-2101福井県大飯郡おおい町大島1字吉見1番地1","","","関西電力","","深層取水約  m³ / 秒","","","","","","","",""
"高浜発電所","[たかはま/高浜発電所08-関西電力18/福井県大飯郡高浜町加圧水型軽水炉182.619742021年3月再稼働予定[34] 高浜発電所 （たかはまはつでんしょ）は、 福井県 大飯郡 高浜町 にある 関西電力 の 原子力発電所 。1号機から4号機まで4基の原子炉の合計出力は339.2万kWである。","https://ja.wikipedia.org/wiki/高浜発電所","日本の原子力発電所","https://ja.wikipedia.org/wiki/日本の原子力発電所","表形式","北緯35度31分21秒 東経135度30分23秒","82.6万kW","二酸化ウラン","1974年11月14日","","原子力発電所","日本〒919-2392福井県大飯郡高浜町田ノ浦1","","","関西電力","","表層取水約  m³ / 秒","","","","","","","",""
"島根原子力発電所","[しまね/島根原子力発電所09-中国電力32/島根県松江市沸騰水型軽水炉2821989運転停止。定期点検による。2013年12月25日新基準審査申請。] 島根原子力発電所 （しまねげんしりょくはつでんしょ）は、 島根県 松江市 鹿島町（旧 八束郡 鹿島町 ）片句にある 中国電力 の 原子力発電所 。 島根原発 （しまねげんぱつ）とも呼称される。本記事では以下「島根原発」と呼称する。","https://ja.wikipedia.org/wiki/島根原子力発電所","日本の原子力発電所","https://ja.wikipedia.org/wiki/日本の原子力発電所","表形式","北緯35度32分18秒 東経132度59分57秒","46.0万kW","二酸化ウラン","1974年（昭和49年）3月29日（2015年（平成27年）4月30日廃炉）","1970年2月","原子力発電所","日本〒690-0393島根県松江市鹿島町片句654番地1","","","中国電力","","","","","","","","","",""
"伊方発電所","[いかた/伊方発電所10-四国電力38/愛媛県西宇和郡伊方町加圧水型軽水炉38919942019年12月26日運転停止。定期点検による[37] 伊方発電所 （いかたはつでんしょ）は、 愛媛県 西宇和郡 伊方町 に所在し、 四国電力 が所有している 日本の原子力発電所 。 伊方原子力発電所 （いかたげんしりょくはつでんしょ）、 伊方原発 （いかたげんぱつ）とも呼ばれる。本記事では、以下「伊方原発」と表記する。","https://ja.wikipedia.org/wiki/伊方発電所","日本の原子力発電所","https://ja.wikipedia.org/wiki/日本の原子力発電所","表形式","北緯33度29分27秒 東経132度18分40秒","56.6万kW","低濃縮二酸化ウラン約 49 t / 年","1977年（昭和52年）9月30日","1973年（昭和48年）6月","原子力発電所","日本〒796-0495愛媛県西宇和郡伊方町九町字コチワキ3番耕地40番地3","","","四国電力","","深層取水約 38 m³ / 秒","","","","","","","",""
"玄海原子力発電所","[げんかい/玄海原子力発電所11-九州電力41/佐賀県東松浦郡玄海町加圧水型軽水炉311819942018年3月23日運転再開。] 玄海原子力発電所 （げんかいげんしりょくはつでんしょ）は、 佐賀県 東松浦郡 玄海町 にある 九州電力 の 原子力発電所 である。 玄海原発 （げんかいげんぱつ）とも呼称される。本記事では以下「玄海原発」と呼称する。","https://ja.wikipedia.org/wiki/玄海原子力発電所","日本の原子力発電所","https://ja.wikipedia.org/wiki/日本の原子力発電所","表形式","北緯33度30分56秒東経129度50分14秒","","","","","","〒847-1441佐賀県東松浦郡玄海町今村","日本","","","","","","","","","","","",""
"川内原子力発電所","[せんだい/川内原子力発電所11-九州電力46/鹿児島県薩摩川内市18919842015年8月11日運転再開。] 川内原子力発電所 （せんだいげんしりょくはつでんしょ）は、 鹿児島県 薩摩川内市 久見崎町 にある 九州電力 の加圧水型の 原子力発電所 である。 川内原発 （せんだいげんぱつ）とも呼称される。本記事では、以下「川内原発」と表記する。","https://ja.wikipedia.org/wiki/川内原子力発電所","日本の原子力発電所","https://ja.wikipedia.org/wiki/日本の原子力発電所","表形式","北緯31度50分01秒 東経130度11分22秒","89.0万kW","低濃縮二酸化ウラン約 72 t / 年","1984年（昭和59年）7月4日","","原子力発電所","日本〒895-0132鹿児島県薩摩川内市久見崎町字片平山1765番地3号","","","九州電力","","","","","","","","","",""
"東海発電所","[東海発電所日本原子力発電茨城県那珂郡東海村黒鉛減速ガス冷却炉116.6196619982025] 東海発電所 （とうかいはつでんしょ）は、 日本原子力発電株式会社 （原電）が運営していた、 日本 初の商業用 黒鉛炉 かつ商業用 原子力発電所 。","https://ja.wikipedia.org/wiki/東海発電所","日本の原子力発電所","https://ja.wikipedia.org/wiki/日本の原子力発電所","表形式","北緯36度27分59秒 東経140度36分24秒","16.6万kW","天然ウラン約 187 t / 年","1966年7月25日（1998年3月31日営業運転終了）","1960年1月16日","原子力発電所","日本〒319-1106茨城県那珂郡東海村白方1-1","","","日本原子力発電","","","","","","","","","",""
"ふげん","[ふげん日本原子力研究開発機構福井県敦賀市新型転換炉116.5197820032033] ふげん は、 福井県 敦賀市 明神町にある 原子力発電所 （ 廃炉 ）である。ふげんの命名は 仏教 の 普賢菩薩 に由来する。","https://ja.wikipedia.org/wiki/ふげん","日本の原子力発電所","https://ja.wikipedia.org/wiki/日本の原子力発電所","表形式","北緯35度45分16秒東経136度00分59秒","","","","","","福井県敦賀市明神町3番地","日本","","","","","","","","","","","",""
"浜岡原子力発電所","[浜岡原子力発電所中部電力静岡県御前崎市沸騰水型軽水炉154197620092036] 浜岡原子力発電所 （はまおかげんしりょくはつでんしょ）は、日本の 静岡県 御前崎市 にある 中部電力 唯一の 原子力発電所 。1号機から5号機まで5つの発電設備があるが、1号機と2号機は 2009年 1月に運転を終了した。敷地面積は160万 m 2 （東西1.5 km 、南北1km）で、PR施設である浜岡原子力館が併設されている。","https://ja.wikipedia.org/wiki/浜岡原子力発電所","日本の原子力発電所","https://ja.wikipedia.org/wiki/日本の原子力発電所","表形式","北緯34度37分23秒 東経138度08分39秒","54.0万kW","低濃縮二酸化ウラン約 - t / 年","1976年3月17日（2009年1月30日営業運転終了）","1971年3月1日","原子力発電所","日本〒437-1695静岡県御前崎市佐倉5561","","","中部電力","","","","","","","","","",""
"福島第一原子力発電所","[福島第一原子力発電所東京電力福島県双葉郡大熊町沸騰水型軽水炉146197120112051東北地方太平洋沖地震と津波および福島第一原子力発電所事故により爆発破損、事故停止。電気事業法に基づき2012年4月20日00時00分をもって廃止[39] 福島県は、 東北電力 の事業地域で  、東京電力の事業地域ではなく、「管外発電所」の一つであり  、同社によれば供給区域北限の 大津港駅 より約80km北方に位置する  。1971年3月に1号機の営業運転を開始し、2014年1月までに全機が廃止された。","https://ja.wikipedia.org/wiki/福島第一原子力発電所","日本の原子力発電所","https://ja.wikipedia.org/wiki/日本の原子力発電所","表形式","北緯37度25分17秒 東経141度02分01秒","46.0万kW","二酸化ウラン約 69 t / 年","1971年3月26日（2011年3月11日事故停止、2012年4月19日廃止）","1967年9月29日","原子力発電所","日本〒979-1392福島県双葉郡大熊町大字夫沢字北原22番地","","","東京電力","","","","","","","","","",""
"双葉町","[福島県双葉郡双葉町52014東北地方太平洋沖地震および福島第一原子力発電所事故により破損、事故停止。] 双葉町 （ふたばまち）は、 福島県 浜通り に位置し、 双葉郡 （ 1896年 以前は 標葉郡 ）に属する 町 。","https://ja.wikipedia.org/wiki/双葉町","日本の原子力発電所","https://ja.wikipedia.org/wiki/日本の原子力発電所","表形式","北緯37度26分56.9秒東経141度0分44.4秒","","","","","","〒979-1495福島県双葉郡双葉町大字新山字前沖28番地北緯37度26分56.9秒東経141度0分44.4秒﻿ / ﻿北緯37.449139度 東経141.012333度﻿ /37.449139; 141.012333（2008年当時の庁舎で、現在は使用されていない）双葉町役場いわき事務所：福島県いわき市東田町2丁目19-4（2013年6月より）","日本","8000020075469","","","","","公式ウェブサイト","","","","","",""
"美浜発電所","[美浜発電所関西電力福井県三方郡美浜町加圧水型軽水炉13419702015-] 美浜発電所 （みはまはつでんしょ）は、 福井県 三方郡 美浜町 丹生に所在する 関西電力 原子力事業本部の 原子力発電所 。1号機から3号機まで3基の原子炉の合計出力は166.6万kWである。","https://ja.wikipedia.org/wiki/美浜発電所","日本の原子力発電所","https://ja.wikipedia.org/wiki/日本の原子力発電所","表形式","北緯35度42分13秒 東経135度57分49秒","","","","","","","","","","","","","","","","","","",""
"敦賀発電所","[敦賀発電所日本原子力発電福井県敦賀市沸騰水型軽水炉135.719702015] 敦賀発電所 （つるがはつでんしょ）は、 福井県 敦賀市 明神町にある 日本原子力発電 の 原子力発電所 。特に1号機は 日本 最初の 軽水炉 で、商用炉として最初に発電を開始した同じ日本原子力発電の 東海発電所 に続く2番目の商用発電所である。2012年1月の時点で1号炉は世界で7番目に古かった  。","https://ja.wikipedia.org/wiki/敦賀発電所","日本の原子力発電所","https://ja.wikipedia.org/wiki/日本の原子力発電所","表形式","北緯35度45分02秒 東経136度01分11秒","35.7万kW","低濃縮ウラン約 52 t / 年","1970年3月14日（2015年4月27日廃炉）","1966年4月22日","原子力発電所","日本福井県敦賀市明神町1番地","","","日本原子力発電","","","","","","","","","",""
"玄海原子力発電所","[玄海原子力発電所九州電力佐賀県東松浦郡玄海町加圧水型軽水炉155.919752015] 玄海原子力発電所 （げんかいげんしりょくはつでんしょ）は、 佐賀県 東松浦郡 玄海町 にある 九州電力 の 原子力発電所 である。 玄海原発 （げんかいげんぱつ）とも呼称される。本記事では以下「玄海原発」と呼称する。","https://ja.wikipedia.org/wiki/玄海原子力発電所","日本の原子力発電所","https://ja.wikipedia.org/wiki/日本の原子力発電所","表形式","北緯33度30分56秒東経129度50分14秒","","","","","","〒847-1441佐賀県東松浦郡玄海町今村","日本","","","","","","","","","","","",""
"島根原子力発電所","[島根原子力発電所中国電力島根県松江市沸騰水型軽水炉146.019742015] 島根原子力発電所 （しまねげんしりょくはつでんしょ）は、 島根県 松江市 鹿島町（旧 八束郡 鹿島町 ）片句にある 中国電力 の 原子力発電所 。 島根原発 （しまねげんぱつ）とも呼称される。本記事では以下「島根原発」と呼称する。","https://ja.wikipedia.org/wiki/島根原子力発電所","日本の原子力発電所","https://ja.wikipedia.org/wiki/日本の原子力発電所","表形式","北緯35度32分18秒 東経132度59分57秒","46.0万kW","二酸化ウラン","1974年（昭和49年）3月29日（2015年（平成27年）4月30日廃炉）","1970年2月","原子力発電所","日本〒690-0393島根県松江市鹿島町片句654番地1","","","中国電力","","","","","","","","","",""
"伊方発電所","[伊方発電所四国電力愛媛県西宇和郡伊方町加圧水型軽水炉156.619772016] 伊方発電所 （いかたはつでんしょ）は、 愛媛県 西宇和郡 伊方町 に所在し、 四国電力 が所有している 日本の原子力発電所 。 伊方原子力発電所 （いかたげんしりょくはつでんしょ）、 伊方原発 （いかたげんぱつ）とも呼ばれる。本記事では、以下「伊方原発」と表記する。","https://ja.wikipedia.org/wiki/伊方発電所","日本の原子力発電所","https://ja.wikipedia.org/wiki/日本の原子力発電所","表形式","北緯33度29分27秒 東経132度18分40秒","56.6万kW","低濃縮二酸化ウラン約 49 t / 年","1977年（昭和52年）9月30日","1973年（昭和48年）6月","原子力発電所","日本〒796-0495愛媛県西宇和郡伊方町九町字コチワキ3番耕地40番地3","","","四国電力","","深層取水約 38 m³ / 秒","","","","","","","",""
"もんじゅ","[もんじゅ日本原子力研究開発機構福井県敦賀市高速増殖炉12819952016[40] もんじゅ は、 日本 の 福井県 敦賀市 にある 日本原子力研究開発機構 の 高速増殖炉 である。 研究用原子炉 との位置付けから、商業用 原子炉 と異なり、 文部科学省 の所管となる。","https://ja.wikipedia.org/wiki/もんじゅ","日本の原子力発電所","https://ja.wikipedia.org/wiki/日本の原子力発電所","表形式","北緯35度44分24秒東経135度59分16秒","","","","","高速増殖炉（原型炉）","福井県敦賀市白木2丁目1番地","日本","","","","","","","","","","","",""
"大飯発電所","[大飯発電所関西電力福井県大飯郡おおい町加圧水型軽水炉1117.519792017] 大飯発電所 （おおいはつでんしょ）は、 福井県 大飯郡 おおい町 （合併前の旧町名は 大飯町 、読みは同じ）にある 関西電力 の 原子力発電所 。","https://ja.wikipedia.org/wiki/大飯発電所","日本の原子力発電所","https://ja.wikipedia.org/wiki/日本の原子力発電所","表形式","北緯35度32分32秒 東経135度39分18秒","117.5万kW","低濃縮二酸化ウラン","1979年3月27日（2017年12月、廃止を決定）","","原子力発電所","日本〒919-2101福井県大飯郡おおい町大島1字吉見1番地1","","","関西電力","","深層取水約  m³ / 秒","","","","","","","",""
"女川原子力発電所","[女川原子力発電所東北電力宮城県牡鹿郡女川町沸騰水型軽水炉15219842018] 女川原子力発電所 （おながわげんしりょくはつでんしょ）は、 宮城県 牡鹿郡 女川町 と 石巻市 にまたがる 東北電力 の 原子力発電所 。","https://ja.wikipedia.org/wiki/女川原子力発電所","日本の原子力発電所","https://ja.wikipedia.org/wiki/日本の原子力発電所","表形式","北緯38度24分04秒東経141度29分59秒","","","","","沸騰水型軽水炉","","日本","","","","","東北電力","","","","","","",""
"福島第二原子力発電所","[福島第二原子力発電所東京電力福島県双葉郡楢葉町沸騰水型軽水炉111019822019東北地方太平洋沖地震と津波により破損・停止したのち、運転再開を断念し、廃炉にする方針を2018年（平成30年）6月14日に表明。2019年（令和元年）7月31日、正式に廃炉決定、同年9月30日に電気事業法上廃止。] 福島第二原子力発電所 （ふくしまだいにげんしりょくはつでんしょ）は、 福島県 双葉郡 楢葉町 （敷地の一部は 富岡町  ）にある 東京電力ホールディングス の廃止された 原子力発電所 である。略称は 福島第二原発 （ふくしまだいにげんぱつ）、 2F  （にエフ  ）。","https://ja.wikipedia.org/wiki/福島第二原子力発電所","日本の原子力発電所","https://ja.wikipedia.org/wiki/日本の原子力発電所","表形式","北緯37度19分10秒 東経141度01分16秒","110.0万kW","二酸化ウラン約 132 t / 年","1982年4月（2019年9月30日廃止）","1975年11月","原子力発電所","日本〒979-0695福島県双葉郡楢葉町大字波倉字小浜作12番地","","","東京電力ホールディングス","","","","","","","","","",""
"大間原子力発電所","[大間原子力発電所電源開発青森県下北郡大間町改良型沸騰水型軽水炉1基138.3万東日本大震災に伴い建設工事休止した後、2012年10月建設再開[41] 大間原子力発電所 （おおまげんしりょくはつでんしょ）は、 青森県 下北郡 大間町 に建設中の 電源開発 の 原子力発電所 である。","https://ja.wikipedia.org/wiki/大間原子力発電所","日本の原子力発電所","https://ja.wikipedia.org/wiki/日本の原子力発電所","表形式","北緯41度30分35秒東経140度54分37秒","","","","","","","日本","","","","","電源開発","","","","","","",""
"東通原子力発電所","[東通原子力発電所東北電力青森県下北郡東通村138.5万計画中、運転開始時期未定。] 東通原子力発電所 （ひがしどおりげんしりょくはつでんしょ）は、 青森県 下北郡 東通村 にある 原子力発電所 。","https://ja.wikipedia.org/wiki/東通原子力発電所","日本の原子力発電所","https://ja.wikipedia.org/wiki/日本の原子力発電所","表形式","北緯41度11分17秒 東経141度23分27秒","110万kW","二酸化ウラン約 ？ t / 年","2005年12月","1998年12月","原子力発電所","日本青森県下北郡東通村大字白糠字前坂下34-4","","","東北電力東京電力ホールディングス","","","","","","","","","",""
"東京電力ホールディングス","[東京電力ホールディングス2基1基建設中断中、1基計画中。運転開始時期未定。] 略称は 東京電力 、 東電 （とうでん）や 東京電力HD 、または 商号 の英文表示  の頭文字から TEPCO （テプコ）が用いられている。 東京証券取引所 一部上場企業である。","https://ja.wikipedia.org/wiki/東京電力ホールディングス","日本の原子力発電所","https://ja.wikipedia.org/wiki/日本の原子力発電所","表形式","北緯35度40分8秒東経139度45分31秒","","","","","株式会社","","","1010001008825","","東電TEPCO東京電力HD","","","https://www.tepco.co.jp/index-j.html","1951年（昭和26年）5月1日（東京電力株式会社）","電気・ガス業","グループ会社の経営管理，原子力・水力・新エネルギー発電事業","小早川智明（取締役兼代表執行役社長）文挾誠一（取締役兼代表執行役副社長）守谷誠二（取締役兼代表執行役副社長）","1兆4009億円（2019年3月31日現在）","連結：6兆3384億9000万円単独：8207億7500万円（2019年3月期）"
"上関原子力発電所","[上関原子力発電所中国電力山口県熊毛郡上関町長島274.6万準備工事中断中、運転開始時期未定。] 上関原子力発電所 （かみのせきげんしりょくはつでんしょ）は、 中国電力 が、 瀬戸内海 に面する 山口県 熊毛郡 上関町 大字長島に建設計画中の 原子力発電所 である。","https://ja.wikipedia.org/wiki/上関原子力発電所","日本の原子力発電所","https://ja.wikipedia.org/wiki/日本の原子力発電所","表形式","北緯33度47分31秒東経132度02分04.5秒","","","","","","","日本","","","","","中国電力","","","","","","",""
"島根原子力発電所","[島根原子力発電所島根県松江市鹿島町1基137.3万建設中、運転開始時期未定。2018年8月10日新基準審査申請[27] 島根原子力発電所 （しまねげんしりょくはつでんしょ）は、 島根県 松江市 鹿島町（旧 八束郡 鹿島町 ）片句にある 中国電力 の 原子力発電所 。 島根原発 （しまねげんぱつ）とも呼称される。本記事では以下「島根原発」と呼称する。","https://ja.wikipedia.org/wiki/島根原子力発電所","日本の原子力発電所","https://ja.wikipedia.org/wiki/日本の原子力発電所","表形式","北緯35度32分18秒 東経132度59分57秒","46.0万kW","二酸化ウラン","1974年（昭和49年）3月29日（2015年（平成27年）4月30日廃炉）","1970年2月","原子力発電所","日本〒690-0393島根県松江市鹿島町片句654番地1","","","中国電力","","","","","","","","","",""
"豊北原子力発電所 (存在しないページ)","[豊北原子力発電所中国電力山口県下関市-1994年白紙撤回。]","https://ja.wikipedia.org/w/index.php?title=豊北原子力発電所&amp;action=edit&amp;redlink=1","日本の原子力発電所","https://ja.wikipedia.org/wiki/日本の原子力発電所","表形式","","","","","","","","","","","","","","","","","","","",""
"串間原子力発電所","[串間原子力発電所九州電力宮崎県串間市1997年計画断念。] 串間原子力発電所 （くしまげんしりょくはつでんしょ）は、 九州電力 が 宮崎県 串間市 荒崎  に建設を計画していた 原子力発電所 である。","https://ja.wikipedia.org/wiki/串間原子力発電所","日本の原子力発電所","https://ja.wikipedia.org/wiki/日本の原子力発電所","表形式","北緯31度22分56.7秒東経131度15分12.4秒","","","","","","","日本","","","","","九州電力","","","","","","",""
"芦浜原子力発電所","[芦浜原子力発電所中部電力三重県度会郡南伊勢町・大紀町2000年計画断念。] 芦浜原子力発電所 （あしはまげんしりょくはつでんしょ）は、 中部電力 が 三重県 度会郡 南島町 （現 南伊勢町 ）と 紀勢町 （現 大紀町 ）にまたがる芦浜地区への建設を計画していた 原子力発電所 である。 2000年 に計画の白紙撤回が表明され、事実上計画は中止された。なお、現在も中部電力が元計画地の土地の所有を継続している  。","https://ja.wikipedia.org/wiki/芦浜原子力発電所","日本の原子力発電所","https://ja.wikipedia.org/wiki/日本の原子力発電所","表形式","北緯34度13分10秒東経136度25分39秒","","","","","","","日本","","","","","中部電力","","","","","","",""
"珠洲原子力発電所","[珠洲原子力発電所関西電力中部電力北陸電力石川県珠洲市2003年計画凍結。] 珠洲原子力発電所 （すずげんしりょくはつでんしょ）は、 石川県 珠洲市 に建設する計画であった 原子力発電所 である。","https://ja.wikipedia.org/wiki/珠洲原子力発電所","日本の原子力発電所","https://ja.wikipedia.org/wiki/日本の原子力発電所","表形式","","","","","","","","","","","","","","","","","","","",""
"巻原子力発電所","[巻原子力発電所東北電力新潟県新潟市西蒲区（旧・西蒲原郡巻町）沸騰水型軽水炉1基82.5万2003年計画断念。] 巻原子力発電所 （まきげんしりょくはつでんしょ）は、 東北電力 が 新潟県 西蒲原郡 巻町 （現在の 新潟市 西蒲区 ）の 角海浜 （かくみはま  ）地区で計画していた 原子力発電所 である。","https://ja.wikipedia.org/wiki/巻原子力発電所","日本の原子力発電所","https://ja.wikipedia.org/wiki/日本の原子力発電所","表形式","北緯37度45分43.05秒東経138度48分25.09秒","","","","","","","日本","","","","","東北電力","","","","","","",""
"日置川町","[日置川原子力発電所（日高原子力発電所を含む）関西電力和歌山県西牟婁郡日置川町（現・西牟婁郡白浜町）-2005年、電源開発促進重要地点の指定より除外。] 日置川町 （ひきがわちょう）は、 和歌山県 西牟婁郡 にあった 町 で、 2006年 3月1日 に隣接する 白浜町 と合併した。","https://ja.wikipedia.org/wiki/日置川町#原子力発電所誘致問題","日本の原子力発電所","https://ja.wikipedia.org/wiki/日本の原子力発電所","表形式","北緯33度34分04秒東経135度26分17秒","","","","","","〒649-2511和歌山県西牟婁郡日置川町大字日置980-1","日本","","","","","","","","","","","",""
"久美浜原子力発電所","[久美浜原子力発電所関西電力京都府熊野郡久美浜町（現・京丹後市久美浜町）2006年計画中止。] 久美浜原子力発電所 （くみはまげんしりょくはつでんしょ）は、 関西電力 が 京都府 熊野郡 久美浜町 （現 京丹後市 ）に建設を計画していた 原子力発電所 。 2006年 3月に計画中止となった  。","https://ja.wikipedia.org/wiki/久美浜原子力発電所","日本の原子力発電所","https://ja.wikipedia.org/wiki/日本の原子力発電所","表形式","北緯35度39分20.6秒東経134度52分51秒","","","","","","","日本","","","","","関西電力","","","","","","",""
"福島第一原子力発電所","[福島第一原子力発電所（7、8号機）東京電力福島県双葉郡大熊町・双葉町改良型沸騰水型軽水炉2基276万福島第一原子力発電所事故の影響により2011年5月計画中止。] 福島県は、 東北電力 の事業地域で  、東京電力の事業地域ではなく、「管外発電所」の一つであり  、同社によれば供給区域北限の 大津港駅 より約80km北方に位置する  。1971年3月に1号機の営業運転を開始し、2014年1月までに全機が廃止された。","https://ja.wikipedia.org/wiki/福島第一原子力発電所","日本の原子力発電所","https://ja.wikipedia.org/wiki/日本の原子力発電所","表形式","北緯37度25分17秒 東経141度02分01秒","46.0万kW","二酸化ウラン約 69 t / 年","1971年3月26日（2011年3月11日事故停止、2012年4月19日廃止）","1967年9月29日","原子力発電所","日本〒979-1392福島県双葉郡大熊町大字夫沢字北原22番地","","","東京電力","","","","","","","","","",""
"浪江・小高原子力発電所","[浪江・小高原子力発電所東北電力福島県南相馬市小高区・双葉郡浪江町沸騰水型軽水炉1基82.5万福島第一原子力発電所事故の影響により2013年3月建設中止。] 浪江・小高原子力発電所 （なみえ・おだかげんしりょくはつでんしょ）は、 福島県 南相馬市 小高区 及び福島県 双葉郡 浪江町 に建設が予定されていた 東北電力 の 原子力発電所 である。","https://ja.wikipedia.org/wiki/浪江・小高原子力発電所","日本の原子力発電所","https://ja.wikipedia.org/wiki/日本の原子力発電所","表形式","北緯37度30分48.2秒東経141度02分03.1秒","","","","","","","日本","","","","","東北電力","","","","","","",""
"環境影響評価","[1年環境影響評価開始の翌年度5.2億円---5.2億円] 環境アセスメント （かんきょうアセスメント）とは、 環境影響評価 のことであり、主として大規模開発事業等による 環境 への影響を事前に調査することによって、予測、評価を行う手続きのことを指す場合が多い。略して「環境アセス」とも称する。","https://ja.wikipedia.org/wiki/環境影響評価","日本の原子力発電所","https://ja.wikipedia.org/wiki/日本の原子力発電所","表形式","","","","","","","","","","","","","","","","","","","",""
"Wikipedia:検証可能性","[この節は検証可能な参考文献や出典が全く示されていないか、不十分です。出典を追加して記事の信頼性向上にご協力ください。出典検索?: \"日本の原子力発電所\" – ニュース ·書籍 ·スカラー ·CiNii ·J-STAGE ·NDL ·dlib.jp ·ジャパンサーチ ·TWL（2015年10月）] ","https://ja.wikipedia.org/wiki/Wikipedia:検証可能性","日本の原子力発電所","https://ja.wikipedia.org/wiki/日本の原子力発電所","表形式","","","","","","","","","","","","","","","","","","","",""
"Template:原子力発電所","[表話編歴原子力発電所] ","https://ja.wikipedia.org/wiki/Template:原子力発電所","日本の原子力発電所","https://ja.wikipedia.org/wiki/日本の原子力発電所","表形式","","","","","","","","","","","","","","","","","","","",""
"原子炉","[主要設備原子炉蒸気タービン発電機配管ケーブル] 235 U や 239 Pu などの 核分裂性物質 が中性子を吸収することで発生する 核分裂反応 は、新たに中性子、すなわち 即発中性子 （prompt neutron）と 遅発中性子 （delayed neutron）を放出する。","https://ja.wikipedia.org/wiki/原子炉","日本の原子力発電所","https://ja.wikipedia.org/wiki/日本の原子力発電所","表形式","","","","","","","","","","","","","","","","","","","",""
"浮体原子力発電所","[形式浮体原子力発電所] 浮体原子力発電所 （ふたいげんしりょくはつでんしょ）とは、水上/海中の船体・浮体に 原子炉 が実装された発電所である。","https://ja.wikipedia.org/wiki/浮体原子力発電所","日本の原子力発電所","https://ja.wikipedia.org/wiki/日本の原子力発電所","表形式","","","","","","","","","","","","","","","","","","","",""
"冷却塔","[付属設備ほか冷却塔-復水器-使用済み燃料保管プール-変圧器-電線路-給水設備-排水設備-除染装置-設備管理] 一般的な熱交換器と同様、流れの方向によって以下のように分類される。","https://ja.wikipedia.org/wiki/冷却塔","日本の原子力発電所","https://ja.wikipedia.org/wiki/日本の原子力発電所","表形式","","","","","","","","","","","","","","","","","","","",""
"非常用電源 (存在しないページ)","[発電所の安全対策非常用電源-貯水池-貯水槽-CBRNE-消防-警備-防空-情報活動- 各種の検査や評価]","https://ja.wikipedia.org/w/index.php?title=非常用電源&amp;action=edit&amp;redlink=1","日本の原子力発電所","https://ja.wikipedia.org/wiki/日本の原子力発電所","表形式","","","","","","","","","","","","","","","","","","","",""
"核燃料サイクル","[バックエンド事業核燃料サイクル-廃炉-放射性廃棄物の中間貯蔵および最終処分- 放射性物質の輸送] 現代においては、その一連の流れ及びそれらから出てくる各種 放射性廃棄物 が処理・処分されるまでの全ての過程を統合した上でのウラン資源等を有効に利用するための体系を指す  。","https://ja.wikipedia.org/wiki/核燃料サイクル","日本の原子力発電所","https://ja.wikipedia.org/wiki/日本の原子力発電所","表形式","","","","","","","","","","","","","","","","","","","",""
"Portal:原子力","[Portal:原子力-世界の原子力発電所の一覧] ","https://ja.wikipedia.org/wiki/Portal:原子力","日本の原子力発電所","https://ja.wikipedia.org/wiki/日本の原子力発電所","表形式","","","","","","","","","","","","","","","","","","","",""
"Template:日本の原子力産業","[表話編歴日本の原子力産業] 日本の原子力産業 は、 日本の原子力産業 に関する ナビゲーションテンプレート です。","https://ja.wikipedia.org/wiki/Template:日本の原子力産業","日本の原子力発電所","https://ja.wikipedia.org/wiki/日本の原子力発電所","表形式","","","","","","","","","","","","","","","","","","","",""
"北海道電力","[発電所北海道電泊東北電東通-女川（1号機は廃炉作業中）東電HD柏崎刈羽-東通（建設中）-福島第一（廃炉作業中）-福島第二（廃炉作業中）中部電浜岡（1・2号機は廃炉作業中）北陸電志賀関電美浜（1・2号機は廃炉作業中）-大飯（1・2号機は廃炉作業中）-高浜中国電島根（1号機は廃炉作業中）-上関（計画中）四電伊方（1・2号機は廃炉作業中）九電玄海（1・2号機は廃炉作業中）-川内沖縄電なし日本原電東海第二-敦賀（1号機は廃炉作業中）-東海（廃炉作業中）電源開発大間（建設中）原子力機構ふげん（廃炉作業中）-もんじゅ（廃炉作業中）] 合計 71箇所、795万7405kW （2017年3月31日現在） ","https://ja.wikipedia.org/wiki/北海道電力","日本の原子力発電所","https://ja.wikipedia.org/wiki/日本の原子力発電所","表形式","","","","","","株式会社","","","4430001022351","","ほくでん、北電、HEPCO、道電、北海電","","","https://www.hepco.co.jp/","1951年5月1日","電気・ガス業","電気事業、熱供給事業など","真弓明彦（代表取締役会長）藤井裕（代表取締役社長兼社長執行役員）氏家和彦（代表取締役副社長兼副社長執行役員）阪井一郎（代表取締役副社長兼副社長執行役員）","1142億9100万円（2021年3月期）","連結：7407億9000万円単独：6695億1500万円（2021年3月期）"
"北海道電力","[北海道電泊] 合計 71箇所、795万7405kW （2017年3月31日現在） ","https://ja.wikipedia.org/wiki/北海道電力","日本の原子力発電所","https://ja.wikipedia.org/wiki/日本の原子力発電所","表形式","","","","","","株式会社","","","4430001022351","","ほくでん、北電、HEPCO、道電、北海電","","","https://www.hepco.co.jp/","1951年5月1日","電気・ガス業","電気事業、熱供給事業など","真弓明彦（代表取締役会長）藤井裕（代表取締役社長兼社長執行役員）氏家和彦（代表取締役副社長兼副社長執行役員）阪井一郎（代表取締役副社長兼副社長執行役員）","1142億9100万円（2021年3月期）","連結：7407億9000万円単独：6695億1500万円（2021年3月期）"
"東北電力","[東北電東通-女川（1号機は廃炉作業中）] 小売電気事業者の中で販売電力量が 東京電力エナジーパートナー 、 中部電力ミライズ 、 関西電力 、 九州電力 に次いで大きく、また、 東京都 より北に本社を置く企業の中では最大の企業である。そのため、本社のある東北地方の企業が加盟する 東北経済連合会 ではリーダーシップを執っている。同社の影響力によりつくられる「東北7県」という枠組みについては、「 東北地方#定義域と名称 」を参照。","https://ja.wikipedia.org/wiki/東北電力","日本の原子力発電所","https://ja.wikipedia.org/wiki/日本の原子力発電所","表形式","","","","","","株式会社","","","4370001011311","","東北電","","","https://www.tohoku-epco.co.jp/","1951年5月1日","電気・ガス業","一般電気事業","増子次郎（代表取締役会長）樋口康二郎（代表取締役社長兼社長執行役員）岡信愼一（代表取締役副社長兼副社長執行役員）山本俊二（代表取締役副社長兼副社長執行役員）阿部俊徳（代表取締役副社長兼副社長執行役員）","2514億4100万円（2021年3月期）","連結：2兆2868億300万円単体：1兆7349億6200万円（2021年3月期）"
"東京電力ホールディングス","[東電HD柏崎刈羽-東通（建設中）-福島第一（廃炉作業中）-福島第二（廃炉作業中）] 略称は 東京電力 、 東電 （とうでん）や 東京電力HD 、または 商号 の英文表示  の頭文字から TEPCO （テプコ）が用いられている。 東京証券取引所 一部上場企業である。","https://ja.wikipedia.org/wiki/東京電力ホールディングス","日本の原子力発電所","https://ja.wikipedia.org/wiki/日本の原子力発電所","表形式","北緯35度40分8秒東経139度45分31秒","","","","","株式会社","","","1010001008825","","東電TEPCO東京電力HD","","","https://www.tepco.co.jp/index-j.html","1951年（昭和26年）5月1日（東京電力株式会社）","電気・ガス業","グループ会社の経営管理，原子力・水力・新エネルギー発電事業","小早川智明（取締役兼代表執行役社長）文挾誠一（取締役兼代表執行役副社長）守谷誠二（取締役兼代表執行役副社長）","1兆4009億円（2019年3月31日現在）","連結：6兆3384億9000万円単独：8207億7500万円（2019年3月期）"
"中部電力","[中部電浜岡（1・2号機は廃炉作業中）] 中部電力株式会社 （ちゅうぶでんりょく）は、愛知県名古屋市に本店を置く 電力会社 である。","https://ja.wikipedia.org/wiki/中部電力","日本の原子力発電所","https://ja.wikipedia.org/wiki/日本の原子力発電所","表形式","","","","","","株式会社","","","3180001017428","","中電、中部電","","","https://www.chuden.co.jp/","1951年（昭和26年）5月1日","電気・ガス業","電気事業、電気機械器具の製造・販売、熱供給事業他","勝野哲（代表取締役会長）林欣吾（代表取締役社長兼社長執行役員）倉田千代治（代表取締役兼副社長執行役員）水谷仁（代表取締役兼専務執行役員）","4307億7736万円（2019年3月31日現在）","連結：3兆350億82百万円単体：2兆7430億24百万円（2019年3月期）"
"北陸電力","[北陸電志賀] 略称 は 北電 （ほくでん）だが、 北海道電力 との区別のため 陸電 （りくでん）とも略される。公式 ウェブサイト の ドメイン名 も「rikuden.co.jp」となっている。また、株式市場などでは「 北陸電 」と呼ばれる場合がある。 2019年 3月から コーポレートメッセージ として、「 こたえていく。かなえていく。 」を使用している。","https://ja.wikipedia.org/wiki/北陸電力","日本の原子力発電所","https://ja.wikipedia.org/wiki/日本の原子力発電所","表形式","北緯36度42分9.8秒東経137度12分54.6秒","","","","","株式会社","","","7230001003022","","陸電、北電(主に北陸内での呼称)","","","http://www.rikuden.co.jp/","1951年5月1日","電気・ガス業","電気事業、電気機械器具の製造・販売、熱供給事業など","久和進（代表取締役会長）金井豊（代表取締役社長兼社長執行役員）石黒伸彦（代表取締役副社長兼副社長執行役員兼地域共生本部長兼原子力本部長）水谷和久（代表取締役副社長兼副社長執行役員）","1176億4100万円（2021年3月31日現在）","連結：6394億4500万円単体：5771億600万円（2021年3月期）"
"関西電力","[関電美浜（1・2号機は廃炉作業中）-大飯（1・2号機は廃炉作業中）-高浜] 関西電力株式会社 （かんさいでんりょく）は、大阪府大阪市に本店を置く 電力会社 である。電気の販売量で日本国内第3位  。略称として 関電 （かんでん）や、 KEPCO （ K ansai E lectric P ower Co ., Inc.＝ ケプコ ）  が使われる。","https://ja.wikipedia.org/wiki/関西電力","日本の原子力発電所","https://ja.wikipedia.org/wiki/日本の原子力発電所","表形式","北緯34度41分33.4秒東経135度29分33秒","","","","","株式会社","","","3120001059632","","関電、KEPCO、関西電","","","https://www.kepco.co.jp/","1951年5月1日","電気・ガス業","電気事業、電気機械器具の製造・販売、熱供給事業他","取締役兼代表執行役社長森本孝取締役兼代表執行役副社長彌園豊一取締役兼代表執行役副社長稲田浩二代表執行役副社長松村孝夫","4893億円（2018年3月31日時点）","連結 3兆1336億円単体 2兆6839億円（2018年3月期）"
"中国電力","[中国電島根（1号機は廃炉作業中）-上関（計画中）] 中国電力株式会社 （ちゅうごくでんりょく）は、 広島県 広島市 に本社を置く 電力会社 。","https://ja.wikipedia.org/wiki/中国電力","日本の原子力発電所","https://ja.wikipedia.org/wiki/日本の原子力発電所","表形式","","","","","","株式会社","","","4240001006753","","EnerGia（エネルギア）、中電、中国電","","","https://www.energia.co.jp/","1951年（昭和26年）5月1日","電気・ガス業","電力事業","苅田知英（代表取締役会長）清水希茂（代表取締役兼社長執行役員）芦谷茂（代表取締役兼副社長執行役員）重藤隆文（代表取締役兼副社長執行役員）瀧本夏彦（代表取締役兼副社長執行役員）","1970億2400万円（2021年3月期）","連結：1兆3074億9800万円単体：1兆1477億5300万円（2021年3月期）"
"四国電力","[四電伊方（1・2号機は廃炉作業中）] 発電所 は、 火力発電 、 原子力発電 （ 伊方発電所 ）、 再生可能エネルギー （ 水力発電 ・ 太陽光発電 ・ 風力発電 ）を組み合わせている  。伊方原発はかつて、四国の電力供給の4割を担った。 東日本大震災 （2011年3月11日）に伴う 福島第一原子力発電所事故 を受けた安全規制の強化などで、四国電力は伊方原発の1号機に続き2号機も 廃炉 を決めた  が、3号機は2016年8月に再稼働したが、2017年12月に 広島高等裁判所 による運転差し止め仮処分決定を受けた。3号機は2019年2月時点で営業運転中である（2018年10月30日に再稼働）  。","https://ja.wikipedia.org/wiki/四国電力","日本の原子力発電所","https://ja.wikipedia.org/wiki/日本の原子力発電所","表形式","","","","","","株式会社","","","9470001001933","","四電（よんでん）、YONDEN、四国電","","","https://www.yonden.co.jp/","1951年（昭和26年）5月1日","電気・ガス業","電気事業、電気機械器具の製造・販売、熱供給事業他","長井啓介（代表取締役社長兼社長執行役員）","1455億5100万円（2021年3月期）","連結：7192億3100万円（2021年3月期）"
"九州電力","[九電玄海（1・2号機は廃炉作業中）-川内] 九州電力株式会社 （きゅうしゅうでんりょく)は、福岡県福岡市に本店を置く 電力会社 。 子会社の「九電みらいエナジー」は九州以外に、 関東地方 での電力販売  や、 福島県  ・ 山口県  などでの 再生可能エネルギー 発電事業を展開している。","https://ja.wikipedia.org/wiki/九州電力","日本の原子力発電所","https://ja.wikipedia.org/wiki/日本の原子力発電所","表形式","北緯33度35分0.3秒東経130度24分16.9秒","","","","","株式会社","","","4290001007004","","九電、九州電","","","https://www.kyuden.co.jp/","1951年（昭和26年）5月1日","電気・ガス業","電気事業 他","瓜生道明（代表取締役会長）池辺和弘（代表取締役兼社長執行役員）薬真寺偉臣（代表取締役兼副社長執行役員）藤井一郎（代表取締役兼副社長執行役員）豊馬誠（代表取締役兼副社長執行役員）","2373億0400万円（2020年3月31日現在）","連結: 2兆0130億5000万円単独: 1兆8180億9000万円（2020年3月期）"
"沖縄電力","[沖縄電なし] 2009年 度の販売電力量は74億78百 キロワット で 一般電気事業者 10社中10位。一般家庭向けが39.5%、商業用その他が48.3%、大口産業用が12.2%であり、大口産業用の内訳として 在日米軍 基地向け9.4%となっている。供給地域は沖縄県内のみであり、日本の電力会社の中で最小。供給地域の小ささから設立当初は 九州電力 の一部門にしたほうが良いとの意見もあった  。","https://ja.wikipedia.org/wiki/沖縄電力","日本の原子力発電所","https://ja.wikipedia.org/wiki/日本の原子力発電所","表形式","","","","","","株式会社","","","3360001008565","","沖電","","","https://www.okiden.co.jp/","1972年5月15日","電気・ガス業","電気事業、電気機械器具の製造・販売他","大嶺満（代表取締役会長）本永浩之（代表取締役社長）","75億8600万円（2021年3月31日現在）","連結：1905億2000万円単体：1806億3800万円（2021年3月期）"
"日本原子力発電","[日本原電東海第二-敦賀（1号機は廃炉作業中）-東海（廃炉作業中）] 日本に商用原子力発電を導入するために、 電気事業連合会 加盟の電力会社9社  と 電源開発 の出資によって設立された。","https://ja.wikipedia.org/wiki/日本原子力発電","日本の原子力発電所","https://ja.wikipedia.org/wiki/日本の原子力発電所","表形式","","","","","","株式会社","","","2010001033087","","JAPC、原電、げんでん","","","www.japc.co.jp","1957年11月1日","電気・ガス業","原子力発電所の建設、運転操作およびこれに伴う電気の供給","代表取締役社長 村松衛（2018年6月29日現在）","1,200億円（2018年3月31日現在）","連結：1,135億15百万円(2017年度）"
"電源開発","[電源開発大間（建設中）] 太平洋戦争 の日本敗戦後、 GHQ の指示で作られた 過度経済力集中排除法 の指定を受け 日本発送電 が解体、地域電力会社に分割された。しかし、分割されたばかりの地域電力会社は資本的にも非常に貧弱で、復興のために必要となる電力を満足に供給できず、 発電所 新設の 投資 もままならない状態であったため、国内での電力需要の増加に対応して制定された電源開発促進法により、 1952年 9月16日に国の 特殊会社 として設立された（資本構成は66.69%を大蔵大臣,――のちには 財務大臣 、残りを9 電力会社 が出資）。","https://ja.wikipedia.org/wiki/電源開発","日本の原子力発電所","https://ja.wikipedia.org/wiki/日本の原子力発電所","表形式","","","","","","株式会社","","","6010001050764","","J-POWER、でんぱつ","","","https://www.jpower.co.jp/","1952年9月16日","電気・ガス業","電気事業など","代表取締役会長村山均代表取締役社長渡部肇史代表取締役副社長浦島彰人","1805億2百万円（2020年3月31日現在）","単体:5712億円連結:9137億円（2020年3月期）"
"日本原子力研究開発機構","[原子力機構ふげん（廃炉作業中）-もんじゅ（廃炉作業中）] 国立研究開発法人日本原子力研究開発機構 （にほんげんしりょくけんきゅうかいはつきこう、英：Japan Atomic Energy Agency、略称： 原子力機構 、 JAEA ）は、 原子力 に関する研究と技術開発を行う 国立研究開発法人 である。","https://ja.wikipedia.org/wiki/日本原子力研究開発機構","日本の原子力発電所","https://ja.wikipedia.org/wiki/日本の原子力発電所","表形式","","","","","","","日本〒319-1184茨城県那珂郡東海村大字舟石川765番地1","","6050005002007","","原子力機構、JAEA","","","","","","","","",""
"浜益原子力発電所","[建設計画が中止された発電所北海道電浜益東北電巻-浪江・小高中部電芦浜-珠洲-熊野北陸電珠洲関電珠洲-小浜-久美浜-香住-日置川-日高中国電豊北四電蒲生田-窪川九電串間] 浜益原子力発電所 （はまますげんしりょくはつでんしょ）は、 北海道電力 が 北海道 浜益郡 浜益村 （現 石狩市 浜益区）柏木  に建設を計画していた 原子力発電所 である。","https://ja.wikipedia.org/wiki/浜益原子力発電所","日本の原子力発電所","https://ja.wikipedia.org/wiki/日本の原子力発電所","表形式","北緯43度34分19.5秒東経141度23分42.3秒","","","","","","","日本","","","","","北海道電力","","","","","","",""
"浜益原子力発電所","[北海道電浜益] 浜益原子力発電所 （はまますげんしりょくはつでんしょ）は、 北海道電力 が 北海道 浜益郡 浜益村 （現 石狩市 浜益区）柏木  に建設を計画していた 原子力発電所 である。","https://ja.wikipedia.org/wiki/浜益原子力発電所","日本の原子力発電所","https://ja.wikipedia.org/wiki/日本の原子力発電所","表形式","北緯43度34分19.5秒東経141度23分42.3秒","","","","","","","日本","","","","","北海道電力","","","","","","",""
"巻原子力発電所","[東北電巻-浪江・小高] 巻原子力発電所 （まきげんしりょくはつでんしょ）は、 東北電力 が 新潟県 西蒲原郡 巻町 （現在の 新潟市 西蒲区 ）の 角海浜 （かくみはま  ）地区で計画していた 原子力発電所 である。","https://ja.wikipedia.org/wiki/巻原子力発電所","日本の原子力発電所","https://ja.wikipedia.org/wiki/日本の原子力発電所","表形式","北緯37度45分43.05秒東経138度48分25.09秒","","","","","","","日本","","","","","東北電力","","","","","","",""
"芦浜原子力発電所","[中部電芦浜-珠洲-熊野] 芦浜原子力発電所 （あしはまげんしりょくはつでんしょ）は、 中部電力 が 三重県 度会郡 南島町 （現 南伊勢町 ）と 紀勢町 （現 大紀町 ）にまたがる芦浜地区への建設を計画していた 原子力発電所 である。 2000年 に計画の白紙撤回が表明され、事実上計画は中止された。なお、現在も中部電力が元計画地の土地の所有を継続している  。","https://ja.wikipedia.org/wiki/芦浜原子力発電所","日本の原子力発電所","https://ja.wikipedia.org/wiki/日本の原子力発電所","表形式","北緯34度13分10秒東経136度25分39秒","","","","","","","日本","","","","","中部電力","","","","","","",""
"珠洲原子力発電所","[北陸電珠洲] 珠洲原子力発電所 （すずげんしりょくはつでんしょ）は、 石川県 珠洲市 に建設する計画であった 原子力発電所 である。","https://ja.wikipedia.org/wiki/珠洲原子力発電所","日本の原子力発電所","https://ja.wikipedia.org/wiki/日本の原子力発電所","表形式","","","","","","","","","","","","","","","","","","","",""
"珠洲原子力発電所","[関電珠洲-小浜-久美浜-香住-日置川-日高] 珠洲原子力発電所 （すずげんしりょくはつでんしょ）は、 石川県 珠洲市 に建設する計画であった 原子力発電所 である。","https://ja.wikipedia.org/wiki/珠洲原子力発電所","日本の原子力発電所","https://ja.wikipedia.org/wiki/日本の原子力発電所","表形式","","","","","","","","","","","","","","","","","","","",""
"蒲生田原子力発電所","[四電蒲生田-窪川] 蒲生田原子力発電所 （がもうだげんしりょくはつでんしょ）は、 四国電力 が 蒲生田岬 のある 徳島県 阿南市 椿町 尻杭  に建設を計画していた 原子力発電所 である。","https://ja.wikipedia.org/wiki/蒲生田原子力発電所","日本の原子力発電所","https://ja.wikipedia.org/wiki/日本の原子力発電所","表形式","北緯33度49分54.6秒東経134度42分59.5秒","","","","","","","日本","","","","","四国電力","","","","","","",""
"串間原子力発電所","[九電串間] 串間原子力発電所 （くしまげんしりょくはつでんしょ）は、 九州電力 が 宮崎県 串間市 荒崎  に建設を計画していた 原子力発電所 である。","https://ja.wikipedia.org/wiki/串間原子力発電所","日本の原子力発電所","https://ja.wikipedia.org/wiki/日本の原子力発電所","表形式","北緯31度22分56.7秒東経131度15分12.4秒","","","","","","","日本","","","","","九州電力","","","","","","",""
"日本原子力研究開発機構","[研究施設原子力機構東海研（JRR-1-JRR-2-JRR-3-JRR-4-JPDR-NSRR-NUCEF-J-PARC）-大洗研（JMTR-常陽-HTTR）量研那珂研（JT-60）- 高崎研（TIARA）- 関西研（SPring-8）京大複合原子力科学研究所（KUR-KUCA）近大原子力研究所（近大炉）福大国際原子力工学研究所] 国立研究開発法人日本原子力研究開発機構 （にほんげんしりょくけんきゅうかいはつきこう、英：Japan Atomic Energy Agency、略称： 原子力機構 、 JAEA ）は、 原子力 に関する研究と技術開発を行う 国立研究開発法人 である。","https://ja.wikipedia.org/wiki/日本原子力研究開発機構","日本の原子力発電所","https://ja.wikipedia.org/wiki/日本の原子力発電所","表形式","","","","","","","日本〒319-1184茨城県那珂郡東海村大字舟石川765番地1","","6050005002007","","原子力機構、JAEA","","","","","","","","",""
"日本原子力研究開発機構","[原子力機構東海研（JRR-1-JRR-2-JRR-3-JRR-4-JPDR-NSRR-NUCEF-J-PARC）-大洗研（JMTR-常陽-HTTR）] 国立研究開発法人日本原子力研究開発機構 （にほんげんしりょくけんきゅうかいはつきこう、英：Japan Atomic Energy Agency、略称： 原子力機構 、 JAEA ）は、 原子力 に関する研究と技術開発を行う 国立研究開発法人 である。","https://ja.wikipedia.org/wiki/日本原子力研究開発機構","日本の原子力発電所","https://ja.wikipedia.org/wiki/日本の原子力発電所","表形式","","","","","","","日本〒319-1184茨城県那珂郡東海村大字舟石川765番地1","","6050005002007","","原子力機構、JAEA","","","","","","","","",""
"量子科学技術研究開発機構","[量研那珂研（JT-60）- 高崎研（TIARA）- 関西研（SPring-8）] 国立研究開発法人量子科学技術研究開発機構 （りょうしかがくぎじゅつ けんきゅうかいはつきこう、英：National Institutes for Quantum and Radiological Science and Technology, 略称： 量研 、 QST ）は、 日本 の研究所。研究分野は 放射線医学 および、 量子ビーム ( 放射線 、高強度 レーザー 、 放射光 )、 核融合 である。","https://ja.wikipedia.org/wiki/量子科学技術研究開発機構","日本の原子力発電所","https://ja.wikipedia.org/wiki/日本の原子力発電所","表形式","北緯35度38分5.5秒東経140度6分7.1秒","","","","","","日本〒263-8555千葉県千葉市稲毛区穴川四丁目9番1号北緯35度38分5.5秒東経140度6分7.1秒﻿ / ﻿北緯35.634861度 東経140.101972度﻿ /35.634861; 140.101972﻿ (国立研究開発法人量子科学技術研究開発機構)座標:北緯35度38分5.5秒東経140度6分7.1秒﻿ / ﻿北緯35.634861度 東経140.101972度﻿ /35.634861; 140.101972﻿ (国立研究開発法人量子科学技術研究開発機構)","","8040005001619","","量研、QST","","","","","","","","",""
"京都大学","[京大複合原子力科学研究所（KUR-KUCA）] 京都大学は、日本で2番目に創設された 帝国大学 たる京都帝国大学の流れを汲んでいる 国立大学 で、入試においては 東京大学 に次ぐ日本トップクラスの難関大学である。精神的な基盤として、京都大学では「自由の学風」を謳っている。また、 西部講堂 のロックコンサートなどに代表される京都地区における文化発信地としての役割も担ってきた。","https://ja.wikipedia.org/wiki/京都大学","日本の原子力発電所","https://ja.wikipedia.org/wiki/日本の原子力発電所","表形式","北緯35度1分34秒東経135度46分51秒","","","","","","","","","","","","","","","","","","",""
"近畿大学","[近大原子力研究所（近大炉）] 近畿大学は1925年に 財団法人日本大学 が設立した日本大学専門学校を淵源とし（初代校長・ 市村光恵 ）、1939年に日本大学大阪専門学校と改称し、翌年には日大から経営分離した。 太平洋戦争 下の1943年に 大阪理工科大学 を開学  。1943～44年に起きた「大専騒動」  の混乱を収束するために 東京 から派遣された 世耕弘一 （日本大学理事）が大阪専門学校の校長と大阪理工科大学の学長になり、戦後も引き続いて新制近畿大学総長及び理事長に就任したことから、世耕が事実上の創設者と看做されている  。","https://ja.wikipedia.org/wiki/近畿大学","日本の原子力発電所","https://ja.wikipedia.org/wiki/日本の原子力発電所","表形式","北緯34度39分5.09秒東経135度35分13.07秒","","","","","","","","","","","","","","","","","","",""
"福井大学","[福大国際原子力工学研究所] 大学通信 の調査によると就職率が複数学部を有する国立大学において10年連続1位、卒業生1000人以上の国公私立大学において1位である  。","https://ja.wikipedia.org/wiki/福井大学","日本の原子力発電所","https://ja.wikipedia.org/wiki/日本の原子力発電所","表形式","北緯36度4分37秒東経136度12分42.3秒","","","","","","","","","","","","","","","","","","",""
"核燃料サイクル","[核燃料サイクル関連再処理機構-日本原燃（六ヶ所再処理工場）-動燃（リサイクル機器試験施設-東海再処理施設）-原環機構] 現代においては、その一連の流れ及びそれらから出てくる各種 放射性廃棄物 が処理・処分されるまでの全ての過程を統合した上でのウラン資源等を有効に利用するための体系を指す  。","https://ja.wikipedia.org/wiki/核燃料サイクル","日本の原子力発電所","https://ja.wikipedia.org/wiki/日本の原子力発電所","表形式","","","","","","","","","","","","","","","","","","","",""
"三菱重工業","[設備製造事業者三菱重工業-日立製作所（HTR）-東芝エネルギーシステムズ（IEC）- 米GE-WEC- 英GEC] 日本最大の 機械 メーカーであり  、 三菱UFJ銀行 ・ 三菱商事 と並ぶ 三菱グループ 御三家の一角。その製品数は700を超え、「機械のデパート」とも呼ばれる  。主力製品は、 船舶 ・ エネルギー 関連機器・ 産業機械 ・ 航空機 ・ ロケット など。また、 鉄道車両 （ リニア ・ 電気機関車 ・懸垂型 モノレール ・ 新交通システム ・ LRV など）の製造、さらに エアコン や事業所向け大型 冷凍機 、産業向け 工作機械 、 ターボチャージャー 、 ETC システムの製造でも知られ、過去には「 シルバーピジョン 」という スクーター も製造していた。 川崎重工 ・ IHI と共に三大重工業を成しており事業内容、規模共に三大中の首位である。","https://ja.wikipedia.org/wiki/三菱重工業","日本の原子力発電所","https://ja.wikipedia.org/wiki/日本の原子力発電所","表形式","","","","","","株式会社","","","8010401050387","","三菱重工・三重・重工・MHI","","","三菱重工","1950年（昭和25年）1月11日（中日本重工業株式会社）（創立：1884年（明治17年）7月7日）","重工業、航空宇宙産業、軍需産業","機械、建設機械、航空機、船舶、防衛機器の製造・販売","泉澤清次（代表取締役社長兼CEO兼CSO）三島正彦（代表取締役兼常務執行役員兼GC（英語版））小澤壽人（代表取締役兼執行役員兼CFO）","2656億878万1000円","連結：4兆783億4400万円単独：8864億9800万円（2019年3月期）"
"日本原子力産業協会","[業界団体原産協会] 一般社団法人 日本原子力産業協会 （にほんげんしりょくさんぎょうきょうかい、英文名称：Japan Atomic Industrial Forum Inc.、略称： 原産 、 原産協会 、 JAIF ）は、 日本 の 原子力 産業の 企業 で構成する 業界団体 。 2006年 に改組される前の名称は、日本原子力産業会議（略称：原産会議）。以前は 文部科学省 所管の 社団法人 であったが、 公益法人制度改革 に伴い 一般社団法人 へ移行した。","https://ja.wikipedia.org/wiki/日本原子力産業協会","日本の原子力発電所","https://ja.wikipedia.org/wiki/日本の原子力発電所","表形式","","","","","","","","","","","","","","","","","","","",""
"経済産業省","[行政組織経済産業省-資源エネルギー庁-原子力委員会-原子力規制委員会-原子力安全基盤機構-原子力防災組織-原子力安全技術センター] 経済産業省設置法 3条が定めた任務である「民間の経済活力の向上及び対外経済関係の円滑な発展を中心とする 経済 及び 産業 の発展並びに 鉱物資源 及び エネルギー の安定的かつ効率的な供給の確保を図ること」を達成するため、 マクロ経済政策 、 産業政策 、通商政策、 貿易 管理業務、産業技術政策、 流通 政策、エネルギー政策などを所管する。","https://ja.wikipedia.org/wiki/経済産業省","日本の原子力発電所","https://ja.wikipedia.org/wiki/日本の原子力発電所","表形式","北緯35度40分20秒東経139度45分3秒","","","","","","〒100-8901東京都千代田区霞が関一丁目3番1号北緯35度40分20秒東経139度45分3秒﻿ / ﻿北緯35.67222度 東経139.75083度﻿ /35.67222; 139.75083﻿ (METI)座標:北緯35度40分20秒東経139度45分3秒﻿ / ﻿北緯35.67222度 東経139.75083度﻿ /35.67222; 139.75083﻿ (METI)","","4000012090001","","","","","","","","","","",""
"原子力村","[その他原子力村-原発利権-原子力資料情報室（反原発派）] 原発を推進することで互いに利益を得てきた政治家と企業、研究者の集団とされている   。　2020年現在では原発の停止や原発輸出計画の見込みがなくなったことなどから原子力村は力を失った。","https://ja.wikipedia.org/wiki/原子力村","日本の原子力発電所","https://ja.wikipedia.org/wiki/日本の原子力発電所","表形式","","","","","","","","","","","","","","","","","","","",""
"Portal:原子力","[ポータル:原子力カテゴリ:原子力] ","https://ja.wikipedia.org/wiki/Portal:原子力","日本の原子力発電所","https://ja.wikipedia.org/wiki/日本の原子力発電所","表形式","","","","","","","","","","","","","","","","","","","",""
