"タイトル","コメント","URL","親リストタイトル","親リストURL","一覧抽出方法","座標","所在地","面積","最高標高","最高峰","位置","所在海域","海岸線長","標高","都道府県","山系","人口密度","国","外部リンク","地方","郡","市町村コード","総人口","隣接自治体","種類"
"礼文島","[001礼文島北海道] 礼文島 （れぶんとう）は、 北海道 の北部、 稚内 の西方60kmの 日本海 上に位置する島。 礼文郡 礼文町 に属する。","https://ja.wikipedia.org/wiki/礼文島","日本の秘境100選","https://ja.wikipedia.org/wiki/日本の秘境100選","表形式","北緯45度26分14秒東経141度02分16秒","日本北海道","81.33km²","489.8m","礼文岳","","日本海","72.0km","","","","","","","","","","","",""
"大雪山","[002大雪山北海道] 大雪山 （たいせつざん、だいせつざん）は、 北海道 中央部にある 旭岳 などの山々からなる巨大な山塊の名称  。大雪山系とも呼ばれ、一帯は 大雪山国立公園 に指定されている  。","https://ja.wikipedia.org/wiki/大雪山","日本の秘境100選","https://ja.wikipedia.org/wiki/日本の秘境100選","表形式","北緯43度39分48.9秒東経142度51分14.9秒","日本・北海道上川郡","","","","北緯43度39分48.9秒東経142度51分14.9秒﻿ / ﻿北緯43.663583度 東経142.854139度﻿ /43.663583; 142.854139座標:北緯43度39分48.9秒東経142度51分14.9秒﻿ / ﻿北緯43.663583度 東経142.854139度﻿ /43.663583; 142.854139","","","旭岳：2,290.93m","","石狩山地","","","","","","","","","複成火山"
"北オホーツク海岸","[003北オホーツク海岸北海道] 北オホーツク （きたオホーツク）は、 北海道 の 道北 、 オホーツク海 側の北部地域を指す地域名称である。主に、北から 稚内市 （オホーツク海側）、 猿払村 、 浜頓別町 、 枝幸町 、つまり 宗谷総合振興局 管内地域が該当する。枝幸、浜頓別、猿払の各町村にわたる総面積3927 ha が 北オホーツク道立自然公園 に指定されており、湖沼、湿地、 原生花園 などの自然が守られている。","https://ja.wikipedia.org/wiki/北オホーツク海岸","日本の秘境100選","https://ja.wikipedia.org/wiki/日本の秘境100選","表形式","","","","","","","","","","","","","","","","","","","",""
"知床半島","[004知床北海道] 知床半島 （しれとこはんとう）は、 北海道 東部の 斜里郡 斜里町 と 目梨郡 羅臼町 にまたがる、 オホーツク海 の南端に突出した 半島  。長さ約70 km 、基部の幅が25kmの狭長な半島であり、西側がオホーツク海、東側が 根室海峡 に面している。また、半島東側には 国後島 が平行する形で横たわっている  。","https://ja.wikipedia.org/wiki/知床半島","日本の秘境100選","https://ja.wikipedia.org/wiki/日本の秘境100選","表形式","","","","","","","","","","","","","","","","","","","",""
"野付半島","[005野付半島北海道] 野付半島 （のつけはんとう）は、 北海道 標津郡 標津町 および 野付郡 別海町 にある細長い 半島 である。延長28kmにわたる 砂嘴 であり、規模としては日本最大である。野付半島・ 野付湾 は、湿地の保全に関する ラムサール条約 に登録されている。","https://ja.wikipedia.org/wiki/野付半島","日本の秘境100選","https://ja.wikipedia.org/wiki/日本の秘境100選","表形式","","","","","","","","","","","","","","","","","","","",""
"釧路湿原","[006釧路湿原北海道] 釧路湿原 （くしろ しつげん）は、 北海道 釧路平野 に位置する 日本 最大の 湿原  ・ 湿地 。面積は約2万6000 ha で、このうち中心部の7863haが ラムサール条約 登録湿地である  。 釧路湿原国立公園 としての区域は2万8788ha  。","https://ja.wikipedia.org/wiki/釧路湿原","日本の秘境100選","https://ja.wikipedia.org/wiki/日本の秘境100選","表形式","","","","","","","","","","","","","","","","","","","",""
"然別湖","[007然別湖・東雲湖北海道] 然別湖 （しかりべつこ）は、 北海道 十勝管内 の 鹿追町 北部と 上士幌町 南西部にまたがる 湖 である。 大雪山国立公園 内にある。","https://ja.wikipedia.org/wiki/然別湖","日本の秘境100選","https://ja.wikipedia.org/wiki/日本の秘境100選","表形式","","日本北海道（十勝総合振興局）","3.59km2","","","","","","","","","","","","","","","","",""
"渡島半島","[008渡島半島北西岸北海道] 渡島半島 （ おしまはんとう ） は 北海道 南西部にある 半島 。広義には 石狩湾 から 勇払平野 にかけての石狩低地帯より西の地域をいうこともあるが、一般には 寿都 と 長万部 を結ぶ黒松内低地以南の地域を指す。渡島半島によって北・西・南の三方を囲まれた湾は 内浦湾 。","https://ja.wikipedia.org/wiki/渡島半島","日本の秘境100選","https://ja.wikipedia.org/wiki/日本の秘境100選","表形式","","","","","","","","","","","","","","","","","","","",""
"サロベツ原野","[009サロベツ原野北海道] サロベツ原野 （サロベツげんや）は、 北海道 北部（ 道北 ）にある 豊富町 と 幌延町 の海岸線沿いに広がる 湿原 である。","https://ja.wikipedia.org/wiki/サロベツ原野","日本の秘境100選","https://ja.wikipedia.org/wiki/日本の秘境100選","表形式","","","","","","","","","","","","","","","","","","","",""
"オンネトー","[010オンネトー北海道] オンネトー は、 北海道 足寄郡 足寄町 東部・ 阿寒摩周国立公園 内にある 湖 である。名前は アイヌ語 で「年老いた沼」あるいは「大きな沼」の意味である。","https://ja.wikipedia.org/wiki/オンネトー","日本の秘境100選","https://ja.wikipedia.org/wiki/日本の秘境100選","表形式","北緯43度23分04.5秒東経143度58分11.7秒","日本北海道（十勝総合振興局）","0.23km2","","","北緯43度23分04.5秒東経143度58分11.7秒﻿ / ﻿北緯43.384583度 東経143.969917度﻿ /43.384583; 143.969917座標:北緯43度23分04.5秒東経143度58分11.7秒﻿ / ﻿北緯43.384583度 東経143.969917度﻿ /43.384583; 143.969917","","","","","","","","","","","","","",""
"積丹半島","[011積丹半島西岸北海道] 積丹半島 （しゃこたんはんとう）は 北海道 西部、 後志総合振興局 にある 半島 である。地名の由来は アイヌ語 のシャク・コタン（夏の村）である。 日本海 に向かって突き出ており、地質学上では 那須火山帯 に属する後志火山群の延長上に位置する。半島部の全長は約30km、地形は 平野 部が少なく急峻で、中心では 積丹岳 や余別岳が脊梁をなし、沿岸は複雑な 海岸線 が連続する。そのため、風光明媚な景観に富み、海岸線一帯は ニセコ積丹小樽海岸国定公園 に指定されている。","https://ja.wikipedia.org/wiki/積丹半島","日本の秘境100選","https://ja.wikipedia.org/wiki/日本の秘境100選","表形式","","","","","","","","","","","","","","","","","","","",""
"八甲田山","[012八甲田山青森県] 八甲田山 （はっこうださん）は、 青森市 の南側にそびえる大岳（標高1,585m）を主峰とする18の山々からなる複数 火山 の総称  。 日本百名山 の一つ  。","https://ja.wikipedia.org/wiki/八甲田山","日本の秘境100選","https://ja.wikipedia.org/wiki/日本の秘境100選","表形式","北緯40度39分31秒東経140度52分38秒","青森県青森市・十和田市","","","","北緯40度39分31秒東経140度52分38秒﻿ / ﻿北緯40.65861度 東経140.87722度﻿ /40.65861; 140.87722座標:北緯40度39分31秒東経140度52分38秒﻿ / ﻿北緯40.65861度 東経140.87722度﻿ /40.65861; 140.87722（大岳）","","","大岳: 1,584m","","奥羽山脈","","","","","","","","","複成火山（成層火山や溶岩ドームの火山群）"
"下北半島","[013下北半島/恐山・仏ヶ浦青森県] 下北半島 （しもきたはんとう）は、 青森県 北東部に位置する 本州 の最北端部の 半島 。半島全体が 下北半島国定公園 に指定されており、 日本三大霊場 に数えられる 恐山 などがある。","https://ja.wikipedia.org/wiki/下北半島","日本の秘境100選","https://ja.wikipedia.org/wiki/日本の秘境100選","表形式","","","","","","","","","","","","","","","","","","","",""
"津軽半島","[014津軽半島西岸青森県] 津軽半島 （つがるはんとう）は、 本州 の北端の 半島 のひとつである。東岸は 青森湾 ・ 陸奥湾 とその開口部である 平舘海峡 を挟んで 下北半島 に対峙する。一方、北岸は 津軽海峡 を挟んで 北海道 松前半島 に対峙する。西岸は 日本海 である。全体が 青森県 に属する。","https://ja.wikipedia.org/wiki/津軽半島","日本の秘境100選","https://ja.wikipedia.org/wiki/日本の秘境100選","表形式","","","","","","","","","","","","","","","","","","","",""
"八幡平","[015八幡平・乳頭温泉郷秋田県・岩手県] 八幡平 （はちまんたい）は、 秋田県 と 岩手県 にまたがる 標高 1,614 m の山及びその周囲の高原台地  。 深田久弥 の 日本百名山 に挙げられている   。山域は 1956年 （昭和31年）に 十和田八幡平国立公園 に指定されている。","https://ja.wikipedia.org/wiki/八幡平","日本の秘境100選","https://ja.wikipedia.org/wiki/日本の秘境100選","表形式","北緯39度57分28秒東経140度51分15秒","日本岩手県八幡平市秋田県仙北市・鹿角市","","","","北緯39度57分28秒東経140度51分15秒﻿ / ﻿北緯39.95778度 東経140.85417度﻿ /39.95778; 140.85417座標:北緯39度57分28秒東経140度51分15秒﻿ / ﻿北緯39.95778度 東経140.85417度﻿ /39.95778; 140.85417","","","1,613.50m","","奥羽山脈","","","","","","","","","成層火山"
"出羽三山","[016出羽三山山形県] 出羽三山 （でわさんざん）は、 山形県 村山地方 ・ 庄内地方 に広がる 月山 ・ 羽黒山 ・ 湯殿山 の総称である。 修験道 を中心とした 山岳信仰 の場として現在も多くの 修験者 、参拝者を集めている。","https://ja.wikipedia.org/wiki/出羽三山","日本の秘境100選","https://ja.wikipedia.org/wiki/日本の秘境100選","表形式","","","","","","","","","","","","","","","","","","","",""
"檜枝岐村","[017檜枝岐・野岩鉄道沿線福島県・栃木県] ","https://ja.wikipedia.org/wiki/檜枝岐村","日本の秘境100選","https://ja.wikipedia.org/wiki/日本の秘境100選","表形式","北緯37度1分26.9秒東経139度23分20.2秒","〒967-0525福島県南会津郡檜枝岐村字下ノ原880番地北緯37度1分26.9秒東経139度23分20.2秒﻿ / ﻿北緯37.024139度 東経139.388944度﻿ /37.024139; 139.388944座標:北緯37度1分26.9秒東経139度23分20.2秒﻿ / ﻿北緯37.024139度 東経139.388944度﻿ /37.024139; 139.388944","390.46km2","","","","","","","福島県","","1.36人/km2","日本","公式ウェブサイト","東北地方","南会津郡","07364-4","531人（推計人口、2021年6月1日）","南会津郡只見町、南会津町群馬県利根郡片品村新潟県魚沼市栃木県日光市",""
"裏磐梯","[018裏磐梯・雄国沼福島県] 磐梯高原 （ばんだいこうげん）は、裏磐梯または裏磐梯高原とも呼ばれ、 福島県 北部にある 磐梯山 、 安達太良山 、 吾妻山 に囲まれた標高800メートル程度の 高原 状の地域をいう。 磐梯朝日国立公園 に属する。","https://ja.wikipedia.org/wiki/裏磐梯","日本の秘境100選","https://ja.wikipedia.org/wiki/日本の秘境100選","表形式","","","","","","","","","","","","","","","","","","","",""
"遠野市","[019遠野盆地岩手県] ","https://ja.wikipedia.org/wiki/遠野市","日本の秘境100選","https://ja.wikipedia.org/wiki/日本の秘境100選","表形式","北緯39度19分55.304秒東経141度31分58.39秒","〒028-0592岩手県遠野市中央通り9番1号北緯39度19分55.304秒東経141度31分58.39秒﻿ / ﻿北緯39.33202889度 東経141.5328861度﻿ /39.33202889; 141.5328861座標:北緯39度19分55.304秒東経141度31分58.39秒﻿ / ﻿北緯39.33202889度 東経141.5328861度﻿ /39.33202889; 141.5328861市庁舎位置遠野市役所庁舎（2017年12月17日撮影）","825.97km2","","","","","","","岩手県","","30.3人/km2","日本","公式ウェブサイト（日本語）","東北地方","","03208-5","25,022人（推計人口、2021年6月1日）","釜石市、花巻市、奥州市、宮古市、気仙郡住田町上閉伊郡：大槌町",""
"内間木洞","[020内間木洞岩手県] 内間木洞 （うちまぎどう）は 岩手県 久慈市 にある 鍾乳洞 。総延長は6,350mで 日本 で5番目に長い鍾乳洞である。","https://ja.wikipedia.org/wiki/内間木洞","日本の秘境100選","https://ja.wikipedia.org/wiki/日本の秘境100選","表形式","","","","","","","","","","","","","","","","","","","",""
"重茂半島","[021重茂半島岩手県] 重茂半島 （おもえはんとう）は、 岩手県 南東部、 太平洋 に面する 半島 。無数の入り江と半島が連続する 三陸海岸 の中でも最大の半島。","https://ja.wikipedia.org/wiki/重茂半島","日本の秘境100選","https://ja.wikipedia.org/wiki/日本の秘境100選","表形式","","","","","","","","","","","","","","","","","","","",""
"十二湖","[022十二湖・白神山地青森県] 十二湖 （じゅうにこ）は、 青森県 西津軽郡 深浦町 にある複数の 湖 の総称である。 白神山地 の一角で、 津軽国定公園 内にある。","https://ja.wikipedia.org/wiki/十二湖","日本の秘境100選","https://ja.wikipedia.org/wiki/日本の秘境100選","表形式","","","","","","","","","","","","","","","","","","","",""
"飛島 (山形県)","[023飛島山形県] 飛島 （とびしま）は、 日本海 に浮かぶ 島 。 山形県 酒田市 に属する  。 離島振興対策実施地域 （ 1955年 指定）  。","https://ja.wikipedia.org/wiki/飛島_(山形県)","日本の秘境100選","https://ja.wikipedia.org/wiki/日本の秘境100選","表形式","北緯39度11分40秒東経139度33分0秒","日本山形県酒田市","2.73km²","68m","高森山","","日本海","10.2km","","","","","","","","","","","",""
"笹谷峠","[024笹谷峠宮城県・山形県] 笹谷峠 （ささやとうげ）は、 宮城県 と 山形県 とを結ぶ最古の 峠 である。標高906m。","https://ja.wikipedia.org/wiki/笹谷峠","日本の秘境100選","https://ja.wikipedia.org/wiki/日本の秘境100選","表形式","北緯38度13分41秒東経140度28分10秒","宮城県柴田郡川崎町・山形県山形市","","","","","","","906m","","蔵王連峰","","","","","","","","",""
"小笠原諸島","[025小笠原東京都] 小笠原諸島 （おがさわらしょとう）は、 東京都 小笠原村 の行政区域を指す。 東京都特別区 の南南東約1,000 キロメートル の 太平洋 上にある30余の 島々 からなる。総面積は104 平方キロメートル 。 南鳥島 、 沖ノ鳥島 を除いて 伊豆・小笠原・マリアナ島弧 （伊豆・小笠原弧）の一部をなす。小笠原諸島は別名を ボニン諸島 (Bonin Islands) という  。","https://ja.wikipedia.org/wiki/小笠原諸島","日本の秘境100選","https://ja.wikipedia.org/wiki/日本の秘境100選","表形式","北緯27度4分40秒東経142度13分0秒","","106.1 km2(41.0 sq mi)","916 m (3,005 ft)","南硫黄島","","","","","東京都","","","","","","","","","",""
"上高地","[026上高地長野県] 上高地 （かみこうち）とは、 長野県 西部の 飛騨山脈 南部の 梓川 上流の 景勝地 である。 中部山岳国立公園 の一部ともなっており、国の 文化財 （ 特別名勝 ・ 特別天然記念物 ）に指定されている。 標高 約1,500 m 。全域が 松本市 に属する。「かみこうち」の名称は本来「神垣内」の 漢字 表記だが、後に現在の「上高地」の漢字表記が一般的となった。「神垣内」とは、 穂高神社 の祭神・「 穂高見命 」（ほたかみのみこと）が穂高岳に降臨し、この地（穂高神社奥宮と 明神池 ）で祀られていることに由来する。","https://ja.wikipedia.org/wiki/上高地","日本の秘境100選","https://ja.wikipedia.org/wiki/日本の秘境100選","表形式","","","","","","","","","","","","","","","","","","","",""
"佐渡島","[027佐渡・外海府新潟県] 佐渡島 （さどがしま    、さどしま   ）は、 新潟県 西方沖に位置する 島 。全域が 新潟県 佐渡市 に属し、 佐渡弥彦米山国定公園 、 佐渡ジオパーク に含まれる。 人口 は52,135人（2020年5月1日現在）。","https://ja.wikipedia.org/wiki/佐渡島","日本の秘境100選","https://ja.wikipedia.org/wiki/日本の秘境100選","表形式","北緯38度2分0秒東経138度22分0秒","日本（新潟県）","854.76km²","1,172m","金北山","","日本海","262.7km","","","","","","","","","","","",""
"秋山郷","[028秋山郷長野県・新潟県] 秋山郷 （あきやまごう）は、 新潟県 中魚沼郡 津南町 と 長野県 下水内郡 栄村 とにまたがる 中津川 沿いの地域の名称。東を 苗場山 、西を 鳥甲山 に挟まれた山間地域で、 日本の秘境100選 の1つである。新潟県側に8つ、長野県側に5つの集落がある  。","https://ja.wikipedia.org/wiki/秋山郷","日本の秘境100選","https://ja.wikipedia.org/wiki/日本の秘境100選","表形式","","","","","","","","","","","","","","","","","","","",""
"遠山郷","[029遠山郷長野県] 遠山郷 （とおやまごう）は長野県の南端近く、 天竜川 の支流 遠山川 に沿って広がる山深い谷間の地域をいう。古くは旗本の 江儀遠山氏 の領地であった。行政区画上は、 飯田市 南信濃・飯田市上村（旧 下伊那郡 南信濃村 ・下伊那郡 上村 ）に位置する。信州三大秘境や  、 日本の秘境100選 のひとつに数えられている  。","https://ja.wikipedia.org/wiki/遠山郷","日本の秘境100選","https://ja.wikipedia.org/wiki/日本の秘境100選","表形式","","","","","","","","","","","","","","","","","","","",""
"青木ヶ原","[030青木ヶ原樹海山梨県] この記事には 複数の問題があります 。 改善 や ノートページ での議論にご協力ください。","https://ja.wikipedia.org/wiki/青木ヶ原","日本の秘境100選","https://ja.wikipedia.org/wiki/日本の秘境100選","表形式","","","","","","","","","","","","","","","","","","","",""
"尾瀬","[031尾瀬群馬県・新潟県・福島県] 尾瀬 （おぜ）は、 福島県 （ 南会津郡 檜枝岐村 ）・ 新潟県 （ 魚沼市 ）・ 群馬県 （ 利根郡 片品村 ）の3県にまたがる 高地 にある 盆地 状の 高原 であり、 阿賀野川 水系 最大の 支流 只見川 の源流域となっている。中心となる尾瀬ヶ原は約1万年前に形成されたと考えられる 湿原 である。 尾瀬国立公園 に指定され、 日本百景 に選定されている。","https://ja.wikipedia.org/wiki/尾瀬","日本の秘境100選","https://ja.wikipedia.org/wiki/日本の秘境100選","表形式","","","","","","","","","","","","","","","","","","","",""
"奥鬼怒温泉郷","[032奥鬼怒栃木県] 奥鬼怒温泉郷 （おくきぬおんせんきょう）は、 栃木県 日光市 （旧国 下野国 ）川俣にある 温泉 の総称（ 温泉郷 ）である。 温泉郷のエリアは、一般に 女夫渕温泉 より先のエリアを指す。 鬼怒川 の源流部付近にあり、 鬼怒沼 、 尾瀬 への登山客の利用も多い。","https://ja.wikipedia.org/wiki/奥鬼怒温泉郷","日本の秘境100選","https://ja.wikipedia.org/wiki/日本の秘境100選","表形式","北緯36度52分7秒東経139度23分38秒","栃木県日光市川俣","","","","","","","","","","","","加仁湯八丁の湯日光沢温泉手白澤温泉","","","","","",""
"西沢渓谷と東沢渓谷","[033西沢渓谷山梨県] 西沢渓谷は 滝 や淵が連続して続く渓谷で トレッキング コースが整備され、比較的軽装でもその素晴らしさを堪能することができ、特に秋の紅葉は見事なので人気がある。コース最奥部には 日本の滝百選 に選ばれた、 七ツ釜五段ノ滝 （ 地図 ）や シャクナゲ の群落がある。トレッキングコースは危険防止のため、反時計回りの一方通行が推奨されており、最奥部からの折り返しは渓谷の右岸上方に残る森林鉄道跡（レールが残っている）の緩やかな道を辿り西沢渓谷の入口に戻る。","https://ja.wikipedia.org/wiki/西沢渓谷と東沢渓谷","日本の秘境100選","https://ja.wikipedia.org/wiki/日本の秘境100選","表形式","","","","","","","","","","","","","","","","","","","",""
"大菩薩峠","[034大菩薩峠山梨県] 大菩薩峠 （だいぼさつとうげ）は、 山梨県 甲州市 塩山上萩原と 北都留郡 小菅村 鞍部の境にある 峠 。 標高 1,897 m  。 大菩薩嶺 （標高2,057m）の南方約2kmに位置する尾根の鞍部である   。","https://ja.wikipedia.org/wiki/大菩薩峠","日本の秘境100選","https://ja.wikipedia.org/wiki/日本の秘境100選","表形式","北緯35度44分9秒東経138度51分12秒","山梨県甲州市・北都留郡小菅村","","","","","","","1,897m","","大菩薩連嶺・奥秩父山塊","","","","","","","","",""
"上路の里 (存在しないページ)","[035上路の里新潟県]","https://ja.wikipedia.org/w/index.php?title=上路の里&amp;action=edit&amp;redlink=1","日本の秘境100選","https://ja.wikipedia.org/wiki/日本の秘境100選","表形式","","","","","","","","","","","","","","","","","","","",""
"木曽谷","[036木曽路長野県] 木曽谷 （木曾谷、きそだに）とは、 木曽川 上流の 流域 を表す名称である。木曽川の浸食により形成された V字谷 状地形が延長約60kmにわたっており、その主線はおおむね北北東から南南西の方角に沿う。東南方面には 木曽山脈 （中央アルプス）が、西北方面には 御嶽山系 がある。現在の 長野県 南西部が主な地域である。地形的には 鳥居峠 以南の木曽川上流の流域をさすが、歴史的には 木曽路 をさすことがある  。木曽谷、木曾谷の表記については 木曽 を参照。","https://ja.wikipedia.org/wiki/木曽谷","日本の秘境100選","https://ja.wikipedia.org/wiki/日本の秘境100選","表形式","","","","","","","","","","","","","","","","","","","",""
"奥裾花","[037奥裾花長野県] 奥裾花自然園 （おくすそばなしぜんえん）は、 長野県 長野市 鬼無里（旧 鬼無里（きなさ）村 ）の、 裾花川 上流域にある、 ブナ 林に囲まれた自然公園。大小5つの 池 および 湿原 と水路から成る。自生する ミズバショウ の本数は 尾瀬 を上回る81万本であり、本州随一。 日本の秘境100選 のひとつ。","https://ja.wikipedia.org/wiki/奥裾花","日本の秘境100選","https://ja.wikipedia.org/wiki/日本の秘境100選","表形式","","","","","","","","","","","","","","","","","","","",""
"鍋倉山 (存在しないページ)","[038鍋倉山長野県・新潟県]","https://ja.wikipedia.org/w/index.php?title=鍋倉山&amp;action=edit&amp;redlink=1","日本の秘境100選","https://ja.wikipedia.org/wiki/日本の秘境100選","表形式","","","","","","","","","","","","","","","","","","","",""
"奥日光","[039奥日光栃木県・群馬県] 奥日光 （おくにっこう）は、 栃木県 日光市 の 日光連山 から 金精峠 付近にかけての秘境を指す俗称である。一般的には 竜頭滝 より上の 日光連山 の西麓から 金精峠 の東麓にかけた地域を指し、狭義にはこの地域の 国有林 地のうち「奥日光」の住所地を指す。また 中禅寺湖 畔を含める場合や、日光市に接する 群馬県 利根郡 片品村 の金精峠西麓を含めることもある。","https://ja.wikipedia.org/wiki/奥日光","日本の秘境100選","https://ja.wikipedia.org/wiki/日本の秘境100選","表形式","","","","","","","","","","","","","","","","","","","",""
"足尾銅山","[040足尾銅山跡栃木県] 足尾銅山 （あしおどうざん）は、 栃木県 上都賀郡 足尾町 （現在の 日光市 足尾地区）にあった 銅山 （ 銅 の 鉱山 ）。「足尾銅山跡」として国の 史跡 に指定されている。","https://ja.wikipedia.org/wiki/足尾銅山","日本の秘境100選","https://ja.wikipedia.org/wiki/日本の秘境100選","表形式","北緯36度38分0秒東経139度26分23秒","上都賀郡足尾町（現在の日光市足尾地区）","","","","","","","","","","","日本","","","","","","",""
"奥那須 (存在しないページ)","[041奥那須栃木県]","https://ja.wikipedia.org/w/index.php?title=奥那須&amp;action=edit&amp;redlink=1","日本の秘境100選","https://ja.wikipedia.org/wiki/日本の秘境100選","表形式","","","","","","","","","","","","","","","","","","","",""
"奥秩父山塊","[042奥秩父/両神山埼玉県] 奥秩父山塊 （おくちちぶさんかい）とは、 野辺山高原 の南東に位置する 飯盛山 （1643 メートル ）から 雲取山 （2017メートル）および南は 三窪高原 まで、広くはそれに東は 奥多摩 エリア、北は 両神山 （1723メートル）付近、南は 大菩薩連嶺 までを加えた 山塊 で 関東山地 の中心部をなす。 奥秩父山地 （おくちちぶさんち）ともいう。","https://ja.wikipedia.org/wiki/奥秩父山塊","日本の秘境100選","https://ja.wikipedia.org/wiki/日本の秘境100選","表形式","北緯35度52分07秒東経138度40分15秒","東京都・埼玉県・山梨県・長野県","","","北奥千丈岳（2601m）","北緯35度52分07秒東経138度40分15秒﻿ / ﻿北緯35.86861度 東経138.67083度﻿ /35.86861; 138.67083座標:北緯35度52分07秒東経138度40分15秒﻿ / ﻿北緯35.86861度 東経138.67083度﻿ /35.86861; 138.67083","","","","","","","","","","","","","",""
"青ヶ島","[043青ヶ島東京都] 青ヶ島 （あおがしま）は、 伊豆諸島 に属する 火山島 で、本諸島の有人島としては最南端にある。日本の 気象庁 によって火山活動度ランクCの 活火山 に指定されており  、また、 常時観測火山 にも選定されている   。全島が 青ヶ島村 に属するが、産業に乏しく 本土 との往来も難しいため、人口減少が続いており、 2019年 においては170人程度しか 定住 していない。","https://ja.wikipedia.org/wiki/青ヶ島","日本の秘境100選","https://ja.wikipedia.org/wiki/日本の秘境100選","表形式","北緯32度27分28秒東経139度45分33秒","日本東京都青ヶ島村","5.97km²","423m","大凸部","","太平洋(フィリピン海)","9km","","","","35.8人/ｋm²","","","","","","","",""
"奥久慈 (存在しないページ)","[044奥久慈茨城県]","https://ja.wikipedia.org/w/index.php?title=奥久慈&amp;action=edit&amp;redlink=1","日本の秘境100選","https://ja.wikipedia.org/wiki/日本の秘境100選","表形式","","","","","","","","","","","","","","","","","","","",""
"黒部峡谷","[045黒部峡谷富山県] 黒部峡谷 （くろべきょうこく）は、 富山県 黒部市 、 黒部川 中流 - 上流にある 峡谷 （ V字谷 ）である。 飛騨山脈 北部を 立山連峰 と 後立山連峰 に分断する大規模な峡谷で、国の 特別天然記念物 （天然保護区域）及び 特別名勝 指定。 中部山岳国立公園 に含まれる。 清津渓谷 、 大杉谷 とともに 日本三大渓谷 に選定され、また 日本の秘境百選 の一つにも挙げられている。","https://ja.wikipedia.org/wiki/黒部峡谷","日本の秘境100選","https://ja.wikipedia.org/wiki/日本の秘境100選","表形式","","","","","","","","","","","","","","","","","","","",""
"能登外浦海岸","[046能登外浦海岸石川県] 能登外浦海岸 （のとそとうらかいがん）とは、 能登半島 の外側、つまり、 富山湾 側ではない 日本海 外洋に面した側の海岸である。","https://ja.wikipedia.org/wiki/能登外浦海岸","日本の秘境100選","https://ja.wikipedia.org/wiki/日本の秘境100選","表形式","","","","","","","","","","","","","","","","","","","",""
"白山市白峰","[047白山北麓石川県] 白山市白峰 （はくさんししらみね）は、 石川県 白山市 にある 重要伝統的建造物群保存地区 。白山市（旧： 石川郡 白峰村 ）白峰の一部、約10.7haの範囲である。","https://ja.wikipedia.org/wiki/白山市白峰","日本の秘境100選","https://ja.wikipedia.org/wiki/日本の秘境100選","表形式","北緯36度10分28秒東経136度37分33秒","石川県白山市","10.7ha","","","","","","","","","","","","","","","","",""
"五箇山","[048五箇山・白川郷富山県・岐阜県] 五箇山 （ごかやま）は、 富山県 の南西端にある 南砺市 の旧 平村 、旧 上平村 、旧 利賀村 を合わせた地域を指す。","https://ja.wikipedia.org/wiki/五箇山","日本の秘境100選","https://ja.wikipedia.org/wiki/日本の秘境100選","表形式","","","","","","","","","","","","","","","","","","","",""
"寸又峡","[049寸又峡・大井川源流静岡県] 寸又峡 （すまたきょう）は 静岡県 中部、 川根本町 にある 大井川 支流、 寸又川 の 峡谷 。全長16kmで、比高は100mに達する。","https://ja.wikipedia.org/wiki/寸又峡","日本の秘境100選","https://ja.wikipedia.org/wiki/日本の秘境100選","表形式","","","","","","","","","","","","","","","","","","","",""
"柿田川","[050柿田川静岡県] 柿田川 （かきたがわ   、かきだがわ  ）とは、 静岡県 駿東郡 清水町 を流れる 狩野川 水系 の 一級河川 。","https://ja.wikipedia.org/wiki/柿田川","日本の秘境100選","https://ja.wikipedia.org/wiki/日本の秘境100選","表形式","","","","","","","","","","","","","","","","","","","",""
"長良川","[051長良川上流岐阜県] 長良川 （ながらがわ）は、 岐阜県 郡上市 の 大日ヶ岳 に源を発し、 三重県 を経て 揖斐川 と合流し、 伊勢湾 に注ぐ 木曽川 水系の 一級河川 である。 濃尾平野 を流れる 木曽三川 のひとつ。なお、 下流 の一部では 愛知県 にも面し、岐阜県との 県境 を成している。 四万十川 ・ 柿田川 とともに「 日本三大清流 の一つ」と呼ばれる。","https://ja.wikipedia.org/wiki/長良川","日本の秘境100選","https://ja.wikipedia.org/wiki/日本の秘境100選","表形式","","","","","","","","","","","","","","","","","","","",""
"岩村城","[052岩村城跡岐阜県] 岩村城 （いわむらじょう）は 岐阜県 恵那市 岩村町 にある中世の 日本の城 （ 山城跡 ）で、 岩村遠山氏 が建造し代々城主となっていたが、戦国時代末期に 団忠正 や 河尻秀隆 が城主となった時期もあった。 江戸時代 には 岩村藩 の城となった。付近は 霧 が多く発生するため、別名・霧ヶ城とも呼ばれる。 中津川市 の 苗木城 、 可児市 の 兼山城 と並び 岐阜 の三 山城 と称される。岐阜県指定史跡  。","https://ja.wikipedia.org/wiki/岩村城","日本の秘境100選","https://ja.wikipedia.org/wiki/日本の秘境100選","表形式","北緯35度21分35.75秒東経137度27分3.68秒","","","","","北緯35度21分35.75秒東経137度27分3.68秒﻿ / ﻿北緯35.3599306度 東経137.4510222度﻿ /35.3599306; 137.4510222","","","","","","","","","","","","","",""
"八尾町","[053八尾の里富山県] 八尾町 （やつおまち）は、かつて 富山県 婦負郡 にあった 町 。現在は 富山市 の地域の一つである。","https://ja.wikipedia.org/wiki/八尾町","日本の秘境100選","https://ja.wikipedia.org/wiki/日本の秘境100選","表形式","北緯36度35分08秒東経137度08分24秒","〒939-2398富山県婦負郡八尾町福島151番地","236.86km2","","","","","","","富山県","","","日本","八尾町（Internet Archive）","中部地方、北陸地方","婦負郡","16361-9","21,810人（国勢調査速報値、2005年10月1日）","富山市、南砺市、婦中町、大沢野町、山田村、細入村、飛騨市",""
"木ノ芽峠","[054旧板取宿・木ノ芽峠福井県] 木ノ芽峠 （きのめとうげ）は、 福井県 の 嶺北 （越前地方）と 嶺南 （若狭地方）を隔てる 峠 である。 木嶺 （もくれい）とも言い、「嶺北」「嶺南」の語源となっている。","https://ja.wikipedia.org/wiki/木ノ芽峠","日本の秘境100選","https://ja.wikipedia.org/wiki/日本の秘境100選","表形式","北緯35度43分1秒東経136度8分26秒","福井県南条郡南越前町・敦賀市","","","","","","","628m","","","","","","","","","","",""
"中伊豆 (存在しないページ)","[055中伊豆/猫越峠静岡県]","https://ja.wikipedia.org/w/index.php?title=中伊豆&amp;action=edit&amp;redlink=1","日本の秘境100選","https://ja.wikipedia.org/wiki/日本の秘境100選","表形式","","","","","","","","","","","","","","","","","","","",""
"桶ヶ谷沼","[056桶ヶ谷沼静岡県] 桶ヶ谷沼 （おけがやぬま）とは、 静岡県 磐田市 の北東部に位置する 沼 。沼の周囲は豊かな 自然 が残されており、日本全国でも有数の『 トンボ の楽園』として知られる。 日本の秘境100選 の1つ。","https://ja.wikipedia.org/wiki/桶ヶ谷沼","日本の秘境100選","https://ja.wikipedia.org/wiki/日本の秘境100選","表形式","北緯34度44分30秒東経137度53分00秒","日本静岡県磐田市","0.074km2","","","北緯34度44分30秒東経137度53分00秒﻿ / ﻿北緯34.74167度 東経137.88333度﻿ /34.74167; 137.88333座標:北緯34度44分30秒東経137度53分00秒﻿ / ﻿北緯34.74167度 東経137.88333度﻿ /34.74167; 137.88333","","","","","","","","","","","","","",""
"野麦峠","[057野麦峠岐阜県・長野県] 野麦峠 （のむぎとうげ）は、 岐阜県 高山市 と 長野県 松本市 の県境に位置し、 飛騨国 と 信濃国 を結ぶ鎌倉街道・江戸街道と呼ばれる街道の 峠 。 乗鞍岳 と 鎌ヶ峰 の間にあり、標高1,672 m。 長野県道・岐阜県道39号奈川野麦高根線 が通っている。","https://ja.wikipedia.org/wiki/野麦峠","日本の秘境100選","https://ja.wikipedia.org/wiki/日本の秘境100選","表形式","北緯36度3分7秒東経137度36分19秒","岐阜県高山市・長野県松本市","","","","","","","1,672m","","飛騨山脈","","","","","","","","",""
"十津川村","[058十津川郷奈良県] ","https://ja.wikipedia.org/wiki/十津川村","日本の秘境100選","https://ja.wikipedia.org/wiki/日本の秘境100選","表形式","北緯33度59分18.4秒東経135度47分33.2秒","〒637-1333奈良県吉野郡十津川村大字小原225番地の1北緯33度59分18.4秒東経135度47分33.2秒﻿ / ﻿北緯33.988444度 東経135.792556度﻿ /33.988444; 135.792556座標:北緯33度59分18.4秒東経135度47分33.2秒﻿ / ﻿北緯33.988444度 東経135.792556度﻿ /33.988444; 135.792556","672.38km2","","","","","","","奈良県","","4.49人/km2","日本","公式ウェブサイト","近畿地方","吉野郡","29449-7","3,017人（推計人口、2021年6月1日）","五條市、吉野郡上北山村、下北山村、野迫川村三重県熊野市和歌山県：新宮市、田辺市、東牟婁郡北山村",""
"琵琶湖","[059琵琶湖/竹生島滋賀県] 琵琶湖 （びわこ）は、 滋賀県 にある 日本 最大 の 面積 と貯水量を持つ 湖 。 一級水系 「 淀川 水系」に属する 一級河川 である。 国土交通大臣 から委託を受けて滋賀県知事が管理を担う。 湖沼水質保全特別措置法 指定湖沼で、 ラムサール条約 登録 湿地 でもある。","https://ja.wikipedia.org/wiki/琵琶湖","日本の秘境100選","https://ja.wikipedia.org/wiki/日本の秘境100選","表形式","北緯35度20分0秒東経136度10分0秒","日本滋賀県","669.26km2","","","北緯35度20分0秒東経136度10分0秒﻿ / ﻿北緯35.33333度 東経136.16667度﻿ /35.33333; 136.16667座標:北緯35度20分0秒東経136度10分0秒﻿ / ﻿北緯35.33333度 東経136.16667度﻿ /35.33333; 136.16667","","","","","","","","","","","","","",""
"大台ヶ原山","[060大台ケ原/大杉谷奈良県・三重県] 大台ヶ原山 （おおだいがはらやま）は 奈良県 と 三重県 の 県境 にある 標高 1695.1m  の 山 である。 深田久弥 によって「 日本百名山 」に選ばれたほか、 日本百景 、 日本の秘境100選 にも選ばれている。 1980年 （昭和55年）に 国際連合教育科学文化機関 の 生物圏保護区 （ユネスコエコパーク）に登録された（登録名：大台ケ原・ 大峯山 ・ 大杉谷 ）  。","https://ja.wikipedia.org/wiki/大台ヶ原山","日本の秘境100選","https://ja.wikipedia.org/wiki/日本の秘境100選","表形式","北緯34度11分7秒東経136度6分33秒","奈良県吉野郡上北山村、川上村、三重県多気郡大台町","","","","北緯34度11分7秒東経136度6分33秒﻿ / ﻿北緯34.18528度 東経136.10917度﻿ /34.18528; 136.10917座標:北緯34度11分7秒東経136度6分33秒﻿ / ﻿北緯34.18528度 東経136.10917度﻿ /34.18528; 136.10917","","","1,695.1m","","台高山脈","","","","","","","","","隆起準平原"
"熊野古道","[061熊野古道和歌山県] 熊野古道 （くまのこどう）は、 熊野三山 （ 熊野本宮大社 、 熊野速玉大社 、 熊野那智大社 ）へと通じる 参詣道 の総称。 熊野参詣道 ともよばれる。 紀伊半島 に位置し、道は 三重県 、 奈良県 、 和歌山県 、 大阪府 に跨る。2004年に 世界文化遺産 に登録。","https://ja.wikipedia.org/wiki/熊野古道","日本の秘境100選","https://ja.wikipedia.org/wiki/日本の秘境100選","表形式","","","","","","","","","","","","","","","","","","","",""
"蛭子山古墳","[062蛭子山・作山古墳京都府] 蛭子山古墳 （えびすやまこふん）または 蛭子山1号墳 は、 京都府 与謝郡 与謝野町 字加悦・明石にある 古墳 。形状は 前方後円墳 。蛭子山古墳群を構成する古墳の1つ。国の 史跡 に指定され、舟形石棺は京都府指定有形文化財に指定されている。","https://ja.wikipedia.org/wiki/蛭子山古墳","日本の秘境100選","https://ja.wikipedia.org/wiki/日本の秘境100選","表形式","北緯35度30分25.76秒東経135度6分16.25秒","京都府与謝郡与謝野町字加悦・明石（与謝野町立古墳公園内）","","","","北緯35度30分25.76秒東経135度6分16.25秒﻿ / ﻿北緯35.5071556度 東経135.1045139度﻿ /35.5071556; 135.1045139﻿ (蛭子山古墳（蛭子山1号墳）)座標:北緯35度30分25.76秒東経135度6分16.25秒﻿ / ﻿北緯35.5071556度 東経135.1045139度﻿ /35.5071556; 135.1045139﻿ (蛭子山古墳（蛭子山1号墳）)","","","","","","","","","","","","","",""
"京都大学フィールド科学教育研究センター森林ステーション芦生研究林","[063芦生原生林京都府] 京都大学フィールド科学教育研究センター森林ステーション芦生研究林 （ きょうとだいがく フィールドかがくきょういくけんきゅうセンターしんりんステーション あしうけんきゅうりん 、略称： 京都大学芦生研究林 ）は、 京都府 南丹市 美山町芦生にある 京都大学 の研究施設である。 1921年 に当時の京都帝国大学初の国内 演習林 として 北桑田郡 知井村  九ヶ字共有林約4,200haに 地上権 を設定し、同地を 芦生演習林 と称したことから始まり、その後 1923年 の 農学部 設置に伴い学生や研究者向けの学術研究および実地研究の場として活用されたほか、大学の財産形成の場として、 伐採 に伴う用材収入や製炭事業などでの収入が用いられた。 近畿地方 に残る数少ない大規模 天然林 であり、中には 原生林 もあることから、 芦生原生林 や 芦生の森 とも呼ばれることがあるほか、現在でも旧称の芦生演習林で広く通じている。","https://ja.wikipedia.org/wiki/京都大学フィールド科学教育研究センター森林ステーション芦生研究林","日本の秘境100選","https://ja.wikipedia.org/wiki/日本の秘境100選","表形式","","","","","","","","","","","","","","","","","","","",""
"瀞川渓谷","[064瀞川渓谷兵庫県] 瀞川渓谷 （とろかわけいこく）は 兵庫県 美方郡 香美町 村岡区にある 渓谷 。","https://ja.wikipedia.org/wiki/瀞川渓谷","日本の秘境100選","https://ja.wikipedia.org/wiki/日本の秘境100選","表形式","","","","","","","","","","","","","","","","","","","",""
"石楠花渓 (存在しないページ)","[065石楠花渓滋賀県]","https://ja.wikipedia.org/w/index.php?title=石楠花渓&amp;action=edit&amp;redlink=1","日本の秘境100選","https://ja.wikipedia.org/wiki/日本の秘境100選","表形式","","","","","","","","","","","","","","","","","","","",""
"神島 (三重県)","[066神島三重県] 神島 （かみしま）は 伊勢湾口 に位置する、 周囲 3.9km、 面積 0.76km 2 の 島 で、 三重県 鳥羽市 に属する。 三島由紀夫 の 小説 『 潮騒 』の舞台になったことで有名。 人口 は300人あまりで過疎化が進んでいる。","https://ja.wikipedia.org/wiki/神島_(三重県)","日本の秘境100選","https://ja.wikipedia.org/wiki/日本の秘境100選","表形式","北緯34度32分54秒東経136度59分5秒","日本（三重県）","0.76km²","171m","","","伊勢湾（伊良湖水道）","約3.9km","","","","","","","","","","","",""
"古座川","[067古座川和歌山県] 古座川 （こざがわ）は、 和歌山県 南部を流れる 二級水系 の 本流 。","https://ja.wikipedia.org/wiki/古座川","日本の秘境100選","https://ja.wikipedia.org/wiki/日本の秘境100選","表形式","","","","","","","","","","","","","","","","","","","",""
"富貴村","[068裏高野和歌山県] 富貴村 （ふきむら）","https://ja.wikipedia.org/wiki/富貴村","日本の秘境100選","https://ja.wikipedia.org/wiki/日本の秘境100選","表形式","","","","","","","","","","","","","","","","","","","",""
"祖谷","[069祖谷徳島県] 祖谷山 （いややま）とは、 徳島県 西部の 祖谷川 ・ 松尾川 流域の山間部地域のこと。かつての 美馬郡 （後に 三好郡 ） 東祖谷山村 ・ 西祖谷山村 の地域に相当し、現在の 三好市 の一部にあたる。また、登山者の観点から見た、祖谷山を下に記述する。","https://ja.wikipedia.org/wiki/祖谷","日本の秘境100選","https://ja.wikipedia.org/wiki/日本の秘境100選","表形式","","","","","","","","","","","","","","","","","","","",""
"佐田岬","[070佐田岬愛媛県] 佐田岬 （さだみさき）は、 愛媛県 の 佐田岬半島 先端にある、 四国 最西端の 岬 。","https://ja.wikipedia.org/wiki/佐田岬","日本の秘境100選","https://ja.wikipedia.org/wiki/日本の秘境100選","表形式","","","","","","","","","","","","","","","","","","","",""
"四万十川","[071四万十川高知県] 四万十川 （しまんとがわ）は、 高知県 の西部を流れる 一級河川 で渡川水系の本流である  。全長196km、 流域 面積2186km 2   。 四国 内で最長の川である。本流に大規模なダムが建設されていないことから「日本最後の 清流 」、また 柿田川 ・ 長良川 とともに「 日本三大清流 の一つ」と呼ばれる。 名水百選  、 日本の秘境100選 にも選ばれている。","https://ja.wikipedia.org/wiki/四万十川","日本の秘境100選","https://ja.wikipedia.org/wiki/日本の秘境100選","表形式","","","","","","","","","","","","","","","","","","","",""
"隠岐諸島","[072隠岐/国賀海岸島根県] 隠岐諸島 （おきしょとう）は、 島根半島 の北方約50 kmに位置する島々である。 隠岐群島 （おきぐんとう）、 隠岐島 （おきのしま）とも呼ばれる  。 現在は 島根県 隠岐郡 に所属している。 山陰地方 では今  でも隠岐諸島を指して 隠岐国 （おきのくに）と呼ぶ場合がある。","https://ja.wikipedia.org/wiki/隠岐諸島","日本の秘境100選","https://ja.wikipedia.org/wiki/日本の秘境100選","表形式","北緯36度12分00秒東経133度10分00秒","","345.92 km2(133.56 sq mi)","608 m (1,995 ft)","大満寺山","","","","","島根県","","58.2 /km2(150.7 /sq mi)","","","","隠岐郡","","","",""
"島根半島","[073島根半島北岸島根県] 島根半島 （しまねはんとう）は、 島根県 の北東に位置し、北側を 日本海 、東側を 美保湾 、南側を 中海 、 宍道湖 に囲まれた 半島 である。 出雲市 大社の 日御碕 から 松江市 美保関の地蔵崎に至る東西65km、南北15 - 20kmの半島で、一帯は200 - 500mの丘陵地となっている。 境水道 、 大橋川 に加え、宍道湖と日本海（恵曇港）を直接結ぶ、人工運河の佐陀川が 天明 時代に掘削されたので、半島東部は本土と切り離されている。北岸は日本海の荒波によって浸食された 海食崖 や 沈水海岸 が連続し、その中に小湾が続き、恵曇（えとも）や 七類 、片江、御津、 十六島 （うっぷるい）などの 漁港 がある。","https://ja.wikipedia.org/wiki/島根半島","日本の秘境100選","https://ja.wikipedia.org/wiki/日本の秘境100選","表形式","","","","","","","","","","","","","","","","","","","",""
"比婆山","[074比婆山広島県] 比婆山 （ひばやま）は、 広島県 庄原市 にある標高1264  m の山。 中国山地 中部にあり、 比婆道後帝釈国定公園 に属している。","https://ja.wikipedia.org/wiki/比婆山","日本の秘境100選","https://ja.wikipedia.org/wiki/日本の秘境100選","表形式","北緯35度03分06秒東経133度03分56秒","広島県庄原市","","","","北緯35度03分06秒東経133度03分56秒﻿ / ﻿北緯35.05167度 東経133.06556度﻿ /35.05167; 133.06556","","","1,299m","","比婆山地","","","","","","","","",""
"氷ノ山","[075氷ノ山西麓鳥取県] 氷ノ山 （ひょうのせん）は、 兵庫県 養父市 と 鳥取県 八頭郡 若桜町 との県境にある 標高 1,510 m の 山 である。 須賀ノ山 とも呼ばれる。 日本二百名山 や ふるさと兵庫50山 のひとつに選定されている。","https://ja.wikipedia.org/wiki/氷ノ山","日本の秘境100選","https://ja.wikipedia.org/wiki/日本の秘境100選","表形式","北緯35度21分14秒東経134度30分49秒","日本兵庫県養父市鳥取県八頭郡若桜町","","","","北緯35度21分14秒東経134度30分49秒﻿ / ﻿北緯35.35389度 東経134.51361度﻿ /35.35389; 134.51361座標:北緯35度21分14秒東経134度30分49秒﻿ / ﻿北緯35.35389度 東経134.51361度﻿ /35.35389; 134.51361","","","1,509.6m","","中国山地氷ノ山山系","","","","","","","","",""
"別子銅山","[076別子銅山跡愛媛県] 別子銅山 （べっしどうざん）は、 愛媛県 新居浜市 の山麓部にあった 銅山 。 1690年 （ 元禄 3年）に発見され、翌年から 1973年 （ 昭和 48年）までの282年間に約70万トンの銅を産出し、日本の貿易や近代化に寄与した。一貫して 住友家 が経営し（閉山時は 住友金属鉱山 ）、関連事業を興すことで発展を続け、住友が日本を代表する巨大 財閥 となる礎となった。","https://ja.wikipedia.org/wiki/別子銅山","日本の秘境100選","https://ja.wikipedia.org/wiki/日本の秘境100選","表形式","","","","","","","","","","","","","","","","","","","",""
"馬路村","[077千本山高知県] ","https://ja.wikipedia.org/wiki/馬路村","日本の秘境100選","https://ja.wikipedia.org/wiki/日本の秘境100選","表形式","北緯33度33分18.8秒東経134度2分53.1秒","〒781-6201高知県安芸郡馬路村馬路443番地北緯33度33分18.8秒東経134度2分53.1秒﻿ / ﻿北緯33.555222度 東経134.048083度﻿ /33.555222; 134.048083座標:北緯33度33分18.8秒東経134度2分53.1秒﻿ / ﻿北緯33.555222度 東経134.048083度﻿ /33.555222; 134.048083","165.48km2","","","","","","","高知県","","4.34人/km2","日本","公式ウェブサイト","四国地方中国・四国地方","安芸郡","39306-1","719人（推計人口、2021年6月1日）","安芸市、安芸郡安田町、北川村徳島県：那賀郡那賀町、海部郡海陽町",""
"野根山街道","[078野根山街道高知県] 野根山街道 （のねやまかいどう）は、 高知県 東部の 奈半利町 と 東洋町 を結んでいる 尾根 伝いの 街道 である。四国百名山に選定されているので、山としての核心部分である最高地点の装束山（標高1,083.0m）と野根山（標高983.5m）も記述する。 ","https://ja.wikipedia.org/wiki/野根山街道","日本の秘境100選","https://ja.wikipedia.org/wiki/日本の秘境100選","表形式","北緯33度28分18.93秒東経134度8分14.85秒","高知県安芸郡奈半利町・室戸市・安芸郡北川村・東洋町","","","","北緯33度28分18.93秒東経134度8分14.85秒﻿ / ﻿北緯33.4719250度 東経134.1374583度﻿ /33.4719250; 134.1374583座標:北緯33度28分18.93秒東経134度8分14.85秒﻿ / ﻿北緯33.4719250度 東経134.1374583度﻿ /33.4719250; 134.1374583","","","1,083.0m","","四国山地","","","","","","","","",""
"大堂海岸","[079大堂海岸高知県] 大堂海岸 （おおどうかいがん）は、 高知県 幡多郡 大月町 にある海岸である。 足摺宇和海国立公園 に指定されている。","https://ja.wikipedia.org/wiki/大堂海岸","日本の秘境100選","https://ja.wikipedia.org/wiki/日本の秘境100選","表形式","","","","","","","","","","","","","","","","","","","",""
"物部川","[080奥物部高知県] 物部川 （ものべがわ）は、 高知県 香美市 の 白髪山 を水源とし、大小の支流34の河川を合わせつつ 土佐湾 に注ぐ 一級河川 。高知県中部を流域として、南国市、香南市、香美市をまたぐ流域面積508平方キロメートルの河川であり、山地が流域の約88%を占める  。流域内では高知龍馬空港や高知市への国道等が整備されており、交通の要衝となっているほか、高知県最大の穀倉地帯である香長平野を含むため、野菜を中心とする施設園芸や稲作も盛んに行われている  。河川延長は幹河71km、支河219kmの290km、流域内人口は約4万人  。","https://ja.wikipedia.org/wiki/物部川","日本の秘境100選","https://ja.wikipedia.org/wiki/日本の秘境100選","表形式","","","","","","","","","","","","","","","","","","","",""
"小豆島","[081小豆島香川県] 小豆島 （しょうどしま）は、 瀬戸内海 ・ 播磨灘 にある 島 。行政区分は 香川県 小豆郡 に属し  、 小豆島町 、 土庄町 の2町からなり、人口は2万8,764人（2016年度推計）。近年、人口が減少の一途をたどっており、2013年6月24日に隣接する 沖之島 とあわせて、 国土交通省 より「 離島振興法 」の指定を受けた。離島振興法の活用で、今後10年間の人口減少率を10%以内に抑えることを目指す  。","https://ja.wikipedia.org/wiki/小豆島","日本の秘境100選","https://ja.wikipedia.org/wiki/日本の秘境100選","表形式","北緯34度30分49秒東経134度17分8秒","日本（香川県小豆郡）","153.30km²","816.7m","","","瀬戸内海（播磨灘）","126km","","","","","","","","","","","",""
"鯉ヶ窪湿原","[082鯉ヶ窪湿原岡山県] 鯉ヶ窪湿原 （こいがくぼしつげん）は 岡山県 新見市 にある 湿原 。 オグラセンノウ 、 ビッチュウフクロ 、 ミコシギク など300種を超える 植物 が自生する地域で、「 鯉ヶ窪湿性植物群落 」として 1980年 3月6日 に日本の 天然記念物 に指定されている。「西の 尾瀬沼 」とも形容される。","https://ja.wikipedia.org/wiki/鯉ヶ窪湿原","日本の秘境100選","https://ja.wikipedia.org/wiki/日本の秘境100選","表形式","","","","","","","","","","","","","","","","","","","",""
"引き明けの森","[083引き明けの森広島県] 引き明けの森 （ひきあけのもり）は、 広島県 山県郡 安芸太田町 天上山 にある、 原生林 の茂る森。 日本の秘境100選 のひとつ。","https://ja.wikipedia.org/wiki/引き明けの森","日本の秘境100選","https://ja.wikipedia.org/wiki/日本の秘境100選","表形式","","","","","","","","","","","","","","","","","","","",""
"厳島","[084宮島広島県] 厳島 （いつくしま）は、日本の 広島県 廿日市市 宮島町にある島。 瀬戸内海 西部、 広島湾 の北西部に位置する。通称は 宮島 （みやじま）。また 安芸の宮島 ともいう。","https://ja.wikipedia.org/wiki/厳島","日本の秘境100選","https://ja.wikipedia.org/wiki/日本の秘境100選","表形式","北緯34度16分0秒東経132度18分0秒","日本（広島県廿日市市）","30.39km²","535.0m","弥山","","瀬戸内海安芸灘","28.9km","","","","","","","","","","","",""
"高千穂町","[085高千穂の里宮崎県] ","https://ja.wikipedia.org/wiki/高千穂町","日本の秘境100選","https://ja.wikipedia.org/wiki/日本の秘境100選","表形式","北緯32度42分42秒東経131度18分27.9秒","〒882-1192宮崎県西臼杵郡高千穂町大字三田井13番地北緯32度42分42秒東経131度18分27.9秒﻿ / ﻿北緯32.71167度 東経131.307750度﻿ /32.71167; 131.307750﻿ (高千穂町)座標:北緯32度42分42秒東経131度18分27.9秒﻿ / ﻿北緯32.71167度 東経131.307750度﻿ /32.71167; 131.307750﻿ (高千穂町)町役場位置","237.54km2","","","","","","","宮崎県","","48.4人/km2","日本","公式ウェブサイト","九州地方","西臼杵郡","45441-9","11,490人（推計人口、2021年6月1日）","西臼杵郡日之影町、五ヶ瀬町、東臼杵郡諸塚村熊本県：阿蘇郡高森町、上益城郡山都町大分県：竹田市、豊後大野市",""
"吐噶喇列島","[086吐噶喇列島鹿児島県] 吐噶喇列島 （ とかられっとう ） は、 南西諸島 のうち、 鹿児島県 側の 薩南諸島 に属する 島嶼 群。行政区域は全島が 鹿児島県 鹿児島郡 十島村 である。 天気予報 など、気象の地域区分としては南側にある 奄美群島 と共に 奄美地方 の一部（北部）として扱われる。","https://ja.wikipedia.org/wiki/吐噶喇列島","日本の秘境100選","https://ja.wikipedia.org/wiki/日本の秘境100選","表形式","","","101.35 km2(39.13 sq mi)","979 m (3,212 ft)","御岳（中之島）","","","","","鹿児島県","","6.75 /km2(17.48 /sq mi)","","","","鹿児島郡","","","",""
"吉野ヶ里遺跡","[087吉野ヶ里遺跡佐賀県] 吉野ヶ里遺跡 （ よしのがりいせき ） は、 佐賀県 神埼郡 吉野ヶ里町 と 神埼市 にまたがる吉野ヶ里丘陵にある遺跡。国の 特別史跡 に指定されている。","https://ja.wikipedia.org/wiki/吉野ヶ里遺跡","日本の秘境100選","https://ja.wikipedia.org/wiki/日本の秘境100選","表形式","北緯33度19分25秒東経130度23分26.5秒","日本佐賀県吉野ヶ里町、神埼市","36ha（埋蔵文化財包蔵地）","","","","","","","","","","","","","","","","","遺跡"
"坊がつる","[088坊がつる大分県] 坊ガツル （ぼうガツル）は、 大分県 竹田市 にある標高約1,200  m の高さに広がる 盆地 ・ 湿原 。 九重連山 の主峰 久住山 と 大船山 等に囲まれており、 阿蘇くじゅう国立公園 に含まれる。 坊がつる 、 坊ヶつる 、 坊 ガ ツル 、 坊がツル 、 坊ヶツル などとも表記する。名称の「坊」とは寺院（久住山信仰の中核である法華院。現在の 法華院温泉 ）、「ツル」は「水流」で川のある平らな土地の意で、つまり法華院近辺の湿地帯といった意味の地名である。","https://ja.wikipedia.org/wiki/坊がつる","日本の秘境100選","https://ja.wikipedia.org/wiki/日本の秘境100選","表形式","","","","","","","","","","","","","","","","","","","",""
"五島列島","[089五島列島/嵯峨ノ島長崎県] 座標 : .mw-parser-output .geo-default,.mw-parser-output .geo-dms,.mw-parser-output .geo-dec{display:inline}.mw-parser-output .geo-nondefault,.mw-parser-output .geo-multi-punct{display:none}.mw-parser-output .longitude,.mw-parser-output .latitude{white-space:nowrap} 北緯32度41分43.8秒 東経128度50分26.9秒 ﻿ / ﻿ 北緯32.695500度 東経128.840806度 ﻿ / 32.695500; 128.840806 ﻿ ( 福江島 )","https://ja.wikipedia.org/wiki/五島列島","日本の秘境100選","https://ja.wikipedia.org/wiki/日本の秘境100選","表形式","","","","","","","","","","","","","","","","","","","",""
"阿蘇山","[090阿蘇熊本県] 阿蘇山 （あそさん）は、 日本 の 九州 中央部、 熊本県 阿蘇地方に位置する 火山 。 カルデラ を伴う大型の 複成火山 であり、 活火山 である。","https://ja.wikipedia.org/wiki/阿蘇山","日本の秘境100選","https://ja.wikipedia.org/wiki/日本の秘境100選","表形式","北緯32度53分3秒東経131度6分14秒","日本熊本県","","","高岳（1,592m）","北緯32度53分3秒東経131度6分14秒﻿ / ﻿北緯32.88417度 東経131.10389度﻿ /32.88417; 131.10389座標:北緯32度53分3秒東経131度6分14秒﻿ / ﻿北緯32.88417度 東経131.10389度﻿ /32.88417; 131.10389","","","","","","","","","","","","","","複成火山(活火山ランクA)"
"椎葉村","[091椎葉の里宮崎県] ","https://ja.wikipedia.org/wiki/椎葉村","日本の秘境100選","https://ja.wikipedia.org/wiki/日本の秘境100選","表形式","北緯32度28分2秒東経131度9分30秒","〒883-1601宮崎県東臼杵郡椎葉村大字下福良1762番地1北緯32度28分2秒東経131度9分30秒﻿ / ﻿北緯32.46722度 東経131.15833度﻿ /32.46722; 131.15833座標:北緯32度28分2秒東経131度9分30秒﻿ / ﻿北緯32.46722度 東経131.15833度﻿ /32.46722; 131.15833村庁舎位置","537.29km2","","","","","","","宮崎県","","4.58人/km2","日本","公式ウェブサイト","九州地方","東臼杵郡","45430-3","2,459人（推計人口、2021年6月1日）","西都市、東臼杵郡美郷町、諸塚村、西臼杵郡五ヶ瀬町、児湯郡西米良村熊本県：八代市、上益城郡山都町、球磨郡水上村",""
"屋久島","[092屋久島原生林鹿児島県] 屋久島 （やくしま）は、 鹿児島県 の 大隅半島 佐多岬 南南西約60 km の海上に位置する 島 。 熊毛郡 屋久島町 に属し、近隣の 種子島 や 口永良部島 などと共に 大隅諸島 を形成する。南方に位置する トカラ列島 や 奄美群島 などとともに 南西諸島 を構成する。","https://ja.wikipedia.org/wiki/屋久島","日本の秘境100選","https://ja.wikipedia.org/wiki/日本の秘境100選","表形式","","日本鹿児島県熊毛郡屋久島町","504.88km²","1,936m","宮之浦岳","","東シナ海","","","","","","","","","","","","",""
"西表島","[093西表島沖縄県] 西表島 （いりおもてじま）は、 沖縄県 八重山郡 竹富町 に属する 八重山列島 の 島 である。同列島で最大の面積を持つ。人口は2,379人  （2021年3月末現在  ）である。","https://ja.wikipedia.org/wiki/西表島","日本の秘境100選","https://ja.wikipedia.org/wiki/日本の秘境100選","表形式","北緯24度17分33秒東経123度51分43秒","日本（沖縄県八重山郡竹富町）","289.61km²","469.5m","古見岳","","東シナ海","130.0km","","","","","","","","","","","",""
"鷹島海底遺跡","[094鷹島海底遺跡長崎県] 鷹島神崎遺跡 （たかしまこうざきいせき）は、日本の 長崎県 松浦市 鷹島 東岸（神崎免   ）沖にある 水中遺跡  。2012年3月27日に、水中遺跡として初めて国の 史跡 に指定された   。広さは38万4000 平方メートル  。","https://ja.wikipedia.org/wiki/鷹島海底遺跡","日本の秘境100選","https://ja.wikipedia.org/wiki/日本の秘境100選","表形式","北緯33度25分37秒東経129度46分20秒","長崎県松浦市鷹島町","","","","","","","","","","","","","","","","","","水中遺跡"
"国東半島","[095国東半島/六郷満山大分県] 国東半島 （くにさきはんとう）は、 大分県 の北東部に位置する 半島 である。","https://ja.wikipedia.org/wiki/国東半島","日本の秘境100選","https://ja.wikipedia.org/wiki/日本の秘境100選","表形式","","","","","","","","","","","","","","","","","","","",""
"五家荘","[096五家荘熊本県] 五家荘 、 五家庄 （ごかのしょう）は、 熊本県 八代市 （かつての 肥後国 八代郡 ）東部の 久連子 （くれこ）・ 椎原 （しいばる）・ 仁田尾 ・ 葉木 ・ 樅木  の5地域の総称。","https://ja.wikipedia.org/wiki/五家荘","日本の秘境100選","https://ja.wikipedia.org/wiki/日本の秘境100選","表形式","","","","","","","","","","","","","","","","","","","",""
"西都市","[097銀鏡宮崎県] ","https://ja.wikipedia.org/wiki/西都市","日本の秘境100選","https://ja.wikipedia.org/wiki/日本の秘境100選","表形式","北緯32度6分30.7秒東経131度24分4.9秒","〒881-0015宮崎県西都市聖陵町二丁目1番地北緯32度6分30.7秒東経131度24分4.9秒﻿ / ﻿北緯32.108528度 東経131.401361度﻿ /32.108528; 131.401361﻿ (西都市)座標:北緯32度6分30.7秒東経131度24分4.9秒﻿ / ﻿北緯32.108528度 東経131.401361度﻿ /32.108528; 131.401361﻿ (西都市)","438.79km2","","","","","","","宮崎県","","64.3人/km2","日本","公式ウェブサイト","九州地方","","45208-4","28,220人（推計人口、2021年6月1日）","宮崎市、児湯郡高鍋町、木城町、新富町、西米良村、東臼杵郡美郷町、椎葉村、東諸県郡国富町",""
"石垣島","[098石垣島・竹富島沖縄県] 石垣島 （いしがきじま）は、 沖縄県 石垣市 に属する 八重山列島 の 島 である。","https://ja.wikipedia.org/wiki/石垣島","日本の秘境100選","https://ja.wikipedia.org/wiki/日本の秘境100選","表形式","北緯24度20分04秒東経124度09分22秒","日本（沖縄県石垣市）","222.54km²","525.5m","於茂登岳","","太平洋（東シナ海・フィリピン海）","162.2km","","","","","","","","","","","",""
"与那国島","[099与那国島沖縄県] 与那国島 （よなぐにじま）は、 南西諸島 八重山列島 の 島 。 日本 の最西端に位置する島で、 国境 の島と呼ばれる  。","https://ja.wikipedia.org/wiki/与那国島","日本の秘境100選","https://ja.wikipedia.org/wiki/日本の秘境100選","表形式","北緯24度28分6秒東経123度0分17秒","日本（沖縄県八重山郡与那国町）","28.95km²","231.3m","宇良部岳（うらぶだけ）","","東シナ海・太平洋（フィリピン海）","27.49km","","","","","","","","","","","",""
"竹島 (鹿児島県)","[100竹島・黒島・硫黄島鹿児島県] 竹島 （たけしま）は、 薩南諸島 北部に位置する 島 である。 郵便番号 は890-0903。人口は64人、世帯数は37世帯（ 2020年 5月1日 現在）  。 大隅諸島 には、含まれるとする説と含まれないとする説とがある。","https://ja.wikipedia.org/wiki/竹島_(鹿児島県)","日本の秘境100選","https://ja.wikipedia.org/wiki/日本の秘境100選","表形式","北緯30度48分50秒東経130度25分2.1秒","日本","4.20km²","220m","マゴメ山","","東シナ海","12.8km","","","","","","","","","","","",""
