"タイトル","コメント","URL","親リストタイトル","親リストURL","一覧抽出方法","座標","所在地","分類","面積","公式サイト","運営者","開園","駐車場","事務所所在地","事務所","設備・遊具","アクセス","前身","告示","設計者","バリアフリー","備考","現況","年来園者数","位置"
"常磐公園","[常磐公園（北海道旭川市）] 常磐公園 （ときわこうえん）は、 北海道 旭川市 にある 公園 ・ 地名 。「 旭川八景 」  、「 日本の都市公園100選 」選定。","https://ja.wikipedia.org/wiki/常磐公園","日本の都市公園100選","https://ja.wikipedia.org/wiki/日本の都市公園100選","箇条書き,制限あり","北緯43度46分30秒東経142度21分26秒","日本北海道旭川市常磐公園","総合公園","15.85ヘクタール","","旭川市公園緑地協会","1916年(大正5年)5月1日","あり（各施設との併用）","","常磐公園管理事務所","池、親水デッキ、プール、彫刻、モニュメント、記念碑、旧天文台、図書館、美術館、公会堂、四阿、駐車場、休憩施設、照明施設、トイレ、遊具","北海道旅客鉄道（JR北海道）旭川駅から車で約5分、徒歩で約15分","","計画決定：昭和24年3月31日建設省告示第551号","","","","","",""
"北海道子どもの国","[北海道子どもの国（北海道砂川市）] 北海道子どもの国 （ほっかいどうこどものくに）は、 北海道 砂川市 にある 公園 。","https://ja.wikipedia.org/wiki/北海道子どもの国","日本の都市公園100選","https://ja.wikipedia.org/wiki/日本の都市公園100選","箇条書き,制限あり","北緯43度31分18秒東経141度55分56秒","日本北海道砂川市","都市公園","232.5ヘクタール","北海道子どもの国","北海道子どもの国協会","1979年（一部供用）1991年（全面供用）","南口駐車場359台（障害者用スペース4台分）北口駐車場125台（障害者用スペース4台分）ハイウェイオアシス駐車場417台（障害者用スペース5台分）","北海道砂川市北光401番地の1","北海道子どもの国管理事務所","レストハウス、遊具、キャンプ場、展望台、池、宿泊研修施設、ハイウェイオアシス","","","","","","","","",""
"大通公園","[大通公園（北海道札幌市中央区）] 大通公園 （おおどおりこうえん）は、 札幌市 中央区 にある 公園 。「 日本の道100選 」「 日本の都市公園100選 」「 都市景観100選 」「 日本の歴史公園100選 」選定    。","https://ja.wikipedia.org/wiki/大通公園","日本の都市公園100選","https://ja.wikipedia.org/wiki/日本の都市公園100選","箇条書き,制限あり","北緯43度03分35秒東経141度20分47秒","日本札幌市中央区大通西","特殊公園","7.89ヘクタール","大通公園","札幌市公園緑化協会（指定管理者）","","札幌大通地下駐車場（366台）","札幌市中央区大通西7","大通公園管理事務所","壁泉、噴水、広場、遊具、水路、園路","札幌市営地下鉄大通駅または東西線西11丁目駅下車","","昭和55年6月6日","","ユニバーサルトイレ","","","",""
"中島公園","[中島公園（北海道札幌市中央区）] 中島公園 （なかじまこうえん）は、 札幌市 中央区 にある 公園 ・ 地名 。「 日本の都市公園100選 」「 日本の歴史公園100選 」選定  。","https://ja.wikipedia.org/wiki/中島公園","日本の都市公園100選","https://ja.wikipedia.org/wiki/日本の都市公園100選","箇条書き,制限あり","北緯43度02分39秒東経141度21分18秒","日本札幌市中央区中島公園・南14条西5丁目・南15条西4丁目","総合公園","23.6ヘクタール","中島公園","公園緑化協会・中島公園コンソーシアム（指定管理者）","","なし","札幌市中央区中島公園1","中島公園管理事務所","児童館、劇場、茶室、日本庭園、池、西洋館、天文台、コンサートホール、広場、文学館、スポーツ施設、テニスコート","札幌市営地下鉄南北線中島公園駅または幌平橋駅下車札幌市電中島公園通停留場または行啓通停留場下車 徒歩3分北海道中央バス（西岡営業所、新千歳空港連絡バス）「中島公園」「中島公園入口」「幌平橋」バス停下車ジェイ・アール北海道バス（琴似営業所）「中島公園駅前」「中島公園入口」バス停下車","中島遊園地","昭和32年3月23日","","ユニバーサルトイレ、スロープ（一部）","広域避難場所","","",""
"弘前公園","[鷹揚公園（青森県弘前市）] 弘前公園 （ひろさきこうえん）は、 青森県 弘前市 にある 公園 。別名は、 鷹揚公園 （おうようこうえん）、 鷹揚園 （おうようえん）。弘前市都市公園条例での名称は「鷹揚園」  。","https://ja.wikipedia.org/wiki/弘前公園","日本の都市公園100選","https://ja.wikipedia.org/wiki/日本の都市公園100選","箇条書き,制限あり","北緯40度36分28.93秒東経140度27分49.7秒","日本青森県弘前市大字下白銀町1","都市公園（総合公園）","約48.9ha","弘前市のサイト","弘前市","1895年","","","","弘前城天守（史料館）、弘前市立博物館、弘前市民会館、弘前城植物園、弘前市緑の相談所、西濠ボート","JR・弘南鉄道弘前駅から弘南バス約15分","弘前城","","","","","","",""
"合浦公園","[合浦公園（青森県青森市）] 合浦公園 （がっぽこうえん）は、 青森県 青森市 中心部から東部に位置する青森市立の 都市公園 （総合公園）で、 青森湾 に面している。園内には 青森市営野球場 がある。","https://ja.wikipedia.org/wiki/合浦公園","日本の都市公園100選","https://ja.wikipedia.org/wiki/日本の都市公園100選","箇条書き,制限あり","北緯40度49分47.7秒東経140度46分44.5秒","日本青森県青森市合浦2丁目86外北緯40度49分47.7秒東経140度46分44.5秒﻿ / ﻿北緯40.829917度 東経140.779028度﻿ /40.829917; 140.779028","都市公園（総合公園）","17.0ha","指定管理者のサイト","青森市（指定管理者：パークメンテ青い森グループ）","1894年","","青森県青森市合浦2丁目17−50","パークメンテ青い森グループ","C11 167、動物舎など","バスで「合浦公園前」「岡造道一丁目」「合浦公園口」下車","","","長岡安平","車椅子対応トイレ","","","",""
"岩手公園","[岩手公園（岩手県盛岡市）] 「盛岡城」は 南部（盛岡）藩 南部氏 の居城である。西部を流れる 北上川 と南東部を流れる中津川の合流地、現在の盛岡市中心部にあった 花崗岩 丘陵に築城された連郭式平山城である。本丸の北側に二の丸が配され、本丸と二の丸の間は空堀で仕切られ現在は朱塗りの橋が架かっているが、存城当時は廊下橋（ 屋根付橋 の一種）が架けられていた。さらにその北側に三の丸が配され、本丸を囲むように腰曲輪、淡路丸、榊山曲輪が配された。本丸には天守台が築かれたが、幕府への遠慮から 天守 は築かれず、天守台に御三階櫓が建造され代用とされた。後、 1842年 （ 天保 13年）に12代 利済 により天守へと改称されている。","https://ja.wikipedia.org/wiki/岩手公園","日本の都市公園100選","https://ja.wikipedia.org/wiki/日本の都市公園100選","箇条書き,制限あり","北緯39度41分59.81秒東経141度9分0.4秒","","","","","","","","","","","","","","","","","","","北緯39度41分59.81秒東経141度9分0.4秒﻿ / ﻿北緯39.6999472度 東経141.150111度﻿ /39.6999472; 141.150111座標:北緯39度41分59.81秒東経141度9分0.4秒﻿ / ﻿北緯39.6999472度 東経141.150111度﻿ /39.6999472; 141.150111"
"高田松原","[高田松原公園（岩手県陸前高田市）] 高田松原 （たかたまつばら）は、 岩手県 陸前高田市 気仙町 の 太平洋 岸にある 松原 で、かつては約7万本が2キロメートルの 砂浜 に茂っていたが、 東日本大震災 （2011年）による 津波 で 奇跡の一本松 を残して倒壊した。その後、4万本を目指して 植樹 による再生が進められ  、2021年5月18日に完了した  。このうち600本は、震災前年に クリスマス の飾り物用に地元の女性が高田松原で拾い集めて保管していた 松ぼっくり を 森林総合研究所 材木育種センター 東北 育種場に寄託し、その種から育てた苗木が使われた  。","https://ja.wikipedia.org/wiki/高田松原","日本の都市公園100選","https://ja.wikipedia.org/wiki/日本の都市公園100選","箇条書き,制限あり","北緯39度0分12.4秒 東経141度37分30.5秒","","","","","","","","","","","","","","","","","","",""
"松島","[松島公園（宮城県松島町、塩竈市、七ヶ浜町、利府町、東松島市）] 松島 （まつしま）は、 宮城県 の松島湾内外にある 諸島 のこと。または、それら諸島と湾周囲を囲む 松島丘陵 も含めた修景地区のことである。 日本三景 の1つに数えられている。2018年の観光入込客数は600万人  。","https://ja.wikipedia.org/wiki/松島","日本の都市公園100選","https://ja.wikipedia.org/wiki/日本の都市公園100選","箇条書き,制限あり","","","","","","","","","","","","","","","","","","","",""
"榴岡公園","[榴岡公園（宮城県仙台市宮城野区）] 榴岡公園 （つつじがおかこうえん）は、 宮城県 仙台市 宮城野区 の丘陵地  にある 都市公園 である。躑躅岡（つつじがおか）は古くから 歌枕 として詠まれていた地名であり、また 江戸時代 に 仙台藩 主 伊達綱村 がこの地に桜を植樹して民衆に開放したことから、当時から現在に至るまで 花見 の名所でもある。","https://ja.wikipedia.org/wiki/榴岡公園","日本の都市公園100選","https://ja.wikipedia.org/wiki/日本の都市公園100選","箇条書き,制限あり","北緯38度15分38.2秒東経140度53分49.1秒","日本宮城県仙台市宮城野区榴ヶ岡、五輪1丁目、宮城野1丁目","都市公園> 基幹公園 > 都市基幹公園 >総合公園","11.2ha","","仙台市","1695年（元禄8年）：桜の馬場1902年（明治35年）：榴岡公園","48台（100円/1時間）","","","歴史民俗資料館、市民センター、軽体育館、公園管理事務所、野外音楽堂噴水、四阿、彫像、ベンチ、水飲み場、植栽、照明灯児童遊具","JR仙石線・榴ケ岡駅","（榴ヶ岡）：桜の馬場（五輪）：大日本帝国陸軍歩兵第4連隊営 →連合国軍キャンプ・ファウラー →東北管区警察学校","1902年（明治35年）","","バリアフリー公衆トイレ","土地所有者の国から仙台市に無償貸与","","",""
"千秋公園","[千秋公園（秋田県秋田市）] 千秋公園 （せんしゅうこうえん）は、 秋田県 秋田市 の 久保田城 跡にある 都市公園 （総合公園）である  。「千秋公園（久保田城跡）」として秋田市指定 名勝 に指定されている   。","https://ja.wikipedia.org/wiki/千秋公園","日本の都市公園100選","https://ja.wikipedia.org/wiki/日本の都市公園100選","箇条書き,制限あり","北緯39度43分20秒東経140度7分26秒","日本秋田県秋田市千秋公園","都市公園（総合公園）","16.29ヘクタール","秋田市のサイト","秋田市","","14台（30分100円のコインパーキング）","","","","","","1896年（明治29年）","","","","","",""
"霞城公園","[霞城公園（山形県山形市）] 霞城公園 （かじょうこうえん）は、 山形市 の中心部にある城址 公園 。","https://ja.wikipedia.org/wiki/霞城公園","日本の都市公園100選","https://ja.wikipedia.org/wiki/日本の都市公園100選","箇条書き,制限あり","北緯38度15分19.5秒 東経140度19分41秒","","","","","","","","","","","","","","","","","","",""
"日和山公園 (酒田市)","[日和山公園（山形県酒田市）] 日和山公園 (ひよりやまこうえん)は、 山形県 酒田市 にある 公園 。 日本の都市公園100選 、 日本の歴史公園100選 のひとつ。","https://ja.wikipedia.org/wiki/日和山公園_(酒田市)","日本の都市公園100選","https://ja.wikipedia.org/wiki/日本の都市公園100選","箇条書き,制限あり","北緯38度55分8.9秒東経139度49分40.8秒","山形県酒田市南新町一丁目127番外","都市公園","","公式サイト","","","あり（63台）","","","","","","","","","","","",""
"翠ヶ丘公園","[翠ヶ丘公園（福島県須賀川市）] 翠ヶ丘公園 （みどりがおかこうえん）は、 福島県 須賀川市 にある公園。 日本の都市公園100選 の一つ。","https://ja.wikipedia.org/wiki/翠ヶ丘公園","日本の都市公園100選","https://ja.wikipedia.org/wiki/日本の都市公園100選","箇条書き,制限あり","北緯37度17分29.7秒東経140度22分52.2秒","日本福島県須賀川市愛宕山","都市公園、総合公園","29.9ha","","","","あり","","","展望台、遊具、博物館など","#アクセスを参照。","","","","","","","",""
"偕楽園","[偕楽園（茨城県水戸市）] 偕楽園 （かいらくえん）は、 日本 の 茨城県 水戸市 にある 日本庭園 である。国の 史跡 及び 名勝 に指定されている（指定名称は「常磐公園」  ）。 伝統 的に、 後楽園 （ 岡山県 岡山市 ）や 兼六園 （ 石川県 金沢市 ）と並んで 日本三名園 の一つに数えられている。","https://ja.wikipedia.org/wiki/偕楽園","日本の都市公園100選","https://ja.wikipedia.org/wiki/日本の都市公園100選","箇条書き,制限あり","北緯36度22分23秒東経140度27分22秒","日本茨城県水戸市見川","都市公園（広域公園）","13ha（拡張部を合わせると300ha）","公式ウェブサイト","茨城県","1842年（天保13年）7月1日","","","","","","","","徳川斉昭（好文亭の配置・建築意匠など）","","","年中開放但し、偕楽園本園及び歴史館の区域は2/20～9/30の間午前6時から午後7時まで、10/1～2/19の間午前7時から午後6時まで。また、有料公園施設の好文亭は2/20～9/30の間午前9時から午後5時まで、10/1～2/19の間午前9時から午後4時30分まで。","21万9574人",""
"長峰公園 (存在しないページ)","[長峰公園（栃木県矢板市）]","https://ja.wikipedia.org/w/index.php?title=長峰公園&amp;action=edit&amp;redlink=1","日本の都市公園100選","https://ja.wikipedia.org/wiki/日本の都市公園100選","箇条書き,制限あり","","","","","","","","","","","","","","","","","","","",""
"井頭公園","[栃木県井頭公園（栃木県真岡市）] 井頭公園 （いがしらこうえん）は、 栃木県 真岡市 にある 都市公園 。","https://ja.wikipedia.org/wiki/井頭公園","日本の都市公園100選","https://ja.wikipedia.org/wiki/日本の都市公園100選","箇条書き,制限あり","北緯36度29分25.2秒東経140度0分3.3秒","日本栃木県真岡市下籠谷99番地","都市公園","93.3ha","https://www.park-tochigi.com/igashira/","公益財団法人栃木県民公園福祉協会","","あり","栃木県真岡市下籠谷99番地","井頭公園管理事務所","プール、運動場、広場など","#アクセスを参照。","","","","","","","80万人以上",""
"華蔵寺公園","[華蔵寺公園（群馬県伊勢崎市）] 華蔵寺公園 （けぞうじこうえん）は、 群馬県 伊勢崎市 華蔵寺町・堤西町にまたがる 都市公園 （総合公園）である  。公園名の由来である華蔵寺に隣接し、広場、 遊園地 、各種運動施設（ 野球場 、 体育館 、 陸上競技場 、競泳場、市民 プール ）からなる。本項目では園内の 華蔵寺公園遊園地 についても述べる。","https://ja.wikipedia.org/wiki/華蔵寺公園","日本の都市公園100選","https://ja.wikipedia.org/wiki/日本の都市公園100選","箇条書き,制限あり","","群馬県伊勢崎市華蔵寺町、堤西町","都市公園（総合公園）","26.6 ha","伊勢崎市のサイト","伊勢崎市（指定管理者：公益財団法人伊勢崎市公共施設管理公社）","","","","","","","","","","","","","",""
"敷島公園","[敷島公園（群馬県前橋市）] 敷島公園 （しきしまこうえん）または 群馬県立敷島公園 （ぐんまけんりつしきしまこうえん）は、 群馬県 前橋市 敷島町にある公園。","https://ja.wikipedia.org/wiki/敷島公園","日本の都市公園100選","https://ja.wikipedia.org/wiki/日本の都市公園100選","箇条書き,制限あり","北緯36度25分2.2秒東経139度3分6.67秒","日本群馬県前橋市敷島町","運動公園","","http://www.shikishima-park.org","敷島パークマネジメントJV","1922年（大正11年）3月","","群馬県前橋市敷島町66","","陸上競技場野球場サッカー・ラグビー場 他","#アクセスを参照。","","","","","","","",""
"大宮公園","[大宮公園（埼玉県さいたま市大宮区）] 大宮公園 （おおみやこうえん）は、 埼玉県 さいたま市 大宮区 および 見沼区 にある67.8haの面積を有する埼玉県営の 都市公園 （広域公園）である。 1990年 （ 平成 2年）に 日本さくら名所100選 に選ばれた。","https://ja.wikipedia.org/wiki/大宮公園","日本の都市公園100選","https://ja.wikipedia.org/wiki/日本の都市公園100選","箇条書き,制限あり","北緯35度55分8.48秒東経139度37分50.95秒","埼玉県さいたま市大宮区高鼻町4","都市公園（広域公園）","67.8ha","","","","","","","","","","都市計画決定：昭和37年3月19日開設：明治18年9月22日","長岡安平･井下清→本多静六･田村剛","","","","",""
"国営武蔵丘陵森林公園","[国営武蔵丘陵森林公園（埼玉県比企郡滑川町）] 国営武蔵丘陵森林公園 （こくえい むさしきゅうりょうしんりんこうえん）は、 埼玉県 比企郡 滑川町 と 熊谷市 （北口周辺のみ）にまたがる 比企北丘陵 にある 国営公園 。国の 明治百年 記念事業の一環として開設された。","https://ja.wikipedia.org/wiki/国営武蔵丘陵森林公園","日本の都市公園100選","https://ja.wikipedia.org/wiki/日本の都市公園100選","箇条書き,制限あり","北緯36度5分10.68秒東経139度22分12秒","日本埼玉県比企郡滑川町、熊谷市","国営公園","304ha","国営武蔵丘陵森林公園","","1974年7月22日","計1643台 （南、中央、西、北口）","〒355-0802埼玉県比企郡滑川町山田1920","","","","","","","車椅子を無料で貸出","","","870,000人（2009年度）",""
"さきたま古墳公園","[さきたま古墳公園（埼玉県行田市）] さきたま古墳公園 （さきたまこふんこうえん）は、 埼玉県 行田市 に位置する埼玉県営の 都市公園 （広域公園）である  。","https://ja.wikipedia.org/wiki/さきたま古墳公園","日本の都市公園100選","https://ja.wikipedia.org/wiki/日本の都市公園100選","箇条書き,制限あり","北緯36度07分42秒東経139度28分46秒","日本埼玉県行田市大字佐間、渡柳、樋上、堤根、埼玉","都市公園（広域公園）","37.4ha（計画：97.0ha）","埼玉県のサイト","埼玉県","1976年（昭和51年）4月1日","あり","","","","","さきたま風土記の丘","","","","","","",""
"川口市立グリーンセンター","[川口市立グリーンセンター（埼玉県川口市）] 川口市立グリーンセンター （かわぐちしりつグリーンセンター）は、 埼玉県 川口市 新井宿 にある 植物園 である。","https://ja.wikipedia.org/wiki/川口市立グリーンセンター","日本の都市公園100選","https://ja.wikipedia.org/wiki/日本の都市公園100選","箇条書き,制限あり","北緯35度50分45.1秒東経139度43分34.6秒","日本埼玉県川口市","植物園","","グリーンセンター公式ホームページ","川口市","","600台（無料）","〒333-0826埼玉県川口市大字新井宿700","","滝、噴水、花壇、緑の展示館、バードセンター、ツツジ山、温室、菖蒲園、流水プール、アイススケート場","","川口市立花木植物園","","中島健 (造園家)","身障者用トイレ完備、車椅子10台配置","","","",""
"千葉市昭和の森公園","[千葉市昭和の森公園（千葉県千葉市緑区）] 千葉市昭和の森 （ちばししょうわのもり、 英 ： Showa no Mori Park ）は、 千葉県 千葉市 緑区 にある 都市公園 （ 総合公園 ）である。名称に公園はつかない。","https://ja.wikipedia.org/wiki/千葉市昭和の森公園","日本の都市公園100選","https://ja.wikipedia.org/wiki/日本の都市公園100選","箇条書き,制限あり","北緯35度31分27.4秒東経140度17分2.67秒","日本千葉県千葉市緑区土気町","総合公園","約1,058,000 m2","","千葉市、昭和の森協力会","1975年4月","普通車824台、バス23台（有料）","千葉県千葉市緑区土気町22番地","千葉市都市局公園緑地部緑公園緑地事務所","遊具有、公園施設、運動施設、宿泊施設、アウトドア施設等","JR外房線「土気駅」徒歩約30分バス（昭和の森、昭和の森西、ホキ美術館前）","","","","","県立九十九里自然公園指定日本の都市公園100選選定","","",""
"千葉県立富津公園","[富津公園（千葉県富津市）] 千葉県立富津公園 （ちばけんりつふっつこうえん）は、 千葉県 富津市 の 富津岬 にある千葉県立 都市公園 （広域公園）である。 南房総国定公園 に指定されている。","https://ja.wikipedia.org/wiki/千葉県立富津公園","日本の都市公園100選","https://ja.wikipedia.org/wiki/日本の都市公園100選","箇条書き,制限あり","北緯35度18分46.4394秒東経139度47分6.3594秒","千葉県富津市富津","都市公園（広域公園）","97.3ha（計画108.3ha）","千葉県立富津公園千葉県のサイト","千葉県（指定管理者：富津みどりの公園グループ）","1951年（昭和26年）10月11日","普通539台、大型車21台、身障者用12台（無料）","","","明治百年記念展望塔、中の島公園展望塔、ジャンボプール、富津水泳場、野外劇場、多目的運動場、キャンプ場、テニスコート","","","","","","","年中開放","",""
"石神井川","[北区立音無親水公園（東京都北区）] 石神井川 （しゃくじいがわ）は、 東京都 を流れる 一級河川 である。 荒川 水系 の支流の一つ。流路延長25.2 km、流域面積61.6 km 2  。","https://ja.wikipedia.org/wiki/石神井川#下流域（板橋区・北区）","日本の都市公園100選","https://ja.wikipedia.org/wiki/日本の都市公園100選","箇条書き,制限あり","","","","","","","","","","","","","","","","","","","",""
"日比谷公園","[東京都立日比谷公園（東京都千代田区）] 日比谷公園 （ひびやこうえん）は、 東京都 千代田区 に所在する 公園 、および同公園を町域とする千代田区の町名である。 郵便番号 は100-0012。","https://ja.wikipedia.org/wiki/日比谷公園","日本の都市公園100選","https://ja.wikipedia.org/wiki/日本の都市公園100選","箇条書き,制限あり","北緯35度40分25秒東経139度45分22秒","日本東京都千代田区","都市公園","16.2ha","公式ホームページ","東京都公園協会2011～2015年度指定管理者","1903年6月1日","なし","東京都千代田区日比谷公園1番6号","日比谷公園管理所","日比谷公会堂、大音楽堂、小音楽堂、陳列場、日比谷図書文化館、テニスコート、児童遊園、軽飲食店、緑と水の市民カレッジ","霞ケ関駅・日比谷駅・内幸町駅徒歩2分、有楽町駅徒歩8分","大日本帝国陸軍近衛師団練兵場","","本多静六（総括）、本郷高徳、福羽逸人（花壇）","","日本初の「洋風近代式公園」","年中開放","",""
"上野恩賜公園","[東京都立上野恩賜公園（東京都台東区）] 上野恩賜公園 （うえのおんしこうえん）は、 東京都 台東区 にある 公園 。通称 上野公園 。「上野の森」とも呼ばれ、 武蔵野台地 末端の 舌状台地 「上野台」に公園が位置することから「上野の山」とも呼ばれる。面積は約53haである  。 東京都建設局 の管轄。公園内には博物館、動物園等、多くの文化施設が存在する。「上野公園」は台東区の町名でもある。","https://ja.wikipedia.org/wiki/上野恩賜公園","日本の都市公園100選","https://ja.wikipedia.org/wiki/日本の都市公園100選","箇条書き,制限あり","北緯35度42分44秒東経139度46分16秒","日本東京都台東区上野公園","都市公園","53.8ヘクタール","","","1873年10月19日","有り","〒110-0007 東京都台東区上野公園7-47","東京都東部公園緑地事務所","東京国立博物館、国立西洋美術館、国立科学博物館、恩賜上野動物園他多数","東日本旅客鉄道（JR東日本）上野駅東京地下鉄（東京メトロ）上野駅・湯島駅都営地下鉄上野御徒町駅京成電鉄京成上野駅","","","","","","","",""
"水元公園","[東京都立水元公園（東京都葛飾区）] 水元公園 （みずもとこうえん）は、 東京都 葛飾区 にある 都立公園 である。 東京23区 中で最大規模の公園である。水域面積の多い 水郷 公園としての特色がある。","https://ja.wikipedia.org/wiki/水元公園","日本の都市公園100選","https://ja.wikipedia.org/wiki/日本の都市公園100選","箇条書き,制限あり","北緯35度47分37秒東経139度52分15秒","日本東京都葛飾区","都立公園","96.3ha","水元公園","東京都公園協会指定管理者","1965年4月1日","","東京都葛飾区水元公園3-2","","","","","","園防災公園：株式会社緑の風景計画","","","","",""
"代々木公園","[東京都立代々木公園（東京都渋谷区）] 代々木公園 （よよぎこうえん）は、 東京都 渋谷区 にある 公園 である。所轄は 東京都建設局 、指定管理者は 東京都公園協会 で、代々木公園管理事務所が管理している。","https://ja.wikipedia.org/wiki/代々木公園","日本の都市公園100選","https://ja.wikipedia.org/wiki/日本の都市公園100選","箇条書き,制限あり","北緯35度40分19.11秒東経139度41分51.67秒","日本東京都渋谷区代々木神園町・神南二丁目","","54ha","代々木公園","東京都公園協会2011～2015年度指定管理者","1967年（昭和42年）10月20日","","〒151-0052東京都渋谷区代々木神園町2-1","代々木公園管理事務所","","","ワシントンハイツ(進駐軍兵舎)","","","","池原謙一郎チームのコンペ入選案をもとに設計されている","","",""
"国営昭和記念公園","[国営昭和記念公園（東京都立川市、昭島市）] 「 昭和天皇 御在位五十年記念事業」の一環として、「現在及び将来を担う国民が自然的環境の中で健全な心身を育み、英知を養う場とする」ために、戦後 米軍 が 旧立川飛行場 を接収した立川市と昭島市の両市にまたがる 立川基地 跡地のうち、180haを記念公園として建設することが閣議決定され、「 緑の回復と人間性の向上 」をテーマに 1978年 （ 昭和 53年）度より国土交通省の手で施設整備が進められてきた。 1983年 （昭和58年） 10月26日 、昭和天皇臨席のもとに約70haで開園した後、レインボープールや子供の森、日本庭園、砂川口、盆栽苑等次々と施設が整備され、 2005年 （ 平成 17年） 11月 にはみどりの文化ゾーンが共用され、同時に 昭和天皇記念館 が開館した。","https://ja.wikipedia.org/wiki/国営昭和記念公園","日本の都市公園100選","https://ja.wikipedia.org/wiki/日本の都市公園100選","箇条書き,制限あり","北緯35度42分26.68秒東経139度23分39.48秒","日本東京都立川市、昭島市","国営公園","165.3 ha","公式ホームページ","H27-30国営昭和記念公園運営維持管理業務　昭和記念公園　パークス共同体","1983年10月26日","大型車93台、普通車2531台","〒190-8558東京都立川市緑町3173","国営昭和記念公園事務所","","","","","東京ランドスケープ研究所（全体案）","","","","404万人(2016年度)",""
"東高根森林公園","[東高根森林公園（神奈川県川崎市宮前区）] 神奈川県立東高根森林公園 （かながわけんりつひがしたかねしんりんこうえん）は、 神奈川県 川崎市 宮前区 神木本町 にある 森林公園 で、川崎市内唯一の県立公園である。","https://ja.wikipedia.org/wiki/東高根森林公園","日本の都市公園100選","https://ja.wikipedia.org/wiki/日本の都市公園100選","箇条書き,制限あり","北緯35度36分16秒 東経139度35分11秒","川崎市宮前区神木本町2丁目10-1","都市公園（風致公園）","11.0ha（計画13.9ha）","公式サイト","神奈川県（指定管理者：横浜緑地・西武造園グループ）","1978年（昭和53年）4月25日","","","","","","","","","","","","",""
"山下公園","[山下公園（神奈川県横浜市中区）] 山下公園 （やましたこうえん）は、 神奈川県 横浜市 中区 山下町 にある 公園 （ 風致公園 ）。","https://ja.wikipedia.org/wiki/山下公園","日本の都市公園100選","https://ja.wikipedia.org/wiki/日本の都市公園100選","箇条書き,制限あり","北緯35度26分44.8秒東経139度38分59.1秒","日本横浜市中区山下町279","都市公園（風致公園）","7.4ヘクタール","横浜市環境創造局 山下公園","横浜市","1930年（昭和5年）3月15日","有料（500台）","横浜市中区真砂町2-22(関内中央ビル)","環境創造局 南部公園緑地事務所 都心部公園担当","","みなとみらい線元町・中華街駅　徒歩3分","","","","","","","",""
"港の見える丘公園","[港の見える丘公園（神奈川県横浜市中区）] 港の見える丘公園 （みなとのみえるおかこうえん）は、 神奈川県 横浜市 中区 山手町 114にある 都市公園 （ 風致公園 ）。","https://ja.wikipedia.org/wiki/港の見える丘公園","日本の都市公園100選","https://ja.wikipedia.org/wiki/日本の都市公園100選","箇条書き,制限あり","北緯35度26分23.6秒東経139度39分18.0秒","日本神奈川県横浜市中区山手町114","都市公園（風致公園）","5.7ha","横浜市環境創造局","横浜市","1962年（昭和37年）10月","17台（有料）","横浜市中区真砂町2-22（関内中央ビル）","環境創造局 南部公園緑地事務所 都心部公園担当","","","","1960年（昭和35年）5月11日","","","","","",""
"三笠公園","[三笠公園（神奈川県横須賀市）] 三笠公園 （みかさこうえん）は、 神奈川県 横須賀市 にある 都市公園 （歴史公園）である  。 横須賀新港 に面しており、 大日本帝国海軍 の 戦艦「三笠」 が保存・公開されている ","https://ja.wikipedia.org/wiki/三笠公園","日本の都市公園100選","https://ja.wikipedia.org/wiki/日本の都市公園100選","箇条書き,制限あり","北緯35度17分6.7秒東経139度40分25.7秒","日本神奈川県横須賀市稲岡町","都市公園（歴史公園）","36,940m2","三笠公園管理事務所","横須賀市(指定管理者:横須賀三笠・西武パートナーズ（西武造園、トライアングル、太陽造園共同事業体）","","あり（有料、3か所)","神奈川県横須賀市稲岡町82","三笠公園管理事務所（横須賀三笠・西武パートナーズ）","戦艦三笠、東郷平八郎銅像、噴水・壁泉、野外ステージ、芝生広場、アスレチック、すべり台、トイレなど","","","","","","","","144万人",""
"秦野市運動公園","[秦野市運動公園（神奈川県秦野市）] この記事には 複数の問題があります 。 改善 や ノートページ での議論にご協力ください。","https://ja.wikipedia.org/wiki/秦野市運動公園","日本の都市公園100選","https://ja.wikipedia.org/wiki/日本の都市公園100選","箇条書き,制限あり","","","","","","","","","","","","","","","","","","","",""
"七沢森林公園","[七沢森林公園（神奈川県厚木市）] 神奈川県立七沢森林公園 （ななさわしんりんこうえん）は、 神奈川県 厚木市 七沢、小野、上古沢にある 都市公園 （広域公園）である。","https://ja.wikipedia.org/wiki/七沢森林公園","日本の都市公園100選","https://ja.wikipedia.org/wiki/日本の都市公園100選","箇条書き,制限あり","北緯35度26分51秒東経139度18分6秒","日本神奈川県厚木市七沢、上古沢、小野北緯35度26分51秒東経139度18分6秒﻿ / ﻿北緯35.44750度 東経139.30167度﻿ /35.44750; 139.30167座標:北緯35度26分51秒東経139度18分6秒﻿ / ﻿北緯35.44750度 東経139.30167度﻿ /35.44750; 139.30167","都市公園（広域公園）","64.6ha","神奈川県のサイト","神奈川県（指定管理者：公益財団法人神奈川県公園協会）","1988年（昭和63年）4月1日","大型1台(臨時3台)普通121台(臨時50台)","神奈川県厚木市七沢901-1","七沢森林公園管理事務所","アスレチック遊具","バスで「七沢温泉入口」または「森の里三丁目」下車徒歩7分","","","","","","","",""
"五十公野公園","[五十公野公園（新潟県新発田市）] 五十公野公園 （いじみのこうえん）は 新潟県 新発田市 にある自然と様々な施設を有する総合 公園 である。 日本の都市公園100選 に選定されている。面積は89.3ha（ 東京ドーム 約40個分）である。","https://ja.wikipedia.org/wiki/五十公野公園","日本の都市公園100選","https://ja.wikipedia.org/wiki/日本の都市公園100選","箇条書き,制限あり","北緯37度56分22秒東経139度21分19秒","日本新潟県新発田市五十公野","都市公園（総合公園）","89.3ha","五十公野公園（新発田市）","新発田市","","1,300台","","","","","","","","","","","",""
"白山公園 (新潟市)","[白山公園（新潟県新潟市中央区）] 白山公園 （はくさんこうえん）は、 新潟島 の中央部、 新潟県 新潟市 中央区 一番堀通町 地先にある 公園 である。 1873年 に布告された 太政官布告 により、日本で最初に開設された25箇所の 都市公園 のうちのひとつであり、 日本の都市公園100選 にも選ばれている。2018年度に国の 名勝 に指定された  。","https://ja.wikipedia.org/wiki/白山公園_(新潟市)","日本の都市公園100選","https://ja.wikipedia.org/wiki/日本の都市公園100選","箇条書き,制限あり","北緯37度54分53秒東経139度02分21秒","日本新潟県新潟市中央区","地区公園","7.0 ha","公式ウェブサイト","","","601台（有料）","","","","","","","","","","","",""
"悠久山公園","[悠久山公園（新潟県長岡市）] 悠久山公園 （ゆうきゅうざんこうえん）は、 新潟県 長岡市 に所在する 悠久山 に設置された 都市公園 である  。","https://ja.wikipedia.org/wiki/悠久山公園","日本の都市公園100選","https://ja.wikipedia.org/wiki/日本の都市公園100選","箇条書き,制限あり","","日本新潟県長岡市御山町","都市公園（総合公園）","39.9 ha","","長岡市","1919年（大正8年）","あり（約400台）","","","","","","","長岡安平","","","","",""
"太閤山ランド","[県民公園太閤山ランド（富山県射水市）] 太閤山ランド （たいこうやまランド）は、 富山県 射水市 にある富山県立の 都市公園 （広域公園）である  。正式名称は、「 県民公園 太閤山ランド 」である。「県民の誰もが集い楽しめるよう都市近郊にレクレーションの場を提供する」ことを目的に整備され、 1983年 7月16日 に、 にっぽん新世紀博覧会 の会場としてオープンした。 1989年 7月25日 には 日本の都市公園100選 に選定され  、 1992年 には ジャパンエキスポ富山 の会場になった。","https://ja.wikipedia.org/wiki/太閤山ランド","日本の都市公園100選","https://ja.wikipedia.org/wiki/日本の都市公園100選","箇条書き,制限あり","北緯36度41分48秒東経137度6分18秒","日本富山県射水市黒河4774-6","都市公園（広域公園）","118.1 ha","県民公園 太閤山ランド","富山県（指定管理者：公益財団法人富山県民福祉公園）","1983年","普通車：1,300台、バス：25台","富山県射水市黒河4774-6","太閤山ランド公園管理センター","","","","","","","","","",""
"高岡城","[高岡古城公園（富山県高岡市）] 高岡城 （たかおかじょう）は、 富山県 高岡市 古城（旧 越中国 射水郡 関野）にあった 日本の城 （ 平城 ）。 日本100名城 のひとつである。現在、城跡は 高岡古城公園 （たかおかこじょうこうえん）として整備され、市民の憩いの場となっており、国の 史跡 に指定  されている。桜の名所としても有名で 日本さくら名所100選 に選定されている。 とやま城郭カード No.28   。","https://ja.wikipedia.org/wiki/高岡城","日本の都市公園100選","https://ja.wikipedia.org/wiki/日本の都市公園100選","箇条書き,制限あり","北緯36度44分57秒東経137度1分14秒","","","","","","","","","","","","","","","","","","","北緯36度44分57秒東経137度1分14秒﻿ / ﻿北緯36.74917度 東経137.02056度﻿ /36.74917; 137.02056座標:北緯36度44分57秒東経137度1分14秒﻿ / ﻿北緯36.74917度 東経137.02056度﻿ /36.74917; 137.02056"
"兼六園","[兼六園（石川県金沢市）] 兼六園 （けんろくえん）は、 石川県 金沢市 に存在する 日本庭園 である。国の 特別名勝 に指定されている。広さは約11.7 ヘクタール 。","https://ja.wikipedia.org/wiki/兼六園","日本の都市公園100選","https://ja.wikipedia.org/wiki/日本の都市公園100選","箇条書き,制限あり","北緯36度33分43.7秒東経136度39分45.0秒","日本石川県金沢市","池泉回遊式日本庭園","総面積 11.7ヘクタール","兼六園（石川県）","","一般公開は1874年（明治7年）5月7日","554台（兼六駐車場）","石川県金沢市丸の内1番1号","石川県金沢城・兼六園管理事務所","","","蓮池庭（1676年（延宝4年））","","","","","年中開放（有料）3月1日-10月15日は午前7時-午後6時、10月16日-2月末日は午前8時-午後5時（早朝入園あり）","",""
"越前陶芸公園 (存在しないページ)","[越前陶芸公園（福井県丹生郡越前町）]","https://ja.wikipedia.org/w/index.php?title=越前陶芸公園&amp;action=edit&amp;redlink=1","日本の都市公園100選","https://ja.wikipedia.org/wiki/日本の都市公園100選","箇条書き,制限あり","","","","","","","","","","","","","","","","","","","",""
"山梨県小瀬スポーツ公園","[山梨県小瀬スポーツ公園（山梨県甲府市）] 山梨県小瀬スポーツ公園 （やまなしけんこせスポーツこうえん）は、 山梨県 甲府市 小瀬町にある 都市公園  。県内のスポーツの拠点となっている。施設は山梨県が所有し、山梨県スポーツ協会が 指定管理者 として運営管理を行っている。","https://ja.wikipedia.org/wiki/山梨県小瀬スポーツ公園","日本の都市公園100選","https://ja.wikipedia.org/wiki/日本の都市公園100選","箇条書き,制限あり","北緯35度37分22秒東経138度35分12秒","日本山梨県甲府市","都市公園（運動公園）","46.0 ha","公式ホームページ","山梨県（指定管理者：公益財団法人山梨県スポーツ協会）","1975年（1986年県営化）","","山梨県甲府市小瀬町840番地","山梨県スポーツ協会","","","","","","","","","",""
"鳥居平やまびこ公園","[鳥居平やまびこ公園（長野県岡谷市）] 鳥居平やまびこ公園 （とりいだいらやまびここうえん）は、 長野県 岡谷市 にある 総合公園 （都市公園）。","https://ja.wikipedia.org/wiki/鳥居平やまびこ公園","日本の都市公園100選","https://ja.wikipedia.org/wiki/日本の都市公園100選","箇条書き,制限あり","北緯36度4分10秒東経138度1分53秒","日本長野県岡谷市内山4769-14","都市公園","30ha","http://yamabiko.okaya-park.com/","公益財団法人おかや文化振興事業団","","あり（350台）","長野県岡谷市内山4769−14","鳥居平やまびこ公園管理事務所","","岡谷駅からタクシーで10分岡谷ICから車で7分","","","","","","","",""
"松本城","[中央公園（長野県松本市）] 松本城 （まつもとじょう）は、 長野県 松本市 （旧・ 信濃国 筑摩郡  筑摩野松本）にある 日本の城 である。松本城と呼ばれる以前は 深志城 （ふかしじょう）といった。俗に烏城（からすじょう）  とも呼ばれることがあるが、文献上には烏城という表記はなく誤りであるというのが松本市教育委員会松本城管理事務所の見解である  。 安土桃山時代 末期- 江戸時代 初期に建造された 天守 は 国宝 に指定され、城跡は国の 史跡 に指定されている。天守が 国宝 指定された5城のうちの一つである（他は 姫路城 、 犬山城 、 彦根城 、 松江城 ）。","https://ja.wikipedia.org/wiki/松本城#松本城公園","日本の都市公園100選","https://ja.wikipedia.org/wiki/日本の都市公園100選","箇条書き,制限あり","北緯36度14分20.76秒東経137度58分8.83秒","","","","","","","","","","","","","","","","","","","北緯36度14分20.76秒東経137度58分8.83秒﻿ / ﻿北緯36.2391000度 東経137.9691194度﻿ /36.2391000; 137.9691194﻿ (松本城)座標:北緯36度14分20.76秒東経137度58分8.83秒﻿ / ﻿北緯36.2391000度 東経137.9691194度﻿ /36.2391000; 137.9691194﻿ (松本城)"
"国営木曽三川公園","[国営木曽三川公園（岐阜県海津市）] 国営木曽三川公園 （こくえいきそさんせんこうえん、Kiso Sansen National Government Park）は、 1987年 10月に開設された、 木曽三川 （ 木曽川 、 長良川 、 揖斐川 。濃尾三川ともいう）下流域一帯、 愛知県 ・ 岐阜県 ・ 三重県 にわたる、日本最大の 国営公園 。","https://ja.wikipedia.org/wiki/国営木曽三川公園","日本の都市公園100選","https://ja.wikipedia.org/wiki/日本の都市公園100選","箇条書き,制限あり","北緯35度08分48.29秒東経136度40分04.70秒","日本","国営公園","258.0ha（供用済）473.5ha（計画）","国営木曽三川公園","一般財団法人公園財団","1987年10月","","岐阜県海津市海津町油島255-3","木曽三川公園管理センター","","","","","","","","","",""
"城山公園 (高山市)","[城山公園（岐阜県高山市）] 城山公園 （しろやまこうえん）は 岐阜県 高山市 にある 公園 。","https://ja.wikipedia.org/wiki/城山公園_(高山市)","日本の都市公園100選","https://ja.wikipedia.org/wiki/日本の都市公園100選","箇条書き,制限あり","北緯36度8分13.29秒東経137度15分49.83秒","日本岐阜県高山市城山","総合公園","24.29ha","城山公園（高山市HP）","一般財団法人高山市施設振興公社（指定管理者）","","あり（20台）","","","","高山駅より徒歩30分","","","","","","年中開放","",""
"姫の沢公園","[姫の沢公園（静岡県熱海市）] 姫の沢公園 （ひめのさわこうえん）は、 静岡県 熱海市 の北西部に位置する市営の 総合公園 である。 日本の都市公園100選 選定。","https://ja.wikipedia.org/wiki/姫の沢公園","日本の都市公園100選","https://ja.wikipedia.org/wiki/日本の都市公園100選","箇条書き,制限あり","北緯35度7分3.53秒東経139度3分1.79秒","日本静岡県熱海市伊豆山1164-1","総合公園","108ha","公式サイト（日本語）","","","さざんか駐車場（乗用車46台・バス3台）、林間駐車場（乗用車57台）、峠の駐車場（乗用車20台）、全て無料","熱海市伊豆山字姫の沢1164","","アスレチックコース、陶芸センター、姫の沢自然の家、スポーツ広場、人工芝多目的グランド、サッカー、ラグビー、フットサル、グランドゴルフ等、ロングパイル人工芝、管理棟、ロッカールーム、シャワールーム、車椅子対応トイレ","熱海駅よりバスで約30分","","","","車椅子対応トイレなど","","","",""
"城北公園 (静岡市)","[城北公園（静岡県静岡市葵区）] 城北公園 （じょうほくこうえん）は、 静岡県 静岡市 葵区 大岩本町29番にある 都市公園 である。1985年（昭和60年）4月開園。 日本の都市公園100選 。1970年（昭和45年）までこの場所には 静岡大学 があった。","https://ja.wikipedia.org/wiki/城北公園_(静岡市)","日本の都市公園100選","https://ja.wikipedia.org/wiki/日本の都市公園100選","箇条書き,制限あり","北緯34度59分21.7秒東経138度22分43秒","日本静岡県静岡市葵区大岩本町29番","都市公園","6.1ha","","静岡市","1985年4月","","","","","","","","","","日本の都市公園100選","","",""
"浜松市動物園","[舘山寺総合公園（静岡県浜松市中区）] 浜松市動物園 （はままつしどうぶつえん）は、静岡県浜松市西区舘山寺町にある市営 動物園 。 浜松市フラワーパーク の北隣で、両者を合わせて舘山寺総合公園（かんざんじそうごうこうえん）を形成する。","https://ja.wikipedia.org/wiki/浜松市動物園","日本の都市公園100選","https://ja.wikipedia.org/wiki/日本の都市公園100選","箇条書き,制限あり","北緯34度45分53秒東経137度37分50秒","〒431-1209静岡県浜松市西区舘山寺町199","","","","","旧所在地：1950年11月1日現所在地：1985年4月2日","","","","","","","","","","","","","北緯34度45分53秒東経137度37分50秒﻿ / ﻿北緯34.76472度 東経137.63056度﻿ /34.76472; 137.63056座標:北緯34度45分53秒東経137度37分50秒﻿ / ﻿北緯34.76472度 東経137.63056度﻿ /34.76472; 137.63056"
"岡崎公園 (岡崎市)","[岡崎公園（愛知県岡崎市）] 岡崎公園 （おかざきこうえん）は、 愛知県 岡崎市 にある公立の 都市公園 （ 歴史公園 ）である  。","https://ja.wikipedia.org/wiki/岡崎公園_(岡崎市)","日本の都市公園100選","https://ja.wikipedia.org/wiki/日本の都市公園100選","箇条書き,制限あり","北緯34度57分23.54秒東経137度9分33.59秒","日本愛知県岡崎市康生町561番地1","都市公園（歴史公園）","約10ha","岡崎公園","岡崎市（指定管理者：一般社団法人岡崎パブリックサービス）","","あり（150台）","","","","","","","","","","","",""
"東山公園 (名古屋市)","[東山公園（愛知県名古屋市千種区）] 東山公園 （ひがしやまこうえん）は、 愛知県 名古屋市 千種区 にある 都市公園 。","https://ja.wikipedia.org/wiki/東山公園_(名古屋市)","日本の都市公園100選","https://ja.wikipedia.org/wiki/日本の都市公園100選","箇条書き,制限あり","北緯35度9分24.80秒東経136度58分52.41秒","日本愛知県名古屋市千種区東山元町","都市公園","59.6ha","東山公園","名古屋市","1937年3月","","名古屋市千種区東山元町3-70","名古屋市東山総合公園事務所","","","名古屋市立鶴舞公園","","","","","","",""
"大高緑地","[大高緑地（愛知県名古屋市緑区）] 大高緑地 （おおだかりょくち）は、 愛知県 名古屋市 緑区 にある愛知県営の 都市公園 （広域公園）である  。 大高緑地公園 とも呼ばれる。","https://ja.wikipedia.org/wiki/大高緑地","日本の都市公園100選","https://ja.wikipedia.org/wiki/日本の都市公園100選","箇条書き,制限あり","北緯35度3分36.7秒東経136度57分21.93秒","日本愛知県名古屋市緑区大高町高山1-1","都市公園（広域公園）","100.6ha（計画121.2ha）","大高緑地公園","愛知県","1963年（昭和38年）4月20日","1,200台","名古屋市緑区大高町字高山1-1","愛知県都市整備協会・大高緑地管理事務所","交通公園、プール、ベビーゴルフ場、野球場、テニスコート、ゲートボール場、デイキャンプ場等","","","","","","","","",""
"名城公園","[名城公園（愛知県名古屋市中区）] 名城公園 （めいじょうこうえん）とは、 愛知県 名古屋市 の 名古屋城 を中心とした城址 公園 である。名古屋市 中区 二の丸 や 三の丸 から 北区 名城 にかけて所在する。1931年（昭和6年）に開園した  。面積は80.41ヘクタール  。管理は名古屋市で分類は 都市公園 （総合公園）。約2,800本の サクラ が植えられている。","https://ja.wikipedia.org/wiki/名城公園","日本の都市公園100選","https://ja.wikipedia.org/wiki/日本の都市公園100選","箇条書き,制限あり","北緯35度11分21.5秒東経136度54分5.9秒","日本愛知県名古屋市北区名城1-2","都市公園（総合公園）","80.41ヘクタール","名城公園（名古屋市HP）","","1931年","75 台（有料）","","","園内の施設を参照","","","","","","","","",""
"落合公園 (春日井市)","[落合公園（愛知県春日井市）] 落合公園 （おちあいこうえん）とは、 愛知県 春日井市 の中北部に位置する総合 公園 。「日本の都市公園100選」の1つにも選ばれている。 面積 は24 ヘクタール 。公園西部には落合 池 があり、それを取り囲むように 歩道 や 噴水 、あずま屋などの様々な施設が点在してある。「 桜 の名所」としても知られており、 花見 が行われる時期には大勢の人で賑わう。また毎年 夏 に行われる 花火 大会も、大勢の人で賑わう。","https://ja.wikipedia.org/wiki/落合公園_(春日井市)","日本の都市公園100選","https://ja.wikipedia.org/wiki/日本の都市公園100選","箇条書き,制限あり","北緯35度16分16.56秒東経136度59分22.68秒","日本愛知県春日井市東野町字落合池1番地","総合公園","24ha","公園管理センター","","","450台","","","遊歩道、釣り堀、グランド、他","","","","","","","","",""
"中部台運動公園 (存在しないページ)","[中部台運動公園（三重県松阪市）]","https://ja.wikipedia.org/w/index.php?title=中部台運動公園&amp;action=edit&amp;redlink=1","日本の都市公園100選","https://ja.wikipedia.org/wiki/日本の都市公園100選","箇条書き,制限あり","","","","","","","","","","","","","","","","","","","",""
"彦根城","[金亀公園（滋賀県彦根市）] 彦根城 （ひこね じょう）は、 滋賀県 彦根市 にある 城 。 江戸時代 には 彦根藩 の政庁が置かれた。 天守 、附櫓及び 多聞櫓 は 国宝 、城跡は 特別史跡 かつ 琵琶湖国定公園 第1種特別地域である。天守が国宝指定された5城のうちの一つである（他は 犬山城 、 松本城 、 姫路城 、 松江城 ）。","https://ja.wikipedia.org/wiki/彦根城","日本の都市公園100選","https://ja.wikipedia.org/wiki/日本の都市公園100選","箇条書き,制限あり","北緯35度16分35秒東経136度15分07秒","","","","","","","","","","","","","","","","","","","北緯35度16分35秒東経136度15分07秒﻿ / ﻿北緯35.276422度 東経136.251889度﻿ /35.276422; 136.251889﻿ (彦根城)座標:北緯35度16分35秒東経136度15分07秒﻿ / ﻿北緯35.276422度 東経136.251889度﻿ /35.276422; 136.251889﻿ (彦根城)彦根城彦根城 (滋賀県)"
"湖岸緑地 (存在しないページ)","[湖岸緑地（滋賀県大津市ほか）]","https://ja.wikipedia.org/w/index.php?title=湖岸緑地&amp;action=edit&amp;redlink=1","日本の都市公園100選","https://ja.wikipedia.org/wiki/日本の都市公園100選","箇条書き,制限あり","","","","","","","","","","","","","","","","","","","",""
"円山公園 (京都府)","[円山公園（京都府京都市東山区）] 円山公園 （まるやまこうえん）は、 京都府 京都市 東山区 にある 公園 。国の 名勝 に指定されている。園域は 八坂神社 、 知恩院 に隣接する。 圓山公園 とも表記される。「祇園枝垂桜」に代表される 桜 の名所である。","https://ja.wikipedia.org/wiki/円山公園_(京都府)","日本の都市公園100選","https://ja.wikipedia.org/wiki/日本の都市公園100選","箇条書き,制限あり","北緯35度0分12.2秒東経135度46分53.2秒","日本京都府京都市東山区","","86,641m2","円山公園／京都市 建設局 緑地管理課","京都市","1886年（明治19年）12月25日","あり（地下駐車場134台）","605-0071 京都府京都市東山区円山町","","","","","","","","","","",""
"宝ヶ池公園","[宝ヶ池公園（京都府京都市左京区）] 宝が池公園 （たからがいけこうえん）は、 京都府 京都市 左京区 にある 公園 。園域は宝が池を中心に 国立京都国際会館 、 ザ・プリンス 京都宝ヶ池 に隣接する。","https://ja.wikipedia.org/wiki/宝ヶ池公園","日本の都市公園100選","https://ja.wikipedia.org/wiki/日本の都市公園100選","箇条書き,制限あり","北緯35度3分29.8秒東経135度46分58.8秒","日本京都府京都市左京区上高野流田町8他北緯35度3分29.8秒東経135度46分58.8秒﻿ / ﻿北緯35.058278度 東経135.783000度﻿ /35.058278; 135.783000座標:北緯35度3分29.8秒東経135度46分58.8秒﻿ / ﻿北緯35.058278度 東経135.783000度﻿ /35.058278; 135.783000","都市公園","62.7ha","“宝が池公園”.   京都市 (2013年12月17日). 2014年8月9日閲覧。","京都市","1964年5月5日","","京都府京都市右京区西院西貝川町31","建設局水と緑環境部北部みどり管理事務所","滑り台･迷路など","松ヶ崎駅から徒歩10分バスで「宝が池球技場前」下車","","","","","","","",""
"京都府立山城総合運動公園","[京都府立山城総合運動公園（京都府宇治市）] 京都府立山城総合運動公園 （きょうとふりつ やましろそうごううんどうこうえん）は、 京都府 宇治市 に位置する 都市公園 （広域公園）である  。 指定管理者制度 に基づき、 公益財団法人 京都府公園公社が管理・運営している。愛称は「太陽が丘」である。公園の総面積は約108 ヘクタール  （1,082,000 平方メートル ）。運動施設が充実しており、年間100万人の利用者  が訪れ、様々な大会などが行われている。ロックバンド 10-FEET が主催する音楽フェスイベント『 京都大作戦 』が開催される会場としても有名である。","https://ja.wikipedia.org/wiki/京都府立山城総合運動公園","日本の都市公園100選","https://ja.wikipedia.org/wiki/日本の都市公園100選","箇条書き,制限あり","北緯34度52分10.72秒東経135度48分14.34秒","日本京都府宇治市広野町八軒屋谷1","都市公園（広域公園）","約108ha","公式ウェブサイト","京都府（指定管理者：公益財団法人京都府公園公社）","1982年3月","1,300台","京都府宇治市広野町八軒屋谷1","京都府立山城総合運動公園管理事務所","野球場陸上競技場球技場体育館他","#アクセスを参照。","","","空間創研","","","","",""
"大阪城公園","[大阪城公園（大阪府大阪市中央区）] 大阪城公園 （おおさかじょうこうえん）は、 大阪府 大阪市 中央区 大阪城にある 都市公園 （歴史公園）である  。","https://ja.wikipedia.org/wiki/大阪城公園","日本の都市公園100選","https://ja.wikipedia.org/wiki/日本の都市公園100選","箇条書き,制限あり","北緯34度40分55.1秒東経135度31分51.8秒","大阪府大阪市中央区大阪城","都市公園（歴史公園）","105.5ha","大阪城パークセンター","大阪市（指定管理者：大阪城パークマネジメント株式会社）","1931年（昭和6年）11月7日","","大阪府大阪市中央区大阪城","大阪城パークセンター","","","大手前公園","","","","","","",""
"中之島公園","[中之島公園（大阪府大阪市北区）] 中之島公園 （なかのしまこうえん）は、 大阪市 北区 中之島 にある 風致公園 である。","https://ja.wikipedia.org/wiki/中之島公園","日本の都市公園100選","https://ja.wikipedia.org/wiki/日本の都市公園100選","箇条書き,制限あり","北緯34度41分35秒東経135度30分23.1秒","日本大阪府大阪市北区中之島1","風致公園","10.6ha","大阪市の花とみどり総合情報サイト","大阪市","1891年12月1日　","","大阪府大阪市北区扇町1丁目1-21","北部方面公園事務所","売店、喫茶など","なにわ橋駅、大江橋駅（京阪中之島線）","","","","","","","",""
"服部緑地","[服部緑地（大阪府豊中市）] 服部緑地 （はっとりりょくち）は、 大阪府 豊中市 服部緑地・寺内に位置する 緑地 。","https://ja.wikipedia.org/wiki/服部緑地","日本の都市公園100選","https://ja.wikipedia.org/wiki/日本の都市公園100選","箇条書き,制限あり","北緯34度46分35.53秒 東経135度29分5.87秒","日本大阪府豊中市服部緑地1-1服部緑地 (大阪府)大阪府の地図を表示服部緑地 (日本)日本の地図を表示","都市公園","1,263,000㎡（126.3ヘクタール）","公式ホームページ","","","あり（909台）","","服部緑地管理事務所","服部緑地都市緑化植物園、日本民家集落博物館、服部緑地野外音楽堂、服部緑地陸上競技場、服部緑地ウォーターランド、乗馬センター、テニスコート、野球場、オリエンテーリング、パーマネントコース、ビュッフェスタイルUK、バーベキュー広場","","","","","あり","日本の都市公園100選・日本の歴史公園100選","年中開放","",""
"五月山公園","[五月山緑地（大阪府池田市）] 五月山 （標高315.1メートル）の山麓から中腹にかけて広がっている。池田市が 1949年 （ 昭和 24年）から公園として整備。公園内には 五月山動物園 や、 都市緑化植物園 などがある。","https://ja.wikipedia.org/wiki/五月山公園","日本の都市公園100選","https://ja.wikipedia.org/wiki/日本の都市公園100選","箇条書き,制限あり","北緯34度49分49.39秒東経135度25分33.72秒","日本大阪府池田市綾羽二丁目、五月丘五丁目、新町、城山町、木部町","都市公園（都市緑地）","68.65ha","","池田市","","有","","","五月山動物園など","","","","","","","","",""
"大仙公園","[大仙公園（大阪府堺市堺区）] 大仙公園 （だいせんこうえん）は、 大阪府 堺市 堺区 にある 都市公園 （総合公園）である  。","https://ja.wikipedia.org/wiki/大仙公園","日本の都市公園100選","https://ja.wikipedia.org/wiki/日本の都市公園100選","箇条書き,制限あり","北緯34度33分31.1秒東経135度28分56.4秒","日本大阪府堺市堺区百舌鳥夕雲町2丁142-1大仙公園周辺地図大仙公園 (大阪府)大阪府地図","都市公園（総合公園）","約81ha","堺市のサイト","堺市","","大仙公園仁徳御陵駐車場 - 108台大仙公園日本庭園駐車場 - 121台大仙公園西駐車場 - 61台","","","","","","","","","","","",""
"岸和田市中央公園","[中央公園（大阪府岸和田市）] 岸和田市中央公園 （きしわだしちゅうおうこうえん）は、 大阪府 岸和田市 西之内町にある岸和田市立の 都市公園 （総合公園）である  。 日本の都市公園100選 に選定されている。","https://ja.wikipedia.org/wiki/岸和田市中央公園","日本の都市公園100選","https://ja.wikipedia.org/wiki/日本の都市公園100選","箇条書き,制限あり","北緯34度28分12.3秒 東経135度23分39.3秒","大阪府岸和田市西之内町42番35号","都市公園（総合公園）","18.76ヘクタール","岸和田市のサイト","岸和田市","1978年","450台","","","スポーツ広場、テニスコート、プール、ゲートボール場、フィーエルヤッペン場など","","春木競馬場","","","","","","",""
"兵庫県立甲山森林公園","[兵庫県立甲山森林公園（兵庫県西宮市）] 兵庫県立甲山森林公園 （ひょうごけんりつかぶとやましんりんこうえん）は、 兵庫県 西宮市 にある 公園 。","https://ja.wikipedia.org/wiki/兵庫県立甲山森林公園","日本の都市公園100選","https://ja.wikipedia.org/wiki/日本の都市公園100選","箇条書き,制限あり","北緯34度46分20.8秒東経135度20分4.5秒","日本〒662-0934 兵庫県西宮市甲山町4-3","都市公園（広域公園）","83ha","公式ウェブサイト"," 兵庫県","1970年11月10日","あり（無料、約75台、大型バスは3台）","兵庫県西宮市甲山町43","甲山森林公園管理事務所","パークセンター（管理棟、ビジター棟）、レストハウス、シンボルゾーン、みくるま池、甲山なかよし池、展望台、甲山自然観察池、体力作りコース、彫刻の道、自由広場、屋外ステージ","","","","","車椅子用トイレ（8ケ所）、オムツ替えシート（6ケ所）","","","",""
"須磨離宮公園","[神戸市立須磨離宮公園（兵庫県神戸市須磨区）] 須磨離宮公園 （すまりきゅうこうえん）は、 兵庫県 神戸市 須磨区 の丘陵に広がる面積82 ヘクタール の広大な 都市公園 。 西洋式庭園 を中心とする本園と 植物園 からなる。正式名称は、神戸市立須磨離宮公園。神戸市公園緑化協会と神戸市造園協力会が指定管理者として、公園の維持管理を行っている。","https://ja.wikipedia.org/wiki/須磨離宮公園","日本の都市公園100選","https://ja.wikipedia.org/wiki/日本の都市公園100選","箇条書き,制限あり","北緯34度39分14秒 東経135度07分03秒","神戸市","","82.4ヘクタール","公式ホームページ","（公財）神戸市公園緑化協会","1967年5月1日","","兵庫県神戸市須磨区東須磨1-1","須磨離宮公園管理事務所","","","武庫離宮（須磨離宮）","","","","","","",""
"兵庫県立明石公園","[兵庫県立明石公園（兵庫県明石市）] 兵庫県立明石公園 （ひょうごけんりつあかしこうえん）は、 兵庫県 明石市 にある兵庫県立の 都市公園 （広域公園）である  。","https://ja.wikipedia.org/wiki/兵庫県立明石公園","日本の都市公園100選","https://ja.wikipedia.org/wiki/日本の都市公園100選","箇条書き,制限あり","北緯34度39分24.13秒東経134度59分38.06秒","日本兵庫県明石市明石公園","都市公園（広域公園）","","明石公園","公益財団法人兵庫県園芸・公園協会","1918年4月15日","","明石市明石公園1番27号","兵庫県立明石公園事務所","","","明石城","","","","","","",""
"奈良公園","[奈良公園（奈良県奈良市）] 奈良公園 （ならこうえん）は、 奈良県 奈良市 にある 都市公園 である。国の 名勝 。","https://ja.wikipedia.org/wiki/奈良公園","日本の都市公園100選","https://ja.wikipedia.org/wiki/日本の都市公園100選","箇条書き,制限あり","北緯34度41分08秒 東経135度50分36秒","日本奈良市","都市公園","502ha","奈良公園","奈良県","1880年","","","","","","","","","","","","",""
"平草原公園 (存在しないページ)","[平草原公園（和歌山県西牟婁郡白浜町）]","https://ja.wikipedia.org/w/index.php?title=平草原公園&amp;action=edit&amp;redlink=1","日本の都市公園100選","https://ja.wikipedia.org/wiki/日本の都市公園100選","箇条書き,制限あり","","","","","","","","","","","","","","","","","","","",""
"打吹公園","[打吹公園（鳥取県倉吉市）] 打吹公園 （うつぶきこうえん）は 鳥取県 倉吉市 仲ノ町の 打吹山 の麓にある 都市公園 （総合公園）である  。 日本さくら名所100選 、 日本の都市公園100選 、 森林浴の森100選 等に選ばれる 山陰 を代表する都市公園の一つである。","https://ja.wikipedia.org/wiki/打吹公園","日本の都市公園100選","https://ja.wikipedia.org/wiki/日本の都市公園100選","箇条書き,制限あり","北緯35度25分47.7秒 東経133度49分19.1秒","日本鳥取県倉吉市仲ノ町","都市公園（総合公園）","48.5 ha","倉吉市のサイト","倉吉市","","","","","","","","","","","","","",""
"島根県立浜山公園","[島根県立浜山公園（島根県出雲市）] 島根県立浜山公園 は、 島根県 出雲市 にある公園。最寄り駅は 浜山公園北口駅 。江戸時代の旧処刑場跡地。","https://ja.wikipedia.org/wiki/島根県立浜山公園","日本の都市公園100選","https://ja.wikipedia.org/wiki/日本の都市公園100選","箇条書き,制限あり","北緯35度23分0.5秒東経132度42分27.2秒","日本島根県出雲市","運動公園","54.9ha","http://www.hamayamakoen.jp/","特定非営利活動法人出雲スポーツ振興21","1974年","あり（955台）","島根県出雲市大社町北荒木1868-10","浜山公園管理センター","体育館陸上競技場補助競技場球技場野球場少年野球場テニスコート","","","","","","","","",""
"後楽園","[後楽園（岡山県岡山市北区）] 後楽園 （こうらくえん）は、 岡山県 岡山市 北区 後楽園にある 日本庭園 （ 大名庭園 ）で、 日本三名園 のひとつである。","https://ja.wikipedia.org/wiki/後楽園","日本の都市公園100選","https://ja.wikipedia.org/wiki/日本の都市公園100選","箇条書き,制限あり","北緯34度40分5.25秒 東経133度56分6.5秒","","","","","","","","","","","","","","","","","","",""
"広島平和記念公園","[平和記念公園（広島県広島市中区）] 1945年 8月6日 、 アメリカ軍 が 広島市 に 原子爆弾 を投下した。","https://ja.wikipedia.org/wiki/広島平和記念公園","日本の都市公園100選","https://ja.wikipedia.org/wiki/日本の都市公園100選","箇条書き,制限あり","北緯34度23分33.8秒東経132度27分8.5秒","日本広島県広島市中区中島町","平和公園","12.2ha","","広島市","1954年（昭和29年）4月1日","","","","","","","","造園設計を広島市","","","","",""
"中央公園 (呉市) (存在しないページ)","[呉市中央公園（広島県呉市）]","https://ja.wikipedia.org/w/index.php?title=中央公園_(呉市)&amp;action=edit&amp;redlink=1","日本の都市公園100選","https://ja.wikipedia.org/wiki/日本の都市公園100選","箇条書き,制限あり","","","","","","","","","","","","","","","","","","","",""
"維新百年記念公園","[維新百年記念公園（山口県山口市）] 維新百年記念公園 （いしんひゃくねんきねんこうえん）は、 山口県 山口市 維新公園四丁目  にある 都市公園 （広域公園）。施設は 山口県 が所有し、一般財団法人 山口県施設管理財団 が 指定管理者 として運営管理を行っている。","https://ja.wikipedia.org/wiki/維新百年記念公園","日本の都市公園100選","https://ja.wikipedia.org/wiki/日本の都市公園100選","箇条書き,制限あり","北緯34度9分15.5秒東経131度26分15.2秒","山口県山口市維新公園4-1-1","都市公園（広域公園）","43.5ha","公式ウェブサイト","山口県（指定管理者：一般財団法人山口県施設管理財団）","","","","","#施設を参照。","#アクセスを参照。","","","","","","","",""
"常盤公園 (宇部市)","[ときわ公園（山口県宇部市）] 常盤公園 （ときわこうえん）は、 山口県 の 宇部市 に所在する 常盤湖 を中心とした 都市公園 （ 総合公園 ）である。公式ホームページなどでは「 ときわ公園 」と表記される。","https://ja.wikipedia.org/wiki/常盤公園_(宇部市)","日本の都市公園100選","https://ja.wikipedia.org/wiki/日本の都市公園100選","箇条書き,制限あり","北緯33度56分44.8秒東経131度16分59.1秒","日本山口県宇部市","都市公園（総合公園）","189.4ha","公式ホームページ","宇部市","1925年","正面駐車場 67台西駐車場 192台東駐車場 約630台中央駐車場 129台北駐車場 約100台","〒755-0003山口県宇部市則貞3丁目4番1号","財団法人常盤遊園協会","","","","","","","","","601,000人（2015年度）",""
"徳島中央公園","[徳島中央公園（徳島県徳島市）] 徳島中央公園 （とくしまちゅうおうこうえん、Tokushima Central Park）は、 徳島県 徳島市 徳島町城内 （一部 南前川町 ）の、 城山 とその周辺に広がる 徳島城 跡を利用した 公園 である。 1906年 に開設された。","https://ja.wikipedia.org/wiki/徳島中央公園","日本の都市公園100選","https://ja.wikipedia.org/wiki/日本の都市公園100選","箇条書き,制限あり","北緯34度04分30.8秒東経134度33分18.3秒","日本徳島県徳島市徳島町城内1番外","総合公園","20ha","","","","東側駐車場：90台、西・南駐車場：119台","","","","","","1906年（明治39年）1月9日","","","","","",""
"栗林公園","[栗林公園（香川県高松市）] 栗林公園 （りつりんこうえん）は、 香川県 高松市 に所在し、国の 特別名勝 に指定された回遊式 大名庭園 （ 日本庭園 ）である   。県立の 都市公園 （ 歴史公園 ）として運営されている  。","https://ja.wikipedia.org/wiki/栗林公園","日本の都市公園100選","https://ja.wikipedia.org/wiki/日本の都市公園100選","箇条書き,制限あり","北緯34度19分49.2秒東経134度2分39.85秒","日本香川県高松市栗林町","都市公園（歴史公園）、日本庭園","75ha（紫雲山を含む）16ha（平庭部）","栗林公園","香川県","1875年（明治8年）3月16日","43台（東門駐車場）32台（北門前駐車場）","香川県高松市栗林町一丁目20番16号","香川県栗林公園観光事務所","茶亭讃岐民芸館商工奨励館","","高松松平家・別庭","","","","","年中開放（有料）","約71万人（2018年度）",""
"城山公園 (松山市)","[城山公園（愛媛県松山市）] 城山公園 （しろやまこうえん）は、 愛媛県 松山市 丸之内・堀之内にあり、 城山 と、その周辺を 公園 とした 都市公園 （総合公園）である  。","https://ja.wikipedia.org/wiki/城山公園_(松山市)","日本の都市公園100選","https://ja.wikipedia.org/wiki/日本の都市公園100選","箇条書き,制限あり","北緯33度50分41.1秒東経132度45分55.3秒","日本愛媛県松山市丸之内、堀之内","都市公園（総合公園）","52.11ha","城山公園","松山市","","","","","","","松山城","","","","","","",""
"南楽園","[南楽園（愛媛県宇和島市）] 南楽園 （なんらくえん）は、 愛媛県 宇和島市 にある 日本庭園 である。","https://ja.wikipedia.org/wiki/南楽園","日本の都市公園100選","https://ja.wikipedia.org/wiki/日本の都市公園100選","箇条書き,制限あり","北緯33度7分59.9秒 東経132度30分17.4秒","日本愛媛県宇和島市津島町近家甲1813","都市公園、日本庭園","153,322㎡","南楽園","南レク","1985年（昭和60年）","","","","","","","","","","","","",""
"高知県立春野総合運動公園","[春野総合運動公園（高知県高知市）] 高知県立春野総合運動公園 （こうちけんえい はるのそうごううんどうこうえん）は、 高知県 高知市 春野町 にある 都市公園 （ 運動公園 ）。高知県が所有して、（公財）高知県スポーツ振興財団が 指定管理者 として管理する。","https://ja.wikipedia.org/wiki/高知県立春野総合運動公園","日本の都市公園100選","https://ja.wikipedia.org/wiki/日本の都市公園100選","箇条書き,制限あり","北緯33度30分34.8秒東経133度30分4.7秒","日本高知県高知市春野町芳原2485","都市公園（運動公園）","59.7ha","","","1979年（昭和54年）10月10日","","","","野球場・ソフトボール場・運動広場・多目的広場・テニスコート・体育館・スポーツ科学センター・球技場・陸上競技場・水泳場・屋内飛込み練習場・屋内運動場・射撃場・アーチェリー場・相撲場・会議室・附属設備","","","1979年（昭和54年）11月5日","","","","","",""
"グリーンパーク・響灘緑地","[響灘緑地（福岡県北九州市若松区）] グリーンパーク・響灘緑地 （グリーンパーク・ひびきなだりょくち）は、 福岡県 北九州市 若松区 にある 都市公園 である。","https://ja.wikipedia.org/wiki/グリーンパーク・響灘緑地","日本の都市公園100選","https://ja.wikipedia.org/wiki/日本の都市公園100選","箇条書き,制限あり","北緯33度55分5.4秒東経130度43分38秒","日本福岡県北九州市","広域公園","","http://www.hibikinadagp.org/","グリーンパーク活性化共同事業体公益財団法人北九州市どうぶつ公園協会（ひびき動物ワールドのみ）","1992年4月1日","常設847台、臨時2,318台","福岡県北九州市若松区大字竹並1006番地","","","北九州市営バス「グリーンパーク北ゲート」バス停","","","","","","","",""
"天地山公園 (存在しないページ)","[天地山公園（福岡県豊前市）]","https://ja.wikipedia.org/w/index.php?title=天地山公園&amp;action=edit&amp;redlink=1","日本の都市公園100選","https://ja.wikipedia.org/wiki/日本の都市公園100選","箇条書き,制限あり","","","","","","","","","","","","","","","","","","","",""
"海の中道海浜公園","[海の中道海浜公園（福岡県福岡市東区）] 国営海の中道海浜公園 （こくえいうみのなかみちかいひんこうえん）は 福岡県 福岡市 東区 にある 公園 。全国で5番目に設置された 国営公園 である   。","https://ja.wikipedia.org/wiki/海の中道海浜公園","日本の都市公園100選","https://ja.wikipedia.org/wiki/日本の都市公園100選","箇条書き,制限あり","北緯33度39分33.2秒東経130度21分12.5秒","日本福岡県福岡市東区大字西戸崎18-25北緯33度39分33.2秒東経130度21分12.5秒﻿ / ﻿北緯33.659222度 東経130.353472度﻿ /33.659222; 130.353472","国営公園","約260ha","https://uminaka-park.jp/","H28-31国営海の中道海浜公園運営維持管理業務 海の中道海浜公園マネジメント共同企業体","1981年（昭和56年）10月20日","3521台（普通車合計）","福岡県福岡市東区大字西戸崎18-25","国営海の中道海浜公園事務所","花時計、プール、観覧車など","「海ノ中道駅」下車","福岡第一飛行場↓大日本帝国海軍基地↓アメリカ合衆国空軍博多基地","","","車椅子貸し出し、ユニバーサルデザイン","計画面積：約539.3ha","整備中","",""
"南公園 (福岡市)","[南公園（福岡県福岡市中央区）] 南公園 （みなみこうえん）は 福岡県 福岡市 中央区 にある 福岡市動植物園 とその周囲を総称した 公園 および地名。福岡市の中心地にあるが、閑静な 照葉樹林 を形成している。公園付近の丘陵はかつて大休山（おおやすみやま）と呼ばれていた  。","https://ja.wikipedia.org/wiki/南公園_(福岡市)","日本の都市公園100選","https://ja.wikipedia.org/wiki/日本の都市公園100選","箇条書き,制限あり","","","","","","","","","","","","","","","","","","","",""
"佐賀城公園","[佐賀城公園（佐賀県佐賀市）] 佐賀城公園 （さがじょうこうえん）は、佐賀県 佐賀市 城内 にある 佐賀城 跡を中心とした県立の 都市公園 （総合公園）である  。 佐賀県庁 など行政の中心部近くにあり、三方を濠に囲まれた公園は市民の憩いの場となっている。 1989年 （ 平成 元年） 7月28日 には 日本の都市公園100選 に、 2007年 （平成19年） 2月5日 には 日本の歴史公園100選 の一つに選定された。","https://ja.wikipedia.org/wiki/佐賀城公園","日本の都市公園100選","https://ja.wikipedia.org/wiki/日本の都市公園100選","箇条書き,制限あり","北緯33度14分40秒東経130度18分05秒","日本佐賀県佐賀市城内一丁目、二丁目、水ヶ江一丁目、三丁目、中の館町、鬼丸町、赤松町、与賀町","都市公園（総合公園）","33.2 ha","指定管理者のサイト","佐賀県指定管理者","","","佐賀市城内1丁目10-11","佐賀城公園管理事務所","","","","昭和43年建設省告示第2767号","再整備：ニュージェック","","佐賀県史跡「佐賀城跡」全域を含む","","",""
"上山公園","[上山公園（長崎県諫早市）] 上山公園 （じょうやまこうえん）は、 長崎県 諫早市 に所在する 諫早城 本丸跡を整備した 諫早公園 を含む面積120.3ヘクタールの 都市公園 である。 日本の歴史公園100選 、 日本の都市公園100選 、 森林浴の森100選 に選ばれている。","https://ja.wikipedia.org/wiki/上山公園","日本の都市公園100選","https://ja.wikipedia.org/wiki/日本の都市公園100選","箇条書き,制限あり","","","","","","","","","","","","","","","","","","","",""
"水前寺江津湖公園","[水前寺江津湖公園（熊本県熊本市東区）] 江津湖 周辺と 水前寺成趣園 周辺の一部を含んだ大規模な公園で、 日本の都市公園100選 の一つに選定されている。","https://ja.wikipedia.org/wiki/水前寺江津湖公園","日本の都市公園100選","https://ja.wikipedia.org/wiki/日本の都市公園100選","箇条書き,制限あり","北緯32度46分6秒東経130度45分24秒","日本熊本市東区広木町935番地1","都市公園","126.5ha","水前寺江津湖公園","","","","熊本県熊本市東区広木町935-1","水前寺江津湖公園管理事務所","","","","","","","","","",""
"うしぶか公園 (存在しないページ)","[うしぶか公園（熊本県天草市）]","https://ja.wikipedia.org/w/index.php?title=うしぶか公園&amp;action=edit&amp;redlink=1","日本の都市公園100選","https://ja.wikipedia.org/wiki/日本の都市公園100選","箇条書き,制限あり","","","","","","","","","","","","","","","","","","","",""
"高尾山自然公園","[高尾山自然公園（大分県大分市）] 高尾山自然公園 （たかおやましぜんこうえん）は、 大分県 大分市 大字横尾にある県営の 都市公園 （広域公園）である  。 日本の都市公園100選 に選定されている。","https://ja.wikipedia.org/wiki/高尾山自然公園","日本の都市公園100選","https://ja.wikipedia.org/wiki/日本の都市公園100選","箇条書き,制限あり","","大分県大分市大字横尾","都市公園（広域公園）","60.0ha","公式サイト","大分県（指定管理者：株式会社大宣）","","","","","","","","","","","","","",""
"宮崎県総合運動公園","[宮崎県総合運動公園（宮崎県宮崎市）] 宮崎県総合運動公園 （みやざきけん・そうごううんどうこうえん）は、 宮崎県 宮崎市 熊野にあるスポーツ施設群を有する県立総合運動 公園 。施設は宮崎県が所有し、公園部分は宮崎県公園協会が、スポーツ施設など有料施設は宮崎県スポーツ施設協会がそれぞれ 指定管理者 として運営管理を行っている。","https://ja.wikipedia.org/wiki/宮崎県総合運動公園","日本の都市公園100選","https://ja.wikipedia.org/wiki/日本の都市公園100選","箇条書き,制限あり","北緯31度49分32.7秒 東経131度26分58.3秒","","","","","","","","","","","","","","","","","","",""
"西都原古墳群","[特別史跡公園西都原古墳群（宮崎県西都市）] 西都原古墳群 （さいとばるこふんぐん）は、 宮崎県 西都市 三宅・童子丸・右松にある 古墳群 。国の 特別史跡 に指定されている。","https://ja.wikipedia.org/wiki/西都原古墳群","日本の都市公園100選","https://ja.wikipedia.org/wiki/日本の都市公園100選","箇条書き,制限あり","北緯32度7分4秒 東経131度23分22秒","宮崎県西都市大字三宅ほか","","","","","","","","","","","","","","","","","",""
"鹿児島県立吉野公園","[吉野公園（鹿児島県鹿児島市）] 鹿児島県立吉野公園 （かごしまけんりつよしのこうえん）は、 鹿児島県 鹿児島市 吉野町 にある 都市公園 （総合公園）である  。","https://ja.wikipedia.org/wiki/鹿児島県立吉野公園","日本の都市公園100選","https://ja.wikipedia.org/wiki/日本の都市公園100選","箇条書き,制限あり","北緯31度38分00.9秒東経130度35分41.2秒","日本鹿児島県鹿児島市吉野町七社","都市公園（総合公園）","30.9ha","公式サイト","鹿児島県（指定管理者：南国交通株式会社）","1970年（昭和45年）5月16日","","鹿児島県鹿児島市吉野町7955","吉野公園管理事務所","桜苑運動芝生広場大芝生広場湾岸展望台展示館タブの木広場日本庭園花時計噴水児童広場","","","","","","","","",""
"国営沖縄記念公園","[国営沖縄記念公園（沖縄県国頭郡本部町）] 国営沖縄記念公園 （こくえいおきなわきねんこうえん）は、 沖縄県 の 沖縄本島 にある 国営公園 。大きく 沖縄県 本部町 にある海洋博覧会地区と、 那覇市 にある首里城地区の二つの地区に分けられる。海洋博覧会地区は 日本の都市公園100選 、首里城地区は 日本の歴史公園100選 にそれぞれ選ばれている。","https://ja.wikipedia.org/wiki/国営沖縄記念公園","日本の都市公園100選","https://ja.wikipedia.org/wiki/日本の都市公園100選","箇条書き,制限あり","北緯26度41分27.5秒東経127度52分40.5秒","日本沖縄県国頭郡本部町（海洋博覧会地区）沖縄県那覇市（首里城地区）","都市公園","71.6ha（海洋博覧会地区）2.7 ha（首里城地区）","http://oki-park.jp","一般財団法人沖縄美ら島財団　","1976年9月1日","あり（1265台:海洋博覧会地区、116台:首里城地区）","沖縄県国頭郡本部町字石川424番地","内閣府 沖縄総合事務局 国営沖縄記念公園事務所","沖縄美ら海水族館、熱帯ドリームセンター、海洋文化館、エメラルドビーチ（海洋博覧会地区）首里城、守礼門（首里城地区）","許田インターチェンジより車約50分（海洋博覧会地区）首里駅徒歩約15分（首里城地区）","国営沖縄海洋博覧会記念公園（海洋博覧会地区）首里城跡地（首里城地区）","1976年（昭和51年）8月30日建設省告示第1237号、（変更）1987年（昭和62年）3月25日建設省告示第780号、（変更）1988年（昭和63年）1月28日建設省告示第133号、（変更）1992年（平成4年）10月27日建設省告示第1749号、（変更）2003年（平成15年）12月5日沖縄総合事務局告示第57号","","","日本の都市公園100選に選定　設計家・技術者=　中島健 (造園家)他","8:00 - 20:30（地区・施設により異なる）","728万人　460万人（海洋博覧会地区）268万人（首里城地区）（2015年度）",""
"東平安名岬","[東平安名崎公園（沖縄県宮古島市）] 東平安名岬 （ひがしへんなざき）は、 沖縄県 宮古島市 城辺 字保良に位置し、 太平洋 及び 東シナ海 に面する 岬 。北緯24度43分7秒、東経125度28分9秒。 宮古島 の南東端で、同島を代表する 観光地 。東平安名 崎 とも書く。","https://ja.wikipedia.org/wiki/東平安名岬","日本の都市公園100選","https://ja.wikipedia.org/wiki/日本の都市公園100選","箇条書き,制限あり","北緯24度43分9秒 東経125度28分7秒","","","","","","","","","","","","","","","","","","",""
