"タイトル","コメント","URL","親リストタイトル","親リストURL","一覧抽出方法","座標","所在地","位置","標高","山系","種類","初登頂","最新噴火","最高峰","上位山系","延長","Hidden","Hidden","Hidden","Hidden","Hidden","Hidden","Hidden","Hidden","Hidden"
"利尻山","[利尻岳] 利尻山 （りしりざん）は、 北海道 の 利尻島 に位置する 独立峰 で 標高 1,721m。 利尻町 、 利尻富士町 の2町にまたがる 成層火山 で、 利尻礼文サロベツ国立公園 内の山域は特別区域に指定され、 日本百名山  、 新日本百名山  、 花の百名山  及び 新・花の百名山  に選定されている。","https://ja.wikipedia.org/wiki/利尻山","日本百名山","https://ja.wikipedia.org/wiki/日本百名山","箇条書き,制限あり","北緯45度10分43秒東経141度14分31秒","日本北海道宗谷総合振興局利尻郡利尻町・利尻富士町","北緯45度10分43秒東経141度14分31秒﻿ / ﻿北緯45.17861度 東経141.24194度﻿ /45.17861; 141.24194座標:北緯45度10分43秒東経141度14分31秒﻿ / ﻿北緯45.17861度 東経141.24194度﻿ /45.17861; 141.24194","1,721m","独立峰","成層火山","","","","","","","","","","","","","",""
"羅臼岳","[羅臼岳] 羅臼岳 （らうすだけ）は、 北海道 ・ 知床半島 にある 火山 群の主峰及び最高峰で 標高 1,661m   。古くは アイヌ語 で チャチャヌプリ 、また 良牛岳 と記されたこともある。1964年（昭和39年）6月1日に 知床国立公園 に指定され  、 2005年 7月にこの山域を含む知床半島が 知床 (世界遺産) に正式登録された。 日本百名山  、 花の百名山  及び 新・花の百名山  に選定されている山である。","https://ja.wikipedia.org/wiki/羅臼岳","日本百名山","https://ja.wikipedia.org/wiki/日本百名山","箇条書き,制限あり","北緯44度04分33秒東経145度07分20秒","日本北海道目梨郡羅臼町・斜里郡斜里町","北緯44度04分33秒東経145度07分20秒﻿ / ﻿北緯44.07583度 東経145.12222度﻿ /44.07583; 145.12222座標:北緯44度04分33秒東経145度07分20秒﻿ / ﻿北緯44.07583度 東経145.12222度﻿ /44.07583; 145.12222","1,661m","知床半島","成層火山","","","","","","","","","","","","","",""
"斜里岳","[斜里岳] 斜里岳 （しゃりだけ）は 北海道 の 知床半島 にある 火山 。 標高 は1,547m。 斜里岳道立自然公園 に属し、 日本百名山 に選定されている  。 清里町 の観光スポットの一つである。","https://ja.wikipedia.org/wiki/斜里岳","日本百名山","https://ja.wikipedia.org/wiki/日本百名山","箇条書き,制限あり","北緯43度45分56秒東経144度43分04秒","北海道斜里郡斜里町・清里町、標津郡標津町","北緯43度45分56秒東経144度43分04秒﻿ / ﻿北緯43.76556度 東経144.71778度﻿ /43.76556; 144.71778","1,547m","知床半島","成層火山","","25万年前","","","","","","","","","","","",""
"雌阿寒岳","[阿寒岳] 雌阿寒岳 （めあかんだけ）は、 北海道 東部にある阿寒カルデラの南西部にある8つの火山で構成される成層火山群の総称  。主峰はポンマチネシリ（標高1,499m）  。 日本百名山 に選定されている  。","https://ja.wikipedia.org/wiki/雌阿寒岳","日本百名山","https://ja.wikipedia.org/wiki/日本百名山","箇条書き,制限あり","北緯43度23分12秒東経144度00分32秒","日本北海道釧路総合振興局釧路市、十勝総合振興局足寄町","北緯43度23分12秒東経144度00分32秒﻿ / ﻿北緯43.38667度 東経144.00889度﻿ /43.38667; 144.00889座標:北緯43度23分12秒東経144度00分32秒﻿ / ﻿北緯43.38667度 東経144.00889度﻿ /43.38667; 144.00889","1,499m","","成層火山","","","","","","","","","","","","","",""
"大雪山","[大雪山] 大雪山 （たいせつざん、だいせつざん）は、 北海道 中央部にある 旭岳 などの山々からなる巨大な山塊の名称  。大雪山系とも呼ばれ、一帯は 大雪山国立公園 に指定されている  。","https://ja.wikipedia.org/wiki/大雪山","日本百名山","https://ja.wikipedia.org/wiki/日本百名山","箇条書き,制限あり","北緯43度39分48.9秒東経142度51分14.9秒","日本・北海道上川郡","北緯43度39分48.9秒東経142度51分14.9秒﻿ / ﻿北緯43.663583度 東経142.854139度﻿ /43.663583; 142.854139座標:北緯43度39分48.9秒東経142度51分14.9秒﻿ / ﻿北緯43.663583度 東経142.854139度﻿ /43.663583; 142.854139","旭岳：2,290.93m","石狩山地","複成火山","","","","","","","","","","","","","",""
"トムラウシ山","[トムラウシ] トムラウシ山 （富村牛山、富良牛山）は、 北海道 中央部、 上川管内 美瑛町 と 十勝管内 新得町 の境にそびえる 大雪山 系南部の 標高 2,141 m の 山 。「大雪の奥座敷」と称される。地元では昔から「カムイミンタラ」（神々の遊ぶ庭）として崇められてきた  。 日本百名山 に選定されている  。","https://ja.wikipedia.org/wiki/トムラウシ山","日本百名山","https://ja.wikipedia.org/wiki/日本百名山","箇条書き,制限あり","北緯43度31分38秒東経142度50分56秒","日本北海道上川総合振興局上川郡美瑛町・十勝総合振興局上川郡新得町","北緯43度31分38秒東経142度50分56秒﻿ / ﻿北緯43.52722度 東経142.84889度﻿ /43.52722; 142.84889座標:北緯43度31分38秒東経142度50分56秒﻿ / ﻿北緯43.52722度 東経142.84889度﻿ /43.52722; 142.84889","2,141.19m","大雪山系（石狩山地）","成層火山","","","","","","","","","","","","","",""
"十勝岳","[十勝岳] 十勝岳 （とかちだけ）は、 北海道 の中央部の 上川管内 の 美瑛町 ・ 上富良野町 、 十勝管内 の 新得町 にまたがる 標高 2,077 m の 活火山 。 大雪山国立公園  内の 十勝岳連峰 （十勝火山群）の主峰である。 日本百名山  及び 花の百名山  に選定されている。","https://ja.wikipedia.org/wiki/十勝岳","日本百名山","https://ja.wikipedia.org/wiki/日本百名山","箇条書き,制限あり","北緯43度25分05秒東経142度41分11秒","日本北海道上川総合振興局美瑛町・上富良野町、十勝総合振興局新得町","北緯43度25分05秒東経142度41分11秒﻿ / ﻿北緯43.41806度 東経142.68639度﻿ /43.41806; 142.68639座標:北緯43度25分05秒東経142度41分11秒﻿ / ﻿北緯43.41806度 東経142.68639度﻿ /43.41806; 142.68639","2,077m","石狩山地（十勝岳連峰）","成層火山・活火山（ランクＡ）・火山群","","","","","","","","","","","","","",""
"幌尻岳","[幌尻岳] 幌尻岳 （ぽろしりだけ）は、 北海道 日高振興局 の 沙流郡 平取町 と 新冠郡 新冠町 にまたがる 標高 2,052 m   の 山 。 日高山脈 の主峰であり、 日本百名山 に選定されている  。 日高山脈襟裳国定公園 に含まれ、山頂には二等 三角点 （点名「幌尻」）  がある。山名は アイヌ語 で「Poro（大きい）sir（山）」を意味する  。","https://ja.wikipedia.org/wiki/幌尻岳","日本百名山","https://ja.wikipedia.org/wiki/日本百名山","箇条書き,制限あり","北緯42度43分10秒東経142度40分58秒","日本北海道日高振興局沙流郡平取町・新冠郡新冠町","北緯42度43分10秒東経142度40分58秒﻿ / ﻿北緯42.71944度 東経142.68278度﻿ /42.71944; 142.68278座標:北緯42度43分10秒東経142度40分58秒﻿ / ﻿北緯42.71944度 東経142.68278度﻿ /42.71944; 142.68278","2,052.80m","日高山脈","褶曲山脈","吉野半平（1913年）","","","","","","","","","","","","",""
"羊蹄山","[後方羊蹄山] 羊蹄山 （ようていざん）は、 北海道 後志 地方南部（ 胆振国 北西部）にある、 標高 1,898mの 成層火山 である。 後方羊蹄山 （しりべしやま）として、 日本百名山 に選定されている  。","https://ja.wikipedia.org/wiki/羊蹄山","日本百名山","https://ja.wikipedia.org/wiki/日本百名山","箇条書き,制限あり","北緯42度49分36秒東経140度48分41秒","日本北海道後志総合振興局ニセコ町・倶知安町・喜茂別町・真狩村・京極町","北緯42度49分36秒東経140度48分41秒﻿ / ﻿北緯42.82667度 東経140.81139度﻿ /42.82667; 140.81139座標:北緯42度49分36秒東経140度48分41秒﻿ / ﻿北緯42.82667度 東経140.81139度﻿ /42.82667; 140.81139","1,898m","独立峰","成層火山・活火山（ランクＣ）","","","","","","","","","","","","","",""
"岩木山","[岩木山] 岩木山 （いわきさん）は 青森県 弘前市 および 西津軽郡 鰺ヶ沢町 に位置する 火山 である。 標高 は1,625 m で、 青森県の最高峰 である。 日本百名山  および 新日本百名山  に選定されている。その山容から津軽富士とも呼ばれるほか、しばしば「お」をつけて「お岩木（山）」あるいは「お岩木様」とも呼ばれる  。","https://ja.wikipedia.org/wiki/岩木山","日本百名山","https://ja.wikipedia.org/wiki/日本百名山","箇条書き,制限あり","北緯40度39分20秒東経140度18分13秒","日本青森県弘前市・西津軽郡鰺ヶ沢町","北緯40度39分20秒東経140度18分13秒﻿ / ﻿北緯40.65556度 東経140.30361度﻿ /40.65556; 140.30361座標:北緯40度39分20秒東経140度18分13秒﻿ / ﻿北緯40.65556度 東経140.30361度﻿ /40.65556; 140.30361","1,624.62m","独立峰","成層火山","","1863年","","","","","","","","","","","",""
"八甲田山","[八甲田山] 八甲田山 （はっこうださん）は、 青森市 の南側にそびえる大岳（標高1,585m）を主峰とする18の山々からなる複数 火山 の総称  。 日本百名山 の一つ  。","https://ja.wikipedia.org/wiki/八甲田山","日本百名山","https://ja.wikipedia.org/wiki/日本百名山","箇条書き,制限あり","北緯40度39分31秒東経140度52分38秒","青森県青森市・十和田市","北緯40度39分31秒東経140度52分38秒﻿ / ﻿北緯40.65861度 東経140.87722度﻿ /40.65861; 140.87722座標:北緯40度39分31秒東経140度52分38秒﻿ / ﻿北緯40.65861度 東経140.87722度﻿ /40.65861; 140.87722（大岳）","大岳: 1,584m","奥羽山脈","複成火山（成層火山や溶岩ドームの火山群）","","","","","","","","","","","","","",""
"八幡平","[八幡平] 八幡平 （はちまんたい）は、 秋田県 と 岩手県 にまたがる 標高 1,614 m の山及びその周囲の高原台地  。 深田久弥 の 日本百名山 に挙げられている   。山域は 1956年 （昭和31年）に 十和田八幡平国立公園 に指定されている。","https://ja.wikipedia.org/wiki/八幡平","日本百名山","https://ja.wikipedia.org/wiki/日本百名山","箇条書き,制限あり","北緯39度57分28秒東経140度51分15秒","日本岩手県八幡平市秋田県仙北市・鹿角市","北緯39度57分28秒東経140度51分15秒﻿ / ﻿北緯39.95778度 東経140.85417度﻿ /39.95778; 140.85417座標:北緯39度57分28秒東経140度51分15秒﻿ / ﻿北緯39.95778度 東経140.85417度﻿ /39.95778; 140.85417","1,613.50m","奥羽山脈","成層火山","","","","","","","","","","","","","",""
"岩手山","[岩手山] 岩手山 （いわてさん）は、 岩手県 の北西部にあり、二つの外輪山からなる 標高 2,038mの 成層火山 である。 青森県 から 岩手県 を経て 福島県 に連なる 奥羽山脈 の岩手県域北部に位置する岩手山は、岩手県の 最高峰 であり、県のシンボルの一つとされている  。 日本百名山 に選定されている  。","https://ja.wikipedia.org/wiki/岩手山","日本百名山","https://ja.wikipedia.org/wiki/日本百名山","箇条書き,制限あり","北緯39度51分0秒東経141度0分0秒","日本岩手県八幡平市・滝沢市・雫石町","北緯39度51分0秒東経141度0分0秒﻿ / ﻿北緯39.85000度 東経141.00000度﻿ /39.85000; 141.00000座標:北緯39度51分0秒東経141度0分0秒﻿ / ﻿北緯39.85000度 東経141.00000度﻿ /39.85000; 141.00000","2,037.95m","奥羽山脈","成層火山","","1919年（小規模）","","","","","","","","","","","",""
"早池峰山","[早池峰] 早池峰山 （はやちねさん）は、 岩手県 にある 標高 1917mの 山 。 北上山地 の最高峰で 日本百名山  、 新日本百名山  、 花の百名山  、 新・花の百名山  及び 一等三角点百名山  に選定されている。 六角牛山 、 石上山 と共に「遠野三山」と呼ばれる  。山頂は 宮古市 、 遠野市 、 花巻市 の3つの市の境界となっている。","https://ja.wikipedia.org/wiki/早池峰山","日本百名山","https://ja.wikipedia.org/wiki/日本百名山","箇条書き,制限あり","北緯39度33分31秒東経141度29分19秒","日本岩手県宮古市・遠野市・花巻市","北緯39度33分31秒東経141度29分19秒﻿ / ﻿北緯39.55861度 東経141.48861度﻿ /39.55861; 141.48861座標:北緯39度33分31秒東経141度29分19秒﻿ / ﻿北緯39.55861度 東経141.48861度﻿ /39.55861; 141.48861","1917m","北上山地","","","","","","","","","","","","","","",""
"鳥海山","[鳥海山] 鳥海山 （ちょうかいさん、ちょうかいざん  ）は、 山形県 と 秋田県 に跨がる 標高 2,236mの 活火山 。山頂に雪が積もった姿が富士山に類似しているため、 出羽富士 （でわふじ）とも呼ばれ親しまれている。秋田県では 秋田富士 （あきたふじ）、山形県では 庄内富士 （しょうないふじ）とも呼ばれている。古くからの名では鳥見山（とりみやま）という。 鳥海国定公園 に属する。 日本百名山  ・ 日本百景 の一つ。2007年（平成19年）に 日本の地質百選 に選定された。2009年（平成21年）に 国史跡 「鳥海山」として指定された。","https://ja.wikipedia.org/wiki/鳥海山","日本百名山","https://ja.wikipedia.org/wiki/日本百名山","箇条書き,制限あり","北緯39度05分57秒東経140度02分56秒","日本山形県飽海郡遊佐町・酒田市・秋田県由利本荘市・にかほ市","北緯39度05分57秒東経140度02分56秒﻿ / ﻿北緯39.09917度 東経140.04889度﻿ /39.09917; 140.04889座標:北緯39度05分57秒東経140度02分56秒﻿ / ﻿北緯39.09917度 東経140.04889度﻿ /39.09917; 140.04889","2,236m","出羽山地","成層火山","","","","","","","","","","","","","",""
"月山","[月山] 月山 （がっさん）は、 山形県 の中央部にあり、 出羽丘陵 の南部に位置する 標高 1,984mの 火山 。山域は 磐梯朝日国立公園 の特別区域に指定され、 日本百名山  、 新日本百名山  、 花の百名山  及び 新・花の百名山  に選定されている。また、山麓は 月山山麓湧水群 として 名水百選  、 月山行人清水の森 として 水源の森百選 にも選定されている。","https://ja.wikipedia.org/wiki/月山","日本百名山","https://ja.wikipedia.org/wiki/日本百名山","箇条書き,制限あり","北緯38度32分56秒東経140度01分37秒","日本山形県鶴岡市・東田川郡庄内町・最上郡大蔵村・西村山郡西川町","北緯38度32分56秒東経140度01分37秒﻿ / ﻿北緯38.54889度 東経140.02694度﻿ /38.54889; 140.02694﻿ (月山)座標:北緯38度32分56秒東経140度01分37秒﻿ / ﻿北緯38.54889度 東経140.02694度﻿ /38.54889; 140.02694﻿ (月山)","1,984m","出羽山地","成層火山","","","","","","","","","","","","","",""
"朝日岳 (山形県・新潟県)","[朝日岳] 朝日岳 （あさひだけ）は、 山形県 と 新潟県 の県境上、 朝日山地 の南部にある山塊である。主峰の大朝日岳（標高1,870m）は県境ではなく 山形県 に属する。その他北東に小朝日岳（標高1,648m）、北西の県境上に西朝日岳（標高1,814m）がある。","https://ja.wikipedia.org/wiki/朝日岳_(山形県・新潟県)","日本百名山","https://ja.wikipedia.org/wiki/日本百名山","箇条書き,制限あり","北緯38度15分38秒東経139度55分20秒","日本山形県小国町・朝日町・大江町・西川町・新潟県村上市","北緯38度15分38秒東経139度55分20秒﻿ / ﻿北緯38.26056度 東経139.92222度﻿ /38.26056; 139.92222","1,870.3m","朝日連峰","","","","","","","","","","","","","","",""
"蔵王連峰","[蔵王山] 蔵王連峰 （ざおうれんぽう）は、 東北地方 の中央を南北に連なる 奥羽山脈 の中にあって、 宮城県 と 山形県 の両県南部の県境に位置する 連峰     。奥羽山脈において時と場所を移しながら次々と繰り返された火山活動によって形成された複合火山群である  。","https://ja.wikipedia.org/wiki/蔵王連峰","日本百名山","https://ja.wikipedia.org/wiki/日本百名山","箇条書き,制限あり","北緯38度08分37秒東経140度26分22秒","宮城県・山形県","北緯38度08分37秒東経140度26分22秒﻿ / ﻿北緯38.14361度 東経140.43944度﻿ /38.14361; 140.43944座標:北緯38度08分37秒東経140度26分22秒﻿ / ﻿北緯38.14361度 東経140.43944度﻿ /38.14361; 140.43944（熊野岳）","","","","","","熊野岳（1,841m）","奥羽山脈","","","","","","","","","",""
"飯豊山","[飯豊山] 飯豊山 （いいでさん）は、 飯豊山地  の 標高 2,105.1 m の 山 である。主峰は、通称 飯豊本山 とも呼ばれることもあるが、国土地理院地図における表示は飯豊山のみである。","https://ja.wikipedia.org/wiki/飯豊山","日本百名山","https://ja.wikipedia.org/wiki/日本百名山","箇条書き,制限あり","北緯37度51分17秒東経139度42分26秒","日本山形県西置賜郡小国町新潟県東蒲原郡阿賀町福島県喜多方市","北緯37度51分17秒東経139度42分26秒﻿ / ﻿北緯37.85472度 東経139.70722度﻿ /37.85472; 139.70722座標:北緯37度51分17秒東経139度42分26秒﻿ / ﻿北緯37.85472度 東経139.70722度﻿ /37.85472; 139.70722","2,105.1m","飯豊山地","","","","","","","","","","","","","","",""
"吾妻山","[吾妻山] 吾妻山 （あづまやま）もしくは 吾妻連峰 （あづまれんぽう）は、 福島県 と一部は 山形県 の県境に沿って東西に伸びる 火山 群・ 山塊 の総称である。最高峰は 西吾妻山 （2,035メートル）。 日本百名山 や うつくしま百名山 にもあげられている。","https://ja.wikipedia.org/wiki/吾妻山","日本百名山","https://ja.wikipedia.org/wiki/日本百名山","箇条書き,制限あり","北緯37度44分17秒東経140度08分26秒","日本山形県・福島県","北緯37度44分17秒東経140度08分26秒﻿ / ﻿北緯37.73806度 東経140.14056度﻿ /37.73806; 140.14056座標:北緯37度44分17秒東経140度08分26秒﻿ / ﻿北緯37.73806度 東経140.14056度﻿ /37.73806; 140.14056","","","成層火山や単成火山などからなる火山群","","","西吾妻山（2,035m）","奥羽山脈","","","","","","","","","",""
"安達太良山","[安達太良山] 安達太良山 （あだたらやま）は 福島県 中部にある 活火山 である。 日本百名山 、 新日本百名山 、 花の百名山 および うつくしま百名山 に選定されている。山頂には二等三角点「大関平」1699.6m が設置されている。別名は、岳山（だけやま）、安達太郎山。","https://ja.wikipedia.org/wiki/安達太良山","日本百名山","https://ja.wikipedia.org/wiki/日本百名山","箇条書き,制限あり","北緯37度38分50秒東経140度16分51秒","日本福島県福島市・二本松市・郡山市安達郡大玉村・耶麻郡猪苗代町","北緯37度38分50秒東経140度16分51秒﻿ / ﻿北緯37.64722度 東経140.28083度﻿ /37.64722; 140.28083座標:北緯37度38分50秒東経140度16分51秒﻿ / ﻿北緯37.64722度 東経140.28083度﻿ /37.64722; 140.28083","最高峰箕輪山 1,728m","奥羽山脈南部","成層火山(活火山ランクB)","","1900年","","","","","","","","","","","",""
"磐梯山","[磐梯山] 磐梯山 （ばんだいさん）は 福島県 耶麻郡 猪苗代町 、 磐梯町 、 北塩原村 にまたがる 山 である。会津盆地側からは、綺麗な三角の頂が見えることから 会津富士 （あいづふじ）、あるいは民謡にあるように 会津磐梯山 （あいづばんだいさん）とも呼ばれている。 日本百名山 に選定されており、福島県のシンボルの一つとされている  。","https://ja.wikipedia.org/wiki/磐梯山","日本百名山","https://ja.wikipedia.org/wiki/日本百名山","箇条書き,制限あり","北緯37度36分04秒東経140度04分20秒","日本福島県猪苗代町・磐梯町・北塩原村","北緯37度36分04秒東経140度04分20秒﻿ / ﻿北緯37.60111度 東経140.07222度﻿ /37.60111; 140.07222座標:北緯37度36分04秒東経140度04分20秒﻿ / ﻿北緯37.60111度 東経140.07222度﻿ /37.60111; 140.07222","1,816.29m","独立峰","成層火山（活火山ランクB）","","","","","","","","","","","","","",""
"会津駒ヶ岳","[会津駒ヶ岳] 会津駒ヶ岳 （あいづこまがだけ）は、 福島県 南会津郡 檜枝岐村 にある 標高 2,133mの 山 である。 日本百名山 の一つ。一等 三角点 「岩駒ケ岳」（標高2,132.4m）設置。","https://ja.wikipedia.org/wiki/会津駒ヶ岳","日本百名山","https://ja.wikipedia.org/wiki/日本百名山","箇条書き,制限あり","北緯37度02分51.4秒東経139度21分13.6秒","日本福島県南会津郡檜枝岐村","北緯37度02分51.4秒東経139度21分13.6秒﻿ / ﻿北緯37.047611度 東経139.353778度﻿ /37.047611; 139.353778座標:北緯37度02分51.4秒東経139度21分13.6秒﻿ / ﻿北緯37.047611度 東経139.353778度﻿ /37.047611; 139.353778","2,133m","越後山脈","","","","","","","","","","","","","","",""
"越後駒ヶ岳","[魚沼駒ヶ岳] 越後駒ヶ岳 （えちごこまがたけ）は、 新潟県 南魚沼市 と 魚沼市 にまたがる標高2,003mの 山 。 魚沼駒ヶ岳 （うおぬまこまがたけ）とも呼ばれる。 日本百名山 の一つ。","https://ja.wikipedia.org/wiki/越後駒ヶ岳","日本百名山","https://ja.wikipedia.org/wiki/日本百名山","箇条書き,制限あり","北緯37度07分25秒東経139度04分31秒","新潟県南魚沼市･魚沼市","北緯37度07分25秒東経139度04分31秒﻿ / ﻿北緯37.12361度 東経139.07528度﻿ /37.12361; 139.07528","2,002.7m","越後山脈","","","","","","","","","","","","","","",""
"平ヶ岳 (群馬県・新潟県)","[平ヶ岳] 平ヶ岳 （ひらがたけ）は、 新潟県 魚沼市 と 群馬県 みなかみ町 の境界にある標高2,141mの 山 。 日本百名山 のひとつ。","https://ja.wikipedia.org/wiki/平ヶ岳_(群馬県・新潟県)","日本百名山","https://ja.wikipedia.org/wiki/日本百名山","箇条書き,制限あり","北緯37度00分07秒東経139度10分15秒","新潟県魚沼市群馬県みなかみ町","北緯37度00分07秒東経139度10分15秒﻿ / ﻿北緯37.00194度 東経139.17083度﻿ /37.00194; 139.17083","2,141m","三国山脈","","","","","","","","","","","","","","",""
"巻機山","[巻機山] 巻機山 （まきはたやま）は 新潟県 南魚沼市 と 群馬県 利根郡 みなかみ町 の境、 三国山脈 にある 標高 1,967mの山。 日本百名山 のひとつ。","https://ja.wikipedia.org/wiki/巻機山","日本百名山","https://ja.wikipedia.org/wiki/日本百名山","箇条書き,制限あり","北緯36度58分43秒東経138度57分51秒","日本新潟県南魚沼市群馬県利根郡みなかみ町","北緯36度58分43秒東経138度57分51秒﻿ / ﻿北緯36.97861度 東経138.96417度﻿ /36.97861; 138.96417座標:北緯36度58分43秒東経138度57分51秒﻿ / ﻿北緯36.97861度 東経138.96417度﻿ /36.97861; 138.96417","1,967m","三国山脈","","","","","","","","","","","","","","",""
"燧ヶ岳","[燧岳] 燧ヶ岳 （ひうちがたけ）は 福島県 にある 火山 。山頂は 南会津郡 檜枝岐村 に属する。 尾瀬国立公園 内にあり、 至仏山 とともに 尾瀬 を代表する山でもある。 東北地方 最高峰（ 標高 2,356 m）であり 日本百名山 に選定されている。","https://ja.wikipedia.org/wiki/燧ヶ岳","日本百名山","https://ja.wikipedia.org/wiki/日本百名山","箇条書き,制限あり","北緯36度57分18秒東経139度17分07秒","福島県南会津郡檜枝岐村","北緯36度57分18秒東経139度17分07秒﻿ / ﻿北緯36.95500度 東経139.28528度﻿ /36.95500; 139.28528座標:北緯36度57分18秒東経139度17分07秒﻿ / ﻿北緯36.95500度 東経139.28528度﻿ /36.95500; 139.28528","2,356m","独立峰","複成火山","","","","","","","","","","","","","",""
"至仏山","[至仏山] 至仏山 （しぶつさん、しふつさん）は、 群馬県 の北東部、 みなかみ町 と 片品村 との境界に位置する 標高 2,228.1mの 山 である。二等 三角点 「至仏山」が設置されている。 日本百名山 の1つに数えられており、 尾瀬国立公園  に属する。標高は オーストラリア大陸 の最高峰の コジオスコ とほぼ等しい。","https://ja.wikipedia.org/wiki/至仏山","日本百名山","https://ja.wikipedia.org/wiki/日本百名山","箇条書き,制限あり","北緯36度54分12.5秒東経139度10分23.7秒","日本群馬県みなかみ町・利根郡片品村","北緯36度54分12.5秒東経139度10分23.7秒﻿ / ﻿北緯36.903472度 東経139.173250度﻿ /36.903472; 139.173250座標:北緯36度54分12.5秒東経139度10分23.7秒﻿ / ﻿北緯36.903472度 東経139.173250度﻿ /36.903472; 139.173250","2,228.1m","越後山脈","","","","","","","","","","","","","","",""
"谷川岳","[谷川岳] 谷川岳 （たにがわだけ）は 群馬 ・ 新潟 の県境にある 三国山脈 の 山 である。 日本百名山 のひとつ。周囲の 万太郎山 ・ 仙ノ倉山 ・ 茂倉岳 などを総じて 谷川連峰 という。","https://ja.wikipedia.org/wiki/谷川岳","日本百名山","https://ja.wikipedia.org/wiki/日本百名山","箇条書き,制限あり","北緯36度50分14秒東経138度55分48秒","日本群馬県利根郡みなかみ町新潟県南魚沼郡湯沢町","北緯36度50分14秒東経138度55分48秒﻿ / ﻿北緯36.83722度 東経138.93000度﻿ /36.83722; 138.93000座標:北緯36度50分14秒東経138度55分48秒﻿ / ﻿北緯36.83722度 東経138.93000度﻿ /36.83722; 138.93000","1,977m","三国山脈","","","","","","","","","","","","","","",""
"苗場山","[苗場山] 苗場山 （なえばさん）は 新潟県 南部、 長野県 北東部の県境に位置する 標高 2,145mの火山。","https://ja.wikipedia.org/wiki/苗場山","日本百名山","https://ja.wikipedia.org/wiki/日本百名山","箇条書き,制限あり","北緯36度50分45秒東経138度41分25秒","日本新潟県湯沢町・津南町長野県栄村","北緯36度50分45秒東経138度41分25秒﻿ / ﻿北緯36.84583度 東経138.69028度﻿ /36.84583; 138.69028座標:北緯36度50分45秒東経138度41分25秒﻿ / ﻿北緯36.84583度 東経138.69028度﻿ /36.84583; 138.69028","2,145m","三国山脈","第四紀火山","","","","","","","","","","","","","",""
"妙高山","[妙高山] 妙高山 （みょうこうさん）は、 新潟県 妙高市 にある標高2,454mの 成層火山 で、 北信五岳 の一つであり、その中では最高峰。 日本百名山 に選定されており、 妙高戸隠連山国立公園 に属している。","https://ja.wikipedia.org/wiki/妙高山","日本百名山","https://ja.wikipedia.org/wiki/日本百名山","箇条書き,制限あり","北緯36度53分29秒東経138度06分49秒","新潟県妙高市","北緯36度53分29秒東経138度06分49秒﻿ / ﻿北緯36.89139度 東経138.11361度﻿ /36.89139; 138.11361","2,454m","頸城山塊","成層火山（活火山ランクC）","","","","","","","","","","","","","",""
"火打山","[火打山] 火打山 （ひうちやま）は、 妙高戸隠連山国立公園 内の 新潟県 糸魚川市 と 妙高市 にまたがる 標高 2,462 m の 頸城山塊 の 最高峰 である   。 日本百名山  、及び 花の百名山   に選定されている。","https://ja.wikipedia.org/wiki/火打山","日本百名山","https://ja.wikipedia.org/wiki/日本百名山","箇条書き,制限あり","北緯36度55分22秒東経138度04分05秒","日本新潟県糸魚川市、妙高市","北緯36度55分22秒東経138度04分05秒﻿ / ﻿北緯36.92278度 東経138.06806度﻿ /36.92278; 138.06806座標:北緯36度55分22秒東経138度04分05秒﻿ / ﻿北緯36.92278度 東経138.06806度﻿ /36.92278; 138.06806","2,461.77m","頸城山塊","","","","","","","","","","","","","","",""
"雨飾山","[雨飾山] 雨飾山 （あまかざりやま）は、 長野県 北安曇郡 小谷村 と 新潟県 糸魚川市 との県境にある、 標高 1,963.2mの 山 である。 妙高戸隠連山国立公園 に属している。","https://ja.wikipedia.org/wiki/雨飾山","日本百名山","https://ja.wikipedia.org/wiki/日本百名山","箇条書き,制限あり","北緯36度54分07秒東経137度57分45秒","日本新潟県糸魚川市長野県北安曇郡小谷村","北緯36度54分07秒東経137度57分45秒﻿ / ﻿北緯36.90194度 東経137.96250度﻿ /36.90194; 137.96250座標:北緯36度54分07秒東経137度57分45秒﻿ / ﻿北緯36.90194度 東経137.96250度﻿ /36.90194; 137.96250","1,963.2m","頸城山塊","","","","","","","","","","","","","","",""
"高妻山","[高妻山] 高妻山 （たかつまやま）は、 新潟県 妙高市 と 長野県 長野市 に跨る 標高 2,353mの山。 戸隠連峰 の最高峰で戸隠裏山の一峰。 日本百名山 のひとつ。別名「戸隠富士」。","https://ja.wikipedia.org/wiki/高妻山","日本百名山","https://ja.wikipedia.org/wiki/日本百名山","箇条書き,制限あり","北緯36度48分00秒東経138度03分07秒","日本新潟県妙高市・長野県長野市","北緯36度48分00秒東経138度03分07秒﻿ / ﻿北緯36.80000度 東経138.05194度﻿ /36.80000; 138.05194座標:北緯36度48分00秒東経138度03分07秒﻿ / ﻿北緯36.80000度 東経138.05194度﻿ /36.80000; 138.05194","2,353m","戸隠連峰","","","","","","","","","","","","","","",""
"男体山","[男体山] 男体山 （なんたいさん）は 栃木県 日光市 にある 標高 2,486mの 火山 。山体は 日光国立公園 に属す。 日本百名山 のひとつ。 日光二荒山神社 の境内地で冬季入山禁止（霊峰男体山の登拝期間は、毎年5月5日から10月25日までであったが、2019年より4月25日から11月11日までに延長された）。","https://ja.wikipedia.org/wiki/男体山","日本百名山","https://ja.wikipedia.org/wiki/日本百名山","箇条書き,制限あり","北緯36度45分54秒東経139度29分27秒","日本栃木県日光市","北緯36度45分54秒東経139度29分27秒﻿ / ﻿北緯36.76500度 東経139.49083度﻿ /36.76500; 139.49083","2,486m","日光連山および日光火山群","成層火山（活火山）","782年（天応2年）","約7,000年前","","","","","","","","","","","",""
"日光白根山","[奥白根山] 日光白根山 （にっこうしらねさん）は、 栃木県 日光市 と 群馬県 利根郡 片品村 の境界にある 標高 2,578mの 山 。","https://ja.wikipedia.org/wiki/日光白根山","日本百名山","https://ja.wikipedia.org/wiki/日本百名山","箇条書き,制限あり","北緯36度47分55秒東経139度22分33秒","日本栃木県日光市・群馬県利根郡片品村","北緯36度47分55秒東経139度22分33秒﻿ / ﻿北緯36.79861度 東経139.37583度﻿ /36.79861; 139.37583座標:北緯36度47分55秒東経139度22分33秒﻿ / ﻿北緯36.79861度 東経139.37583度﻿ /36.79861; 139.37583","2,578m","日光火山群","溶岩ドーム","","","","","","","","","","","","","",""
"那須岳","[那須岳] 那須岳 （なすだけ）は、広義には 栃木県 北部に位置する那須連山の総称  （特に 茶臼岳 や 朝日岳 、 三本槍岳 三山の総称）  。狭義には那須連山の主峰の茶臼岳（標高1,915m）をいう  。 那須火山帯 の南端に位置する。 深田久弥 の 日本百名山 の一つ  。本項では那須五岳や那須連山について記す。","https://ja.wikipedia.org/wiki/那須岳","日本百名山","https://ja.wikipedia.org/wiki/日本百名山","箇条書き,制限あり","北緯37度07分29.3秒東経139度57分47.3秒","日本栃木県那須郡那須町栃木県那須塩原市福島県西白河郡西郷村","北緯37度07分29.3秒東経139度57分47.3秒﻿ / ﻿北緯37.124806度 東経139.963139度﻿ /37.124806; 139.963139座標:北緯37度07分29.3秒東経139度57分47.3秒﻿ / ﻿北緯37.124806度 東経139.963139度﻿ /37.124806; 139.963139","","","成層火山","","","三本槍岳（1,917m）","那須連山","","","","","","","","","",""
"皇海山","[皇海山] 皇海山 （すかいさん）は、 栃木県 日光市 と 群馬県 沼田市 との境界にある 山 である。 足尾山地 に属する。 標高 2,144m   。 日本百名山 の一つ。約160万～90万年前に活動した  古い 成層火山 だが、侵食が進み、また樹林に覆われ、今日では火山らしい面影はない。","https://ja.wikipedia.org/wiki/皇海山","日本百名山","https://ja.wikipedia.org/wiki/日本百名山","箇条書き,制限あり","北緯36度41分24秒東経139度20分13秒","日本栃木県日光市・群馬県沼田市","北緯36度41分24秒東経139度20分13秒﻿ / ﻿北緯36.69000度 東経139.33694度﻿ /36.69000; 139.33694座標:北緯36度41分24秒東経139度20分13秒﻿ / ﻿北緯36.69000度 東経139.33694度﻿ /36.69000; 139.33694","2,144m","足尾山地","成層火山","","","","","","","","","","","","","",""
"武尊山","[武尊山] 武尊山 （ほたかやま）は、 群馬県 利根郡 みなかみ町 、 川場村 、 片品村 の境にある 標高 2,158 m の 成層火山 である。 北アルプス の 穂高岳 と区別するため、 上州武尊山 とも呼ばれる。 日本百名山  及び 新・花の百名山  に選定されている山である。","https://ja.wikipedia.org/wiki/武尊山","日本百名山","https://ja.wikipedia.org/wiki/日本百名山","箇条書き,制限あり","北緯36度48分19秒東経139度07分57秒","日本群馬県利根郡みなかみ町、川場村、片品村","北緯36度48分19秒東経139度07分57秒﻿ / ﻿北緯36.80528度 東経139.13250度﻿ /36.80528; 139.13250座標:北緯36度48分19秒東経139度07分57秒﻿ / ﻿北緯36.80528度 東経139.13250度﻿ /36.80528; 139.13250","2157.96m","独立峰","成層火山","","","","","","","","","","","","","",""
"赤城山","[赤城山] 赤城山 （あかぎさん、あかぎやま、 後述 ）は、 関東地方 の北部、 群馬県 のほぼ中央に位置する 山 。 太平洋プレート が オホーツクプレート に沈み込んでできた 島弧 型火山である。また、赤城山は、カルデラ湖を伴う カルデラ を持つ、関東地方で有数の 複成火山 である。","https://ja.wikipedia.org/wiki/赤城山","日本百名山","https://ja.wikipedia.org/wiki/日本百名山","箇条書き,制限あり","北緯36度33分39秒東経139度11分37秒","日本群馬県前橋市・桐生市・渋川市・沼田市・利根郡昭和村","北緯36度33分39秒東経139度11分37秒﻿ / ﻿北緯36.5608度 東経139.1936度﻿ /36.5608; 139.1936座標:北緯36度33分39秒東経139度11分37秒﻿ / ﻿北緯36.5608度 東経139.1936度﻿ /36.5608; 139.1936","1,827.6m","独立峰","複成火山（活火山ランクC）","","","","","","","","","","","","","",""
"草津白根山","[草津白根山] 草津白根山 （くさつ しらねさん）は、 日本 の 北関東 、 群馬県 吾妻郡 草津町 に所在する 活火山 である。 標高 は2,160 メートル 。正式名称は 白根山 であるが、他の 白根山 と区別する必要のある場合の名称として地域名「 草津 」を冠した 草津白根山 の名で呼ばれる。また、近隣の 逢ノ峰 と 本白根山 を含めた三山の総称とすることもあり、この場合は標高2,171メートルの 本白根山 が 最高峰 となる。一つの火山の山体として捉える際は後者の考え方をとる（特に2018年の本白根山での噴火以降は、後者の意味で扱われることが増えている）。","https://ja.wikipedia.org/wiki/草津白根山","日本百名山","https://ja.wikipedia.org/wiki/日本百名山","箇条書き,制限あり","北緯36度38分38秒東経138度31分40秒","日本群馬県吾妻郡草津町","北緯36度38分38秒東経138度31分40秒﻿ / ﻿北緯36.64389度 東経138.52778度﻿ /36.64389; 138.52778座標:北緯36度38分38秒東経138度31分40秒﻿ / ﻿北緯36.64389度 東経138.52778度﻿ /36.64389; 138.52778","2,160m","","活火山ランクB・常時観測火山","","","","","","","","","","","","","",""
"四阿山","[四阿山] 四阿山 （あずまやさん）は 長野県 と 群馬県 の県境に跨る 山 。 標高 2,354m。 日本百名山 の一つに数えられている。 吾妻山 ・ 吾嬬山 （あがつまやま）などとも呼ばれ、 嬬恋村 では吾妻山が用いられている。","https://ja.wikipedia.org/wiki/四阿山","日本百名山","https://ja.wikipedia.org/wiki/日本百名山","箇条書き,制限あり","北緯36度32分30秒東経138度24分47秒","長野県上田市・須坂市、群馬県吾妻郡嬬恋村","北緯36度32分30秒東経138度24分47秒﻿ / ﻿北緯36.54167度 東経138.41306度﻿ /36.54167; 138.41306座標:北緯36度32分30秒東経138度24分47秒﻿ / ﻿北緯36.54167度 東経138.41306度﻿ /36.54167; 138.41306","2,354m","","成層火山","","","","","","","","","","","","","",""
"浅間山","[浅間山] 浅間山 （あさまやま）は、 長野県 北佐久郡 軽井沢町 及び 御代田町 と 群馬県 吾妻郡 嬬恋村 との境にある 安山岩 質の 標高 2,568 メートル (m) の 成層火山 。山体は 円錐 形で カルデラ も形成されており、活発な 活火山 として知られる。","https://ja.wikipedia.org/wiki/浅間山","日本百名山","https://ja.wikipedia.org/wiki/日本百名山","箇条書き,制限あり","北緯36度24分23秒東経138度31分23秒","日本群馬県吾妻郡嬬恋村長野県北佐久郡軽井沢町・御代田町","北緯36度24分23秒東経138度31分23秒﻿ / ﻿北緯36.40639度 東経138.52306度﻿ /36.40639; 138.52306座標:北緯36度24分23秒東経138度31分23秒﻿ / ﻿北緯36.40639度 東経138.52306度﻿ /36.40639; 138.52306","2,568m","浅間山系","成層火山（活火山ランクA）","","","","","","","","","","","","","",""
"筑波山","[筑波山] 筑波山 （つくばさん）は、 日本 の 関東地方 東部、 茨城県 つくば市 北端にある 標高 877mの 山 。 筑波山神社 の 境内 地で西側の 男体山 （標高871m）と東側の 女体山 （標高877m）からなる。雅称は 紫峰 （しほう）。 筑波嶺 （つくばね）とも言い、茨城県のシンボルの一つとされている  。","https://ja.wikipedia.org/wiki/筑波山","日本百名山","https://ja.wikipedia.org/wiki/日本百名山","箇条書き,制限あり","北緯36度13分31秒東経140度6分24秒","日本茨城県つくば市","北緯36度13分31秒東経140度6分24秒﻿ / ﻿北緯36.22528度 東経140.10667度﻿ /36.22528; 140.10667座標:北緯36度13分31秒東経140度6分24秒﻿ / ﻿北緯36.22528度 東経140.10667度﻿ /36.22528; 140.10667","877m","八溝山地","堅牢残丘","","","","","","","","","","","","","",""
"丹沢山","[丹沢山] 丹沢山 （たんざわさん・たんざわやま）は 丹沢山地 の 丹沢主脈 にある標高1,567mの山。 神奈川県 相模原市 緑区 と 愛甲郡 清川村 、 足柄上郡 山北町 の境界に位置し、周辺の山々と共に 丹沢大山国定公園 に指定されている。","https://ja.wikipedia.org/wiki/丹沢山","日本百名山","https://ja.wikipedia.org/wiki/日本百名山","箇条書き,制限あり","北緯35度28分27秒東経139度09分46秒","神奈川県相模原市緑区・山北町・清川村","北緯35度28分27秒東経139度09分46秒﻿ / ﻿北緯35.47417度 東経139.16278度﻿ /35.47417; 139.16278座標:北緯35度28分27秒東経139度09分46秒﻿ / ﻿北緯35.47417度 東経139.16278度﻿ /35.47417; 139.16278","1,567.1m","丹沢山地","山塊","","","","","","","","","","","","","",""
"両神山","[両神山] 両神山 （りょうかみさん）は 埼玉県 秩父郡 小鹿野町 と 秩父市 の境目にある 山 。 奥秩父山塊 の北部にあり、標高は1,723m。 日本百名山 の一つ。 山岳信仰 の 霊峰 であり、両神山、 三峰山 、 武甲山 をあわせて「秩父三山」という  。","https://ja.wikipedia.org/wiki/両神山","日本百名山","https://ja.wikipedia.org/wiki/日本百名山","箇条書き,制限あり","北緯36度01分24秒東経138度50分29秒","日本埼玉県秩父郡小鹿野町・秩父市","北緯36度01分24秒東経138度50分29秒﻿ / ﻿北緯36.02333度 東経138.84139度﻿ /36.02333; 138.84139座標:北緯36度01分24秒東経138度50分29秒﻿ / ﻿北緯36.02333度 東経138.84139度﻿ /36.02333; 138.84139","1,723m","秩父山地（奥秩父山地）","","","","","","","","","","","","","","",""
"雲取山","[雲取山] 雲取山 （くもとりやま・くもとりさん  ）は、 東京都 ・ 埼玉県 ・ 山梨県 の 境界 にある 標高 2,017.13m  の 山 。東京都の最高峰であり、都内の山で2000mを越えるのは、この山のみとなっている。 ","https://ja.wikipedia.org/wiki/雲取山","日本百名山","https://ja.wikipedia.org/wiki/日本百名山","箇条書き,制限あり","北緯35度51分20秒東経138度56分38秒","日本東京都西多摩郡奥多摩町埼玉県秩父市山梨県北都留郡丹波山村","北緯35度51分20秒東経138度56分38秒﻿ / ﻿北緯35.85556度 東経138.94389度﻿ /35.85556; 138.94389座標:北緯35度51分20秒東経138度56分38秒﻿ / ﻿北緯35.85556度 東経138.94389度﻿ /35.85556; 138.94389","2,017.13m","秩父山地","","","","","","","","","","","","","","",""
"白馬岳","[白馬岳] 白馬岳 （しろうまだけ）は、 飛騨山脈 （北アルプス）北部の 後立山連峰 にある 標高 2,932 m の 山 。 長野県 と 富山県 とにまたがり、 中部山岳国立公園  内にある。","https://ja.wikipedia.org/wiki/白馬岳","日本百名山","https://ja.wikipedia.org/wiki/日本百名山","箇条書き,制限あり","北緯36度45分31秒東経137度45分31秒","日本長野県北安曇郡白馬村富山県黒部市、下新川郡朝日町","北緯36度45分31秒東経137度45分31秒﻿ / ﻿北緯36.75861度 東経137.75861度﻿ /36.75861; 137.75861座標:北緯36度45分31秒東経137度45分31秒﻿ / ﻿北緯36.75861度 東経137.75861度﻿ /36.75861; 137.75861","2,932.24m","飛騨山脈（後立山連峰）","褶曲・隆起","1883年（北安曇郡長ら）","","","","","","","","","","","","",""
"五竜岳","[五竜岳] 五竜岳 （ごりゅうだけ）は、 飛騨山脈 （北アルプス） 後立山連峰 にある 標高 2,814 m の 山 。山体は 富山県 黒部市 と 長野県 大町市 にまたがり、山頂部は富山県側に位置する  。男性的な山容で、 日本百名山 の一つ  。「竜」のみを 旧字体 にして 五龍岳 と表記されることもある  。旧字体による表記は「五龍嶽」。","https://ja.wikipedia.org/wiki/五竜岳","日本百名山","https://ja.wikipedia.org/wiki/日本百名山","箇条書き,制限あり","北緯36度39分30秒東経137度45分10秒","日本富山県黒部市・長野県大町市","北緯36度39分30秒東経137度45分10秒﻿ / ﻿北緯36.65833度 東経137.75278度﻿ /36.65833; 137.75278座標:北緯36度39分30秒東経137度45分10秒﻿ / ﻿北緯36.65833度 東経137.75278度﻿ /36.65833; 137.75278","2,814m","飛騨山脈（後立山連峰）","","三枝威之助（1908年7月）","","","","","","","","","","","","",""
"鹿島槍ヶ岳","[鹿島槍岳] 鹿島槍ヶ岳 （かしまやりがたけ）は、 富山県 黒部市 、 中新川郡 立山町 および 長野県 大町市 にまたがる 後立山連峰 （ 飛騨山脈 ）の 標高 2,889 m の 山   。 中部山岳国立公園 内にある   。後立山連峰の盟主とされる   。","https://ja.wikipedia.org/wiki/鹿島槍ヶ岳","日本百名山","https://ja.wikipedia.org/wiki/日本百名山","箇条書き,制限あり","北緯36度37分28秒東経137度44分49秒","日本富山県黒部市・立山町長野県大町市","北緯36度37分28秒東経137度44分49秒﻿ / ﻿北緯36.62444度 東経137.74694度﻿ /36.62444; 137.74694座標:北緯36度37分28秒東経137度44分49秒﻿ / ﻿北緯36.62444度 東経137.74694度﻿ /36.62444; 137.74694","2,889.08m","飛騨山脈（後立山連峰）","褶曲・隆起","","","","","","","","","","","","","",""
"剱岳","[剱岳] 剱岳 （つるぎだけ）は、 飛騨山脈 （北アルプス）北部の 立山連峰 にある 標高 2,999 m  の 山 。 富山県 の 上市町 と 立山町 にまたがる。 中部山岳国立公園 内にあり  、山域はその特別保護地区になっている。 日本百名山  および 新日本百名山  に選定されている。 立山 、 鹿島槍ヶ岳 、 唐松岳 と並び、日本では数少ない 氷河 の現存する山である   。","https://ja.wikipedia.org/wiki/剱岳","日本百名山","https://ja.wikipedia.org/wiki/日本百名山","箇条書き,制限あり","北緯36度37分24秒東経137度37分01秒","富山県中新川郡上市町、立山町","北緯36度37分24秒東経137度37分01秒﻿ / ﻿北緯36.62333度 東経137.61694度﻿ /36.62333; 137.61694","2,999m","飛騨山脈（立山連峰）","氷食尖峰","","","","","","","","","","","","","",""
"立山","[立山] 立山 （たてやま）は、 日本 の 飛騨山脈 （北アルプス）北部、 中部山岳国立公園 を代表する雄大な群峰・連峰群である  。 立山連峰 と 後立山連峰 からなる複列連峰である。特に、立山連峰では、雄峰立山七十二峰八千八谷と謳われ、古来より信仰  の対象として神々が宿る精神的な山々の空間を 立山 と称した。仏教観の 須弥山 。古くは多知夜麻（たちやま）とも立山（りゅうさん・りゅうせん）とも称された。国文学表現の植(う)うる剣とも太刀の峯とも謳われる。","https://ja.wikipedia.org/wiki/立山","日本百名山","https://ja.wikipedia.org/wiki/日本百名山","箇条書き,制限あり","北緯36度34分33秒東経137度37分11秒","富山県中新川郡立山町芦峅寺","北緯36度34分33秒東経137度37分11秒﻿ / ﻿北緯36.57583度 東経137.61972度﻿ /36.57583; 137.61972","3,015m","飛騨山脈、立山連峰","","","","","","","","","","","","","","",""
"薬師岳","[薬師岳] 薬師岳 （やくしだけ）は 富山県 富山市 南東部に位置する 標高 2,926 m の 山 。 剱岳 ・ 立山 と並ぶ 飛騨山脈 （北アルプス） 立山連峰 の主要峰である。山域は 中部山岳国立公園 に指定されている  。山頂には 二等三角点 が設定されている。点名は「薬師ヶ岳」。所在地は、富山県富山市大字有峰字直川谷割39・黒部谷割国有林  。","https://ja.wikipedia.org/wiki/薬師岳","日本百名山","https://ja.wikipedia.org/wiki/日本百名山","箇条書き,制限あり","北緯36度28分08秒東経137度32分41秒","日本富山県富山市","北緯36度28分08秒東経137度32分41秒﻿ / ﻿北緯36.46889度 東経137.54472度﻿ /36.46889; 137.54472座標:北緯36度28分08秒東経137度32分41秒﻿ / ﻿北緯36.46889度 東経137.54472度﻿ /36.46889; 137.54472","2,926.01m","飛騨山脈（立山連峰）","","","","","","","","","","","","","","",""
"黒部五郎岳","[黒部五郎岳] 黒部五郎岳 （くろべごろうだけ）は、 富山県 富山市 、 岐阜県 飛騨市 及び 高山市 にまたがる 飛騨山脈 の 標高 2,840 m の 山 である。別名、 中ノ俣岳 （なかのまただけ）、鍋岳。黒部五郎岳は 富山県 側、中ノ俣岳は 岐阜県 側の古来の名称。 日本百名山  及び 花の百名山  に選定されている。山域は 中部山岳国立公園 に指定されている  。","https://ja.wikipedia.org/wiki/黒部五郎岳","日本百名山","https://ja.wikipedia.org/wiki/日本百名山","箇条書き,制限あり","北緯36度23分33秒東経137度32分24秒","日本富山県富山市岐阜県高山市・飛騨市","北緯36度23分33秒東経137度32分24秒﻿ / ﻿北緯36.39250度 東経137.54000度﻿ /36.39250; 137.54000座標:北緯36度23分33秒東経137度32分24秒﻿ / ﻿北緯36.39250度 東経137.54000度﻿ /36.39250; 137.54000","2,839.58m","飛騨山脈（立山連峰）","","","","","","","","","","","","","","",""
"水晶岳","[黒岳] 水晶岳 （すいしょうだけ）は 富山市 南東部に位置する 標高 2,986 m の 飛騨山脈 （北アルプス）の 山 である。山域は 中部山岳国立公園 に指定され  、 日本百名山 に選定されている  。 別名は、 黒岳 。","https://ja.wikipedia.org/wiki/水晶岳","日本百名山","https://ja.wikipedia.org/wiki/日本百名山","箇条書き,制限あり","北緯36度25分35秒東経137度36分10秒","日本富山県富山市","北緯36度25分35秒東経137度36分10秒﻿ / ﻿北緯36.42639度 東経137.60278度﻿ /36.42639; 137.60278座標:北緯36度25分35秒東経137度36分10秒﻿ / ﻿北緯36.42639度 東経137.60278度﻿ /36.42639; 137.60278","2,986m","飛騨山脈","","","","","","","","","","","","","","",""
"鷲羽岳","[鷲羽岳] 鷲羽岳 （わしばだけ）は 長野県 大町市 と 富山県 富山市 にまたがる、 北アルプス の 標高 2,924 m の 山 である。 1934年 （昭和9年）12月4日に 中部山岳国立公園 に指定され、山域はその特別保護地区になっている  。また 日本百名山 にも選定されている  。","https://ja.wikipedia.org/wiki/鷲羽岳","日本百名山","https://ja.wikipedia.org/wiki/日本百名山","箇条書き,制限あり","北緯36度24分11秒東経137度36分19秒","日本長野県大町市富山県富山市","北緯36度24分11秒東経137度36分19秒﻿ / ﻿北緯36.40306度 東経137.60528度﻿ /36.40306; 137.60528座標:北緯36度24分11秒東経137度36分19秒﻿ / ﻿北緯36.40306度 東経137.60528度﻿ /36.40306; 137.60528","2,924.35m","飛騨山脈","","志村烏嶺（1907年）","","","","","","","","","","","","",""
"槍ヶ岳","[槍ヶ岳] 槍ヶ岳 （やりがたけ）は、 飛騨山脈 南部にある 標高 3,180 m の 山 である。山域は 中部山岳国立公園 に指定されており  、 日本で5番目に高い山 である。 長野県 松本市 ・ 大町市 ・ 岐阜県 高山市 の境界にある。初登攀は 僧 の 播隆上人 。 日本百名山  、 新日本百名山  及び 花の百名山  に選定されている。通称「槍」。","https://ja.wikipedia.org/wiki/槍ヶ岳","日本百名山","https://ja.wikipedia.org/wiki/日本百名山","箇条書き,制限あり","北緯36度20分31秒東経137度38分51秒","日本長野県松本市、大町市岐阜県高山市","北緯36度20分31秒東経137度38分51秒﻿ / ﻿北緯36.34194度 東経137.64750度﻿ /36.34194; 137.64750座標:北緯36度20分31秒東経137度38分51秒﻿ / ﻿北緯36.34194度 東経137.64750度﻿ /36.34194; 137.64750","3,180m","飛騨山脈","氷食尖峰","1828年7月20日 (旧暦)（播隆上人）","","","","","","","","","","","","",""
"穂高岳","[穂高岳] 穂高岳 （ほたかだけ）は、 中部山岳国立公園  の 飛驒山脈 にある 標高 3,190 m の 山 （奥穂高岳）を主峰とする山々の総称。 日本第3位 の高峰。 日本百名山  、 新日本百名山  及び 花の百名山  に選定されている。これらの山々は 穂高連峰 とも称され、 槍ヶ岳 とともに 槍・穂高連峰 とも称される  。","https://ja.wikipedia.org/wiki/穂高岳","日本百名山","https://ja.wikipedia.org/wiki/日本百名山","箇条書き,制限あり","北緯36度17分21秒東経137度38分53秒","長野県松本市、岐阜県高山市","北緯36度17分21秒東経137度38分53秒﻿ / ﻿北緯36.28917度 東経137.64806度﻿ /36.28917; 137.64806座標:北緯36度17分21秒東経137度38分53秒﻿ / ﻿北緯36.28917度 東経137.64806度﻿ /36.28917; 137.64806","3,190m","飛驒山脈","","1906年(阿部郡治)","","","","","","","","","","","","",""
"常念岳","[常念岳] 常念岳 （じょうねんだけ）は、 飛騨山脈 （北アルプス）南部の 常念山脈 にある 標高 2,857 m の 山 である。山体すべてが 長野県 に属し、 松本市 と 安曇野市 にまたがる。 常念山脈 の主峰。 日本百名山 のひとつ  。","https://ja.wikipedia.org/wiki/常念岳","日本百名山","https://ja.wikipedia.org/wiki/日本百名山","箇条書き,制限あり","北緯36度19分32秒東経137度43分39秒","長野県松本市･安曇野市","北緯36度19分32秒東経137度43分39秒﻿ / ﻿北緯36.32556度 東経137.72750度﻿ /36.32556; 137.72750","2,857m","飛騨山脈（常念山脈）","","ウォルター・ウェストン(1894年)my,","","","","","","","","","","","","",""
"笠ヶ岳","[笠ヶ岳] 笠ヶ岳 （かさがたけ）は、 岐阜県 高山市 にある 飛騨山脈 の 標高 2,898 m の 山 である   。 中部山岳国立公園 内にあり  、 日本百名山  及び 新・花の百名山  に選定されている。","https://ja.wikipedia.org/wiki/笠ヶ岳","日本百名山","https://ja.wikipedia.org/wiki/日本百名山","箇条書き,制限あり","北緯36度18分56秒東経137度33分01秒","日本岐阜県高山市","北緯36度18分56秒東経137度33分01秒﻿ / ﻿北緯36.31556度 東経137.55028度﻿ /36.31556; 137.55028座標:北緯36度18分56秒東経137度33分01秒﻿ / ﻿北緯36.31556度 東経137.55028度﻿ /36.31556; 137.55028","2,897.48m","飛騨山脈","氷食尖峰","1683年（円空開山）","","","","","","","","","","","","",""
"焼岳","[焼岳] 焼岳 (やけだけ)は 飛騨山脈 の 長野県 と 岐阜県 にまたがる 標高 2,455 m の 活火山 で、別名は硫黄岳  。常時観測対象の火山  に指定され、 日本百名山 に選定されている  。","https://ja.wikipedia.org/wiki/焼岳","日本百名山","https://ja.wikipedia.org/wiki/日本百名山","箇条書き,制限あり","北緯36度13分37秒東経137度35分13秒","日本長野県松本市岐阜県高山市","北緯36度13分37秒東経137度35分13秒﻿ / ﻿北緯36.22694度 東経137.58694度﻿ /36.22694; 137.58694座標:北緯36度13分37秒東経137度35分13秒﻿ / ﻿北緯36.22694度 東経137.58694度﻿ /36.22694; 137.58694","2,455m","飛騨山脈","成層火山（活火山ランクB）噴火警戒レベル1（活火山であることに 留意）・常時観測火山","","","","","","","","","","","","","",""
"乗鞍岳","[乗鞍岳] 乗鞍岳 （のりくらだけ）は、 飛騨山脈 南部の 長野県 松本市 と 岐阜県 高山市 にまたがる 剣ヶ峰 （ 標高 3,026 m ）を主峰とする山々の総称。山頂部の権現池火口の外輪山に位置する 最高峰 の 剣ヶ峰 、 朝日岳 などの8峰を含め、 摩利支天 岳、 富士見岳 など23の峰があり、高山市奥飛騨温泉郷、高山市 丹生川町 、高山市 朝日町 、高山市 高根町 、 長野県 松本市安曇 にまたがる広大な裾野をもつ。 飛騨 側の高山市街地などから大きな山容を望むことができ、親しまれてきた 山 である   。剣ヶ峰は、 本州 を 太平洋 側と 日本海 側に分ける 分水界 上の最高峰でもある。","https://ja.wikipedia.org/wiki/乗鞍岳","日本百名山","https://ja.wikipedia.org/wiki/日本百名山","箇条書き,制限あり","北緯36度6分23秒東経137度33分13秒","日本長野県松本市岐阜県高山市","北緯36度6分23秒東経137度33分13秒﻿ / ﻿北緯36.10639度 東経137.55361度﻿ /36.10639; 137.55361座標:北緯36度6分23秒東経137度33分13秒﻿ / ﻿北緯36.10639度 東経137.55361度﻿ /36.10639; 137.55361","3,025.73m","飛騨山脈","複合火山（活火山ランクC）噴火警戒レベル1（活火山であることに留意）・常時観測火山","1683年（円空上人）","","","","","","","","","","","","",""
"御嶽山","[御嶽山] 御嶽山  （おんたけさん）は、 長野県 木曽郡 木曽町 ・ 王滝村 と 岐阜県 下呂市 ・ 高山市 にまたがり、 東日本火山帯 の西端に位置する 標高 3,067 m の複合 成層火山 である   。大きな裾野を広げる 独立峰 である   。","https://ja.wikipedia.org/wiki/御嶽山","日本百名山","https://ja.wikipedia.org/wiki/日本百名山","箇条書き,制限あり","北緯35度53分34秒東経137度28分49秒","日本長野県木曽郡木曽町・王滝村岐阜県下呂市・高山市","北緯35度53分34秒東経137度28分49秒﻿ / ﻿北緯35.89278度 東経137.48028度﻿ /35.89278; 137.48028座標:北緯35度53分34秒東経137度28分49秒﻿ / ﻿北緯35.89278度 東経137.48028度﻿ /35.89278; 137.48028","最高峰剣ヶ峰 3,067m","独立峰（御嶽山系）","成層火山活火山ランクB、噴火警戒レベル1(活火山であることに留意)","（702年に役小角が開山）","2014年（継続中）","","","","","","","","","","","",""
"美ヶ原","[美ヶ原] 美ヶ原 （うつくしがはら）は、 八ヶ岳中信高原国定公園 北西部にある 長野県 松本市 、 上田市 、 小県郡 長和町 にまたがる 高原 。 日本百名山 の一つ。","https://ja.wikipedia.org/wiki/美ヶ原","日本百名山","https://ja.wikipedia.org/wiki/日本百名山","箇条書き,制限あり","北緯36度13分32.8685秒東経138度6分26.7915秒","長野県松本市・上田市・小県郡長和町","北緯36度13分32.8685秒東経138度6分26.7915秒﻿ / ﻿北緯36.225796806度 東経138.107442083度﻿ /36.225796806; 138.107442083","2034.34（王ヶ頭）m","","火山","","","","","","","","","","","","","",""
"霧ヶ峰","[霧ヶ峰] 霧ヶ峰 （きりがみね）は、長野県中部の 茅野市 、 諏訪市 、 諏訪郡 下諏訪町 にまたがる 火山  。 八ヶ岳中信高原国定公園 内にある  。","https://ja.wikipedia.org/wiki/霧ヶ峰","日本百名山","https://ja.wikipedia.org/wiki/日本百名山","箇条書き,制限あり","北緯36度06分11秒東経138度11分48秒","長野県茅野市・諏訪市・諏訪郡下諏訪町・小県郡長和町","北緯36度06分11秒東経138度11分48秒﻿ / ﻿北緯36.10306度 東経138.19667度﻿ /36.10306; 138.19667座標:北緯36度06分11秒東経138度11分48秒﻿ / ﻿北緯36.10306度 東経138.19667度﻿ /36.10306; 138.19667","車山1,925m","","火山","","約75万年前","","","","","","","","","","","",""
"蓼科山","[蓼科山] 蓼科山 （たてしなやま）は 八ヶ岳連峰 の北端に位置する標高2,531mの 火山   。コニーデと呼ばれる台地状の火山に、円錐型のトロイデを重ねた複式火山。諏訪から仰ぐと優美な円錐型に見えることから、諏訪富士の別名も持つ  。山体は 八ヶ岳中信高原国定公園 に含まれる。 日本百名山 のひとつ。途中（七合目）には将軍平がある。","https://ja.wikipedia.org/wiki/蓼科山","日本百名山","https://ja.wikipedia.org/wiki/日本百名山","箇条書き,制限あり","北緯36度06分13秒東経138度17分42秒","長野県茅野市・北佐久郡立科町","北緯36度06分13秒東経138度17分42秒﻿ / ﻿北緯36.10361度 東経138.29500度﻿ /36.10361; 138.29500座標:北緯36度06分13秒東経138度17分42秒﻿ / ﻿北緯36.10361度 東経138.29500度﻿ /36.10361; 138.29500","2,530m","八ヶ岳連峰","溶岩ドーム","","約30万年前","","","","","","","","","","","",""
"八ヶ岳","[八ヶ岳] 八ヶ岳 （やつがたけ、 八ケ岳 とも表記される）は、 諏訪湖 の東方にあって 長野県 から 山梨県 へと南北に連なる火山  。 日本百名山 の一つ。","https://ja.wikipedia.org/wiki/八ヶ岳","日本百名山","https://ja.wikipedia.org/wiki/日本百名山","箇条書き,制限あり","北緯35度58分15秒東経138度22分12秒","日本山梨県・長野県","北緯35度58分15秒東経138度22分12秒﻿ / ﻿北緯35.97083度 東経138.37000度﻿ /35.97083; 138.37000座標:北緯35度58分15秒東経138度22分12秒﻿ / ﻿北緯35.97083度 東経138.37000度﻿ /35.97083; 138.37000","","","火山群","","","赤岳（2,899m）","","30km","","","","","","","","",""
"木曽駒ヶ岳","[木曾駒ヶ岳] 木曽駒ヶ岳 （きそこまがたけ）は 長野県 上松町 ・ 木曽町 ・ 宮田村 の境界にそびえる 標高 2,956 m の 山 で、 木曽山脈 （中央アルプス）の最高峰。 日本百名山  、 新日本百名山  、 花の百名山  に選定されている。 木曾駒ヶ岳 とも表記され、また略して 木曽駒 と呼ばれる事もある。","https://ja.wikipedia.org/wiki/木曽駒ヶ岳","日本百名山","https://ja.wikipedia.org/wiki/日本百名山","箇条書き,制限あり","北緯35度47分22秒東経137度48分16秒","長野県木曽郡上松町・木曽町上伊那郡宮田村","北緯35度47分22秒東経137度48分16秒﻿ / ﻿北緯35.78944度 東経137.80444度﻿ /35.78944; 137.80444","2,955.95m","木曽山脈（中央アルプス）","","","","","","","","","","","","","","",""
"空木岳","[空木岳] 空木岳 （うつぎだけ）は 長野県 駒ヶ根市 、 飯島町 、 大桑村 にまたがる 標高 2,864 m の 山 。 木曽駒ヶ岳 山群以外では 木曽山脈 （中央アルプス）で最も標高の高い山であり、 日本百名山 に選定されている。","https://ja.wikipedia.org/wiki/空木岳","日本百名山","https://ja.wikipedia.org/wiki/日本百名山","箇条書き,制限あり","北緯35度43分08秒東経137度49分02秒","日本長野県駒ヶ根市・上伊那郡飯島町木曽郡大桑村","北緯35度43分08秒東経137度49分02秒﻿ / ﻿北緯35.71889度 東経137.81722度﻿ /35.71889; 137.81722","2,863.98m","木曽山脈","隆起（花崗岩）、圏谷（東面）","","","","","","","","","","","","","",""
"恵那山","[恵那山] 恵那山 （えなさん）(胞衣山・胞山）は 長野県 阿智村 と 岐阜県 中津川市 にまたがる、 木曽山脈 （中央アルプス）の最南端の 標高 2,191 m の 山 である  。 日本百名山  及び 新・花の百名山  に選定されている。岐阜県は 胞山県立自然公園 に指定している。","https://ja.wikipedia.org/wiki/恵那山","日本百名山","https://ja.wikipedia.org/wiki/日本百名山","箇条書き,制限あり","北緯35度26分37秒東経137度35分50秒","日本長野県下伊那郡阿智村岐阜県中津川市","北緯35度26分37秒東経137度35分50秒﻿ / ﻿北緯35.44361度 東経137.59722度﻿ /35.44361; 137.59722座標:北緯35度26分37秒東経137度35分50秒﻿ / ﻿北緯35.44361度 東経137.59722度﻿ /35.44361; 137.59722","2,191m","木曽山脈","","","","","","","","","","","","","","",""
"甲斐駒ヶ岳","[甲斐駒ヶ岳] 甲斐駒ヶ岳 （かいこまがたけ）は、 南アルプス国立公園 内の 赤石山脈 （南アルプス）北端の 山梨県 北杜市 と 長野県 伊那市 にまたがる 標高 2,967 m の 山 である。峻険な山容をもち、半ば独立峰のような姿勢で屹立する 日本アルプス 屈指の名峰で、 日本百名山  、 新日本百名山  、 新・花の百名山  、 山梨百名山  、 信州百名山 、 日本百景 に選定されている。","https://ja.wikipedia.org/wiki/甲斐駒ヶ岳","日本百名山","https://ja.wikipedia.org/wiki/日本百名山","箇条書き,制限あり","北緯35度45分28秒東経138度14分12秒","山梨県北杜市、長野県伊那市","北緯35度45分28秒東経138度14分12秒﻿ / ﻿北緯35.75778度 東経138.23667度﻿ /35.75778; 138.23667座標:北緯35度45分28秒東経138度14分12秒﻿ / ﻿北緯35.75778度 東経138.23667度﻿ /35.75778; 138.23667","2,967m","赤石山脈","隆起（花崗岩）","1818年（小尾権三郎が開山）","","","","","","","","","","","","",""
"仙丈ヶ岳","[仙丈岳] 仙丈ヶ岳 または 仙丈岳 （せんじょうがたけ・せんじょうだけ）は、 長野県 伊那市 と 山梨県 南アルプス市 にまたがる 南アルプス国立公園 内の 赤石山脈 の北部にある 標高 3,033 m の 山 である。","https://ja.wikipedia.org/wiki/仙丈ヶ岳","日本百名山","https://ja.wikipedia.org/wiki/日本百名山","箇条書き,制限あり","北緯35度43分12秒東経138度11分1秒","日本山梨県南アルプス市長野県伊那市","北緯35度43分12秒東経138度11分1秒﻿ / ﻿北緯35.72000度 東経138.18361度﻿ /35.72000; 138.18361座標:北緯35度43分12秒東経138度11分1秒﻿ / ﻿北緯35.72000度 東経138.18361度﻿ /35.72000; 138.18361","3,032.88m","赤石山脈","氷食尖峰、褶曲隆起","","","","","","","","","","","","","",""
"鳳凰山","[鳳凰山] 鳳凰山 （ほうおうざん）は 山梨県 の南アルプス北東部にある3つの山の総称である。後述の通り、鳳凰山とはどの山を指すのか歴史的には諸説あったため、地蔵ヶ岳・観音ヶ岳・薬師ヶ岳の3山の総称として特に 鳳凰三山 とも呼ばれる。 南アルプス国立公園 内にあり、 日本百名山  、 新日本百名山  、 新・花の百名山  および 山梨百名山  に選定されている。","https://ja.wikipedia.org/wiki/鳳凰山","日本百名山","https://ja.wikipedia.org/wiki/日本百名山","箇条書き,制限あり","北緯35度42分06秒東経138度18分17秒","日本山梨県南アルプス市・韮崎市・北杜市","北緯35度42分06秒東経138度18分17秒﻿ / ﻿北緯35.70167度 東経138.30472度﻿ /35.70167; 138.30472座標:北緯35度42分06秒東経138度18分17秒﻿ / ﻿北緯35.70167度 東経138.30472度﻿ /35.70167; 138.30472","2,841m","赤石山脈","隆起褶曲（花崗岩）","","","","","","","","","","","","","",""
"北岳","[北岳] 北岳 （きただけ）は、 山梨県 南アルプス市 にある 標高 3,193 メートル  の山。 赤石山脈 （南アルプス）北部に位置し、 富士山 に次ぐ 日本第2位 の高峰である  。","https://ja.wikipedia.org/wiki/北岳","日本百名山","https://ja.wikipedia.org/wiki/日本百名山","箇条書き,制限あり","北緯35度40分28秒東経138度14分20秒","日本山梨県南アルプス市","北緯35度40分28秒東経138度14分20秒﻿ / ﻿北緯35.67444度 東経138.23889度﻿ /35.67444; 138.23889座標:北緯35度40分28秒東経138度14分20秒﻿ / ﻿北緯35.67444度 東経138.23889度﻿ /35.67444; 138.23889","3,193.2m","赤石山脈","隆起","1871年（名取直江）","","","","","","","","","","","","",""
"間ノ岳","[間ノ岳] 間ノ岳 （あいのだけ）は 赤石山脈 （南アルプス）北部にある 標高 3,190 m の 山      。 飛騨山脈 の 穂高岳 と並んで、 日本第3位の高峰 である。深田久弥の 日本百名山 のひとつ。山頂は 山梨県 と 静岡県 にまたがる。","https://ja.wikipedia.org/wiki/間ノ岳","日本百名山","https://ja.wikipedia.org/wiki/日本百名山","箇条書き,制限あり","北緯35度38分46秒東経138度13分42秒","日本山梨県南アルプス市、南巨摩郡早川町静岡県静岡市葵区","北緯35度38分46秒東経138度13分42秒﻿ / ﻿北緯35.64611度 東経138.22833度﻿ /35.64611; 138.22833﻿ (間ノ岳)座標:北緯35度38分46秒東経138度13分42秒﻿ / ﻿北緯35.64611度 東経138.22833度﻿ /35.64611; 138.22833﻿ (間ノ岳)","3,189.50m","赤石山脈","隆起","","","","","","","","","","","","","",""
"塩見岳","[塩見岳] 塩見岳 （しおみだけ）は、 長野県 伊那市 と 静岡県 静岡市 葵区 にまたがる 標高 3,052 m の 山 である。 赤石山脈 （南アルプス）中央部の 南アルプス国立公園 内にあり  、山頂周辺はその特別保護地区に指定されている。頂上は 長野県 伊那市 の最高点である。","https://ja.wikipedia.org/wiki/塩見岳","日本百名山","https://ja.wikipedia.org/wiki/日本百名山","箇条書き,制限あり","北緯35度34分26秒東経138度10分59秒","日本長野県伊那市静岡県静岡市葵区","北緯35度34分26秒東経138度10分59秒﻿ / ﻿北緯35.57389度 東経138.18306度﻿ /35.57389; 138.18306座標:北緯35度34分26秒東経138度10分59秒﻿ / ﻿北緯35.57389度 東経138.18306度﻿ /35.57389; 138.18306","3,047.28m","赤石山脈","隆起・褶曲","","","","","","","","","","","","","",""
"荒川岳","[悪沢岳] 荒川岳 （あらかわだけ）は 南アルプス国立公園 内の 赤石山脈 （南アルプス）中央部にある前岳、中岳、悪沢岳（東岳）の3つの 山 の総称である。","https://ja.wikipedia.org/wiki/荒川岳","日本百名山","https://ja.wikipedia.org/wiki/日本百名山","箇条書き,制限あり","北緯35度30分02秒東経138度10分56秒","日本静岡県静岡市葵区長野県下伊那郡大鹿村","北緯35度30分02秒東経138度10分56秒﻿ / ﻿北緯35.50056度 東経138.18222度﻿ /35.50056; 138.18222座標:北緯35度30分02秒東経138度10分56秒﻿ / ﻿北緯35.50056度 東経138.18222度﻿ /35.50056; 138.18222","3,141m","赤石山脈","","1909年（記録上小島烏水ら）","","","","","","","","","","","","",""
"赤石岳","[赤石岳] 赤石岳 （あかいしだけ）は 赤石山脈 の 長野県 と 静岡県 にまたがる 標高 3,121 m の 山 である   。 南アルプス国立公園 内にあり  、 日本百名山  及び 新日本百名山  に選定されている。","https://ja.wikipedia.org/wiki/赤石岳","日本百名山","https://ja.wikipedia.org/wiki/日本百名山","箇条書き,制限あり","北緯35度27分40秒東経138度09分26秒","日本長野県下伊那郡大鹿村静岡県静岡市葵区","北緯35度27分40秒東経138度09分26秒﻿ / ﻿北緯35.4611度 東経138.1572度﻿ /35.4611; 138.1572座標:北緯35度27分40秒東経138度09分26秒﻿ / ﻿北緯35.4611度 東経138.1572度﻿ /35.4611; 138.1572}","3,120.53m","赤石山脈","氷食尖峰、隆起","","","","","","","","","","","","","",""
"聖岳","[聖岳] 聖岳 （ひじりだけ）は、 赤石山脈 （南アルプス）南部の 静岡市 葵区 と 長野県 飯田市 の境界に位置する 標高 3,013 m の 山 である。 日本百名山 に選定されている  。","https://ja.wikipedia.org/wiki/聖岳","日本百名山","https://ja.wikipedia.org/wiki/日本百名山","箇条書き,制限あり","北緯35度25分22秒東経138度8分23秒","静岡県静岡市葵区長野県飯田市","北緯35度25分22秒東経138度8分23秒﻿ / ﻿北緯35.42278度 東経138.13972度﻿ /35.42278; 138.13972座標:北緯35度25分22秒東経138度8分23秒﻿ / ﻿北緯35.42278度 東経138.13972度﻿ /35.42278; 138.13972","3,013m","赤石山脈","褶曲隆起","1905年","","","","","","","","","","","","",""
"光岳","[光岳] 光岳 （てかりだけ）は 赤石山脈 （南アルプス）南部の 標高 2,592 m の 山 である   。 日本百名山 に選定されている  。","https://ja.wikipedia.org/wiki/光岳","日本百名山","https://ja.wikipedia.org/wiki/日本百名山","箇条書き,制限あり","北緯35度20分17.4319秒東経138度05分02.6035秒","日本静岡県静岡市葵区・榛原郡川根本町長野県飯田市","北緯35度20分17.4319秒東経138度05分02.6035秒﻿ / ﻿北緯35.338175528度 東経138.084056528度﻿ /35.338175528; 138.084056528座標:北緯35度20分17.4319秒東経138度05分02.6035秒﻿ / ﻿北緯35.338175528度 東経138.084056528度﻿ /35.338175528; 138.084056528","2,591.52m","赤石山脈（南アルプス）","褶曲隆起","","","","","","","","","","","","","",""
"白山","[白山] 白山 （はくさん）は、 日本 の 北陸地方 、 白山国立公園 内  の 石川県 白山市 と 岐阜県 大野郡 白川村 にまたがる 標高 2,702 m の 活火山 である。","https://ja.wikipedia.org/wiki/白山","日本百名山","https://ja.wikipedia.org/wiki/日本百名山","箇条書き,制限あり","北緯36度09分18秒東経136度46分17秒","日本石川県白山市岐阜県大野郡白川村","北緯36度09分18秒東経136度46分17秒﻿ / ﻿北緯36.15500度 東経136.77139度﻿ /36.15500; 136.77139座標:北緯36度09分18秒東経136度46分17秒﻿ / ﻿北緯36.15500度 東経136.77139度﻿ /36.15500; 136.77139","2,702.14m","両白山地","成層火山（活火山ランクC）","717年 （泰澄上人）","","","","","","","","","","","","",""
"荒島岳","[荒島岳] 荒島岳 （あらしまだけ）は、 福井県 大野市 にある 標高 1,523mの 山 である。別名 大野富士 （おおのふじ）。 日本百名山 に選定されている  。 白山 と同様に 泰澄 が開山したと伝えられる。山頂には荒島神社があり、信仰の山とされてきた  。山域は 奥越高原県立自然公園 区域  に指定されている。","https://ja.wikipedia.org/wiki/荒島岳","日本百名山","https://ja.wikipedia.org/wiki/日本百名山","箇条書き,制限あり","北緯35度56分03秒東経136度36分05秒","日本福井県大野市","北緯35度56分03秒東経136度36分05秒﻿ / ﻿北緯35.93417度 東経136.60139度﻿ /35.93417; 136.60139座標:北緯35度56分03秒東経136度36分05秒﻿ / ﻿北緯35.93417度 東経136.60139度﻿ /35.93417; 136.60139","1,523.49m","越美山地","コールドロン","","","","","","","","","","","","","",""
"甲武信ヶ岳","[甲武信岳] 甲武信ヶ岳 （こぶしがたけ）は、 山梨県 ・ 埼玉県 ・ 長野県 の3県の境にある 標高 2,475mの 山 で、 奥秩父山塊 の主脈の中央に位置する。甲武信岳（こぶしだけ）とも呼ぶ。","https://ja.wikipedia.org/wiki/甲武信ヶ岳","日本百名山","https://ja.wikipedia.org/wiki/日本百名山","箇条書き,制限あり","北緯35度54分32秒東経138度43分44秒","埼玉県秩父市山梨県山梨市長野県川上村","北緯35度54分32秒東経138度43分44秒﻿ / ﻿北緯35.90889度 東経138.72889度﻿ /35.90889; 138.72889座標:北緯35度54分32秒東経138度43分44秒﻿ / ﻿北緯35.90889度 東経138.72889度﻿ /35.90889; 138.72889","2,475m","奥秩父山塊","","","","","","","","","","","","","","",""
"金峰山 (山梨県・長野県)","[金峰山] 金峰山 （きんぷさん/きんぽうざん）は、 山梨県 甲府市 と 長野県 南佐久郡 川上村 の境界にある標高2,599 m の 山 である。別名「 甲州御岳山 」  。","https://ja.wikipedia.org/wiki/金峰山_(山梨県・長野県)","日本百名山","https://ja.wikipedia.org/wiki/日本百名山","箇条書き,制限あり","北緯35度52分17秒東経138度37分31秒","山梨県甲府市長野県南佐久郡川上村","北緯35度52分17秒東経138度37分31秒﻿ / ﻿北緯35.87139度 東経138.62528度﻿ /35.87139; 138.62528座標:北緯35度52分17秒東経138度37分31秒﻿ / ﻿北緯35.87139度 東経138.62528度﻿ /35.87139; 138.62528","2,599m","奥秩父山塊","","","","","","","","","","","","","","",""
"瑞牆山","[瑞牆山] 瑞牆山 （みずがきやま）は 山梨県 北杜市 （旧 北巨摩郡 須玉町 ）にある標高2,230mの 山 で、 奥秩父 の山域の主脈の一つ。旧須玉町域の最北部にあたる。 日本百名山 のひとつ。","https://ja.wikipedia.org/wiki/瑞牆山","日本百名山","https://ja.wikipedia.org/wiki/日本百名山","箇条書き,制限あり","北緯35度53分36秒東経138度35分31秒","日本山梨県北杜市","北緯35度53分36秒東経138度35分31秒﻿ / ﻿北緯35.89333度 東経138.59194度﻿ /35.89333; 138.59194","2,230m","奥秩父山塊","","","","","","","","","","","","","","",""
"大菩薩嶺","[大菩薩岳] 大菩薩嶺 （だいぼさつれい）は、 山梨県 甲州市 と 北都留郡 丹波山村 に跨る 標高 2,057 m の 山 。 深田久弥 の 日本百名山 には「大菩薩岳」の項で取り上げられている。なお、 大菩薩峠 は大菩薩嶺の南方約2kmに位置する尾根の鞍部にあたる（標高1,897m）   。","https://ja.wikipedia.org/wiki/大菩薩嶺","日本百名山","https://ja.wikipedia.org/wiki/日本百名山","箇条書き,制限あり","北緯35度44分55秒東経138度50分43秒","山梨県甲州市、北都留郡丹波山村","北緯35度44分55秒東経138度50分43秒﻿ / ﻿北緯35.74861度 東経138.84528度﻿ /35.74861; 138.84528","2,056.9m","奥秩父山塊（大菩薩連嶺）","","","","","","","","","","","","","","",""
"富士山 (代表的なトピック)","[富士山] 古来 霊峰 とされ、特に山頂部は 浅間大神 が鎮座するとされたため、神聖視された。噴火を沈静化するため 律令国家 により 浅間神社 が祭祀され、 浅間信仰 が確立された。また、富士山修験道の開祖とされる 富士上人 により修験道の霊場としても認識されるようになり、登拝が行われるようになった。これら 富士信仰 は時代により多様化し、 村山修験 や 富士講 といった一派を形成するに至る。現在、富士山麓周辺には観光名所が多くある他、夏季シーズンには 富士登山 が盛んである。","https://ja.wikipedia.org/wiki/富士山_(代表的なトピック)","日本百名山","https://ja.wikipedia.org/wiki/日本百名山","箇条書き,制限あり","北緯35度21分45秒東経138度43分50秒","日本静岡県富士宮市裾野市富士市御殿場市駿東郡小山町山梨県富士吉田市南都留郡鳴沢村","北緯35度21分45秒東経138度43分50秒﻿ / ﻿北緯35.3625度 東経138.7306度﻿ /35.3625; 138.7306座標:北緯35度21分45秒東経138度43分50秒﻿ / ﻿北緯35.3625度 東経138.7306度﻿ /35.3625; 138.7306","3,776.12m","独立峰","成層火山・活火山ランクB・常時観測火山","663年（役小角）","","","","","","","","","","","","",""
"天城山","[天城山] 天城山 （あまぎさん）は、 静岡県 の 伊豆半島 中央部の東西に広がる山。天城山は連山の総称で、 天城連山 や 天城山脈 と称されることもある。 日本百名山 の一つ。","https://ja.wikipedia.org/wiki/天城山","日本百名山","https://ja.wikipedia.org/wiki/日本百名山","箇条書き,制限あり","北緯34度51分46秒東経139度00分06秒","静岡県伊豆市・伊東市・賀茂郡東伊豆町・賀茂郡河津町","北緯34度51分46秒東経139度00分06秒﻿ / ﻿北緯34.86278度 東経139.00167度﻿ /34.86278; 139.00167﻿ (万三郎岳)座標:北緯34度51分46秒東経139度00分06秒﻿ / ﻿北緯34.86278度 東経139.00167度﻿ /34.86278; 139.00167﻿ (万三郎岳)","万三郎岳 1,406m","伊豆半島","成層火山","","","","","","","","","","","","","",""
"伊吹山","[伊吹山] 伊吹山 （いぶきやま〈いぶきさん〉  ）は、 滋賀県 米原市 、 岐阜県 揖斐郡 揖斐川町 、 不破郡 関ケ原町 にまたがる 伊吹山地 の主峰（ 最高峰 ） 標高 1,377 m の 山 である  。 一等三角点 が置かれている山頂部は滋賀県米原市に属し  、 滋賀県最高峰 の山であり、山域は 琵琶湖国定公園 に指定されている  。","https://ja.wikipedia.org/wiki/伊吹山","日本百名山","https://ja.wikipedia.org/wiki/日本百名山","箇条書き,制限あり","北緯35度25分04秒東経136度24分23秒","日本滋賀県米原市岐阜県揖斐郡揖斐川町、不破郡関ケ原町","北緯35度25分04秒東経136度24分23秒﻿ / ﻿北緯35.41778度 東経136.40639度﻿ /35.41778; 136.40639座標:北緯35度25分04秒東経136度24分23秒﻿ / ﻿北緯35.41778度 東経136.40639度﻿ /35.41778; 136.40639","1,377.31m","伊吹山地","堆積岩（石灰岩）","","","","","","","","","","","","","",""
"大台ヶ原山","[大台ヶ原山] 大台ヶ原山 （おおだいがはらやま）は 奈良県 と 三重県 の 県境 にある 標高 1695.1m  の 山 である。 深田久弥 によって「 日本百名山 」に選ばれたほか、 日本百景 、 日本の秘境100選 にも選ばれている。 1980年 （昭和55年）に 国際連合教育科学文化機関 の 生物圏保護区 （ユネスコエコパーク）に登録された（登録名：大台ケ原・ 大峯山 ・ 大杉谷 ）  。","https://ja.wikipedia.org/wiki/大台ヶ原山","日本百名山","https://ja.wikipedia.org/wiki/日本百名山","箇条書き,制限あり","北緯34度11分7秒東経136度6分33秒","奈良県吉野郡上北山村、川上村、三重県多気郡大台町","北緯34度11分7秒東経136度6分33秒﻿ / ﻿北緯34.18528度 東経136.10917度﻿ /34.18528; 136.10917座標:北緯34度11分7秒東経136度6分33秒﻿ / ﻿北緯34.18528度 東経136.10917度﻿ /34.18528; 136.10917","1,695.1m","台高山脈","隆起準平原","","","","","","","","","","","","","",""
"大峰山","[大峰山] 大峰山 （おおみねさん）は、 奈良県 の南部にある 山 。現在では広義には 大峰山脈 を、狭義には 山上ヶ岳 （さんじょうがたけ）を指す。歴史的には「大峰山」は、大峰山脈のうち山上ヶ岳の南にある小篠（おざさ）から 熊野 までの峰々の呼び名であった。対して小篠から山上ヶ岳を含み尾根沿いに 吉野川 河岸までを 金峰山 という。","https://ja.wikipedia.org/wiki/大峰山","日本百名山","https://ja.wikipedia.org/wiki/日本百名山","箇条書き,制限あり","北緯34度15分8.56秒 東経135度56分27.36秒","","","","","","","","","","","","","","","","","","",""
"大山 (鳥取県)","[大山] 大山 （だいせん）は、 日本 の 鳥取県 にある 標高 1,729mの 山 。 成層火山 であるが、 活火山 としては扱われていない  。鳥取県および 中国地方 の最高峰でもある。 角盤山 （かくばんざん）とも呼ばれるほか、鳥取県西部の 旧国名 が 伯耆国 であったことから 伯耆大山 （ほうきだいせん）、あるいはその山容から 郷土富士 として 伯耆富士 や 出雲富士 とも呼ばれる  。 日本百名山 や 日本百景 にも選定され、鳥取県のシンボルの一つとされている  。","https://ja.wikipedia.org/wiki/大山_(鳥取県)","日本百名山","https://ja.wikipedia.org/wiki/日本百名山","箇条書き,制限あり","北緯35度22分16秒東経133度32分24秒","日本鳥取県大山町・琴浦町・江府町など","北緯35度22分16秒東経133度32分24秒﻿ / ﻿北緯35.37111度 東経133.54000度﻿ /35.37111; 133.54000座標:北緯35度22分16秒東経133度32分24秒﻿ / ﻿北緯35.37111度 東経133.54000度﻿ /35.37111; 133.54000","1,729m","独立峰（大山山系）","成層火山・溶岩ドーム","","約2万800年前","","","","","","","","","","","",""
"剣山","[剣山] ","https://ja.wikipedia.org/wiki/剣山","日本百名山","https://ja.wikipedia.org/wiki/日本百名山","箇条書き,制限あり","北緯33度51分13秒東経134度05分39秒","日本徳島県三好市・美馬市・那賀郡那賀町","北緯33度51分13秒東経134度05分39秒﻿ / ﻿北緯33.85361度 東経134.09417度﻿ /33.85361; 134.09417座標:北緯33度51分13秒東経134度05分39秒﻿ / ﻿北緯33.85361度 東経134.09417度﻿ /33.85361; 134.09417","1,954.65m","四国山地","","","","","","","","","","","","","","",""
"石鎚山","[石鎚山] 石鎚山 （いしづちさん、いしづちやま）は、 四国山地 西部に位置する標高1,982 mの 山 で、 近畿 以西を「西日本」とした場合の 西日本 最高峰である。 愛媛県 西条市 と 久万高原町 の境界に位置する。","https://ja.wikipedia.org/wiki/石鎚山","日本百名山","https://ja.wikipedia.org/wiki/日本百名山","箇条書き,制限あり","北緯33度46分03秒東経133度06分54秒","日本愛媛県西条市・久万高原町","北緯33度46分03秒東経133度06分54秒﻿ / ﻿北緯33.76750度 東経133.11500度﻿ /33.76750; 133.11500座標:北緯33度46分03秒東経133度06分54秒﻿ / ﻿北緯33.76750度 東経133.11500度﻿ /33.76750; 133.11500","1,982m","四国山地","","850年（嘉祥3年）（灼然、寂仙）","","","","","","","","","","","","",""
"九重山","[九重山] 九重山 （くじゅうさん）は 大分県 玖珠郡 九重町 と 竹田市 久住町 の境界に位置する山々の総称（地質学上の呼称）  。最高峰は 九州 本土最高峰でもある 中岳 (標高1,791m）  。","https://ja.wikipedia.org/wiki/九重山","日本百名山","https://ja.wikipedia.org/wiki/日本百名山","箇条書き,制限あり","北緯33度05分09秒東経131度14分56秒","大分県","北緯33度05分09秒東経131度14分56秒﻿ / ﻿北緯33.08583度 東経131.24889度﻿ /33.08583; 131.24889座標:北緯33度05分09秒東経131度14分56秒﻿ / ﻿北緯33.08583度 東経131.24889度﻿ /33.08583; 131.24889","","","主に溶岩ドームからなる火山群","","","中岳（1,791m）","","","","","","","","","","",""
"祖母山","[祖母山] 祖母山 （そぼさん）は、 大分県 と 宮崎県 の県境にある 標高 1,756mの山。九州山地の中核をなし祖母傾山系に属する  。宮崎県の最高峰  で 日本百名山 に選定されている。","https://ja.wikipedia.org/wiki/祖母山","日本百名山","https://ja.wikipedia.org/wiki/日本百名山","箇条書き,制限あり","北緯32度49分41秒東経131度20分49秒","日本大分県豊後大野市・竹田市宮崎県西臼杵郡高千穂町","北緯32度49分41秒東経131度20分49秒﻿ / ﻿北緯32.82806度 東経131.34694度﻿ /32.82806; 131.34694","1,756.36m","九州山地、祖母山系","","","","","","","","","","","","","","",""
"阿蘇山","[阿蘇山] 阿蘇山 （あそさん）は、 日本 の 九州 中央部、 熊本県 阿蘇地方に位置する 火山 。 カルデラ を伴う大型の 複成火山 であり、 活火山 である。","https://ja.wikipedia.org/wiki/阿蘇山","日本百名山","https://ja.wikipedia.org/wiki/日本百名山","箇条書き,制限あり","北緯32度53分3秒東経131度6分14秒","日本熊本県","北緯32度53分3秒東経131度6分14秒﻿ / ﻿北緯32.88417度 東経131.10389度﻿ /32.88417; 131.10389座標:北緯32度53分3秒東経131度6分14秒﻿ / ﻿北緯32.88417度 東経131.10389度﻿ /32.88417; 131.10389","","","複成火山(活火山ランクA)","","","高岳（1,592m）","","","","","","","","","","",""
"霧島山","[霧島山] 霧島山 （きりしまやま）は、 九州 南部の 宮崎県 と 鹿児島県 県境付近に広がる 火山 群の総称であり、 霧島連山 、 霧島連峰 、 霧島山地 あるいは 霧島火山群 とも呼ばれる。最高峰の 韓国岳 （標高1,700m）と、 霊峰 高千穂峰 （標高1,574m   ）の間や周辺に山々が連なって 山塊 を成している。","https://ja.wikipedia.org/wiki/霧島山","日本百名山","https://ja.wikipedia.org/wiki/日本百名山","箇条書き,制限あり","北緯31度56分03秒東経130度51分42秒","日本宮崎県・鹿児島県","北緯31度56分03秒東経130度51分42秒﻿ / ﻿北緯31.93417度 東経130.86167度﻿ /31.93417; 130.86167座標:北緯31度56分03秒東経130度51分42秒﻿ / ﻿北緯31.93417度 東経130.86167度﻿ /31.93417; 130.86167","","","成層火山(活火山ランクB)","","","韓国岳（1,700m）","","","","","","","","","","",""
"開聞岳","[開聞岳] 開聞岳 （かいもんだけ）は、 鹿児島県 の 薩摩半島 の南端に位置する 標高 924 m の 火山 。 1964年 （昭和39年）3月16日に、 霧島屋久国立公園 に指定された  。 日本百名山  、 新日本百名山  及び 九州百名山 に選定されている。山麓の北東半分は陸地に、南西半分は 海 に面しており、見事な円錐形の山容から別名「 薩摩富士 」とも呼ばれる。所在地は鹿児島県 指宿市 。","https://ja.wikipedia.org/wiki/開聞岳","日本百名山","https://ja.wikipedia.org/wiki/日本百名山","箇条書き,制限あり","北緯31度10分48秒東経130度31分42秒","日本鹿児島県指宿市","北緯31度10分48秒東経130度31分42秒﻿ / ﻿北緯31.18000度 東経130.52833度﻿ /31.18000; 130.52833﻿ (開聞岳)座標:北緯31度10分48秒東経130度31分42秒﻿ / ﻿北緯31.18000度 東経130.52833度﻿ /31.18000; 130.52833﻿ (開聞岳)","924m","南薩火山群","成層火山","","","","","","","","","","","","","",""
"宮之浦岳","[宮ノ浦岳] 宮之浦岳 （みやのうらだけ）は、 鹿児島県 の 屋久島 中央部の 山 である。","https://ja.wikipedia.org/wiki/宮之浦岳","日本百名山","https://ja.wikipedia.org/wiki/日本百名山","箇条書き,制限あり","北緯30度20分9.9秒東経130度30分15秒","日本鹿児島県熊毛郡屋久島町","北緯30度20分9.9秒東経130度30分15秒﻿ / ﻿北緯30.336083度 東経130.50417度﻿ /30.336083; 130.50417座標:北緯30度20分9.9秒東経130度30分15秒﻿ / ﻿北緯30.336083度 東経130.50417度﻿ /30.336083; 130.50417","1,936m","屋久島","","","","","","","","","","","","","","",""
