"タイトル","コメント","URL","親リストタイトル","親リストURL","一覧抽出方法","座標","所在地","面積","分類","公式サイト","運営者","位置","駐車場","開園","別名","城郭構造","天守構造","築城主","築城年","主な城主","遺構","指定文化財","廃城年","地図","前身"
"松前城","[松前公園] 松前城 （まつまえじょう）は、 西蝦夷地 （ 渡島国 津軽郡 、のち福島郡の一部を編入で 松前郡  ）福山（現・ 北海道 松前町 松城）にあった 日本の城 （ 平山城 ）。 江戸時代 、公式には 福山城 （ふくやまじょう）と記されたが、当時から 備後福山城 との混同を避けるため松前城とも呼ばれていた  。","https://ja.wikipedia.org/wiki/松前城","日本さくら名所100選","https://ja.wikipedia.org/wiki/日本さくら名所100選","箇条書き","北緯41度25分49.17秒東経140度6分30.96秒","","","","","","北緯41度25分49.17秒東経140度6分30.96秒﻿ / ﻿北緯41.4303250度 東経140.1086000度﻿ /41.4303250; 140.1086000","","","福山城","平山城","独立式層塔型3重3階（1855年（安政元年）築 非現存）（1960年RC造外観復元）","松前崇広","安政元年（1855年）","松前氏","本丸御門、御殿玄関、石垣、土塁堀","国の重要文化財（本丸御門）国の史跡北海道有形文化財（御殿玄関）","1874年","松前城",""
"二十間道路桜並木","[二十間道路桜並木] 新ひだか町 （しんひだかちょう）は、 北海道 日高振興局 管内にある 日高郡 の 町 。","https://ja.wikipedia.org/wiki/二十間道路桜並木","日本さくら名所100選","https://ja.wikipedia.org/wiki/日本さくら名所100選","箇条書き","北緯42度20分28.5秒東経142度22分7秒","〒056-8650北海道日高郡新ひだか町静内御幸町3丁目2番50号北緯42度20分28.5秒東経142度22分7秒﻿ / ﻿北緯42.341250度 東経142.36861度﻿ /42.341250; 142.36861","1,147.55km2","","","","","","","","","","","","","","","","",""
"弘前公園","[弘前公園] 弘前公園 （ひろさきこうえん）は、 青森県 弘前市 にある 公園 。別名は、 鷹揚公園 （おうようこうえん）、 鷹揚園 （おうようえん）。弘前市都市公園条例での名称は「鷹揚園」  。","https://ja.wikipedia.org/wiki/弘前公園","日本さくら名所100選","https://ja.wikipedia.org/wiki/日本さくら名所100選","箇条書き","北緯40度36分28.93秒東経140度27分49.7秒","日本青森県弘前市大字下白銀町1","約48.9ha","都市公園（総合公園）","弘前市のサイト","弘前市","","","1895年","","","","","","","","","","","弘前城"
"藤枝ため池","[芦野池沼群県立自然公園藤枝ため池] 藤枝ため池 （ふじえだためいけ）は、 青森県 五所川原市 金木町 芦野大字松野木にある ため池 である。","https://ja.wikipedia.org/wiki/藤枝ため池","日本さくら名所100選","https://ja.wikipedia.org/wiki/日本さくら名所100選","箇条書き","北緯40度55分05秒東経140度27分20秒","青森県五所川原市金木町","","","","","北緯40度55分05秒東経140度27分20秒﻿ / ﻿北緯40.91806度 東経140.45556度﻿ /40.91806; 140.45556座標:北緯40度55分05秒東経140度27分20秒﻿ / ﻿北緯40.91806度 東経140.45556度﻿ /40.91806; 140.45556","","","","","","","","","","","","",""
"高松公園","[高松公園] 高松公園 （たかまつこうえん）は、 岩手県 盛岡市 高松にある高松の池を中心とした 公園 である。 日露戦争 の戦勝を記念して住民たちが植えた 桜 で知られ、 1989年 （平成元年）に 日本さくら名所100選 に選ばれた。","https://ja.wikipedia.org/wiki/高松公園","日本さくら名所100選","https://ja.wikipedia.org/wiki/日本さくら名所100選","箇条書き","","日本岩手県盛岡市高松1丁目","5,1ha","風致公園","","","","","","","","","","","","","","","","上田提"
"北上市立公園展勝地","[北上市立公園展勝地] 北上市立公園 展勝地 （きたかみしりつこうえん てんしょうち）は、 岩手県 北上市 にある 都市公園 。","https://ja.wikipedia.org/wiki/北上市立公園展勝地","日本さくら名所100選","https://ja.wikipedia.org/wiki/日本さくら名所100選","箇条書き","北緯39度16分51.57秒東経141度7分45.3秒","岩手県北上市立花10地割","","","岩手県北上市 きたかみ魅力辞典 - 展勝地公園","","","","","","","","","","","","","","",""
"船岡城","[船岡城址公園・白石川堤] 船岡城 （ふなおかじょう）、または 四保館 （しほたて）は、 宮城県 柴田郡 柴田町 大字 船岡 字 舘山（四保山）にあった 日本の城 （ 山城 ）。「四保館跡（船岡城址）」として柴田町指定 史跡  。別名を 芝田（柴田）城 、 舟岡（船岡）要害 ともいう。本丸にある二等 三角点 「船岡」（ 地図 ）の 標高 は135.86メートル  。","https://ja.wikipedia.org/wiki/船岡城","日本さくら名所100選","https://ja.wikipedia.org/wiki/日本さくら名所100選","箇条書き","北緯38度3分12.6秒東経140度45分17.8秒","","","","","","北緯38度3分12.6秒東経140度45分17.8秒﻿ / ﻿北緯38.053500度 東経140.754944度﻿ /38.053500; 140.754944﻿ (船岡城本丸)","","","四保館、芝田城、柴田城、船岡要害、舟岡要害","山城","なし","芝田次郎","1200年（正治2年）以前?","四保氏、原田氏、柴田氏","なし","柴田町指定史跡","","船岡城",""
"千秋公園","[千秋公園] 千秋公園 （せんしゅうこうえん）は、 秋田県 秋田市 の 久保田城 跡にある 都市公園 （総合公園）である  。「千秋公園（久保田城跡）」として秋田市指定 名勝 に指定されている   。","https://ja.wikipedia.org/wiki/千秋公園","日本さくら名所100選","https://ja.wikipedia.org/wiki/日本さくら名所100選","箇条書き","北緯39度43分20秒東経140度7分26秒","日本秋田県秋田市千秋公園","16.29ヘクタール","都市公園（総合公園）","秋田市のサイト","秋田市","","14台（30分100円のコインパーキング）","","","","","","","","","","","",""
"真人公園","[真人公園] 真人公園 （まとこうえん）は、 秋田県 横手市 増田町亀田にある 都市公園 （総合公園）である  。 大正天皇 即位記念事業として 1917年 （大正6年）に旧 増田町 に整備されたのがはじまりである。","https://ja.wikipedia.org/wiki/真人公園","日本さくら名所100選","https://ja.wikipedia.org/wiki/日本さくら名所100選","箇条書き","北緯39度12分35秒東経140度34分23秒","日本秋田県横手市増田町亀田","5.46ha","都市公園（総合公園）","","","","あり","","","","","","","","","","","",""
"桧木内川","[桧木内川堤・角館武家屋敷] 桧木内川 （ひのきないがわ）は、 秋田県 を流れる 一級河川 。 雄物川 水系 玉川 の支流である。国の 名勝 に指定されている 角館 の桜並木が有名である。","https://ja.wikipedia.org/wiki/桧木内川","日本さくら名所100選","https://ja.wikipedia.org/wiki/日本さくら名所100選","箇条書き","","","","","","","","","","","","","","","","","","","",""
"鶴岡公園","[鶴岡公園] 鶴岡公園 （つるおかこうえん）は、 山形県 鶴岡市 にある 公園 。","https://ja.wikipedia.org/wiki/鶴岡公園","日本さくら名所100選","https://ja.wikipedia.org/wiki/日本さくら名所100選","箇条書き","","","","","","","","","","","","","","","","","","","",""
"烏帽子山公園","[烏帽子山公園] 烏帽子山公園 （えぼしやまこうえん）は、 山形県 南陽市 にある 公園 である。 置賜さくら回廊 の南の起点とされ、1990年3月には 日本さくら名所100選 へ選定されている。","https://ja.wikipedia.org/wiki/烏帽子山公園","日本さくら名所100選","https://ja.wikipedia.org/wiki/日本さくら名所100選","箇条書き","","","","","","","","","","","","","","","","","","","",""
"若松城","[鶴ヶ城公園] 若松城 （わかまつじょう）は、 福島県 会津若松市 追手町にあった 日本の城 である。地元では鶴ヶ城（つるがじょう）と呼ばれるが、同名の城が他にあるため、地元以外では会津若松城と呼ばれることが多い。文献では黒川城、または会津城とされることもある。国の 史跡 としては、若松城跡（わかまつじょうあと）の名称で指定されている。","https://ja.wikipedia.org/wiki/若松城","日本さくら名所100選","https://ja.wikipedia.org/wiki/日本さくら名所100選","箇条書き","北緯37度29分15.78秒東経139度55分47.23秒","","","","","","北緯37度29分15.78秒東経139度55分47.23秒﻿ / ﻿北緯37.4877167度 東経139.9297861度﻿ /37.4877167; 139.9297861","","","鶴ヶ城、会津若松城、黒川城","梯郭式平山城","望楼型7重不明（1593年（文禄2年）築）層塔型5重5階地下2階（1611年（慶長16年）改）層塔型5重5階（RC造1965年（昭和40年）外観復興）","蘆名直盛","1384年（南朝：元中元年、北朝：至徳元年）","黒川城蘆名氏、伊達政宗若松城蒲生氏、上杉景勝、加藤氏、保科氏・会津松平家","石垣、土塁、堀","国の史跡","1874年（明治7年）","若松城",""
"二本松城","[霞ヶ城公園] 二本松城 （にほんまつじょう）は、 福島県 二本松市 郭内にある 日本の城 （ 平山城 ）。 日本100名城 の一つ。別名、霞ヶ城・白旗城と呼ばれる。 平成 19年（ 2007年 ） 7月26日 、 二本松城跡 として国の 史跡 に指定された。「霞ヶ城公園」として 日本さくら名所100選 に選定されている。","https://ja.wikipedia.org/wiki/二本松城","日本さくら名所100選","https://ja.wikipedia.org/wiki/日本さくら名所100選","箇条書き","北緯37度35分58.71秒東経140度25分40.75秒","","","","","","北緯37度35分58.71秒東経140度25分40.75秒﻿ / ﻿北緯37.5996417度 東経140.4279861度﻿ /37.5996417; 140.4279861","","","霞ヶ城、白旗城","梯郭式平山城","不明","二本松満泰","室町時代中期","二本松氏、伊達氏、蒲生氏、上杉氏、加藤氏、丹羽氏","天守台、石垣、堀切","国の史跡","明治5年（1872年）","二本松城",""
"三春滝桜","[三春町のシダレザクラ] 三春滝桜 （みはるたきざくら）は、 福島県 田村郡 三春町 大字滝字桜久保（ 地図 ）に所在する推定 樹齢 1000年超の国の 天然記念物 の 枝垂れ性 の サクラ の巨木。 三春の滝桜 、また単に 滝桜 とも呼ばれる。品種は エドヒガン 系の 栽培品種 の ベニシダレ （紅枝垂桜）。","https://ja.wikipedia.org/wiki/三春滝桜","日本さくら名所100選","https://ja.wikipedia.org/wiki/日本さくら名所100選","箇条書き","","福島県田村郡三春町大字滝字桜久保296番地","","","","","","","","","","","","","","","","","",""
"日立市かみね公園","[日立市かみね公園・平和通り] 日立市かみね公園 （ひたちしかみねこうえん）は、 茨城県 日立市 にある 公園 。 平和通り と共に 日本さくら名所100選 に選定されている。運営は公益財団法人 日立市公園協会。","https://ja.wikipedia.org/wiki/日立市かみね公園","日本さくら名所100選","https://ja.wikipedia.org/wiki/日本さくら名所100選","箇条書き","北緯36度36分32.2秒東経140度39分26.4秒","日本茨城県日立市宮田町5-2-22北緯36度36分32.2秒東経140度39分26.4秒﻿ / ﻿北緯36.608944度 東経140.657333度﻿ /36.608944; 140.657333","","都市公園","","日立市公園協会","","合計850台","1957年","","","","","","","","","","",""
"静峰ふるさと公園","[静峰公園] 静峰ふるさと公園 （しずみねふるさとこうえん）は 茨城県 那珂市 にある 公園 で、『 日本さくら名所100選 』に選ばれている。","https://ja.wikipedia.org/wiki/静峰ふるさと公園","日本さくら名所100選","https://ja.wikipedia.org/wiki/日本さくら名所100選","箇条書き","","","","","","","","","","","","","","","","","","","",""
"日光街道","[日光街道桜並木] 日光街道 （にっこう かいどう）は、 日本 の 江戸時代 に設けられていた 五街道 の一つ。","https://ja.wikipedia.org/wiki/日光街道","日本さくら名所100選","https://ja.wikipedia.org/wiki/日本さくら名所100選","箇条書き","","","","","","","","","","","","","","","","","","","",""
"太平山県立自然公園 (栃木県)","[太平山県立自然公園] 太平山県立自然公園 （おおひらさんけんりつしぜんこうえん）は、 栃木県 栃木市 の 太平山 と 晃石山 を含む 都道府県立自然公園 。 1955年 （昭和30年） 3月25日 に県立自然公園として指定された。面積は1,079 ヘクタール 。","https://ja.wikipedia.org/wiki/太平山県立自然公園_(栃木県)","日本さくら名所100選","https://ja.wikipedia.org/wiki/日本さくら名所100選","箇条書き","","","","","","","","","","","","","","","","","","","",""
"赤城南面千本桜","[赤城南面千本桜] 赤城南面千本桜 （あかぎなんめんせんぼんざくら）は、 群馬県 前橋市 にある 桜 の 名所 。 日本さくら名所100選 。","https://ja.wikipedia.org/wiki/赤城南面千本桜","日本さくら名所100選","https://ja.wikipedia.org/wiki/日本さくら名所100選","箇条書き","","","","","","","","","","","","","","","","","","","",""
"桜山 (群馬県)","[桜山公園] 桜山 （さくらやま）は、 群馬県 藤岡市 にある 標高 591mの 山 である。 山頂は桜山公園として整備され、 桜 の名所となっている。 日本さくら名所100選 に選定されている。麓には みかん 園、中腹には りんご 園があり、それぞれフルーツ狩りを楽しめる。","https://ja.wikipedia.org/wiki/桜山_(群馬県)","日本さくら名所100選","https://ja.wikipedia.org/wiki/日本さくら名所100選","箇条書き","北緯36度9分42.1秒東経139度1分16.2秒","群馬県藤岡市三波川","","","","","北緯36度9分42.1秒東経139度1分16.2秒﻿ / ﻿北緯36.161694度 東経139.021167度﻿ /36.161694; 139.021167座標:北緯36度9分42.1秒東経139度1分16.2秒﻿ / ﻿北緯36.161694度 東経139.021167度﻿ /36.161694; 139.021167","","","","","","","","","","","","",""
"大宮公園","[大宮公園] 大宮公園 （おおみやこうえん）は、 埼玉県 さいたま市 大宮区 および 見沼区 にある67.8haの面積を有する埼玉県営の 都市公園 （広域公園）である。 1990年 （ 平成 2年）に 日本さくら名所100選 に選ばれた。","https://ja.wikipedia.org/wiki/大宮公園","日本さくら名所100選","https://ja.wikipedia.org/wiki/日本さくら名所100選","箇条書き","北緯35度55分8.48秒東経139度37分50.95秒","埼玉県さいたま市大宮区高鼻町4","67.8ha","都市公園（広域公園）","","","","","","","","","","","","","","","",""
"熊谷桜堤","[熊谷桜堤] 熊谷桜堤 （くまがやさくらつつみ）は、 埼玉県 熊谷市 で 荒川 左岸の堤防の内、 荒川大橋 付近から下流、約2kmの区間の名称で観光名所。","https://ja.wikipedia.org/wiki/熊谷桜堤","日本さくら名所100選","https://ja.wikipedia.org/wiki/日本さくら名所100選","箇条書き","","","","","","","","","","","","","","","","","","","",""
"長瀞渓谷","[長瀞] 長瀞渓谷 （ながとろ けいこく）は、 日本 の 埼玉県 秩父地方 に位置する、 荒川 上流部の 渓谷 である。全長約6 km 。岩畳など 岩石 の間を緩やかな流れ（瀞）が長く続くことから  、近代以前より長瀞と呼ばれてきた。 1924年 （ 大正 13年） 12月9日 に「長瀞」名義で 国 の 名勝 及び 天然記念物 に指定されている。その範囲は 秩父郡 長瀞町 のほか、上流の 皆野町 内の川岸も含む  。 埼玉県立長瀞玉淀自然公園 の一部でもある。","https://ja.wikipedia.org/wiki/長瀞渓谷","日本さくら名所100選","https://ja.wikipedia.org/wiki/日本さくら名所100選","箇条書き","","","","","","","","","","","","","","","","","","","",""
"泉自然公園","[泉自然公園] 泉自然公園 （いずみしぜんこうえん）は、 千葉県 千葉市 若葉区 にある 都市公園 （ 風致公園 ）である。公園の大半が東千葉近郊緑地特別保全地区に指定され、 日本さくら名所100選 に選定されている。","https://ja.wikipedia.org/wiki/泉自然公園","日本さくら名所100選","https://ja.wikipedia.org/wiki/日本さくら名所100選","箇条書き","北緯35度34分37秒東経140度13分36秒","日本千葉県千葉市若葉区野呂町108番地","430,000m2","都市公園（風致公園）","泉自然公園","千葉市都市局","","約250台（有料）","1969年（昭和44年）","","","","","","","","","","",""
"清水公園","[清水公園] 清水公園 （しみずこうえん）は、 千葉県 野田市 に所在する面積28万 平方メートル の敷地を有する 民営 の 自然公園 。 サクラ （桜祭り）と ツツジ （つつじ祭り）の名所であり、 日本さくら名所100選 に選定されている  。日本最大級の フィールドアスレチック を始め、園内施設が充実している。","https://ja.wikipedia.org/wiki/清水公園","日本さくら名所100選","https://ja.wikipedia.org/wiki/日本さくら名所100選","箇条書き","北緯35度57分35.43秒東経139度50分59.51秒","千葉県野田市","280000 m2","民営公園（風致公園）","公式ホームページ","株式会社千秋社","","約800台","1894年4月3日","","","","","","","","","","","聚楽園"
"茂原公園","[茂原公園] 茂原公園 （もばらこうえん、英: Mobara Park ）は 千葉県 茂原市 にある 都市公園 （ 総合公園 ）である。広場・遊び場等施設のほか、 梅園 や 茂原市立美術館・郷土資料館 等もある。園内には約2850本の桜が植えられており、 桜の名所100選 、 房総の魅力500選 に選定されている。","https://ja.wikipedia.org/wiki/茂原公園","日本さくら名所100選","https://ja.wikipedia.org/wiki/日本さくら名所100選","箇条書き","北緯35度25分50秒東経140度17分03秒","日本千葉県茂原市高師1325-1","160829㎡","都市公園（総合公園）","茂原公園（茂原市HP）","茂原市都市整備課","","約150台（無料）","昭和初期","","","","","","","","","","",""
"新宿御苑","[新宿御苑] 新宿御苑 （しんじゅくぎょえん）は、 東京都 新宿区 と 渋谷区 に跨がる 環境省 所管の 庭園 である。","https://ja.wikipedia.org/wiki/新宿御苑","日本さくら名所100選","https://ja.wikipedia.org/wiki/日本さくら名所100選","箇条書き","北緯35度41分7秒東経139度42分35秒","日本東京都新宿区、渋谷区","58.3 ha","国民公園","公式ホームページ","環境省","","200台","1906年（明治39年）5月","","","","","","","","","","","新宿植物御苑"
"上野恩賜公園","[上野恩賜公園] 上野恩賜公園 （うえのおんしこうえん）は、 東京都 台東区 にある 公園 。通称 上野公園 。「上野の森」とも呼ばれ、 武蔵野台地 末端の 舌状台地 「上野台」に公園が位置することから「上野の山」とも呼ばれる。面積は約53haである  。 東京都建設局 の管轄。公園内には博物館、動物園等、多くの文化施設が存在する。「上野公園」は台東区の町名でもある。","https://ja.wikipedia.org/wiki/上野恩賜公園","日本さくら名所100選","https://ja.wikipedia.org/wiki/日本さくら名所100選","箇条書き","北緯35度42分44秒東経139度46分16秒","日本東京都台東区上野公園","53.8ヘクタール","都市公園","","","","有り","1873年10月19日","","","","","","","","","","",""
"隅田公園","[隅田公園] 隅田公園 （すみだこうえん）は、 東京都 の 隅田川 沿いにある 公園 で、右岸の 台東区 浅草 、 花川戸 、 今戸 （ 地図 ）と左岸の 墨田区 向島 （ 地図 ）にまたがる。春には 桜 が満開になり、夏には 隅田川花火大会 が行われる。","https://ja.wikipedia.org/wiki/隅田公園","日本さくら名所100選","https://ja.wikipedia.org/wiki/日本さくら名所100選","箇条書き","","","","","","","","","","","","","","","","","","","",""
"井の頭恩賜公園","[井の頭恩賜公園] 井の頭恩賜公園  （いのかしらおんしこうえん  、Inokashira Park）は、 東京都 武蔵野市 と 三鷹市 にまたがる 都立 公園 である。","https://ja.wikipedia.org/wiki/井の頭恩賜公園","日本さくら名所100選","https://ja.wikipedia.org/wiki/日本さくら名所100選","箇条書き","北緯35度42分3秒東経139度34分27秒","日本東京都三鷹市、武蔵野市","42ha","","井の頭恩賜公園","","","60台","","","","","","","","","","","",""
"小金井公園","[小金井公園] 小金井公園 （こがねいこうえん）は、 東京都 小金井市 と一部が 小平市 ・ 西東京市 ・ 武蔵野市 にまたがる 東京都立 の 都市公園 （広域公園）である。正式名称は東京都立小金井公園（とうきょうとりつこがねいこうえん）。","https://ja.wikipedia.org/wiki/小金井公園","日本さくら名所100選","https://ja.wikipedia.org/wiki/日本さくら名所100選","箇条書き","北緯35度42分52秒東経139度31分08秒","日本東京都小金井市、小平市、西東京市、武蔵野市","80.2ha","都市公園（広域公園）","公式サイト","東京都公園協会2011～2015年度指定管理者","","あり（有料・700台）","1954年（昭和29年）1月14日","","","","","","","","","","",""
"神奈川県立三ツ池公園","[神奈川県立三ツ池公園] 神奈川県立三ツ池公園 （かながわけんりつみついけこうえん）は 神奈川県 横浜市 鶴見区 にある総合 公園 である。","https://ja.wikipedia.org/wiki/神奈川県立三ツ池公園","日本さくら名所100選","https://ja.wikipedia.org/wiki/日本さくら名所100選","箇条書き","北緯35度31分22.4秒東経139度39分37.1秒","日本神奈川県横浜市鶴見区三ツ池公園、梶山一丁目、上末吉四丁目","約29.7ha","都市公園（総合公園）","http://www.kanagawaparks.com/mitsuike/","神奈川県（指定管理者：横浜緑地・西武造園・協栄グループ）","","あり（有料）","1957年（昭和32年）4月9日","","","","","","","","","","","農業用ため池"
"衣笠山公園","[衣笠山公園] 衣笠山公園 （きぬがさやまこうえん）は、 神奈川県 横須賀市 の衣笠山にある横須賀市立の 都市公園 （ 風致公園 ）である  。","https://ja.wikipedia.org/wiki/衣笠山公園","日本さくら名所100選","https://ja.wikipedia.org/wiki/日本さくら名所100選","箇条書き","","神奈川県横須賀市小矢部4-922","18.0ha","都市公園（風致公園）","公式サイト","横須賀市（指定管理者：シティサポートよこすか・横須賀緑化造園協同組合共同事業体）","","","","","","","","","","","","","",""
"小田原城址公園","[小田原城址公園・城山公園] 小田原城址公園 （おだわらじょうしこうえん）は、 神奈川県 小田原市 城内に位置する 都市公園 （総合公園）である。 小田原城 の 本丸 及び 1960年 （昭和35年）に復興された 天守閣 を中心として整備されている。城址公園の大部分は、国の指定 史跡 の区域となっている。 日本さくら名所100選 に選定されている。","https://ja.wikipedia.org/wiki/小田原城址公園","日本さくら名所100選","https://ja.wikipedia.org/wiki/日本さくら名所100選","箇条書き","","日本神奈川県小田原市城内","11.1 ha","都市公園（総合公園）","小田原市のサイト","小田原市","","","","","","","","","","","","","",""
"大河津分水","[大河津分水] 大河津分水 （おおこうづぶんすい、 大河津分水路 ）は、 新潟県 を流れる 信濃川 の 分水路 である。 越後平野 中央部で信濃川と分岐後、 燕市 （ 分水地区 ）・ 長岡市 （ 寺泊地域 ）の境界付近を流れ、 日本海 に至る。 新潟市 の 関屋分水 とともに信濃川の2つの分水路の一つである。","https://ja.wikipedia.org/wiki/大河津分水","日本さくら名所100選","https://ja.wikipedia.org/wiki/日本さくら名所100選","箇条書き","","","","","","","","","","","","","","","","","","","",""
"村松公園","[村松公園] 村松公園 （むらまつこうえん）は、 新潟県 五泉市 愛宕にある公園。","https://ja.wikipedia.org/wiki/村松公園","日本さくら名所100選","https://ja.wikipedia.org/wiki/日本さくら名所100選","箇条書き","北緯37度41分34.2秒東経139度11分17.4秒","日本新潟県五泉市愛宕甲2631-1","","","","","","あり","","","","","","","","","","","",""
"高田城址公園","[高田城址公園] 高田城址公園 （たかだじょうしこうえん）は、 新潟県 上越市 本城町にある 都市公園 （総合公園）  。 2020年 4月1日 に名称を 高田公園 （たかだこうえん）から改称した    。","https://ja.wikipedia.org/wiki/高田城址公園","日本さくら名所100選","https://ja.wikipedia.org/wiki/日本さくら名所100選","箇条書き","","日本新潟県上越市本城町","48.1 ha","都市公園（総合公園）","高田城址公園","上越市","","約530台","","","","","","","","","","","","高田公園"
"松川公園","[松川公園] 松川公園 （まつかわこうえん）は、 富山県 富山市 を流れるかつての 神通川 の名残りの川、 松川 の周辺に設けられた 公園 。","https://ja.wikipedia.org/wiki/松川公園","日本さくら名所100選","https://ja.wikipedia.org/wiki/日本さくら名所100選","箇条書き","","","","","","","","","","","","","","","","","","","",""
"高岡城","[高岡古城公園] 高岡城 （たかおかじょう）は、 富山県 高岡市 古城（旧 越中国 射水郡 関野）にあった 日本の城 （ 平城 ）。 日本100名城 のひとつである。現在、城跡は 高岡古城公園 （たかおかこじょうこうえん）として整備され、市民の憩いの場となっており、国の 史跡 に指定  されている。桜の名所としても有名で 日本さくら名所100選 に選定されている。 とやま城郭カード No.28   。","https://ja.wikipedia.org/wiki/高岡城","日本さくら名所100選","https://ja.wikipedia.org/wiki/日本さくら名所100選","箇条書き","北緯36度44分57秒東経137度1分14秒","","","","","","北緯36度44分57秒東経137度1分14秒﻿ / ﻿北緯36.74917度 東経137.02056度﻿ /36.74917; 137.02056座標:北緯36度44分57秒東経137度1分14秒﻿ / ﻿北緯36.74917度 東経137.02056度﻿ /36.74917; 137.02056","","","高岡城","梯郭式平城","不明","前田利長","1609年（慶長14年）","前田利長","堀、石垣","国の史跡","1615年（元和元年）","高岡城",""
"兼六園","[兼六園] 兼六園 （けんろくえん）は、 石川県 金沢市 に存在する 日本庭園 である。国の 特別名勝 に指定されている。広さは約11.7 ヘクタール 。","https://ja.wikipedia.org/wiki/兼六園","日本さくら名所100選","https://ja.wikipedia.org/wiki/日本さくら名所100選","箇条書き","北緯36度33分43.7秒東経136度39分45.0秒","日本石川県金沢市","総面積 11.7ヘクタール","池泉回遊式日本庭園","兼六園（石川県）","","","554台（兼六駐車場）","一般公開は1874年（明治7年）5月7日","","","","","","","","","","","蓮池庭（1676年（延宝4年））"
"足羽川桜並木","[足羽川・足羽山公園] 足羽川桜並木 （あすわがわさくらなみき）とは、 福井県 福井市 中心部を流れる 足羽川 両岸の 桜 並木である。福井市が発行するパンフレットや多くの観光ガイドで「 日本一の桜並木 」と紹介されているが、約600本、全長約2.2kmともに日本一ではない。一つ一つの桜が大木であり、 日本一のスケール という意味である。","https://ja.wikipedia.org/wiki/足羽川桜並木","日本さくら名所100選","https://ja.wikipedia.org/wiki/日本さくら名所100選","箇条書き","","","","","","","","","","","","","","","","","","","",""
"丸岡城","[霞ヶ城公園（坂井）] 丸岡城 （まるおかじょう）は、 福井県 坂井市 丸岡町 霞にあった 日本の城 である。別名 霞ヶ城 。 江戸時代 には 丸岡藩 の藩庁であった。現在は 天守 のみ残る。","https://ja.wikipedia.org/wiki/丸岡城","日本さくら名所100選","https://ja.wikipedia.org/wiki/日本さくら名所100選","箇条書き","北緯36度9分8.72秒東経136度16分19.72秒","","","","","","北緯36度9分8.72秒東経136度16分19.72秒﻿ / ﻿北緯36.1524222度 東経136.2721444度﻿ /36.1524222; 136.2721444座標:北緯36度9分8.72秒東経136度16分19.72秒﻿ / ﻿北緯36.1524222度 東経136.2721444度﻿ /36.1524222; 136.2721444","","","霞ヶ城","連郭式平山城","独立式望楼型 2重3階（寛永年間 木造 現存）","柴田勝豊","天正4年（1576年）","柴田氏、本多氏、有馬氏、青山氏","現存天守、移築門、石垣","重要文化財（天守）","明治4年（1871年）","丸岡城",""
"大法師公園","[大法師公園] 大法師公園 （おおぼしこうえん）は 山梨県 南巨摩郡 富士川町 にある 公園 。山梨県で唯一 日本さくら名所100選 に選ばれており、同県を代表する 桜 の名所である  。","https://ja.wikipedia.org/wiki/大法師公園","日本さくら名所100選","https://ja.wikipedia.org/wiki/日本さくら名所100選","箇条書き","北緯35度32分45秒東経138度27分20秒","日本山梨県南巨摩郡富士川町","","","","","","あり","","","","","","","","","","","",""
"臥竜公園","[臥竜公園] 臥竜公園 （がりゅうこうえん）は、 長野県 須坂市 臥竜 にある 総合公園 （都市公園）。 日本さくら名所100選 、日本の名松100選、長野の自然100選に選定されている。県下有数の 都市公園 で、 動物園 もある。","https://ja.wikipedia.org/wiki/臥竜公園","日本さくら名所100選","https://ja.wikipedia.org/wiki/日本さくら名所100選","箇条書き","","","","","","","","","","","","","","","","","","","",""
"小諸城","[小諸城趾懐古園] 小諸城 （こもろじょう）は、 長野県 小諸市 （旧・ 信濃国 佐久郡 （のち 北佐久郡 ）小諸  ）にある 日本の城 跡。別名、 酔月城 、 穴城 、 白鶴城 。","https://ja.wikipedia.org/wiki/小諸城","日本さくら名所100選","https://ja.wikipedia.org/wiki/日本さくら名所100選","箇条書き","北緯36度19分38.41秒東経138度25分2.09秒","","","","","","北緯36度19分38.41秒東経138度25分2.09秒﻿ / ﻿北緯36.3273361度 東経138.4172472度﻿ /36.3273361; 138.4172472﻿ (小諸城)座標:北緯36度19分38.41秒東経138度25分2.09秒﻿ / ﻿北緯36.3273361度 東経138.4172472度﻿ /36.3273361; 138.4172472﻿ (小諸城)","","","酔月城 穴城 白鶴城 鍋蓋城","平山城","不明3重","武田信玄","1554年（天文23年）","武田氏、仙石氏、牧野氏など","大手門、三之門、天守台、石垣、空堀","重要文化財（大手門、三之門）","不明","小諸城",""
"高遠城址公園","[高遠城址公園] 高遠城址公園 （たかとおじょうしこうえん）は、 長野県 伊那市 高遠町東高遠にある城、 高遠城 を中心に整備された 公園 である。","https://ja.wikipedia.org/wiki/高遠城址公園","日本さくら名所100選","https://ja.wikipedia.org/wiki/日本さくら名所100選","箇条書き","北緯35度50分0.5秒東経138度3分44.3秒","日本長野県伊那市高遠町東高遠","","","","","","","","","","","","","","","","","",""
"新境川","[新境川堤・百十郎桜] 新境川 （しんさかいがわ）は、 岐阜県 各務原市 の 境川 から分派する 木曽川 水系 の 河川 。 境川放水路 （さかいがわほうすいろ）が正式名称。","https://ja.wikipedia.org/wiki/新境川","日本さくら名所100選","https://ja.wikipedia.org/wiki/日本さくら名所100選","箇条書き","","","","","","","","","","","","","","","","","","","",""
"根尾谷・淡墨公園","[根尾谷・淡墨公園] 根尾谷・淡墨公園 （ねおだに・うすずみこうえん）は 岐阜県 本巣市 根尾板所にある樹齢千五百年以上の 淡墨桜 を中心に整備された 公園 である。 日本さくら名所100選 に選定されている。","https://ja.wikipedia.org/wiki/根尾谷・淡墨公園","日本さくら名所100選","https://ja.wikipedia.org/wiki/日本さくら名所100選","箇条書き","","","","","","","","","","","","","","","","","","","",""
"霞間ヶ渓","[霞間ヶ渓] 霞間ヶ渓 （かまがたに）は 岐阜県 池田町 にある渓谷。桜と渓谷の調和が非常に美しいことから、国の 名勝 及び 天然記念物 に指定されている（指定名称は「 霞間ヶ渓（サクラ） 」）。断層崖からなる池田山の東斜面を浸食して形成された渓谷で、地形は非常に急峻である。","https://ja.wikipedia.org/wiki/霞間ヶ渓","日本さくら名所100選","https://ja.wikipedia.org/wiki/日本さくら名所100選","箇条書き","","","","","","","","","","","","","","","","","","","",""
"さくらの里","[さくらの里] さくらの里 （さくらのさと）とは、 静岡県 伊東市 富戸にある 大室山 の北西脇に造成されている、 桜 を中心とした 公園 。 1990年 （平成2年）の「 日本さくら名所100選 」選定。","https://ja.wikipedia.org/wiki/さくらの里","日本さくら名所100選","https://ja.wikipedia.org/wiki/日本さくら名所100選","箇条書き","北緯34度54分24.96348秒東経139度05分22.83504秒","〒413-0231静岡県伊東市富戸1317","","","伊東市振興公社","","北緯34度54分24.96348秒東経139度05分22.83504秒﻿ / ﻿北緯34.9069343000度 東経139.0896764000度﻿ /34.9069343000; 139.0896764000座標:北緯34度54分24.96348秒東経139度05分22.83504秒﻿ / ﻿北緯34.9069343000度 東経139.0896764000度﻿ /34.9069343000; 139.0896764000","","1977年（昭和52年）","","","","","","","","","","",""
"冨士霊園","[冨士霊園] 公益財団法人冨士霊園 （ふじれいえん、 英語 : Fuji Cemetery ）は、 静岡県 駿東郡 小山町 にある 公園墓地 （ 霊園 ）、無縁仏となったもののための共同納骨堂の設置運営、 供養 を行っている 三菱地所 グループ  の 公益法人 。元 厚生労働省 健康局所管の 財団法人 。広大な園地には季節の花が植えられ、特に 桜 の名所として有名で、「 日本さくら名所100選 」に選ばれている。2014年度グッドデザイン賞受賞。","https://ja.wikipedia.org/wiki/冨士霊園","日本さくら名所100選","https://ja.wikipedia.org/wiki/日本さくら名所100選","箇条書き","","","","","","","","","","","","","","","","","","","",""
"山崎川","[山崎川四季の道] 山崎川 （やまざきがわ）は、 愛知県 名古屋市 を流れる 河川 。 二級水系 山崎川の本流である。","https://ja.wikipedia.org/wiki/山崎川","日本さくら名所100選","https://ja.wikipedia.org/wiki/日本さくら名所100選","箇条書き","","","","","","","","","","","","","","","","","","","",""
"鶴舞公園","[鶴舞公園] 鶴舞公園 （つるまこうえん）は、 愛知県 名古屋市 昭和区 鶴舞 （ つるまい ）一丁目にある、名古屋市が管理する 都市公園 。名古屋で最初に整備された 公園 である。国の 登録記念物 （名勝地関係）に登録されている。春は桜の名所として知られ、 日本さくら名所100選 にも選定されている。","https://ja.wikipedia.org/wiki/鶴舞公園","日本さくら名所100選","https://ja.wikipedia.org/wiki/日本さくら名所100選","箇条書き","北緯35度09分20.40秒東経136度55分06.50秒","日本愛知県名古屋市昭和区鶴舞一丁目","24.07ha","総合公園（都市公園）","公式ウェブサイト","公益財団法人名古屋市みどりの協会（指定管理者）","","247台（2ヶ所・普通車）","1909年（明治42年）","","","","","","","","","","",""
"岡崎公園 (岡崎市)","[岡崎公園] 岡崎公園 （おかざきこうえん）は、 愛知県 岡崎市 にある公立の 都市公園 （ 歴史公園 ）である  。","https://ja.wikipedia.org/wiki/岡崎公園_(岡崎市)","日本さくら名所100選","https://ja.wikipedia.org/wiki/日本さくら名所100選","箇条書き","北緯34度57分23.54秒東経137度9分33.59秒","日本愛知県岡崎市康生町561番地1","約10ha","都市公園（歴史公園）","岡崎公園","岡崎市（指定管理者：一般社団法人岡崎パブリックサービス）","","あり（150台）","","","","","","","","","","","",""
"五条川","[五条川] 五条川 （ごじょうがわ）は、 岐阜県 多治見市 に源を発し、 愛知県 西部を流れる 庄内川 水系 の 一級河川  である。","https://ja.wikipedia.org/wiki/五条川","日本さくら名所100選","https://ja.wikipedia.org/wiki/日本さくら名所100選","箇条書き","","","","","","","","","","","","","","","","","","","",""
"津市","[三多気] ","https://ja.wikipedia.org/wiki/津市","日本さくら名所100選","https://ja.wikipedia.org/wiki/日本さくら名所100選","箇条書き","北緯34度43分6.4秒東経136度30分20.8秒","〒514-8611三重県津市西丸之内23番1号北緯34度43分6.4秒東経136度30分20.8秒﻿ / ﻿北緯34.718444度 東経136.505778度﻿ /34.718444; 136.505778座標:北緯34度43分6.4秒東経136度30分20.8秒﻿ / ﻿北緯34.718444度 東経136.505778度﻿ /34.718444; 136.505778市庁舎位置","711.19km2","","","","","","","","","","","","","","","","",""
"宮川 (三重県)","[宮川堤] 宮川 （みやがわ）は、 三重県 南部 を流れる 一級河川 。延長91kmは、三重県のみを流れる河川としては最も長い。 国土交通省 の一級河川水質調査（ BOD を基準としている。2012年に順位付け廃止）で、過去11回（2006年からは6年連続）1位となっており、 清流 で知られる  。 神宮式年遷宮 の お白石持行事 に使用する石は、この宮川の河原から採集する。","https://ja.wikipedia.org/wiki/宮川_(三重県)","日本さくら名所100選","https://ja.wikipedia.org/wiki/日本さくら名所100選","箇条書き","","","","","","","","","","","","","","","","","","","",""
"長浜城 (近江国)","[豊公園] 長浜城 （ながはまじょう）は、 滋賀県 長浜市 公園町 の 豊公園 内にある羽柴秀吉（ 豊臣秀吉 ）が築城した 日本の城 跡。","https://ja.wikipedia.org/wiki/長浜城_(近江国)","日本さくら名所100選","https://ja.wikipedia.org/wiki/日本さくら名所100選","箇条書き","北緯35度22分39.65秒東経136度15分40.87秒","","","","","","北緯35度22分39.65秒東経136度15分40.87秒﻿ / ﻿北緯35.3776806度 東経136.2613528度﻿ /35.3776806; 136.2613528座標:北緯35度22分39.65秒東経136度15分40.87秒﻿ / ﻿北緯35.3776806度 東経136.2613528度﻿ /35.3776806; 136.2613528","","","今浜城","平城","不明独立式望楼型3重5階（鉄筋コンクリート造模擬、昭和58年、1983年）","羽柴秀吉","天正元年、1573年","羽柴氏、柴田氏山内氏（一豊系）、内藤氏（信成系）","石垣、堀","市指定史跡","慶長20年、1615年","",""
"海津大崎","[海津大崎] 海津大崎 （かいづおおさき）は、 滋賀県 高島市 マキノ町 海津にある、 琵琶湖 にせり出した岩礁地帯。 琵琶湖八景 の一つ。","https://ja.wikipedia.org/wiki/海津大崎","日本さくら名所100選","https://ja.wikipedia.org/wiki/日本さくら名所100選","箇条書き","","","","","","","","","","","","","","","","","","","",""
"嵐山","[嵐山] 嵐山 （あらしやま）は、京都市西部にある標高382 メートル (m) の山。また、大堰川（おおいがわ）を挟んで西側の松尾山・嵐山・鳥ヶ岳の嵐山三山と、東側の小倉山・亀山、さらにはその麓を含んだ地域を一般的に 嵐山 と称し  、山麓は多数の寺社が立地する観光名所でもある。","https://ja.wikipedia.org/wiki/嵐山","日本さくら名所100選","https://ja.wikipedia.org/wiki/日本さくら名所100選","箇条書き","北緯35度00分34.5秒東経135度39分59秒","日本京都府京都市西京区","","","","","北緯35度00分34.5秒東経135度39分59秒﻿ / ﻿北緯35.009583度 東経135.66639度﻿ /35.009583; 135.66639座標:北緯35度00分34.5秒東経135度39分59秒﻿ / ﻿北緯35.009583度 東経135.66639度﻿ /35.009583; 135.66639","","","","","","","","","","","","",""
"仁和寺","[御室桜] 仁和寺 （にんなじ）は、 京都市 右京区 御室 大内にある 真言宗御室派 の 総本山 の 寺院 。 山号 は大内山。 本尊 は 阿弥陀如来 。開基（創立者）は 宇多天皇 。「 古都京都の文化財 」の構成資産として、 世界遺産 に登録されている。","https://ja.wikipedia.org/wiki/仁和寺","日本さくら名所100選","https://ja.wikipedia.org/wiki/日本さくら名所100選","箇条書き","北緯35度1分51.8秒東経135度42分49.7秒","京都府京都市右京区御室大内33","","","","","北緯35度1分51.8秒東経135度42分49.7秒﻿ / ﻿北緯35.031056度 東経135.713806度﻿ /35.031056; 135.713806座標:北緯35度1分51.8秒東経135度42分49.7秒﻿ / ﻿北緯35.031056度 東経135.713806度﻿ /35.031056; 135.713806","","","","","","","","","","","","",""
"醍醐寺","[醍醐寺] 醍醐寺 （だいごじ）は、 京都市 伏見区 醍醐東大路町にある 真言宗醍醐派 総本山の寺院。 山号 を醍醐山（深雪山とも）と称し、 本尊 は 薬師如来 。上醍醐の准胝堂（じゅんていどう）は、 西国三十三所観音霊場 第11番札所で本尊は 准胝観世音菩薩 。京都市街の南東に広がる醍醐山（笠取山）に200万坪以上の広大な境内を持ち、 国宝 や 重要文化財 を含む約15万点の寺宝を所蔵する  。 豊臣秀吉 による「 醍醐の花見 」が行われた地としても知られている。 古都京都の文化財 として 世界遺産 に登録されている。","https://ja.wikipedia.org/wiki/醍醐寺","日本さくら名所100選","https://ja.wikipedia.org/wiki/日本さくら名所100選","箇条書き","北緯34度57分5.4秒東経135度49分18.4秒","京都府京都市伏見区醍醐東大路町22","","","","","北緯34度57分5.4秒東経135度49分18.4秒﻿ / ﻿北緯34.951500度 東経135.821778度﻿ /34.951500; 135.821778座標:北緯34度57分5.4秒東経135度49分18.4秒﻿ / ﻿北緯34.951500度 東経135.821778度﻿ /34.951500; 135.821778","","","","","","","","","","","","",""
"笠置山 (京都府)","[笠置山自然公園] 笠置山 （かさぎやま）は、 京都府 相楽郡 笠置町 にある 標高 288 m の 山 である。","https://ja.wikipedia.org/wiki/笠置山_(京都府)","日本さくら名所100選","https://ja.wikipedia.org/wiki/日本さくら名所100選","箇条書き","北緯34度45分16.8秒東経135度56分32.2秒","日本京都府相楽郡笠置町","","","","","北緯34度45分16.8秒東経135度56分32.2秒﻿ / ﻿北緯34.754667度 東経135.942278度﻿ /34.754667; 135.942278座標:北緯34度45分16.8秒東経135度56分32.2秒﻿ / ﻿北緯34.754667度 東経135.942278度﻿ /34.754667; 135.942278","","","","","","","","","","","","",""
"桜の通り抜け (大阪造幣局)","[造幣局の通り抜け] 桜の通り抜け （さくらのとおりぬけ）とは、毎年4月中旬頃の ヤエザクラ の開花時期の7日間に、 大阪府大阪市北区 に位置する 独立行政法人 造幣局 の敷地内の一部が一般公開されて行われる多品種の サクラ を見る催しのこと。「通り抜け」という名称は 大川 沿いに続く構内通路沿いの560ｍに多くの桜が植えられ、その通路に沿って 一方通行 で 花見 客が通り抜けることから、明治40年ごろに定着したもの  。","https://ja.wikipedia.org/wiki/桜の通り抜け_(大阪造幣局)","日本さくら名所100選","https://ja.wikipedia.org/wiki/日本さくら名所100選","箇条書き","","","","","","","","","","","","","","","","","","","",""
"大阪城公園","[大阪城公園] 大阪城公園 （おおさかじょうこうえん）は、 大阪府 大阪市 中央区 大阪城にある 都市公園 （歴史公園）である  。","https://ja.wikipedia.org/wiki/大阪城公園","日本さくら名所100選","https://ja.wikipedia.org/wiki/日本さくら名所100選","箇条書き","北緯34度40分55.1秒東経135度31分51.8秒","大阪府大阪市中央区大阪城","105.5ha","都市公園（歴史公園）","大阪城パークセンター","大阪市（指定管理者：大阪城パークマネジメント株式会社）","","","1931年（昭和6年）11月7日","","","","","","","","","","","大手前公園"
"万博記念公園","[万博記念公園] 日本万国博覧会記念公園 （にほんばんこくはくらんかいきねんこうえん）は、 大阪府 吹田市 にある 公園 。 日本万国博覧会 （大阪万博）の跡地を整備した公園で  、 万博記念公園 （ばんぱくきねんこうえん）や 万博公園 （ばんぱくこうえん）とも呼称される。","https://ja.wikipedia.org/wiki/万博記念公園","日本さくら名所100選","https://ja.wikipedia.org/wiki/日本さくら名所100選","箇条書き","北緯34度48分34.28秒東経135度31分56.67秒","日本大阪府吹田市千里万博公園","264ヘクタール","公の施設","https://www.expo70-park.jp/","大阪府","","","1972年3月15日","","","","","","","","","","",""
"姫路城","[姫路城] 姫路城 （ひめじじょう）は 兵庫県 姫路市 にある 日本の城 。 江戸時代 初期に建てられた 天守 や 櫓 等の主要 建築物 が現存し、 国宝 や 重要文化財 に指定されている。また、主郭部を含む中堀の内側は「姫路城跡」として国の 特別史跡 に指定されている   。また、 ユネスコ の 世界遺産 リストにも登録され   、 日本100名城  などに選定されている。別名は 白鷺城 （はくろじょう・しらさぎじょう。詳細は 名称の由来と別名 を参照）という。","https://ja.wikipedia.org/wiki/姫路城","日本さくら名所100選","https://ja.wikipedia.org/wiki/日本さくら名所100選","箇条書き","北緯34度50分21.76秒東経134度41分38.75秒","","","","","","北緯34度50分21.76秒東経134度41分38.75秒﻿ / ﻿北緯34.8393778度 東経134.6940972度﻿ /34.8393778; 134.6940972座標:北緯34度50分21.76秒東経134度41分38.75秒﻿ / ﻿北緯34.8393778度 東経134.6940972度﻿ /34.8393778; 134.6940972","","","白鷺城","渦郭式平山城","連立式望楼型5重6階地下1階","赤松貞範","1346年（南朝：正平元年、北朝：貞和2年）","小寺氏・黒田氏・池田氏・本多氏・松平氏・榊原氏・酒井氏","現存天守・櫓・門・塀石垣・堀・土塁・庭園","国宝（大小天守と渡櫓等8棟）重要文化財（櫓・渡櫓27棟、門15棟、塀32棟）特別史跡ユネスコ世界遺産","1871年（明治4年）","姫路城",""
"兵庫県立明石公園","[明石公園] 兵庫県立明石公園 （ひょうごけんりつあかしこうえん）は、 兵庫県 明石市 にある兵庫県立の 都市公園 （広域公園）である  。","https://ja.wikipedia.org/wiki/兵庫県立明石公園","日本さくら名所100選","https://ja.wikipedia.org/wiki/日本さくら名所100選","箇条書き","北緯34度39分24.13秒東経134度59分38.06秒","日本兵庫県明石市明石公園","","都市公園（広域公園）","明石公園","公益財団法人兵庫県園芸・公園協会","","","1918年4月15日","","","","","","","","","","","明石城"
"夙川公園","[夙川公園・夙川河川敷緑地] 夙川河川敷緑地 （しゅくがわかせんじきりょくち）は、 兵庫県 西宮市 にある 公園 である。 夙川公園 とも呼ばれるがこれは通称で、正式名称は 夙川河川敷緑地 である。","https://ja.wikipedia.org/wiki/夙川公園","日本さくら名所100選","https://ja.wikipedia.org/wiki/日本さくら名所100選","箇条書き","","","","","","","","","","","","","","","","","","","",""
"奈良公園","[奈良公園] 奈良公園 （ならこうえん）は、 奈良県 奈良市 にある 都市公園 である。国の 名勝 。","https://ja.wikipedia.org/wiki/奈良公園","日本さくら名所100選","https://ja.wikipedia.org/wiki/日本さくら名所100選","箇条書き","","日本奈良市","502ha","都市公園","奈良公園","奈良県","","","1880年","","","","","","","","","","",""
"郡山城 (大和国)","[郡山城址公園] 郡山城 （こおりやまじょう）は、 奈良県 大和郡山市 にあった 日本の城 。 豊臣政権 の中初期には 秀吉 の異父弟（同父弟説もある） 羽柴秀長 の居城となり、その領国であった 大和 ・ 紀伊 ・ 和泉 100万石の中心であった。 江戸時代 には 郡山藩 の藩庁が置かれた。","https://ja.wikipedia.org/wiki/郡山城_(大和国)","日本さくら名所100選","https://ja.wikipedia.org/wiki/日本さくら名所100選","箇条書き","北緯34度39分6.9秒東経135度46分44.18秒","","","","","","北緯34度39分6.9秒東経135度46分44.18秒﻿ / ﻿北緯34.651917度 東経135.7789389度﻿ /34.651917; 135.7789389","","","雁陣之城","輪郭式平山城","伝・5層6階（不明・1583年築・非現存）","郡山衆及び筒井順慶","1162年（応保2年）及び1580年（天正8年）","筒井氏、豊臣氏、水野氏、柳沢氏","石垣、堀","奈良県指定史跡","1873年（明治6年）","郡山城",""
"吉野山","[吉野山] 吉野山 （よしのやま）は 奈良県 の中央部・ 吉野郡 吉野町 にある 吉野川（紀の川） 南岸から 大峰山脈 へと南北に続く約8 キロメートル に及ぶ 尾根 続きの山稜の総称、または 金峯山寺 を中心とした社寺が点在する地域の広域地名である。","https://ja.wikipedia.org/wiki/吉野山","日本さくら名所100選","https://ja.wikipedia.org/wiki/日本さくら名所100選","箇条書き","","日本奈良県吉野郡吉野町","","","","","","","","","","","","","","","","","",""
"紀三井寺","[紀三井寺] 紀三井寺 （きみいでら）は、 和歌山県 和歌山市 紀三井寺にある救世観音宗（ぐぜかんのんしゅう）  の 総本山 の 寺院 。 山号 は紀三井山、 院号 は護国院。寺号は 金剛宝寺 であるが、紀三井寺の名前で知られている。 西国三十三所 第2番札所。 本尊 は十一面観世音菩薩（ 十一面観音 ）。","https://ja.wikipedia.org/wiki/紀三井寺","日本さくら名所100選","https://ja.wikipedia.org/wiki/日本さくら名所100選","箇条書き","北緯34度11分6.6秒東経135度11分24.09秒","和歌山県和歌山市紀三井寺1201","","","","","北緯34度11分6.6秒東経135度11分24.09秒﻿ / ﻿北緯34.185167度 東経135.1900250度﻿ /34.185167; 135.1900250座標:北緯34度11分6.6秒東経135度11分24.09秒﻿ / ﻿北緯34.185167度 東経135.1900250度﻿ /34.185167; 135.1900250","","","","","","","","","","","","",""
"根来寺","[根来寺] 根来寺 （ 根來寺 ）（ねごろじ）は、 和歌山県 岩出市 にある 新義真言宗 の 総本山 の 寺院 。 山号 は一乗山。詳しくは一乗山大伝法院根来寺と称する。 本尊 は 大日如来 ・ 金剛薩埵 ・ 尊勝仏頂 の三尊  。 開山 は 覚鑁 （興教大師）である。","https://ja.wikipedia.org/wiki/根来寺","日本さくら名所100選","https://ja.wikipedia.org/wiki/日本さくら名所100選","箇条書き","北緯34度17分14秒東経135度19分0秒","和歌山県岩出市根来2286","","","","","北緯34度17分14秒東経135度19分0秒﻿ / ﻿北緯34.28722度 東経135.31667度﻿ /34.28722; 135.31667座標:北緯34度17分14秒東経135度19分0秒﻿ / ﻿北緯34.28722度 東経135.31667度﻿ /34.28722; 135.31667","","","","","","","","","","","","",""
"七川ダム","[七川ダム湖畔] 七川ダム （しちかわダム）は 和歌山県 東牟婁郡 古座川町 大字佐田、 二級河川 古座川 水系 古座川に建設された ダム である。","https://ja.wikipedia.org/wiki/七川ダム","日本さくら名所100選","https://ja.wikipedia.org/wiki/日本さくら名所100選","箇条書き","北緯33度35分31秒東経135度41分16秒","","","","","","北緯33度35分31秒東経135度41分16秒﻿ / ﻿北緯33.59194度 東経135.68778度﻿ /33.59194; 135.68778","","","","","","","","","","","","",""
"久松公園","[久松公園] 久松公園 （ きゅうしょうこうえん ）は、 鳥取県 鳥取市 東町にある 都市公園 （歴史公園）である  。","https://ja.wikipedia.org/wiki/久松公園","日本さくら名所100選","https://ja.wikipedia.org/wiki/日本さくら名所100選","箇条書き","","鳥取県鳥取市東町二丁目","7.37ha","都市公園（歴史公園）","","鳥取市","","","","","","","","","","","","","",""
"打吹公園","[打吹公園] 打吹公園 （うつぶきこうえん）は 鳥取県 倉吉市 仲ノ町の 打吹山 の麓にある 都市公園 （総合公園）である  。 日本さくら名所100選 、 日本の都市公園100選 、 森林浴の森100選 等に選ばれる 山陰 を代表する都市公園の一つである。","https://ja.wikipedia.org/wiki/打吹公園","日本さくら名所100選","https://ja.wikipedia.org/wiki/日本さくら名所100選","箇条書き","","日本鳥取県倉吉市仲ノ町","48.5 ha","都市公園（総合公園）","倉吉市のサイト","倉吉市","","","","","","","","","","","","","",""
"松江城","[松江城山公園] 松江城 （まつえじょう）は、現在の 島根県 松江市 殿町に築かれた江戸時代の 日本の城 。別名・ 千鳥城 。 現存天守 は 国宝 、城跡は国の 史跡 に指定されている。","https://ja.wikipedia.org/wiki/松江城","日本さくら名所100選","https://ja.wikipedia.org/wiki/日本さくら名所100選","箇条書き","北緯35度28分30.5秒東経133度3分2.5秒","","","","","","北緯35度28分30.5秒東経133度3分2.5秒﻿ / ﻿北緯35.475139度 東経133.050694度﻿ /35.475139; 133.050694座標:北緯35度28分30.5秒東経133度3分2.5秒﻿ / ﻿北緯35.475139度 東経133.050694度﻿ /35.475139; 133.050694","","","千鳥城","輪郭連郭複合式平山城","複合式望楼型 4重5階地下1階（木造1607年築 現存）","堀尾忠氏","1611年（慶長16年）","堀尾氏、京極氏、松平氏","現存天守、石垣、堀","国宝（天守）国の史跡","1871年（明治4年）","松江城",""
"斐伊川堤防桜並木","[斐伊川堤防桜並木] 斐伊川堤防桜並木 （ひいかわていぼうさくらなみき）は、 島根県 雲南市 木次町に流れる 斐伊川 の堤防沿い約2km（ 木次駅 前から上流）の区間に植えられた桜並木の名称。","https://ja.wikipedia.org/wiki/斐伊川堤防桜並木","日本さくら名所100選","https://ja.wikipedia.org/wiki/日本さくら名所100選","箇条書き","","","","","","","","","","","","","","","","","","","",""
"津山城","[鶴山公園] 津山城 （つやまじょう）は、 美作国 苫田郡 （のち 西北条郡 ）  津山(現・ 岡山県 津山市 山下 ）にあった 日本の城 。別名・鶴山城（かくざんじょう）。城跡は国の 史跡 に指定されている。","https://ja.wikipedia.org/wiki/津山城","日本さくら名所100選","https://ja.wikipedia.org/wiki/日本さくら名所100選","箇条書き","北緯35度3分45.97秒東経134度0分17.83秒","","","","","","北緯35度3分45.97秒東経134度0分17.83秒﻿ / ﻿北緯35.0627694度 東経134.0049528度﻿ /35.0627694; 134.0049528","","","鶴山城","梯郭式平山城","独立式層塔型4重5階（非現存）","山名忠政","嘉吉年間（1441年～1444年）","山名氏、森氏、松平氏","石垣、堀","国の史跡","明治6年（1873年）","津山城",""
"千光寺公園","[千光寺公園] 千光寺公園 （せんこうじこうえん）は、 広島県 尾道市 の 千光寺山 にある 公園 。 日本さくら名所100選 の一つ  。","https://ja.wikipedia.org/wiki/千光寺公園","日本さくら名所100選","https://ja.wikipedia.org/wiki/日本さくら名所100選","箇条書き","北緯34度24分37秒東経133度11分48秒","日本広島県尾道市","106,000 m2","","","尾道市観光課","","（常設）普通車70台　（臨時）普通車410台　バス20台","","","","","","","","","","","",""
"庄原上野公園","[上野公園] 庄原上野公園 （ しょうばらうえのこうえん ）は、 広島県 庄原市 東本町の市街中心にある公園。","https://ja.wikipedia.org/wiki/庄原上野公園","日本さくら名所100選","https://ja.wikipedia.org/wiki/日本さくら名所100選","箇条書き","","","","","","","","","","","","","","","","","","","",""
"常盤公園 (宇部市)","[常盤公園] 常盤公園 （ときわこうえん）は、 山口県 の 宇部市 に所在する 常盤湖 を中心とした 都市公園 （ 総合公園 ）である。公式ホームページなどでは「 ときわ公園 」と表記される。","https://ja.wikipedia.org/wiki/常盤公園_(宇部市)","日本さくら名所100選","https://ja.wikipedia.org/wiki/日本さくら名所100選","箇条書き","北緯33度56分44.8秒東経131度16分59.1秒","日本山口県宇部市","189.4ha","都市公園（総合公園）","公式ホームページ","宇部市","","正面駐車場 67台西駐車場 192台東駐車場 約630台中央駐車場 129台北駐車場 約100台","1925年","","","","","","","","","","",""
"吉香公園","[吉香公園・錦帯橋] 吉香公園 （きっこうこうえん）は、 山口県 岩国市 横山地区にある 都市公園 （総合公園）である。 桜 の名所として知られている。 錦帯橋 と共に 日本さくら名所100選 に選定されている。","https://ja.wikipedia.org/wiki/吉香公園","日本さくら名所100選","https://ja.wikipedia.org/wiki/日本さくら名所100選","箇条書き","北緯34度10分12.3秒東経132度10分32.7秒","日本山口県岩国市","約58ha","都市公園（総合公園）","岩国市のサイト","岩国市","","","1968年（昭和43年）4月18日","","","","","","","","","","","横山公園"
"西部公園","[西部公園] 西部公園 （せいぶこうえん、 英語 ：Sebu Park）は、 徳島県 徳島市 の 眉山 にある 公園 。公園内には500本の 染井吉野 が植えられており、 日本さくら名所100選 に指定されている。県内有数のお花見の名所である。","https://ja.wikipedia.org/wiki/西部公園","日本さくら名所100選","https://ja.wikipedia.org/wiki/日本さくら名所100選","箇条書き","徳島県徳島市加茂名町庄山","日本","39,000m2","風致公園","","","","あり","","","","","","","","","","","",""
"琴弾公園","[琴弾公園] 琴弾公園 （ことひきこうえん）は、 香川県 観音寺市 にある香川県営の 都市公園 （風致公園）である  。 瀬戸内海国立公園 に含まれ、国の 名勝 に指定されている。1897年に県立公園として開園。設計は園芸師の 小沢圭次郎 。","https://ja.wikipedia.org/wiki/琴弾公園","日本さくら名所100選","https://ja.wikipedia.org/wiki/日本さくら名所100選","箇条書き","北緯34度8分0.81秒東経133度38分32.01秒","日本香川県観音寺市有明町","48ha","都市公園（風致公園）","","香川県","","あり","","","","","","","","","","","",""
"城山公園 (松山市)","[城山公園] 城山公園 （しろやまこうえん）は、 愛媛県 松山市 丸之内・堀之内にあり、 城山 と、その周辺を 公園 とした 都市公園 （総合公園）である  。","https://ja.wikipedia.org/wiki/城山公園_(松山市)","日本さくら名所100選","https://ja.wikipedia.org/wiki/日本さくら名所100選","箇条書き","北緯33度50分41.1秒東経132度45分55.3秒","日本愛媛県松山市丸之内、堀之内","52.11ha","都市公園（総合公園）","城山公園","松山市","","","","","","","","","","","","","","松山城"
"鏡野公園","[鏡野公園] 高知県立 鏡野公園 （かがみのこうえん）は、 高知県 香美市 （合併前は 香美郡 土佐山田町 ）に位置する県立の 都市公園 （地区公園）である  。開園は 1978年 （昭和53年）。 日本さくら名所100選 にも選ばれている  。","https://ja.wikipedia.org/wiki/鏡野公園","日本さくら名所100選","https://ja.wikipedia.org/wiki/日本さくら名所100選","箇条書き","","高知県香美市土佐山田町宮ノ口","","都市公園（地区公園）","鏡野公園（香美市）","香美市","","あり（300台）","","","","","","","","","","","",""
"佐川町","[牧野公園] ","https://ja.wikipedia.org/wiki/佐川町","日本さくら名所100選","https://ja.wikipedia.org/wiki/日本さくら名所100選","箇条書き","北緯33度30分2.9秒東経133度17分11.9秒","〒789-1292高知県高岡郡佐川町甲1650番地2北緯33度30分2.9秒東経133度17分11.9秒﻿ / ﻿北緯33.500806度 東経133.286639度﻿ /33.500806; 133.286639座標:北緯33度30分2.9秒東経133度17分11.9秒﻿ / ﻿北緯33.500806度 東経133.286639度﻿ /33.500806; 133.286639","100.80km2","","","","","","","","","","","","","","","","",""
"西公園 (福岡市)","[西公園] 全体が丘陵地で展望広場からは 博多湾 が一望できる。園内は自生の マツ ・ シイ ・ カシ が茂り、また サクラ ・ ツツジ が植栽された 風致公園 である。サクラは約3000本あり、 日本さくら名所100選 に選定される  。","https://ja.wikipedia.org/wiki/西公園_(福岡市)","日本さくら名所100選","https://ja.wikipedia.org/wiki/日本さくら名所100選","箇条書き","","日本福岡市福岡市中央区","17.0ha","風致公園","西公園（大濠・西公園管理事務所）","福岡県","","あり","1881年","","","","","","","","","","","荒津山公園"
"小城公園","[小城公園] 小城公園 （おぎこうえん）は、 佐賀県 小城市 小城町に所在する 都市公園 （総合公園）である  。前身の 桜岡公園 の名で呼ばれることもある。園内の小高い丘「桜ヶ岡」を借景にした庭園「自楽園」があり、周辺には約3,000本の 桜 が咲く。また、岡山神社と烏森稲荷神社の2つの 神社 、また丘の頂部には 古墳 があるほか、都市公園として運動場が設けられている。 日本さくら名所100選 および 日本の歴史公園100選 に選定されている。","https://ja.wikipedia.org/wiki/小城公園","日本さくら名所100選","https://ja.wikipedia.org/wiki/日本さくら名所100選","箇条書き","北緯33度17分20.9秒東経130度11分48.1秒","日本佐賀県小城市小城町","","都市公園（総合公園）","","小城市","","","1875年","","","","","","","","","","","桜岡公園"
"大村公園","[大村公園] 大村公園 （おおむらこうえん）は 長崎県 大村市 玖島にある大村市立の 都市公園 （総合公園）である  。 玖島城 （大村城）跡の外堀を利用してできた公園で、春には ソメイヨシノ や国の 天然記念物 のオオムラザクラ、 ハナショウブ 、 ツツジ などが咲く。 日本さくら名所100選 ・ 日本の歴史公園100選 の1つ。大村市役所の南隣りにある。","https://ja.wikipedia.org/wiki/大村公園","日本さくら名所100選","https://ja.wikipedia.org/wiki/日本さくら名所100選","箇条書き","","長崎県大村市玖島1丁目43","","都市公園（総合公園）","大村市のサイト","大村市","","あり","","","","","","","","","","","",""
"熊本城","[熊本城] 熊本城 （くまもとじょう）は、 肥後国 飽田郡 熊本  （現在の 熊本県 熊本市 中央区 ）に築かれた 安土桃山時代 から 江戸時代 の 日本の城 。別名「銀杏城（ぎんなんじょう）」  。","https://ja.wikipedia.org/wiki/熊本城","日本さくら名所100選","https://ja.wikipedia.org/wiki/日本さくら名所100選","箇条書き","北緯32度48分21.7秒東経130度42分21.23秒","","","","","","北緯32度48分21.7秒東経130度42分21.23秒﻿ / ﻿北緯32.806028度 東経130.7058972度﻿ /32.806028; 130.7058972﻿ (熊本城)座標:北緯32度48分21.7秒東経130度42分21.23秒﻿ / ﻿北緯32.806028度 東経130.7058972度﻿ /32.806028; 130.7058972﻿ (熊本城)","","","千葉城（出田氏）、六実城、隈本城（鹿子木氏、菊池氏、城氏、佐々氏、加藤氏半国期）、銀杏城","梯郭式平山城","連結式望楼型3重6階地下1階（非現存・1600年築）外観復元（RC造1960年再）","出田秀信（千葉城）、鹿子木親員（隈本城）","1469年–1487年頃","加藤氏、細川氏","櫓・門・塀、石垣、堀","国の重要文化財:櫓11棟、門1棟、塀1棟国の特別史跡:熊本城跡","1874年","熊本城熊本市の地図を表示熊本城熊本県の地図を表示熊本城日本の地図を表示",""
"水俣市","[水俣市チェリーライン] ","https://ja.wikipedia.org/wiki/水俣市","日本さくら名所100選","https://ja.wikipedia.org/wiki/日本さくら名所100選","箇条書き","北緯32度12分42.7秒東経130度24分31.5秒","〒867-8555熊本県水俣市陣内1丁目1番1号北緯32度12分42.7秒東経130度24分31.5秒﻿ / ﻿北緯32.211861度 東経130.408750度﻿ /32.211861; 130.408750﻿ (水俣市)座標:北緯32度12分42.7秒東経130度24分31.5秒﻿ / ﻿北緯32.211861度 東経130.408750度﻿ /32.211861; 130.408750﻿ (水俣市)市庁舎位置","163.29km2","","","","","","","","","","","","","","","","",""
"市房ダム","[市房ダム湖畔] 市房ダム （いちふさダム）は、 熊本県 球磨郡 水上村 、 一級河川 ・ 球磨川 水系 球磨川本流に建設された ダム 。旧名は 新橋ダム （しんばしダム）。高さ78.5 メートル の 重力式コンクリートダム で、 洪水調節 ・ 不特定利水 ・ 発電 を目的とする、 建設省 （現・ 国土交通省 ）が建設し、完成後熊本 県営 となった 多目的ダム である。ダム湖（ 人造湖 ）の名は 市房湖 という。","https://ja.wikipedia.org/wiki/市房ダム","日本さくら名所100選","https://ja.wikipedia.org/wiki/日本さくら名所100選","箇条書き","北緯32度19分12秒東経131度00分46秒","","","","","","北緯32度19分12秒東経131度00分46秒﻿ / ﻿北緯32.32000度 東経131.01278度﻿ /32.32000; 131.01278","","","","","","","","","","","","",""
"岡城 (豊後国)","[岡城公園] 岡城 （おかじょう）は、 豊後国 直入郡 竹田（現在の 大分県 竹田市 大字竹田）にあった 日本の城 （ 山城 ）である。「臥牛城（がぎゅうじょう）」、「豊後竹田城（ぶんごたけたじょう）」とも呼ばれる。","https://ja.wikipedia.org/wiki/岡城_(豊後国)","日本さくら名所100選","https://ja.wikipedia.org/wiki/日本さくら名所100選","箇条書き","北緯32度58分9.18秒東経131度24分29.05秒","","","","","","北緯32度58分9.18秒東経131度24分29.05秒﻿ / ﻿北緯32.9692167度 東経131.4080694度﻿ /32.9692167; 131.4080694﻿ (岡城)座標:北緯32度58分9.18秒東経131度24分29.05秒﻿ / ﻿北緯32.9692167度 東経131.4080694度﻿ /32.9692167; 131.4080694﻿ (岡城)","","","臥牛城、豊後竹田城","梯郭式山城","不明（1596年築・非現存）複合連結型層塔式（1774年再・非現存）","緒方惟栄","文治元年（1185年）","志賀氏、中川氏","石垣","国の史跡","明治4年（1871年）","岡城",""
"母智丘・関之尾県立自然公園","[母智丘・関之尾県立自然公園] 母智丘・関之尾県立自然公園 （もちおせきのおけんりつしぜんこうえん）は 宮崎県 都城市 にある自然公園。 1958年 （昭和33年） 9月1日 に県立公園として指定された。面積は6.34km 2 と県内の県立公園ではいちばんせまい。","https://ja.wikipedia.org/wiki/母智丘・関之尾県立自然公園","日本さくら名所100選","https://ja.wikipedia.org/wiki/日本さくら名所100選","箇条書き","","","","","","","","","","","","","","","","","","","",""
"忠元公園 (存在しないページ)","[忠元公園]","https://ja.wikipedia.org/w/index.php?title=忠元公園&amp;action=edit&amp;redlink=1","日本さくら名所100選","https://ja.wikipedia.org/wiki/日本さくら名所100選","箇条書き","","","","","","","","","","","","","","","","","","","",""
"名護城","[名護城公園] 名護城 （なんぐすく）は、 沖縄県 名護市 字 城 にある 城跡 （ グスク ）である。城跡一帯は「名護中央公園」として整備されており、 日本さくら名所100選 の1つとして「名護城公園」が選ばれている  。 名護按司 の居城だったと伝えられる。","https://ja.wikipedia.org/wiki/名護城","日本さくら名所100選","https://ja.wikipedia.org/wiki/日本さくら名所100選","箇条書き","","","","","","","","","","","","","","","","","","","",""
