"タイトル","コメント","URL","親リストタイトル","親リストURL","一覧抽出方法","座標","所属路線","キロ程","所属事業者","駅構造","開業年月日","ホーム","所在地","備考","電報略号","乗車人員,-統計年度-","駅番号","乗降人員,-統計年度-","乗換","種類","本社所在地","設立","業種","法人番号","事業内容"
"糠沢駅","糠沢駅（ぬかざわえき）","https://ja.wikipedia.org/wiki/糠沢駅","日本の鉄道駅一覧_ぬ-の","https://ja.wikipedia.org/wiki/日本の鉄道駅一覧_ぬ-の","箇条書き,制限あり","北緯40度15分3.93秒東経140度23分52.17秒","■奥羽本線","388.1 km（福島起点）","東日本旅客鉄道（JR東日本）","地上駅","1956年（昭和31年）12月3日[1]","2面2線[1]","秋田県北秋田市綴子字下谷地[1]北緯40度15分3.93秒東経140度23分52.17秒座標:北緯40度15分3.93秒 東経140度23分52.17秒","無人駅[1]","ヌサ","","","","","","","","","",""
"額住宅前駅","額住宅前駅（ぬかじゅうたくまええき）","https://ja.wikipedia.org/wiki/額住宅前駅","日本の鉄道駅一覧_ぬ-の","https://ja.wikipedia.org/wiki/日本の鉄道駅一覧_ぬ-の","箇条書き,制限あり","北緯36度31分5.92秒東経136度37分8.03秒","■石川線","6.1 km（野町起点）","北陸鉄道","地上駅","1915年（大正4年）6月22日","島式 1面2線","石川県金沢市額新町1丁目20北緯36度31分5.92秒東経136度37分8.03秒﻿ / ﻿北緯36.5183111度 東経136.6188972度﻿ /36.5183111; 136.6188972座標:北緯36度31分5.92秒東経136度37分8.03秒﻿ / ﻿北緯36.5183111度 東経136.6188972度﻿ /36.5183111; 136.6188972","","","","○I08","357人/日-2017年-","","","","","","",""
"額田駅 (大阪府)","額田駅 (大阪府)（ぬかたえき・近畿日本鉄道奈良線）","https://ja.wikipedia.org/wiki/額田駅_(大阪府)","日本の鉄道駅一覧_ぬ-の","https://ja.wikipedia.org/wiki/日本の鉄道駅一覧_ぬ-の","箇条書き,制限あり","北緯34度40分32.45秒東経135度39分4.89秒","A奈良線","9.0km（布施起点）大阪難波から15.1 km","近畿日本鉄道（近鉄）","地上駅","1920年（大正9年）7月13日","2面2線","大阪府東大阪市山手町2-10北緯34度40分32.45秒東経135度39分4.89秒﻿ / ﻿北緯34.6756806度 東経135.6513583度﻿ /34.6756806; 135.6513583座標:北緯34度40分32.45秒東経135度39分4.89秒﻿ / ﻿北緯34.6756806度 東経135.6513583度﻿ /34.6756806; 135.6513583","","ヌカタ",""," A15 ","3,490人/日-2018年-","","","","","","",""
"額田駅 (茨城県)","額田駅 (茨城県)（ぬかだえき・東日本旅客鉄道水郡線）","https://ja.wikipedia.org/wiki/額田駅_(茨城県)","日本の鉄道駅一覧_ぬ-の","https://ja.wikipedia.org/wiki/日本の鉄道駅一覧_ぬ-の","箇条書き,制限あり","","■水郡線（常陸太田支線）","3.6 km（上菅谷起点）水戸から13.7 km","東日本旅客鉄道（JR東日本）","地上駅","1897年（明治30年）11月16日","1面1線","","無人駅","ヌカ","","","","","","","","","",""
"糠南駅","糠南駅（ぬかなんえき）","https://ja.wikipedia.org/wiki/糠南駅","日本の鉄道駅一覧_ぬ-の","https://ja.wikipedia.org/wiki/日本の鉄道駅一覧_ぬ-の","箇条書き,制限あり","北緯44度55分14.3秒東経142度0分2.8秒","■宗谷本線","178.0 km（旭川起点）","北海道旅客鉄道（JR北海道）","地上駅","1955年（昭和30年）12月2日","1面1線","北海道天塩郡幌延町字問寒別北緯44度55分14.3秒東経142度0分2.8秒﻿ / ﻿北緯44.920639度 東経142.000778度﻿ /44.920639; 142.000778﻿ (糠南駅)座標:北緯44度55分14.3秒東経142度0分2.8秒﻿ / ﻿北緯44.920639度 東経142.000778度﻿ /44.920639; 142.000778﻿ (糠南駅)","無人駅","ヌナ","","○W67","","","","","","","",""
"温田駅","温田駅（ぬくたえき）","https://ja.wikipedia.org/wiki/温田駅","日本の鉄道駅一覧_ぬ-の","https://ja.wikipedia.org/wiki/日本の鉄道駅一覧_ぬ-の","箇条書き,制限あり","北緯35度20分11.20秒東経137度50分28.98秒","CD飯田線","102.2 km（豊橋起点）","東海旅客鉄道（JR東海）","地上駅","1935年（昭和10年）11月15日[1]","1面2線[1]","長野県下伊那郡泰阜村温田[1]北緯35度20分11.20秒東経137度50分28.98秒﻿ / ﻿北緯35.3364444度 東経137.8413833度﻿ /35.3364444; 137.8413833座標:北緯35度20分11.20秒東経137度50分28.98秒﻿ / ﻿北緯35.3364444度 東経137.8413833度﻿ /35.3364444; 137.8413833","駅員無配置駅[1]標高：340m[1]","ヌク[1]","225人/日（降車客含まず）-2018年-","","","","","","","","",""
"生見駅","生見駅（ぬくみえき）","https://ja.wikipedia.org/wiki/生見駅","日本の鉄道駅一覧_ぬ-の","https://ja.wikipedia.org/wiki/日本の鉄道駅一覧_ぬ-の","箇条書き,制限あり","北緯31度18分25.97秒東経130度34分39.85秒","指宿枕崎線","35.0 km（鹿児島中央起点）","九州旅客鉄道（JR九州）","地上駅","1934年（昭和9年）12月19日","1面2線","鹿児島県鹿児島市喜入生見町2797北緯31度18分25.97秒東経130度34分39.85秒","無人駅","ヌク","69人/日（降車客含まず）-2015年-","","144人/日-2015年-","","","","","","",""
"抜里駅","抜里駅（ぬくりえき）","https://ja.wikipedia.org/wiki/抜里駅","日本の鉄道駅一覧_ぬ-の","https://ja.wikipedia.org/wiki/日本の鉄道駅一覧_ぬ-の","箇条書き,制限あり","北緯34度57分12.21秒東経138度5分15.58秒","大井川本線","18.8 km（金谷起点）","大井川鐵道","地上駅","1930年（昭和5年）7月16日","単式 1面1線","静岡県島田市川根町抜里北緯34度57分12.21秒東経138度5分15.58秒﻿ / ﻿北緯34.9533917度 東経138.0876611度﻿ /34.9533917; 138.0876611座標:北緯34度57分12.21秒東経138度5分15.58秒﻿ / ﻿北緯34.9533917度 東経138.0876611度﻿ /34.9533917; 138.0876611","無人駅","","9人/日（降車客含まず）-2019年-","","19人/日-2019年-","","","","","","",""
"布市駅","布市駅（ぬのいちえき）","https://ja.wikipedia.org/wiki/布市駅","日本の鉄道駅一覧_ぬ-の","https://ja.wikipedia.org/wiki/日本の鉄道駅一覧_ぬ-の","箇条書き,制限あり","北緯36度38分43.3秒東経137度14分7.3秒","■上滝線","3.2 km（南富山起点）","富山地方鉄道","地上駅","1921年（大正10年）4月25日","単式1面1線","富山県富山市布市747北緯36度38分43.3秒東経137度14分7.3秒﻿ / ﻿北緯36.645361度 東経137.235361度﻿ /36.645361; 137.235361﻿ (布市駅)座標:北緯36度38分43.3秒東経137度14分7.3秒﻿ / ﻿北緯36.645361度 東経137.235361度﻿ /36.645361; 137.235361﻿ (布市駅)","無人駅","","124人/日（降車客含まず）-2019年-","T65","256人/日-2019年-","","","","","","",""
"布崎駅","布崎駅（ぬのざきえき）","https://ja.wikipedia.org/wiki/布崎駅","日本の鉄道駅一覧_ぬ-の","https://ja.wikipedia.org/wiki/日本の鉄道駅一覧_ぬ-の","箇条書き,制限あり","北緯35度27分0.89秒東経132度51分18秒","北松江線","14.5 km（電鉄出雲市起点）","一畑電車","地上駅","1915年（大正4年）2月4日","1面1線","島根県出雲市園町北緯35度27分0.89秒東経132度51分18秒座標:北緯35度27分0.89秒 東経132度51分18秒","無人駅","","65人/日（降車客含まず）-2018年-","10","139人/日-2018年-","","","","","","",""
"布師田駅","布師田駅（ぬのしだえき）","https://ja.wikipedia.org/wiki/布師田駅","日本の鉄道駅一覧_ぬ-の","https://ja.wikipedia.org/wiki/日本の鉄道駅一覧_ぬ-の","箇条書き,制限あり","北緯33度34分32.68秒東経133度35分25.93秒","■土讃線（■TKTごめん・なはり線直通含む）","121.4 km（多度津起点）","四国旅客鉄道（JR四国）","高架駅","1952年（昭和27年）4月15日","1面1線","高知県高知市布師田北緯33度34分32.68秒東経133度35分25.93秒","無人駅（自動券売機 有）","ヌノ","","○D42","184[1]人/日-2019年-","","","","","","",""
"布忍駅","布忍駅（ぬのせえき）","https://ja.wikipedia.org/wiki/布忍駅","日本の鉄道駅一覧_ぬ-の","https://ja.wikipedia.org/wiki/日本の鉄道駅一覧_ぬ-の","箇条書き,制限あり","北緯34度34分39.09秒東経135度32分22.18秒","F南大阪線","8.3 km（大阪阿部野橋起点）","近畿日本鉄道（近鉄）","地上駅","1922年（大正11年）4月18日","2面2線","大阪府松原市北新町一丁目2-1北緯34度34分39.09秒東経135度32分22.18秒﻿ / ﻿北緯34.5775250度 東経135.5394944度﻿ /34.5775250; 135.5394944座標:北緯34度34分39.09秒東経135度32分22.18秒﻿ / ﻿北緯34.5775250度 東経135.5394944度﻿ /34.5775250; 135.5394944","","ヌノセ",""," F08 ","","","","","","","",""
"布原駅","布原駅（ぬのはらえき）","https://ja.wikipedia.org/wiki/布原駅","日本の鉄道駅一覧_ぬ-の","https://ja.wikipedia.org/wiki/日本の鉄道駅一覧_ぬ-の","箇条書き,制限あり","北緯34度59分16.59秒東経133度25分18.35秒","V伯備線（P芸備線直通）*","68.3km（倉敷起点）**新見から3.9 km","西日本旅客鉄道（JR西日本）","地上駅","1987年（昭和62年）4月1日","2面2線","岡山県新見市西方字野々原3701-7北緯34度59分16.59秒東経133度25分18.35秒﻿ / ﻿北緯34.9879417度 東経133.4217639度﻿ /34.9879417; 133.4217639﻿ (布原駅)","無人駅","ヌノ","1人/日（降車客含まず）-2019年-","","","","","","","","",""
"布部駅","布部駅（ぬのべえき）","https://ja.wikipedia.org/wiki/布部駅","日本の鉄道駅一覧_ぬ-の","https://ja.wikipedia.org/wiki/日本の鉄道駅一覧_ぬ-の","箇条書き,制限あり","北緯43度17分30.6秒東経142度24分1.25秒","■根室本線","60.9 km（滝川起点）","北海道旅客鉄道（JR北海道）","地上駅","1927年（昭和2年）12月26日","1面1線","北海道富良野市字布部北緯43度17分30.6秒東経142度24分1.25秒﻿ / ﻿北緯43.291833度 東経142.4003472度﻿ /43.291833; 142.4003472﻿ (布部駅)","無人駅","ヌノ","","○T31","4人/日-2014年-","","","","","","",""
"沼久保駅","沼久保駅（ぬまくぼえき）","https://ja.wikipedia.org/wiki/沼久保駅","日本の鉄道駅一覧_ぬ-の","https://ja.wikipedia.org/wiki/日本の鉄道駅一覧_ぬ-の","箇条書き,制限あり","北緯35度11分57.41秒東経138度35分3.55秒","CC身延線","16.9 km（富士起点）","東海旅客鉄道（JR東海）","地上駅","1929年（昭和4年）3月10日[1]","1面1線","静岡県富士宮市沼久保1065北緯35度11分57.41秒東経138度35分3.55秒","駅員無配置駅","ヌホ","6人/日（降車客含まず）-2019年-","","","","","","","","",""
"沼田駅","沼田駅（ぬまたえき）","https://ja.wikipedia.org/wiki/沼田駅","日本の鉄道駅一覧_ぬ-の","https://ja.wikipedia.org/wiki/日本の鉄道駅一覧_ぬ-の","箇条書き,制限あり","北緯36度38分33.05秒東経139度2分8.64秒","■上越線","41.4 km（高崎起点）","東日本旅客鉄道（JR東日本）","地上駅","1924年（大正13年）3月31日","2面3線","群馬県沼田市清水町3155北緯36度38分33.05秒東経139度2分8.64秒﻿ / ﻿北緯36.6425139度 東経139.0357333度﻿ /36.6425139; 139.0357333﻿ (沼田駅)座標:北緯36度38分33.05秒東経139度2分8.64秒﻿ / ﻿北緯36.6425139度 東経139.0357333度﻿ /36.6425139; 139.0357333﻿ (沼田駅)","業務委託駅みどりの窓口有","ヌタ","1,622人/日（降車客含まず）-2019年-","","","","","","","","",""
"沼津駅","沼津駅（ぬまづえき）","https://ja.wikipedia.org/wiki/沼津駅","日本の鉄道駅一覧_ぬ-の","https://ja.wikipedia.org/wiki/日本の鉄道駅一覧_ぬ-の","箇条書き,制限あり","北緯35度6分11.1秒東経138度51分33.4秒","CA東海道本線（静岡地区）","126.2 km（東京起点）","東海旅客鉄道（JR東海）日本貨物鉄道（JR貨物）","地上駅","1889年（明治22年）2月1日","3面6線","静岡県沼津市大手町一丁目1-1北緯35度6分11.1秒東経138度51分33.4秒﻿ / ﻿北緯35.103083度 東経138.859278度﻿ /35.103083; 138.859278﻿ (沼津駅)座標:北緯35度6分11.1秒東経138度51分33.4秒﻿ / ﻿北緯35.103083度 東経138.859278度﻿ /35.103083; 138.859278﻿ (沼津駅)","駅長配置駅（管理駅）JR全線きっぷうりば有","ヌマ","20,670人/日（降車客含まず）-2019年-","CA  03 ","","","","","","","",""
"沼ノ端駅","沼ノ端駅（ぬまのはたえき）","https://ja.wikipedia.org/wiki/沼ノ端駅","日本の鉄道駅一覧_ぬ-の","https://ja.wikipedia.org/wiki/日本の鉄道駅一覧_ぬ-の","箇条書き,制限あり","北緯42度40分19.90秒東経141度41分36.21秒","■室蘭本線","144.0 km（長万部起点）","北海道旅客鉄道（JR北海道）","地上駅（橋上駅）","1898年（明治31年）2月1日","2面3線","苫小牧市沼ノ端中央3丁目北緯42度40分19.90秒東経141度41分36.21秒座標:北緯42度40分19.90秒 東経141度41分36.21秒","無人駅","ハタ","","○H17","1,046人/日-2014年-","","","","","","",""
"沼袋駅","沼袋駅（ぬまぶくろえき）","https://ja.wikipedia.org/wiki/沼袋駅","日本の鉄道駅一覧_ぬ-の","https://ja.wikipedia.org/wiki/日本の鉄道駅一覧_ぬ-の","箇条書き,制限あり","北緯35度43分10秒東経139度39分49.8秒","■新宿線","6.1 km（西武新宿起点）","西武鉄道","地上駅","1927年（昭和2年）4月16日","2面2線（通過線：1線）","東京都中野区沼袋一丁目35-1北緯35度43分10秒東経139度39分49.8秒﻿ / ﻿北緯35.71944度 東経139.663833度﻿ /35.71944; 139.663833座標:北緯35度43分10秒東経139度39分49.8秒﻿ / ﻿北緯35.71944度 東経139.663833度﻿ /35.71944; 139.663833","ホーム有効長は8両編成分地下化工事中","","","SS06","20,290人/日-2019年-","","","","","","",""
"沼部駅","沼部駅（ぬまべえき）","https://ja.wikipedia.org/wiki/沼部駅","日本の鉄道駅一覧_ぬ-の","https://ja.wikipedia.org/wiki/日本の鉄道駅一覧_ぬ-の","箇条書き,制限あり","北緯35度34分57秒東経139度40分23.7秒","■東急多摩川線","0.9 km（多摩川起点）","東急電鉄","地上駅","1923年（大正12年）3月11日[1]","2面2線","東京都大田区田園調布本町28-1北緯35度34分57秒東経139度40分23.7秒﻿ / ﻿北緯35.58250度 東経139.673250度﻿ /35.58250; 139.673250座標:北緯35度34分57秒東経139度40分23.7秒﻿ / ﻿北緯35.58250度 東経139.673250度﻿ /35.58250; 139.673250","","","","TM02","8,038人/日-2020年-","","","","","","",""
"根雨駅","根雨駅（ねうえき）","https://ja.wikipedia.org/wiki/根雨駅","日本の鉄道駅一覧_ぬ-の","https://ja.wikipedia.org/wiki/日本の鉄道駅一覧_ぬ-の","箇条書き,制限あり","北緯35度14分29.30秒東経133度26分30.36秒","V伯備線","111.3km（倉敷起点）岡山から127.2 km","西日本旅客鉄道（JR西日本）","地上駅","1922年（大正11年）7月30日","2面3線","鳥取県日野郡日野町根雨134-1北緯35度14分29.30秒東経133度26分30.36秒﻿ / ﻿北緯35.2414722度 東経133.4417667度﻿ /35.2414722; 133.4417667﻿ (根雨駅)","直営駅みどりの窓口有","ネウ","218人/日（降車客含まず）-2018年-","","436人/日-2018年-","","","","","","",""
"根笠駅","根笠駅（ねがさえき）","https://ja.wikipedia.org/wiki/根笠駅","日本の鉄道駅一覧_ぬ-の","https://ja.wikipedia.org/wiki/日本の鉄道駅一覧_ぬ-の","箇条書き,制限あり","北緯34度12分38.35秒東経131度59分55.09秒","錦川清流線","23.5 km（川西起点）","錦川鉄道","地上駅","1960年（昭和35年）11月1日","1面1線","山口県岩国市美川町根笠北緯34度12分38.35秒東経131度59分55.09秒﻿ / ﻿北緯34.2106528度 東経131.9986361度﻿ /34.2106528; 131.9986361﻿ (根笠駅)座標:北緯34度12分38.35秒東経131度59分55.09秒﻿ / ﻿北緯34.2106528度 東経131.9986361度﻿ /34.2106528; 131.9986361﻿ (根笠駅)","無人駅[2]1987年（昭和62年）7月25日に、岩日線から現在の第三セクターに転換。","ネカ","","","9[1]人/日-2019年-","","","","","","",""
"根岸駅 (神奈川県)","根岸駅 (神奈川県)（ねぎしえき・東日本旅客鉄道根岸線）","https://ja.wikipedia.org/wiki/根岸駅_(神奈川県)","日本の鉄道駅一覧_ぬ-の","https://ja.wikipedia.org/wiki/日本の鉄道駅一覧_ぬ-の","箇条書き,制限あり","北緯35度24分56.8秒東経139度38分6.2秒","■根岸線（JR東日本）","7.1km（横浜起点）大宮から66.2km八王子から51.5 km","東日本旅客鉄道（JR東日本）日本貨物鉄道（JR貨物）神奈川臨海鉄道","地上駅","1964年（昭和39年）5月19日","1面2線","横浜市磯子区東町16-1北緯35度24分56.8秒東経139度38分6.2秒﻿ / ﻿北緯35.415778度 東経139.635056度﻿ /35.415778; 139.635056座標:北緯35度24分56.8秒東経139度38分6.2秒﻿ / ﻿北緯35.415778度 東経139.635056度﻿ /35.415778; 139.635056","みどりの窓口有横浜市内駅","ネキ","21,998人/日（降車客含まず）-2019年-","JK07","","","","","","","",""
"根岸駅 (福島県)","根岸駅 (福島県)（ねぎしえき・東日本旅客鉄道只見線）","https://ja.wikipedia.org/wiki/根岸駅_(福島県)","日本の鉄道駅一覧_ぬ-の","https://ja.wikipedia.org/wiki/日本の鉄道駅一覧_ぬ-の","箇条書き,制限あり","","■只見線","14.8 km（会津若松起点）","東日本旅客鉄道（JR東日本）","地上駅","1934年（昭和9年）11月1日","1面1線","","無人駅","ネシ","25人/日（降車客含まず）-2005年-","","","","","","","","",""
"猫又駅","猫又駅（ねこまたえき）","https://ja.wikipedia.org/wiki/猫又駅","日本の鉄道駅一覧_ぬ-の","https://ja.wikipedia.org/wiki/日本の鉄道駅一覧_ぬ-の","箇条書き,制限あり","北緯36度44分58.92秒東経137度38分30.21秒","黒部峡谷鉄道本線","11.8 km（宇奈月起点）","黒部峡谷鉄道","地上駅","1953年11月16日","","富山県黒部市宇奈月町舟見明日音澤北緯36度44分58.92秒東経137度38分30.21秒座標:北緯36度44分58.92秒 東経137度38分30.21秒","作業員専用駅","","","","","","","","","","",""
"根小屋駅","根小屋駅（ねごやえき）","https://ja.wikipedia.org/wiki/根小屋駅","日本の鉄道駅一覧_ぬ-の","https://ja.wikipedia.org/wiki/日本の鉄道駅一覧_ぬ-の","箇条書き,制限あり","北緯36度17分29.14秒東経139度1分7.54秒","上信線","3.7 km（高崎起点）","上信電鉄","地上駅","1926年（大正15年）6月1日","単式1面1線","群馬県高崎市根小屋町北緯36度17分29.14秒東経139度1分7.54秒座標:北緯36度17分29.14秒 東経139度1分7.54秒","","","149人/日（降車客含まず）-2019年-","","","","","","","","",""
"鼠ケ関駅","鼠ケ関駅（ねずがせきえき）","https://ja.wikipedia.org/wiki/鼠ケ関駅","日本の鉄道駅一覧_ぬ-の","https://ja.wikipedia.org/wiki/日本の鉄道駅一覧_ぬ-の","箇条書き,制限あり","北緯38度33分19.9秒東経139度32分55.8秒","■羽越本線","101.0 km（新津起点）","東日本旅客鉄道（JR東日本）","地上駅","1923年（大正12年）11月23日","2面3線","山形県鶴岡市鼠ヶ関乙156-2北緯38度33分19.9秒東経139度32分55.8秒座標:北緯38度33分19.9秒 東経139度32分55.8秒","無人駅","ネキ","95人/日（降車客含まず）-2009年-","","","","","","","","",""
"下田ロープウェイ","寝姿山駅（ねすがたやまえき）","https://ja.wikipedia.org/wiki/下田ロープウェイ#路線概要","日本の鉄道駅一覧_ぬ-の","https://ja.wikipedia.org/wiki/日本の鉄道駅一覧_ぬ-の","箇条書き,制限あり","","","","","","","","","","","","","","","株式会社","日本〒415-0035静岡県下田市東本郷1-3-2","1961年（昭和36年）4月1日","陸運業","4080101014508","普通索道による旅客運輸業、食堂・売店の経営"
"根知駅","根知駅（ねちえき）","https://ja.wikipedia.org/wiki/根知駅","日本の鉄道駅一覧_ぬ-の","https://ja.wikipedia.org/wiki/日本の鉄道駅一覧_ぬ-の","箇条書き,制限あり","北緯36度58分0秒東経137度52分1.6秒","■大糸線","95.4km（松本起点）南小谷から25.3 km","西日本旅客鉄道（JR西日本）","地上駅","1934年（昭和9年）11月14日","2面2線","新潟県糸魚川市大字根小屋字松川道外274北緯36度58分0秒東経137度52分1.6秒﻿ / ﻿北緯36.96667度 東経137.867111度﻿ /36.96667; 137.867111座標:北緯36度58分0秒東経137度52分1.6秒﻿ / ﻿北緯36.96667度 東経137.867111度﻿ /36.96667; 137.867111","無人駅標高：90m","ネチ","3人/日（降車客含まず）-2019年-","","","","","","","","",""
"根津駅","根津駅（ねづえき）","https://ja.wikipedia.org/wiki/根津駅","日本の鉄道駅一覧_ぬ-の","https://ja.wikipedia.org/wiki/日本の鉄道駅一覧_ぬ-の","箇条書き,制限あり","北緯35度43分2.5秒東経139度45分56.7秒","●[1]千代田線","8.8 km（綾瀬起点）","東京地下鉄（東京メトロ）","地下駅","1969年（昭和44年）12月20日","2面2線（2層式）","東京都文京区根津一丁目3-5北緯35度43分2.5秒東経139度45分56.7秒﻿ / ﻿北緯35.717361度 東経139.765750度﻿ /35.717361; 139.765750座標:北緯35度43分2.5秒東経139度45分56.7秒﻿ / ﻿北緯35.717361度 東経139.765750度﻿ /35.717361; 139.765750","","ネツ","","C14[1]","29,579人/日-2019年-","","","","","","",""
"熱郛駅","熱郛駅（ねっぷえき）","https://ja.wikipedia.org/wiki/熱郛駅","日本の鉄道駅一覧_ぬ-の","https://ja.wikipedia.org/wiki/日本の鉄道駅一覧_ぬ-の","箇条書き,制限あり","北緯42度40分32.38秒東経140度22分30.44秒","■函館本線","140.4 km（函館起点）","北海道旅客鉄道（JR北海道）","地上駅","1903年（明治36年）11月3日","2面2線","北海道寿都郡黒松内町字白井川北緯42度40分32.38秒東経140度22分30.44秒﻿ / ﻿北緯42.6756611度 東経140.3751222度﻿ /42.6756611; 140.3751222﻿ (熱郛駅)","無人駅","ネツ","","○S29","6人/日-2014年-","","","","","","",""
"根府川駅","根府川駅（ねぶかわえき）","https://ja.wikipedia.org/wiki/根府川駅","日本の鉄道駅一覧_ぬ-の","https://ja.wikipedia.org/wiki/日本の鉄道駅一覧_ぬ-の","箇条書き,制限あり","北緯35度12分9.8秒東経139度8分18.5秒","■東海道本線","90.4 km（東京起点）","東日本旅客鉄道（JR東日本）","地上駅","1922年（大正11年）12月21日","2面3線","神奈川県小田原市根府川109北緯35度12分9.8秒東経139度8分18.5秒﻿ / ﻿北緯35.202722度 東経139.138472度﻿ /35.202722; 139.138472﻿ (根府川駅)","無人駅（自動券売機 有）","ネフ","","JT18","1,071人/日-2010年-","","","","","","",""
"根室駅","根室駅（ねむろえき）","https://ja.wikipedia.org/wiki/根室駅","日本の鉄道駅一覧_ぬ-の","https://ja.wikipedia.org/wiki/日本の鉄道駅一覧_ぬ-の","箇条書き,制限あり","北緯43度19分36.92秒東経145度34分57.75秒","根室本線（花咲線）","443.8 km（滝川起点）","北海道旅客鉄道（JR北海道）","地上駅","1921年（大正10年）8月5日","1面1線","北海道根室市光和町2丁目北緯43度19分36.92秒東経145度34分57.75秒","直営駅（管理駅）みどりの窓口有","ネム","","","176人/日-2019年-","","","","","","",""
"根本駅","根本駅（ねもとえき）","https://ja.wikipedia.org/wiki/根本駅","日本の鉄道駅一覧_ぬ-の","https://ja.wikipedia.org/wiki/日本の鉄道駅一覧_ぬ-の","箇条書き,制限あり","北緯35度21分41.392秒東経137度5分23.791秒","CI太多線","4.8 km（多治見起点）","東海旅客鉄道（JR東海）","地上駅","1952年（昭和27年）12月26日","1面1線","岐阜県多治見市根本町三丁目北緯35度21分41.392秒東経137度5分23.791秒﻿ / ﻿北緯35.36149778度 東経137.08994194度﻿ /35.36149778; 137.08994194座標:北緯35度21分41.392秒東経137度5分23.791秒﻿ / ﻿北緯35.36149778度 東経137.08994194度﻿ /35.36149778; 137.08994194","業務委託駅（夜間無人駅）JR全線きっぷうりば有","ネモ","1,257人/日（降車客含まず）-2019年-","CI  05 ","","","","","","","",""
"寝屋川公園駅","寝屋川公園駅（ねやがわこうえんえき）","https://ja.wikipedia.org/wiki/寝屋川公園駅","日本の鉄道駅一覧_ぬ-の","https://ja.wikipedia.org/wiki/日本の鉄道駅一覧_ぬ-の","箇条書き,制限あり","北緯34度45分20.65秒東経135度39分11.49秒","H片町線（学研都市線）","28.8 km（木津起点）","西日本旅客鉄道（JR西日本）","地上駅（橋上駅、掘割構造）","1979年（昭和54年）10月1日","1面2線","大阪府寝屋川市打上元町14-1北緯34度45分20.65秒東経135度39分11.49秒﻿ / ﻿北緯34.7557361度 東経135.6531917度﻿ /34.7557361; 135.6531917座標:北緯34度45分20.65秒東経135度39分11.49秒﻿ / ﻿北緯34.7557361度 東経135.6531917度﻿ /34.7557361; 135.6531917","業務委託駅みどりの券売機プラス設置駅","ヒヤ*","4,381人/日（降車客含まず）-2019年-","JR-H32","","","","","","","",""
"寝屋川市駅","寝屋川市駅（ねやがわしえき）","https://ja.wikipedia.org/wiki/寝屋川市駅","日本の鉄道駅一覧_ぬ-の","https://ja.wikipedia.org/wiki/日本の鉄道駅一覧_ぬ-の","箇条書き,制限あり","北緯34度45分50.36秒東経135度37分14.4秒","■京阪本線","15.0 km（淀屋橋起点）","京阪電気鉄道","高架駅","1910年（明治43年）4月15日","2面2線","大阪府寝屋川市早子町16-11北緯34度45分50.36秒東経135度37分14.4秒﻿ / ﻿北緯34.7639889度 東経135.620667度﻿ /34.7639889; 135.620667﻿ (寝屋川市駅*)座標:北緯34度45分50.36秒東経135度37分14.4秒﻿ / ﻿北緯34.7639889度 東経135.620667度﻿ /34.7639889; 135.620667﻿ (寝屋川市駅*)","*1951年に寝屋川駅から改称","寝（駅名略称方式）","","KH  17","64,411人/日-2019年-","","","","","","",""
"練馬駅","練馬駅（ねりまえき）","https://ja.wikipedia.org/wiki/練馬駅","日本の鉄道駅一覧_ぬ-の","https://ja.wikipedia.org/wiki/日本の鉄道駅一覧_ぬ-の","箇条書き,制限あり","","","","西武鉄道（駅詳細）東京都交通局（駅詳細）","","","","東京都練馬区","","","","","","","","","","","",""
"練馬春日町駅","練馬春日町駅（ねりまかすがちょうえき）","https://ja.wikipedia.org/wiki/練馬春日町駅","日本の鉄道駅一覧_ぬ-の","https://ja.wikipedia.org/wiki/日本の鉄道駅一覧_ぬ-の","箇条書き,制限あり","北緯35度45分4秒東経139度38分27.8秒","●[1]大江戸線","39.3 km（都庁前起点）","東京都交通局（都営地下鉄）","地下駅","1991年（平成3年）12月10日","1面2線","東京都練馬区春日町三丁目29-25北緯35度45分4秒東経139度38分27.8秒﻿ / ﻿北緯35.75111度 東経139.641056度﻿ /35.75111; 139.641056座標:北緯35度45分4秒東経139度38分27.8秒﻿ / ﻿北緯35.75111度 東経139.641056度﻿ /35.75111; 139.641056","","練春（駅名略称）","","E37[1]","23,110人/日-2019年-","","","","","","",""
"練馬高野台駅","練馬高野台駅（ねりまたかのだいえき）","https://ja.wikipedia.org/wiki/練馬高野台駅","日本の鉄道駅一覧_ぬ-の","https://ja.wikipedia.org/wiki/日本の鉄道駅一覧_ぬ-の","箇条書き,制限あり","北緯35度44分26秒東経139度37分1.1秒","■池袋線","9.5km（池袋起点）小竹向原から6.1 km","西武鉄道","高架駅","1994年（平成6年）12月7日","1面2線","東京都練馬区高野台一丁目7番27号北緯35度44分26秒東経139度37分1.1秒﻿ / ﻿北緯35.74056度 東経139.616972度﻿ /35.74056; 139.616972座標:北緯35度44分26秒東経139度37分1.1秒﻿ / ﻿北緯35.74056度 東経139.616972度﻿ /35.74056; 139.616972","","","","SI09","27,327人/日-2019年-","","","","","","",""
"のいち駅","のいち駅","https://ja.wikipedia.org/wiki/のいち駅","日本の鉄道駅一覧_ぬ-の","https://ja.wikipedia.org/wiki/日本の鉄道駅一覧_ぬ-の","箇条書き,制限あり","北緯33度33分42.77秒東経133度41分53.07秒","■ごめん・なはり線","5.7 km（後免起点）","土佐くろしお鉄道（TKT）","高架駅","2002年（平成14年）7月1日","2面2線","高知県香南市野市町西野北緯33度33分42.77秒東経133度41分53.07秒","無人駅（実質は簡易委託駅）","ノチ","","○GN37","1,373[1]人/日-2019年-","","","","","","",""
"能生駅","能生駅（のうえき）","https://ja.wikipedia.org/wiki/能生駅","日本の鉄道駅一覧_ぬ-の","https://ja.wikipedia.org/wiki/日本の鉄道駅一覧_ぬ-の","箇条書き,制限あり","","■日本海ひすいライン[1]","33.4km（市振起点）泊から42.8km米原から327.9 km","えちごトキめき鉄道[1]","高架駅","1912年（大正元年）12月16日**[1]","2面4線[1]","","","ノフ[1]","307人/日（降車客含まず）-2019年-","","","","","","","","",""
"農学部前駅","農学部前駅（のうがくぶまええき）","https://ja.wikipedia.org/wiki/農学部前駅","日本の鉄道駅一覧_ぬ-の","https://ja.wikipedia.org/wiki/日本の鉄道駅一覧_ぬ-の","箇条書き,制限あり","北緯34度16分26秒東経134度7分31.7秒","■長尾線","10.4km（瓦町起点）高松築港から12.1 km","高松琴平電気鉄道","地上駅","1912年（明治45年）4月30日","1面1線","香川県木田郡三木町大字池戸2852番地6北緯34度16分26秒東経134度7分31.7秒﻿ / ﻿北緯34.27389度 東経134.125472度﻿ /34.27389; 134.125472座標:北緯34度16分26秒東経134度7分31.7秒﻿ / ﻿北緯34.27389度 東経134.125472度﻿ /34.27389; 134.125472","無人駅","",""," N11 ","734人/日-2018年-","","","","","","",""
"能見台駅","能見台駅（のうけんだいえき）","https://ja.wikipedia.org/wiki/能見台駅","日本の鉄道駅一覧_ぬ-の","https://ja.wikipedia.org/wiki/日本の鉄道駅一覧_ぬ-の","箇条書き,制限あり","北緯35度21分39秒東経139度37分46秒","■本線","37.4 km（品川起点）","京浜急行電鉄","地上駅（橋上駅）","1944年（昭和19年）5月10日[1]*","2面2線","神奈川県横浜市金沢区能見台通2-1北緯35度21分39秒東経139度37分46秒﻿ / ﻿北緯35.36083度 東経139.62944度﻿ /35.36083; 139.62944﻿ (能見台駅)座標:北緯35度21分39秒東経139度37分46秒﻿ / ﻿北緯35.36083度 東経139.62944度﻿ /35.36083; 139.62944﻿ (能見台駅)","","","","KK48","30,365人/日-2019年-","","","","","","",""
"能町駅","能町駅（のうまちえき）","https://ja.wikipedia.org/wiki/能町駅","日本の鉄道駅一覧_ぬ-の","https://ja.wikipedia.org/wiki/日本の鉄道駅一覧_ぬ-の","箇条書き,制限あり","北緯36度46分7.80秒東経137度2分24.62秒","■氷見線","4.1 km（高岡起点）","西日本旅客鉄道（JR西日本）日本貨物鉄道（JR貨物）","地上駅","1900年（明治33年）12月29日","1面2線","富山県高岡市能町1438北緯36度46分7.80秒東経137度2分24.62秒﻿ / ﻿北緯36.7688333度 東経137.0401722度﻿ /36.7688333; 137.0401722座標:北緯36度46分7.80秒東経137度2分24.62秒﻿ / ﻿北緯36.7688333度 東経137.0401722度﻿ /36.7688333; 137.0401722","無人駅（自動券売機 有）","ノマ","169人/日（降車客含まず）-2019年-","","","","","","","","",""
"能町口停留場","能町口停留場（のうまちぐちていりゅうじょう）","https://ja.wikipedia.org/wiki/能町口停留場","日本の鉄道駅一覧_ぬ-の","https://ja.wikipedia.org/wiki/日本の鉄道駅一覧_ぬ-の","箇条書き,制限あり","北緯36度46分23.86秒東経137度2分56.32秒","高岡軌道線","5.5 km（高岡駅起点）","万葉線","地上駅","1951年（昭和26年）4月1日","2面1線","富山県高岡市能町北緯36度46分23.86秒東経137度2分56.32秒﻿ / ﻿北緯36.7732944度 東経137.0489778度﻿ /36.7732944; 137.0489778座標:北緯36度46分23.86秒東経137度2分56.32秒﻿ / ﻿北緯36.7732944度 東経137.0489778度﻿ /36.7732944; 137.0489778","","","","","","","","","","","",""
"野江駅","野江駅（のええき）","https://ja.wikipedia.org/wiki/野江駅","日本の鉄道駅一覧_ぬ-の","https://ja.wikipedia.org/wiki/日本の鉄道駅一覧_ぬ-の","箇条書き,制限あり","北緯34度42分25.92秒東経135度32分36.39秒","■京阪本線","4.6 km（淀屋橋起点）","京阪電気鉄道","高架駅","1910年（明治43年）4月15日","2面2線*","大阪市城東区成育三丁目15番7号北緯34度42分25.92秒東経135度32分36.39秒﻿ / ﻿北緯34.7072000度 東経135.5434417度﻿ /34.7072000; 135.5434417﻿ (野江駅)座標:北緯34度42分25.92秒東経135度32分36.39秒﻿ / ﻿北緯34.7072000度 東経135.5434417度﻿ /34.7072000; 135.5434417﻿ (野江駅)","この他、通過線2本あり無人駅（自動券売機有）","野（駅名略称方式）","","KH  05","13,594人/日-2019年-","JR野江駅（JRおおさか東線）","","","","","",""
"野江内代駅","野江内代駅（のえうちんだいえき）","https://ja.wikipedia.org/wiki/野江内代駅","日本の鉄道駅一覧_ぬ-の","https://ja.wikipedia.org/wiki/日本の鉄道駅一覧_ぬ-の","箇条書き,制限あり","北緯34度42分32.22秒東経135度32分17.29秒","●谷町線","5.9 km（大日起点）","大阪市高速電気軌道Osaka Metro)","地下駅","1977年（昭和52年）4月6日","1面2線","大阪市都島区内代町一丁目北緯34度42分32.22秒東経135度32分17.29秒﻿ / ﻿北緯34.7089500度 東経135.5381361度﻿ /34.7089500; 135.5381361﻿ (野江内代駅)座標:北緯34度42分32.22秒東経135度32分17.29秒﻿ / ﻿北緯34.7089500度 東経135.5381361度﻿ /34.7089500; 135.5381361﻿ (野江内代駅)","","","5,069人/日（降車客含まず）-2020年-"," T16 ","9,872人/日-2020年-","JR野江駅（おおさか東線）","","","","","",""
"直方駅","直方駅（のおがたえき）","https://ja.wikipedia.org/wiki/直方駅","日本の鉄道駅一覧_ぬ-の","https://ja.wikipedia.org/wiki/日本の鉄道駅一覧_ぬ-の","箇条書き,制限あり","北緯33度44分53.24秒東経130度43分30.01秒","JC筑豊本線（福北ゆたか線）","24.8 km（若松起点）","九州旅客鉄道（JR九州）平成筑豊鉄道","地上駅（橋上駅）","1891年（明治24年）8月30日","2面4線（JR九州）[1]1面2線（平成筑豊鉄道）","福岡県直方市大字山部226-2[1]北緯33度44分53.24秒東経130度43分30.01秒﻿ / ﻿北緯33.7481222度 東経130.7250028度﻿ /33.7481222; 130.7250028﻿ (直方駅)","共同使用駅JR九州：業務委託駅[2]JR九州：みどりの窓口有","ノウ","（JR九州）3,345人/日（降車客含まず）-2018年-","JC  19 ","（平成筑豊鉄道）1,531人/日-2018年-","","","","","","",""
"ノーフォーク広場駅","ノーフォーク広場駅（ノーフォークひろばえき）","https://ja.wikipedia.org/wiki/ノーフォーク広場駅","日本の鉄道駅一覧_ぬ-の","https://ja.wikipedia.org/wiki/日本の鉄道駅一覧_ぬ-の","箇条書き,制限あり","北緯33度57分22秒東経130度57分51秒","■門司港レトロ観光線","1.4 km（九州鉄道記念館起点）","■平成筑豊鉄道","地上駅","2009年（平成21年）4月26日","1面1線","北九州市門司区旧門司北緯33度57分22秒東経130度57分51秒﻿ / ﻿北緯33.95611度 東経130.96417度﻿ /33.95611; 130.96417﻿ (ノーフォーク広場駅)","","","","","","","","","","","",""
"野方駅","野方駅（のがたえき）","https://ja.wikipedia.org/wiki/野方駅","日本の鉄道駅一覧_ぬ-の","https://ja.wikipedia.org/wiki/日本の鉄道駅一覧_ぬ-の","箇条書き,制限あり","北緯35度43分10.8秒東経139度39分9.9秒","■新宿線","7.1 km（西武新宿起点）","西武鉄道","地上駅（橋上駅）","1927年（昭和2年）4月16日","1面2線","東京都中野区野方六丁目3-3北緯35度43分10.8秒東経139度39分9.9秒﻿ / ﻿北緯35.719667度 東経139.652750度﻿ /35.719667; 139.652750座標:北緯35度43分10.8秒東経139度39分9.9秒﻿ / ﻿北緯35.719667度 東経139.652750度﻿ /35.719667; 139.652750","","","","SS07","25,560人/日-2019年-","","","","","","",""
"野花南駅","野花南駅（のかなんえき）","https://ja.wikipedia.org/wiki/野花南駅","日本の鉄道駅一覧_ぬ-の","https://ja.wikipedia.org/wiki/日本の鉄道駅一覧_ぬ-の","箇条書き,制限あり","北緯43度28分27.49秒東経142度15分42.44秒","■根室本線","35.2 km（滝川起点）","北海道旅客鉄道（JR北海道）","地上駅","1913年（大正2年）11月10日","2面2線","北海道芦別市野花南町北緯43度28分27.49秒東経142度15分42.44秒﻿ / ﻿北緯43.4743028度 東経142.2617889度﻿ /43.4743028; 142.2617889﻿ (野花南駅)","無人駅","ノナ","","○T28","2人/日-2013年-","","","","","","",""
"野上駅","野上駅（のがみえき）","https://ja.wikipedia.org/wiki/野上駅","日本の鉄道駅一覧_ぬ-の","https://ja.wikipedia.org/wiki/日本の鉄道駅一覧_ぬ-の","箇条書き,制限あり","","■秩父本線","44.7 km（羽生起点）","秩父鉄道","地上駅","1911年（明治44年）9月14日","2面3線","","","ノミ","300人/日（降車客含まず）-2019年-","","620人/日-2019年-","","","","","","",""
"野上原駅","野上原駅（のがみはらえき）","https://ja.wikipedia.org/wiki/野上原駅","日本の鉄道駅一覧_ぬ-の","https://ja.wikipedia.org/wiki/日本の鉄道駅一覧_ぬ-の","箇条書き,制限あり","北緯36度36分21.1秒東経140度23分24.5秒","■水郡線","32.5 km（水戸起点）","東日本旅客鉄道（JR東日本）","地上駅","1956年（昭和31年）11月19日","1面1線","茨城県常陸大宮市野上字下町1234-1北緯36度36分21.1秒東経140度23分24.5秒","無人駅","ノカ","","","","","","","","","",""
"乃木駅","乃木駅（のぎえき・西日本旅客鉄道山陰本線）","https://ja.wikipedia.org/wiki/乃木駅","日本の鉄道駅一覧_ぬ-の","https://ja.wikipedia.org/wiki/日本の鉄道駅一覧_ぬ-の","箇条書き,制限あり","北緯35度26分45.34秒東経133度2分55.35秒","D山陰本線","354.6 km（京都起点）","西日本旅客鉄道（JR西日本）","地上駅","1937年（昭和12年）4月10日","2面2線","島根県松江市浜乃木二丁目15-15北緯35度26分45.34秒東経133度2分55.35秒﻿ / ﻿北緯35.4459278度 東経133.0487083度﻿ /35.4459278; 133.0487083﻿ (乃木駅)","業務委託駅","ノキ","940人/日（降車客含まず）-2018年-","","","","","","","","",""
"野木駅","野木駅（のぎえき・東日本旅客鉄道東北本線）","https://ja.wikipedia.org/wiki/野木駅","日本の鉄道駅一覧_ぬ-の","https://ja.wikipedia.org/wiki/日本の鉄道駅一覧_ぬ-の","箇条書き,制限あり","北緯36度13分49.32秒東経139度44分6.10秒","■東北本線（宇都宮線）","69.4km（東京起点）東京から尾久経由で69.6 km","東日本旅客鉄道（JR東日本）","地上駅（橋上駅）","1963年（昭和38年）2月16日","1面2線","栃木県下都賀郡野木町大字丸林322北緯36度13分49.32秒東経139度44分6.10秒座標:北緯36度13分49.32秒 東経139度44分6.10秒","業務委託駅","ノキ","4,619人/日（降車客含まず）-2019年-","","","","","","","","",""
"乃木坂駅","乃木坂駅（のぎざかえき）","https://ja.wikipedia.org/wiki/乃木坂駅","日本の鉄道駅一覧_ぬ-の","https://ja.wikipedia.org/wiki/日本の鉄道駅一覧_ぬ-の","箇条書き,制限あり","北緯35度40分0秒東経139度43分34.8秒","●[1]千代田線","17.4 km（綾瀬起点）","東京地下鉄（東京メトロ）","地下駅","1972年（昭和47年）10月20日","1面2線","東京都港区南青山一丁目25番8号北緯35度40分0秒東経139度43分34.8秒﻿ / ﻿北緯35.66667度 東経139.726333度﻿ /35.66667; 139.726333座標:北緯35度40分0秒東経139度43分34.8秒﻿ / ﻿北緯35.66667度 東経139.726333度﻿ /35.66667; 139.726333","","ノキ","","C05[1]","42,374人/日-2019年-","","","","","","",""
"野木沢駅","野木沢駅（のぎさわえき）","https://ja.wikipedia.org/wiki/野木沢駅","日本の鉄道駅一覧_ぬ-の","https://ja.wikipedia.org/wiki/日本の鉄道駅一覧_ぬ-の","箇条書き,制限あり","","■水郡線","110.1 km（水戸起点）","東日本旅客鉄道（JR東日本）","地上駅","1934年（昭和9年）12月4日","1面1線","","無人駅","ノキ","148人/日（降車客含まず）-2004年-","","","","","","","","",""
"野芥駅","野芥駅（のけえき）","https://ja.wikipedia.org/wiki/野芥駅","日本の鉄道駅一覧_ぬ-の","https://ja.wikipedia.org/wiki/日本の鉄道駅一覧_ぬ-の","箇条書き,制限あり","北緯33度32分53.99秒東経130度20分47.61秒","地下鉄七隈線","2.6 km（橋本起点）","福岡市交通局","地下駅","2005年（平成17年）2月3日","1面2線","福岡市早良区野芥二丁目北緯33度32分53.99秒東経130度20分47.61秒﻿ / ﻿北緯33.5483306度 東経130.3465583度﻿ /33.5483306; 130.3465583﻿ (野芥駅)座標:北緯33度32分53.99秒東経130度20分47.61秒﻿ / ﻿北緯33.5483306度 東経130.3465583度﻿ /33.5483306; 130.3465583﻿ (野芥駅)","業務委託駅","","3,787人/日（降車客含まず）-2017年-","○N04","","","","","","","",""
"鋸山ロープウェイ","鋸山山頂駅（のこぎりやまさんちょうえき）","https://ja.wikipedia.org/wiki/鋸山ロープウェイ","日本の鉄道駅一覧_ぬ-の","https://ja.wikipedia.org/wiki/日本の鉄道駅一覧_ぬ-の","箇条書き,制限あり","北緯35度9分44秒東経139度49分24秒","","","","","","","","","","","","","","株式会社","日本〒299-1861千葉県富津市金谷4052番地1北緯35度9分44秒東経139度49分24秒﻿ / ﻿北緯35.16222度 東経139.82333度﻿ /35.16222; 139.82333座標:北緯35度9分44秒東経139度49分24秒﻿ / ﻿北緯35.16222度 東経139.82333度﻿ /35.16222; 139.82333","1962年","陸運業","9040001051914","索道事業他"
"鋸山ロープウェイ","鋸山山麓駅（のこぎりやまさんろくえき）","https://ja.wikipedia.org/wiki/鋸山ロープウェイ","日本の鉄道駅一覧_ぬ-の","https://ja.wikipedia.org/wiki/日本の鉄道駅一覧_ぬ-の","箇条書き,制限あり","北緯35度9分44秒東経139度49分24秒","","","","","","","","","","","","","","株式会社","日本〒299-1861千葉県富津市金谷4052番地1北緯35度9分44秒東経139度49分24秒﻿ / ﻿北緯35.16222度 東経139.82333度﻿ /35.16222; 139.82333座標:北緯35度9分44秒東経139度49分24秒﻿ / ﻿北緯35.16222度 東経139.82333度﻿ /35.16222; 139.82333","1962年","陸運業","9040001051914","索道事業他"
"野崎駅 (栃木県)","野崎駅 (栃木県)（のざきえき・東日本旅客鉄道東北本線）","https://ja.wikipedia.org/wiki/野崎駅_(栃木県)","日本の鉄道駅一覧_ぬ-の","https://ja.wikipedia.org/wiki/日本の鉄道駅一覧_ぬ-の","箇条書き,制限あり","北緯36度50分38秒東経139度57分29秒","■東北本線（宇都宮線）","146.6km（東京起点）東京から尾久経由で146.8 km","東日本旅客鉄道（JR東日本）","地上駅","1897年（明治30年）2月25日","2面3線（実質2面2線）","栃木県大田原市薄葉2233北緯36度50分38秒東経139度57分29秒座標:北緯36度50分38秒 東経139度57分29秒","業務委託駅","ノサ","1,306人/日（降車客含まず）-2019年-","","","","","","","","",""
"野崎駅 (大阪府)","野崎駅 (大阪府)（のざきえき・西日本旅客鉄道片町線）","https://ja.wikipedia.org/wiki/野崎駅_(大阪府)","日本の鉄道駅一覧_ぬ-の","https://ja.wikipedia.org/wiki/日本の鉄道駅一覧_ぬ-の","箇条書き,制限あり","北緯34度43分7.3秒東経135度38分13.69秒","H片町線（学研都市線）","33.3 km（木津起点）","西日本旅客鉄道（JR西日本）","地上駅（橋上駅）","1899年（明治32年）5月15日*","2面2線","大阪府大東市野崎一丁目1-12北緯34度43分7.3秒東経135度38分13.69秒﻿ / ﻿北緯34.718694度 東経135.6371361度﻿ /34.718694; 135.6371361座標:北緯34度43分7.3秒東経135度38分13.69秒﻿ / ﻿北緯34.718694度 東経135.6371361度﻿ /34.718694; 135.6371361","直営駅みどりの券売機プラス設置駅","ノキ","11,074人/日（降車客含まず）-2019年-","JR-H35","","","","","","","",""
"野里駅","野里駅（のざとえき）","https://ja.wikipedia.org/wiki/野里駅","日本の鉄道駅一覧_ぬ-の","https://ja.wikipedia.org/wiki/日本の鉄道駅一覧_ぬ-の","箇条書き,制限あり","北緯34度51分22.1秒東経134度42分40.6秒","J播但線","4.3 km（姫路起点）","西日本旅客鉄道（JR西日本）","高架駅[1]","1894年（明治27年）7月26日[1]","1面2線[1]","兵庫県姫路市西中島286-1[1]北緯34度51分22.1秒東経134度42分40.6秒﻿ / ﻿北緯34.856139度 東経134.711278度﻿ /34.856139; 134.711278座標:北緯34度51分22.1秒東経134度42分40.6秒﻿ / ﻿北緯34.856139度 東経134.711278度﻿ /34.856139; 134.711278","業務委託駅[1]みどりの窓口有","ノサ","1,851人/日（降車客含まず）-2016年-","","","","","","","","",""
"野沢駅","野沢駅（のざわえき）","https://ja.wikipedia.org/wiki/野沢駅","日本の鉄道駅一覧_ぬ-の","https://ja.wikipedia.org/wiki/日本の鉄道駅一覧_ぬ-の","箇条書き,制限あり","","■磐越西線","106.2 km（郡山起点）","東日本旅客鉄道（JR東日本）","地上駅","1913年（大正2年）8月1日[1]","2面3線[2]","","簡易委託駅[2]","ノワ","121人/日（降車客含まず）-2019年-","","","","","","","","",""
"野志駅","野志駅（のしえき）","https://ja.wikipedia.org/wiki/野志駅","日本の鉄道駅一覧_ぬ-の","https://ja.wikipedia.org/wiki/日本の鉄道駅一覧_ぬ-の","箇条書き,制限あり","北緯35度19分18.98秒東経137度23分22.3秒","明知線","23.1 km（恵那起点）","明知鉄道","地上駅","1994年（平成6年）12月15日[1]","1面1線","岐阜県恵那市明智町野志北緯35度19分18.98秒東経137度23分22.3秒﻿ / ﻿北緯35.3219389度 東経137.389528度﻿ /35.3219389; 137.389528座標:北緯35度19分18.98秒東経137度23分22.3秒﻿ / ﻿北緯35.3219389度 東経137.389528度﻿ /35.3219389; 137.389528","","","7人/日（降車客含まず）-2016年-","2","","","","","","","",""
"野島公園駅","野島公園駅（のじまこうえんえき）","https://ja.wikipedia.org/wiki/野島公園駅","日本の鉄道駅一覧_ぬ-の","https://ja.wikipedia.org/wiki/日本の鉄道駅一覧_ぬ-の","箇条書き,制限あり","北緯35度19分50秒東経139度37分53.4秒","■金沢シーサイドライン","9.6 km（新杉田起点）","横浜シーサイドライン","高架駅","1989年（平成元年）7月5日[1]","島式 1面2線","横浜市金沢区平潟町北緯35度19分50秒東経139度37分53.4秒﻿ / ﻿北緯35.33056度 東経139.631500度﻿ /35.33056; 139.631500﻿ (野島公園駅)座標:北緯35度19分50秒東経139度37分53.4秒﻿ / ﻿北緯35.33056度 東経139.631500度﻿ /35.33056; 139.631500﻿ (野島公園駅)","無人駅","","","13","3,094人/日-2019年-","","","","","","",""
"野尻駅","野尻駅（のじりえき）","https://ja.wikipedia.org/wiki/野尻駅","日本の鉄道駅一覧_ぬ-の","https://ja.wikipedia.org/wiki/日本の鉄道駅一覧_ぬ-の","箇条書き,制限あり","北緯35度40分22.98秒東経137度38分10.24秒","CF中央本線","288.8km（東京起点）名古屋から108.1 km","東海旅客鉄道（JR東海）","地上駅","1909年（明治42年）9月1日[1]","2面3線[1]","長野県木曽郡大桑村大字野尻[1]北緯35度40分22.98秒東経137度38分10.24秒﻿ / ﻿北緯35.6730500度 東経137.6361778度﻿ /35.6730500; 137.6361778﻿ (野尻駅)","簡易委託駅[1]標高：522.2m[1]","ノシ[1]","76人/日（降車客含まず）-2018年-","","","","","","","","",""
"能代駅","能代駅（のしろえき）","https://ja.wikipedia.org/wiki/能代駅","日本の鉄道駅一覧_ぬ-の","https://ja.wikipedia.org/wiki/日本の鉄道駅一覧_ぬ-の","箇条書き,制限あり","北緯40度12分23.6秒東経140度1分58.6秒","■五能線","3.9 km（東能代起点）","東日本旅客鉄道（JR東日本）","地上駅","1908年（明治41年）7月1日[1]","2面2線[1]","秋田県能代市元町[1]14-40北緯40度12分23.6秒東経140度1分58.6秒座標:北緯40度12分23.6秒 東経140度1分58.6秒","業務委託駅*1909年に能代町駅から改称[1]。","ノロ","399人/日（降車客含まず）-2019年-","","","","","","","","",""
"能瀬駅","能瀬駅（のせえき）","https://ja.wikipedia.org/wiki/能瀬駅","日本の鉄道駅一覧_ぬ-の","https://ja.wikipedia.org/wiki/日本の鉄道駅一覧_ぬ-の","箇条書き,制限あり","北緯36度41分35.96秒東経136度43分11.25秒","■七尾線","5.1 km（津幡起点）金沢から16.6 km","西日本旅客鉄道（JR西日本）","地上駅","1960年（昭和35年）2月10日[1]","1面1線[1]","石川県河北郡津幡町字能瀬ハ109北緯36度41分35.96秒東経136度43分11.25秒﻿ / ﻿北緯36.6933222度 東経136.7197917度﻿ /36.6933222; 136.7197917座標:北緯36度41分35.96秒東経136度43分11.25秒﻿ / ﻿北緯36.6933222度 東経136.7197917度﻿ /36.6933222; 136.7197917","無人駅[1]（自動券売機 有[1]）","ノセ","303人/日（降車客含まず）-2018年-","","","","","","","","",""
"野跡駅","野跡駅（のせきえき）","https://ja.wikipedia.org/wiki/野跡駅","日本の鉄道駅一覧_ぬ-の","https://ja.wikipedia.org/wiki/日本の鉄道駅一覧_ぬ-の","箇条書き,制限あり","北緯35度4分31秒東経136度51分15秒","西名古屋港線（あおなみ線）","12.1 km（名古屋起点）","名古屋臨海高速鉄道","高架駅","2004年（平成16年）10月6日","1面2線","名古屋市港区野跡二丁目4-32北緯35度4分31秒東経136度51分15秒﻿ / ﻿北緯35.07528度 東経136.85417度﻿ /35.07528; 136.85417座標:北緯35度4分31秒東経136度51分15秒﻿ / ﻿北緯35.07528度 東経136.85417度﻿ /35.07528; 136.85417","","","973人/日（降車客含まず）-2019年-","AN10","","","","","","","",""
"及位駅","及位駅（のぞきえき）","https://ja.wikipedia.org/wiki/及位駅","日本の鉄道駅一覧_ぬ-の","https://ja.wikipedia.org/wiki/日本の鉄道駅一覧_ぬ-の","箇条書き,制限あり","北緯38度59分34.7秒東経140度21分40.2秒","■奥羽本線","185.8 km（福島起点）","東日本旅客鉄道（JR東日本）","地上駅","1904年（明治37年）10月21日","2面3線","山形県最上郡真室川町大字及位北緯38度59分34.7秒東経140度21分40.2秒座標:北緯38度59分34.7秒 東経140度21分40.2秒","無人駅","ノソ","20人/日（降車客含まず）-2004年-","","","","","","","","",""
"野田駅 (JR西日本)","野田駅 (JR西日本)（のだえき・西日本旅客鉄道大阪環状線）","https://ja.wikipedia.org/wiki/野田駅_(JR西日本)","日本の鉄道駅一覧_ぬ-の","https://ja.wikipedia.org/wiki/日本の鉄道駅一覧_ぬ-の","箇条書き,制限あり","北緯34度41分20.33秒東経135度28分29.49秒","O大阪環状線","2.4 km（大阪起点）","西日本旅客鉄道（JR西日本）","高架駅","1898年（明治31年）4月5日","1面2線","大阪市福島区吉野三丁目1-12北緯34度41分20.33秒東経135度28分29.49秒﻿ / ﻿北緯34.6889806度 東経135.4748583度﻿ /34.6889806; 135.4748583﻿ (野田駅)座標:北緯34度41分20.33秒東経135度28分29.49秒﻿ / ﻿北緯34.6889806度 東経135.4748583度﻿ /34.6889806; 135.4748583﻿ (野田駅)","業務委託駅みどりの窓口有大阪市内駅","ノタ","12,565人/日（降車客含まず）-2019年-","JR-O13","","玉川駅（Osaka Metro千日前線）","","","","","",""
"野田駅 (阪神)","野田駅 (阪神)（のだえき・阪神本線）","https://ja.wikipedia.org/wiki/野田駅_(阪神)","日本の鉄道駅一覧_ぬ-の","https://ja.wikipedia.org/wiki/日本の鉄道駅一覧_ぬ-の","箇条書き,制限あり","北緯34度41分39.72秒東経135度28分33.91秒","本線","2.3 km（大阪梅田起点）","阪神電気鉄道","高架駅","1905年（明治38年）4月12日","2面4線","大阪市福島区海老江一丁目1-11北緯34度41分39.72秒東経135度28分33.91秒﻿ / ﻿北緯34.6943667度 東経135.4760861度﻿ /34.6943667; 135.4760861﻿ (野田駅)座標:北緯34度41分39.72秒東経135度28分33.91秒﻿ / ﻿北緯34.6943667度 東経135.4760861度﻿ /34.6943667; 135.4760861﻿ (野田駅)","","","","HS03","","野田阪神駅（Osaka Metro千日前線）海老江駅（JR東西線）","","","","","",""
"野田生駅","野田生駅（のだおいえき）","https://ja.wikipedia.org/wiki/野田生駅","日本の鉄道駅一覧_ぬ-の","https://ja.wikipedia.org/wiki/日本の鉄道駅一覧_ぬ-の","箇条書き,制限あり","北緯42度13分1.1秒東経140度22分34.1秒","■函館本線","71.4 km（函館起点）","北海道旅客鉄道（JR北海道）","地上駅","1903年（明治36年）11月3日","2面2線","北海道二海郡八雲町野田生北緯42度13分1.1秒東経140度22分34.1秒﻿ / ﻿北緯42.216972度 東経140.376139度﻿ /42.216972; 140.376139﻿ (野田生駅*)","無人駅*1959年に野田追駅から改称。","ノタ","","○H56","52人/日-2014年-","","","","","","",""
"野田郷駅","野田郷駅（のだごうえき）","https://ja.wikipedia.org/wiki/野田郷駅","日本の鉄道駅一覧_ぬ-の","https://ja.wikipedia.org/wiki/日本の鉄道駅一覧_ぬ-の","箇条書き,制限あり","北緯32度3分47.12秒東経130度16分3.3秒","肥薩おれんじ鉄道線","75.3km（八代起点）307.6 km（門司港起点）","肥薩おれんじ鉄道","地上駅","1923年（大正12年）3月25日","相対式 2面2線","鹿児島県出水市野田町下名[1]北緯32度3分47.12秒東経130度16分3.3秒﻿ / ﻿北緯32.0630889度 東経130.267583度﻿ /32.0630889; 130.267583座標:北緯32度3分47.12秒東経130度16分3.3秒﻿ / ﻿北緯32.0630889度 東経130.267583度﻿ /32.0630889; 130.267583","簡易委託駅（平日朝夕のみ）","オレノタ","171人/日（降車客含まず）-2015年-","OR19","347人/日-2015年-","","","","","","",""
"野田市駅","野田市駅（のだしえき）","https://ja.wikipedia.org/wiki/野田市駅","日本の鉄道駅一覧_ぬ-の","https://ja.wikipedia.org/wiki/日本の鉄道駅一覧_ぬ-の","箇条書き,制限あり","北緯35度56分36.2秒東経139度52分14.8秒","■野田線（東武アーバンパークライン）","28.6 km（大宮起点）","東武鉄道","高架駅","1911年（明治44年）5月9日","1面2線","千葉県野田市野田128北緯35度56分36.2秒東経139度52分14.8秒﻿ / ﻿北緯35.943389度 東経139.870778度﻿ /35.943389; 139.870778座標:北緯35度56分36.2秒東経139度52分14.8秒﻿ / ﻿北緯35.943389度 東経139.870778度﻿ /35.943389; 139.870778","1950年に野田町駅より改称","ノダ","","TD17","9,932人/日-2019年-","","","","","","",""
"野田城駅","野田城駅（のだじょうえき）","https://ja.wikipedia.org/wiki/野田城駅","日本の鉄道駅一覧_ぬ-の","https://ja.wikipedia.org/wiki/日本の鉄道駅一覧_ぬ-の","箇条書き,制限あり","北緯34度53分22.31秒東経137度28分40.81秒","CD飯田線","19.7 km（豊橋起点）","東海旅客鉄道（JR東海）","地上駅","1918年（大正7年）1月1日","2面2線","愛知県新城市野田字東浄悦2北緯34度53分22.31秒東経137度28分40.81秒﻿ / ﻿北緯34.8895306度 東経137.4780028度﻿ /34.8895306; 137.4780028座標:北緯34度53分22.31秒東経137度28分40.81秒﻿ / ﻿北緯34.8895306度 東経137.4780028度﻿ /34.8895306; 137.4780028","駅員無配置駅","ノセ","402人/日（降車客含まず）-2019年-","","","","","","","","",""
"野田新町駅","野田新町駅（のだしんまちえき）","https://ja.wikipedia.org/wiki/野田新町駅","日本の鉄道駅一覧_ぬ-の","https://ja.wikipedia.org/wiki/日本の鉄道駅一覧_ぬ-の","箇条書き,制限あり","北緯34度59分0.743秒東経137度1分41.195秒","CA東海道本線（名古屋地区）","339.7 km（東京起点）","東海旅客鉄道（JR東海）","地上駅（橋上駅）","2007年（平成19年）3月18日","2面2線","愛知県刈谷市野田新町一丁目905北緯34度59分0.743秒東経137度1分41.195秒﻿ / ﻿北緯34.98353972度 東経137.02810972度﻿ /34.98353972; 137.02810972座標:北緯34度59分0.743秒東経137度1分41.195秒﻿ / ﻿北緯34.98353972度 東経137.02810972度﻿ /34.98353972; 137.02810972","駅員無配置駅（自動券売機 有）[1]集中旅客サービスシステム導入駅","ノマ","2,652人/日（降車客含まず）-2019年-","CA  57 ","","","","","","","",""
"野田玉川駅","野田玉川駅（のだたまがわえき）","https://ja.wikipedia.org/wiki/野田玉川駅","日本の鉄道駅一覧_ぬ-の","https://ja.wikipedia.org/wiki/日本の鉄道駅一覧_ぬ-の","箇条書き,制限あり","北緯40度4分58.13秒東経141度49分43.93秒","■リアス線","147.9 km（盛起点）","三陸鉄道","地上駅","1975年（昭和50年）7月20日","2面2線","岩手県九戸郡野田村大字玉川北緯40度4分58.13秒東経141度49分43.93秒﻿ / ﻿北緯40.0828139度 東経141.8288694度﻿ /40.0828139; 141.8288694座標:北緯40度4分58.13秒東経141度49分43.93秒﻿ / ﻿北緯40.0828139度 東経141.8288694度﻿ /40.0828139; 141.8288694","","ノタ","","","16人/日-2018年-","","","","","","",""
"野田阪神駅","野田阪神駅（のだはんしんえき）","https://ja.wikipedia.org/wiki/野田阪神駅","日本の鉄道駅一覧_ぬ-の","https://ja.wikipedia.org/wiki/日本の鉄道駅一覧_ぬ-の","箇条書き,制限あり","北緯34度41分40.59秒東経135度28分29.45秒","●千日前線","0.0 km（野田阪神起点）","大阪市高速電気軌道(Osaka Metro)","地下駅","1969年（昭和44年）4月16日","2面2線","大阪市福島区大開一丁目14-18北緯34度41分40.59秒東経135度28分29.45秒﻿ / ﻿北緯34.6946083度 東経135.4748472度﻿ /34.6946083; 135.4748472﻿ (野田阪神駅)","","","12,585人/日（降車客含まず）-2020年-"," S11 ","24,539人/日-2020年-","野田駅（阪神本線）海老江駅（JR東西線）","","","","","",""
"野馳駅","野馳駅（のちえき）","https://ja.wikipedia.org/wiki/野馳駅","日本の鉄道駅一覧_ぬ-の","https://ja.wikipedia.org/wiki/日本の鉄道駅一覧_ぬ-の","箇条書き,制限あり","北緯34度54分54.17秒東経133度19分0.6秒","P芸備線","13.6km（備中神代起点）新見から20.0 km","西日本旅客鉄道（JR西日本）","地上駅","1930年（昭和5年）11月25日","1面1線","岡山県新見市哲西町畑木字キシ添808-2北緯34度54分54.17秒東経133度19分0.6秒﻿ / ﻿北緯34.9150472度 東経133.316833度﻿ /34.9150472; 133.316833座標:北緯34度54分54.17秒東経133度19分0.6秒﻿ / ﻿北緯34.9150472度 東経133.316833度﻿ /34.9150472; 133.316833","簡易委託駅","ノチ","26人/日（降車客含まず）-2019年-","","","","","","","","",""
"野幌駅","野幌駅（のっぽろえき）","https://ja.wikipedia.org/wiki/野幌駅","日本の鉄道駅一覧_ぬ-の","https://ja.wikipedia.org/wiki/日本の鉄道駅一覧_ぬ-の","箇条書き,制限あり","北緯43度5分33.59秒東経141度31分46.48秒","■函館本線","304.2 km（函館起点）","北海道旅客鉄道（JR北海道）","高架駅","1889年（明治22年）11月3日","2面2線","北海道江別市野幌町94-1北緯43度5分33.59秒東経141度31分46.48秒座標:北緯43度5分33.59秒 東経141度31分46.48秒","業務委託駅みどりの窓口有","ノツ","6,402人/日（降車客含まず）-2019年-","○A07","","","","","","","",""
"能登鹿島駅","能登鹿島駅（のとかしまえき）","https://ja.wikipedia.org/wiki/能登鹿島駅","日本の鉄道駅一覧_ぬ-の","https://ja.wikipedia.org/wiki/日本の鉄道駅一覧_ぬ-の","箇条書き,制限あり","北緯37度10分47.46秒東経136度53分53.24秒","七尾線","26.8 km（七尾起点）","のと鉄道","地上駅","1932年（昭和7年）8月27日","2面2線","石川県鳳珠郡穴水町曽福北緯37度10分47.46秒東経136度53分53.24秒﻿ / ﻿北緯37.1798500度 東経136.8981222度﻿ /37.1798500; 136.8981222座標:北緯37度10分47.46秒東経136度53分53.24秒﻿ / ﻿北緯37.1798500度 東経136.8981222度﻿ /37.1798500; 136.8981222","無人駅","トシ","","","4人/日-2019年-","","","","","","",""
"能登川駅","能登川駅（のとがわえき）","https://ja.wikipedia.org/wiki/能登川駅","日本の鉄道駅一覧_ぬ-の","https://ja.wikipedia.org/wiki/日本の鉄道駅一覧_ぬ-の","箇条書き,制限あり","北緯35度10分47.68秒東経136度9分57.22秒","A東海道本線（琵琶湖線）","465.7km（東京起点）米原から19.8 km","西日本旅客鉄道（JR西日本）","地上駅（橋上駅[1]）","1889年（明治22年）7月1日[2]","2面3線","滋賀県東近江市林町北緯35度10分47.68秒東経136度9分57.22秒﻿ / ﻿北緯35.1799111度 東経136.1658944度﻿ /35.1799111; 136.1658944座標:北緯35度10分47.68秒東経136度9分57.22秒﻿ / ﻿北緯35.1799111度 東経136.1658944度﻿ /35.1799111; 136.1658944","業務委託駅みどりの券売機プラス設置駅","ノト","7,303人/日（降車客含まず）-2019年-","JR-A17","","","","","","","",""
"能登中島駅","能登中島駅（のとなかじまえき）","https://ja.wikipedia.org/wiki/能登中島駅","日本の鉄道駅一覧_ぬ-の","https://ja.wikipedia.org/wiki/日本の鉄道駅一覧_ぬ-の","箇条書き,制限あり","北緯37度6分33.02秒東経136度51分11.95秒","七尾線","16.3 km（七尾起点）","のと鉄道","地上駅","1928年（昭和3年）10月31日","2面3線（実質2面2線）","石川県七尾市中島町浜田ノ1-2北緯37度6分33.02秒東経136度51分11.95秒﻿ / ﻿北緯37.1091722度 東経136.8533194度﻿ /37.1091722; 136.8533194座標:北緯37度6分33.02秒東経136度51分11.95秒﻿ / ﻿北緯37.1091722度 東経136.8533194度﻿ /37.1091722; 136.8533194","簡易委託駅","ノカ","115人/日（降車客含まず）-2019年-","","","","","","","","",""
"能登二宮駅","能登二宮駅（のとにのみやえき）","https://ja.wikipedia.org/wiki/能登二宮駅","日本の鉄道駅一覧_ぬ-の","https://ja.wikipedia.org/wiki/日本の鉄道駅一覧_ぬ-の","箇条書き,制限あり","北緯36度59分5.29秒東経136度55分2.52秒","■七尾線","46.1 km（津幡起点）金沢から57.6 km","西日本旅客鉄道（JR西日本）","地上駅","1960年（昭和35年）2月10日[1]","1面1線[1]","石川県鹿島郡中能登町武部へ7-1北緯36度59分5.29秒東経136度55分2.52秒﻿ / ﻿北緯36.9848028度 東経136.9173667度﻿ /36.9848028; 136.9173667座標:北緯36度59分5.29秒東経136度55分2.52秒﻿ / ﻿北緯36.9848028度 東経136.9173667度﻿ /36.9848028; 136.9173667","無人駅[1]（自動券売機 有）","ノミ","","","","","","","","","",""
"能登部駅","能登部駅（のとべえき）","https://ja.wikipedia.org/wiki/能登部駅","日本の鉄道駅一覧_ぬ-の","https://ja.wikipedia.org/wiki/日本の鉄道駅一覧_ぬ-の","箇条書き,制限あり","北緯36度57分41.01秒東経136度52分10.69秒","■七尾線","41.1 km（津幡起点）金沢から52.6 km","西日本旅客鉄道（JR西日本）","地上駅","1898年（明治31年）4月24日[1]","2面2線[1]","石川県鹿島郡中能登町徳丸ロ41北緯36度57分41.01秒東経136度52分10.69秒﻿ / ﻿北緯36.9613917度 東経136.8696361度﻿ /36.9613917; 136.8696361座標:北緯36度57分41.01秒東経136度52分10.69秒﻿ / ﻿北緯36.9613917度 東経136.8696361度﻿ /36.9613917; 136.8696361","無人駅[2]","ノト","511人/日（降車客含まず）-2019年-","","","","","","","","",""
"野内駅","野内駅（のないえき）","https://ja.wikipedia.org/wiki/野内駅","日本の鉄道駅一覧_ぬ-の","https://ja.wikipedia.org/wiki/日本の鉄道駅一覧_ぬ-の","箇条書き,制限あり","北緯40度50分45.6秒東経140度49分0.3秒","■青い森鉄道線","111.2km（目時起点）東京から728.5 km","青い森鉄道","高架駅","1893年（明治26年）7月16日","2面2線","青森県青森市大字野内字菊川北緯40度50分45.6秒東経140度49分0.3秒座標:北緯40度50分45.6秒 東経140度49分0.3秒","無人駅","ノナ","-2016年- 445人/日（降車客含まず）","","-2017年- 1,063人/日","","","","","","",""
"野中駅","野中駅（のなかえき）","https://ja.wikipedia.org/wiki/野中駅","日本の鉄道駅一覧_ぬ-の","https://ja.wikipedia.org/wiki/日本の鉄道駅一覧_ぬ-の","箇条書き,制限あり","北緯33度12分42.03秒東経129度42分31.05秒","■西九州線","86.2 km（有田起点）","松浦鉄道","地上駅","1990年（平成2年）3月10日","1面1線","長崎県佐世保市野中町北緯33度12分42.03秒東経129度42分31.05秒","","","","","172人/日-2018年-","","","","","","",""
"野並駅","野並駅（のなみえき）","https://ja.wikipedia.org/wiki/野並駅","日本の鉄道駅一覧_ぬ-の","https://ja.wikipedia.org/wiki/日本の鉄道駅一覧_ぬ-の","箇条書き,制限あり","北緯35度6分7.20秒東経136度57分20.52秒","桜通線","14.9 km（中村区役所駅起点）","名古屋市交通局（名古屋市営地下鉄）","地下駅","1994年（平成6年）3月30日[2]","1面2線","愛知県名古屋市天白区古川町200北緯35度6分7.20秒東経136度57分20.52秒﻿ / ﻿北緯35.1020000度 東経136.9557000度﻿ /35.1020000; 136.9557000座標:北緯35度6分7.20秒東経136度57分20.52秒﻿ / ﻿北緯35.1020000度 東経136.9557000度﻿ /35.1020000; 136.9557000","","","6,764人/日（降車客含まず）-2019年-","S17","13,470[1]人/日-2019年-","","","","","","",""
"野々市駅 (JR西日本)","野々市駅 (JR西日本)（ののいちえき・西日本旅客鉄道北陸本線）","https://ja.wikipedia.org/wiki/野々市駅_(JR西日本)","日本の鉄道駅一覧_ぬ-の","https://ja.wikipedia.org/wiki/日本の鉄道駅一覧_ぬ-の","箇条書き,制限あり","北緯36度32分30.23秒東経136度35分53.41秒","■北陸本線","170.5 km（米原起点）","西日本旅客鉄道（JR西日本）","地上駅","1968年（昭和43年）3月25日[1][2]","2面2線","石川県野々市市二日市三丁目1北緯36度32分30.23秒東経136度35分53.41秒﻿ / ﻿北緯36.5417306度 東経136.5981694度﻿ /36.5417306; 136.5981694座標:北緯36度32分30.23秒東経136度35分53.41秒﻿ / ﻿北緯36.5417306度 東経136.5981694度﻿ /36.5417306; 136.5981694","無人駅[3]","ノノ","2,000人/日（降車客含まず）-2019年-","","","","","","","","",""
"野々市駅 (北陸鉄道)","野々市駅 (北陸鉄道)（ののいちえき・北陸鉄道石川線）","https://ja.wikipedia.org/wiki/野々市駅_(北陸鉄道)","日本の鉄道駅一覧_ぬ-の","https://ja.wikipedia.org/wiki/日本の鉄道駅一覧_ぬ-の","箇条書き,制限あり","北緯36度32分11.22秒東経136度37分15.21秒","■石川線","4.0 km（野町起点）","北陸鉄道","地上駅","1916年（大正5年）12月1日","単式 1面1線","石川県野々市市本町1丁目74-2北緯36度32分11.22秒東経136度37分15.21秒﻿ / ﻿北緯36.5364500度 東経136.6208917度﻿ /36.5364500; 136.6208917座標:北緯36度32分11.22秒東経136度37分15.21秒﻿ / ﻿北緯36.5364500度 東経136.6208917度﻿ /36.5364500; 136.6208917","","","","○I05","112人/日-2017年-","","","","","","",""
"野々市工大前駅","野々市工大前駅（ののいちこうだいまええき）","https://ja.wikipedia.org/wiki/野々市工大前駅","日本の鉄道駅一覧_ぬ-の","https://ja.wikipedia.org/wiki/日本の鉄道駅一覧_ぬ-の","箇条書き,制限あり","北緯36度31分58.34秒東経136度37分18.5秒","■石川線","4.5 km（野町起点）","北陸鉄道","地上駅","1931年（昭和6年）8月11日","単式 1面1線","石川県野々市市本町2丁目北緯36度31分58.34秒東経136度37分18.5秒﻿ / ﻿北緯36.5328722度 東経136.621806度﻿ /36.5328722; 136.621806座標:北緯36度31分58.34秒東経136度37分18.5秒﻿ / ﻿北緯36.5328722度 東経136.621806度﻿ /36.5328722; 136.621806","","","","○I06","552人/日-2017年-","","","","","","",""
"野々口駅","野々口駅（ののくちえき）","https://ja.wikipedia.org/wiki/野々口駅","日本の鉄道駅一覧_ぬ-の","https://ja.wikipedia.org/wiki/日本の鉄道駅一覧_ぬ-の","箇条書き,制限あり","北緯34度46分16.57秒東経133度55分56.70秒","T津山線","16.7 km（岡山起点）","西日本旅客鉄道（JR西日本）","地上駅","1898年（明治31年）12月21日","2面2線","岡山市北区御津野々口1135北緯34度46分16.57秒東経133度55分56.70秒","無人駅（乗車駅証明書発行機 現在廃止）","ノノ","134人/日（降車客含まず）-2019年-","","","","","","","","",""
"のの岳駅","のの岳駅（ののだけえき）","https://ja.wikipedia.org/wiki/のの岳駅","日本の鉄道駅一覧_ぬ-の","https://ja.wikipedia.org/wiki/日本の鉄道駅一覧_ぬ-の","箇条書き,制限あり","","■気仙沼線","6.2 km（前谷地起点）小牛田から19.0 km","東日本旅客鉄道（JR東日本）","地上駅","1968年（昭和43年）10月24日","1面1線","","無人駅","ノノ","7人/日（降車客含まず）-2015年-","","","","","","","","",""
"野蒜駅","野蒜駅（のびるえき）","https://ja.wikipedia.org/wiki/野蒜駅","日本の鉄道駅一覧_ぬ-の","https://ja.wikipedia.org/wiki/日本の鉄道駅一覧_ぬ-の","箇条書き,制限あり","","■仙石線","33.4 km（あおば通起点）","東日本旅客鉄道（JR東日本）","地上駅","1928年（昭和3年）4月10日[1]","1面2線","","業務委託駅","ノル","213人/日（降車客含まず）-2019年-","","","","","","","","",""
"延方駅","延方駅（のぶかたえき）","https://ja.wikipedia.org/wiki/延方駅","日本の鉄道駅一覧_ぬ-の","https://ja.wikipedia.org/wiki/日本の鉄道駅一覧_ぬ-の","箇条書き,制限あり","北緯35度57分29.42秒東経140度35分19.05秒","■鹿島線","10.4 km（香取起点）","東日本旅客鉄道（JR東日本）","高架駅","1970年（昭和45年）8月20日[1]","1面2線","茨城県潮来市宮前一丁目15北緯35度57分29.42秒東経140度35分19.05秒座標:北緯35度57分29.42秒 東経140度35分19.05秒","無人駅（乗車駅証明書発行機 有）","ノフ","","","","","","","","","",""
"延岡駅","延岡駅（のべおかえき）","https://ja.wikipedia.org/wiki/延岡駅","日本の鉄道駅一覧_ぬ-の","https://ja.wikipedia.org/wiki/日本の鉄道駅一覧_ぬ-の","箇条書き,制限あり","","■日豊本線","256.2 km（小倉起点）","九州旅客鉄道（JR九州）日本貨物鉄道（JR貨物）","地上駅","1922年（大正11年）5月1日[1][2]","2面3線[1]","","直営駅みどりの窓口有[1]","ノヘ","1,177人/日（降車客含まず）-2019年-","","","","","","","","",""
"野辺地駅","野辺地駅（のへじえき）","https://ja.wikipedia.org/wiki/野辺地駅","日本の鉄道駅一覧_ぬ-の","https://ja.wikipedia.org/wiki/日本の鉄道駅一覧_ぬ-の","箇条書き,制限あり","北緯40度51分19.51秒東経141度7分11.14秒","■青い森鉄道線（青い森鉄道）","77.3km（目時起点）東京から694.6 km","青い森鉄道東日本旅客鉄道（JR東日本）","地上駅","1891年（明治24年）9月1日","3面5線","青森県上北郡野辺地町字上小中野49-2北緯40度51分19.51秒東経141度7分11.14秒座標:北緯40度51分19.51秒 東経141度7分11.14秒","共同使用駅（青い森鉄道の管轄駅）直営駅（管理駅）","ノチ","（JR東日本）-2019年- 276人/日（降車客含まず）","","（青い森鉄道）-2018年- 2,068人/日","","","","","","",""
"野辺山駅","野辺山駅（のべやまえき）","https://ja.wikipedia.org/wiki/野辺山駅","日本の鉄道駅一覧_ぬ-の","https://ja.wikipedia.org/wiki/日本の鉄道駅一覧_ぬ-の","箇条書き,制限あり","北緯35度57分19.26秒東経138度28分27.97秒","■小海線","23.4 km（小淵沢起点）","東日本旅客鉄道（JR東日本）","地上駅","1935年（昭和10年）11月29日[1]","2面3線[2]","長野県南佐久郡南牧村大字野辺山306[1]北緯35度57分19.26秒東経138度28分27.97秒﻿ / ﻿北緯35.9553500度 東経138.4744361度﻿ /35.9553500; 138.4744361座標:北緯35度57分19.26秒東経138度28分27.97秒﻿ / ﻿北緯35.9553500度 東経138.4744361度﻿ /35.9553500; 138.4744361","業務委託駅標高：1,345.67m（JRグループ最高）[1]","ノヘ[1]","145人/日（降車客含まず）-2019年-","","","","","","","","",""
"登戸駅","登戸駅（のぼりとえき）","https://ja.wikipedia.org/wiki/登戸駅","日本の鉄道駅一覧_ぬ-の","https://ja.wikipedia.org/wiki/日本の鉄道駅一覧_ぬ-の","箇条書き,制限あり","","","","東日本旅客鉄道（JR東日本・駅詳細）小田急電鉄（小田急・駅詳細）","","","","川崎市多摩区登戸","","","","","","","","","","","",""
"登別駅","登別駅（のぼりべつえき）","https://ja.wikipedia.org/wiki/登別駅","日本の鉄道駅一覧_ぬ-の","https://ja.wikipedia.org/wiki/日本の鉄道駅一覧_ぬ-の","箇条書き,制限あり","北緯42度27分7.5秒東経141度10分49.6秒","■室蘭本線","94.7 km（長万部起点）","北海道旅客鉄道（JR北海道）","地上駅","1892年（明治25年）8月1日","島式・単式 2面3線","北海道登別市登別港町1丁目4番地1北緯42度27分7.5秒東経141度10分49.6秒座標:北緯42度27分7.5秒 東経141度10分49.6秒","直営駅（管理駅）みどりの窓口有話せる券売機設置駅[1]","ノホ","384人/日（降車客含まず）-2019年-","○H28","","","","","","","",""
"野間駅","野間駅（のまえき）","https://ja.wikipedia.org/wiki/野間駅","日本の鉄道駅一覧_ぬ-の","https://ja.wikipedia.org/wiki/日本の鉄道駅一覧_ぬ-の","箇条書き,制限あり","北緯34度46分20秒東経136度51分38秒","名鉄知多新線","9.8 km（富貴起点）","名古屋鉄道","高架駅","1976年（昭和51年）4月4日","2面2線","知多郡美浜町野間新大町168-2北緯34度46分20秒東経136度51分38秒﻿ / ﻿北緯34.77222度 東経136.86056度﻿ /34.77222; 136.86056座標:北緯34度46分20秒東経136度51分38秒﻿ / ﻿北緯34.77222度 東経136.86056度﻿ /34.77222; 136.86056","無人駅管理駅：太田川","","","KC  23 ","641人/日-2019年[1]-","","","","","","",""
"野町駅","野町駅（のまちえき）","https://ja.wikipedia.org/wiki/野町駅","日本の鉄道駅一覧_ぬ-の","https://ja.wikipedia.org/wiki/日本の鉄道駅一覧_ぬ-の","箇条書き,制限あり","北緯36度33分14.27秒東経136度38分39.87秒","■石川線","0.0 km（野町起点）","北陸鉄道","地上駅","1922年（大正11年）10月1日[1]","頭端式 2面2線","石川県金沢市野町5丁目59-1北緯36度33分14.27秒東経136度38分39.87秒﻿ / ﻿北緯36.5539639度 東経136.6444083度﻿ /36.5539639; 136.6444083座標:北緯36度33分14.27秒東経136度38分39.87秒﻿ / ﻿北緯36.5539639度 東経136.6444083度﻿ /36.5539639; 136.6444083","","","","○I01","1,712人/日-2017年-","","","","","","",""
"能美根上駅","能美根上駅（のみねあがりえき）","https://ja.wikipedia.org/wiki/能美根上駅","日本の鉄道駅一覧_ぬ-の","https://ja.wikipedia.org/wiki/日本の鉄道駅一覧_ぬ-の","箇条書き,制限あり","北緯36度27分7.38秒東経136度27分34.77秒","■北陸本線","154.0 km（米原起点）","西日本旅客鉄道（JR西日本）","地上駅（橋上駅）","1912年（大正元年）12月20日[1]","1面2線","石川県能美市大成町チ303北緯36度27分7.38秒東経136度27分34.77秒﻿ / ﻿北緯36.4520500度 東経136.4596583度﻿ /36.4520500; 136.4596583座標:北緯36度27分7.38秒東経136度27分34.77秒﻿ / ﻿北緯36.4520500度 東経136.4596583度﻿ /36.4520500; 136.4596583","業務委託駅みどりの窓口有","","1,291人/日（降車客含まず）-2019年-","","","","","","","","",""
"野矢駅","野矢駅（のやえき）","https://ja.wikipedia.org/wiki/野矢駅","日本の鉄道駅一覧_ぬ-の","https://ja.wikipedia.org/wiki/日本の鉄道駅一覧_ぬ-の","箇条書き,制限あり","北緯33度14分25.56秒東経131度15分6.54秒","■久大本線","88.2 km（久留米起点）","九州旅客鉄道（JR九州）","地上駅","1926年（大正15年）11月26日[3][4]","2面2線[1]","大分県玖珠郡九重町大字野上[1]字上恒406[2]北緯33度14分25.56秒東経131度15分6.54秒","無人駅[1]","ノヤ","7人/日（降車客含まず）-2015年-","","19人/日-2015年-","","","","","","",""
