"タイトル","コメント","URL","親リストタイトル","親リストURL","一覧抽出方法","座標","所在地","位置","標高","面積","山系","水系","外部リンク","交通","泉質","周囲長","淡水・汽水","種類","最大水深","水面の,標高","成因","透明度","宿泊施設数","湖沼型","延長"
"高田松原","[高田松原（岩手県）] 高田松原 （たかたまつばら）は、 岩手県 陸前高田市 気仙町 の 太平洋 岸にある 松原 で、かつては約7万本が2キロメートルの 砂浜 に茂っていたが、 東日本大震災 （2011年）による 津波 で 奇跡の一本松 を残して倒壊した。その後、4万本を目指して 植樹 による再生が進められ  、2021年5月18日に完了した  。このうち600本は、震災前年に クリスマス の飾り物用に地元の女性が高田松原で拾い集めて保管していた 松ぼっくり を 森林総合研究所 材木育種センター 東北 育種場に寄託し、その種から育てた苗木が使われた  。","https://ja.wikipedia.org/wiki/高田松原","日本百景","https://ja.wikipedia.org/wiki/日本百景","箇条書き,制限あり","","","","","","","","","","","","","","","","","","","",""
"男鹿半島","[男鹿半島（秋田県）] 男鹿半島 （おがはんとう）は、 秋田県 北西部にある 日本海 に突き出た 半島 。半島部の大半が 男鹿市 に属する。","https://ja.wikipedia.org/wiki/男鹿半島","日本百景","https://ja.wikipedia.org/wiki/日本百景","箇条書き,制限あり","","","","","","","","","","","","","","","","","","","",""
"石巻市","[石巻海岸（宮城県）] ","https://ja.wikipedia.org/wiki/石巻市","日本百景","https://ja.wikipedia.org/wiki/日本百景","箇条書き,制限あり","北緯38度26分3.3秒東経141度18分9.8秒","〒986-8501宮城県石巻市穀町14番1号北緯38度26分3.3秒東経141度18分9.8秒﻿ / ﻿北緯38.434250度 東経141.302722度﻿ /38.434250; 141.302722市庁舎位置","","","554.58km2","","","公式ウェブサイト","","","","","","","","","","","",""
"気仙沼湾","[気仙沼湾（宮城県）] 座標 : .mw-parser-output .geo-default,.mw-parser-output .geo-dms,.mw-parser-output .geo-dec{display:inline}.mw-parser-output .geo-nondefault,.mw-parser-output .geo-multi-punct{display:none}.mw-parser-output .longitude,.mw-parser-output .latitude{white-space:nowrap} 北緯38度52分26秒 東経141度35分50秒 ﻿ / ﻿ 北緯38.87389度 東経141.59722度 ﻿ / 38.87389; 141.59722","https://ja.wikipedia.org/wiki/気仙沼湾","日本百景","https://ja.wikipedia.org/wiki/日本百景","箇条書き,制限あり","","","","","","","","","","","","","","","","","","","",""
"新舞子ビーチ","[新舞子（福島県）] 新舞子ビーチ （しんまいこビーチ）は、 福島県 いわき市 平 藤間にある 海水浴場 。夏井海岸の中央部に位置する  。「新舞子」の名は、 兵庫県 神戸市 にあった 舞子浜 に由来し、 日本の白砂青松100選 に選ばれている  。周辺は 磐城海岸県立自然公園 に指定されている。","https://ja.wikipedia.org/wiki/新舞子ビーチ","日本百景","https://ja.wikipedia.org/wiki/日本百景","箇条書き,制限あり","","","","","","","","","","","","","","","","","","","",""
"松川浦","[松川浦（福島県）] 松川浦 （まつかわうら）は、 福島県 相馬市 郊外にある 潟湖 である。","https://ja.wikipedia.org/wiki/松川浦","日本百景","https://ja.wikipedia.org/wiki/日本百景","箇条書き,制限あり","北緯37度48分00秒東経140度58分40秒","日本福島県相馬市","北緯37度48分00秒東経140度58分40秒﻿ / ﻿北緯37.80000度 東経140.97778度﻿ /37.80000; 140.97778座標:北緯37度48分00秒東経140度58分40秒﻿ / ﻿北緯37.80000度 東経140.97778度﻿ /37.80000; 140.97778","","6.06km2","","","","","","23km","汽水","","5.5m","0  m","海跡湖","1.2 m","","富栄養湖",""
"館山湾","[鏡ヶ浦（千葉県）] 館山湾 （たてやまわん）は、 千葉県 にある 湾 。別名、 鏡ヶ浦 （かがみがうら）。 日本百景 に選定されている。","https://ja.wikipedia.org/wiki/館山湾","日本百景","https://ja.wikipedia.org/wiki/日本百景","箇条書き,制限あり","","","","","","","","","","","","","","","","","","","",""
"江の島","[江の島（神奈川県）] 江の島 （えのしま）は、 神奈川県 藤沢市 にある 湘南海岸 から 相模湾 へと突き出た 陸繋島 であり、一般的に使用される周囲360度が海に囲まれた島では無い特性を有する 地名 および 町名 である。また、同島全体を指した町名。 片瀬 地区（旧 片瀬町 地域）に属する。江の島一丁目及び江の島二丁目があり、全域で 住居表示 が実施されている  。 郵便番号 は251-0036（ 藤沢郵便局 管区）  。","https://ja.wikipedia.org/wiki/江の島","日本百景","https://ja.wikipedia.org/wiki/日本百景","箇条書き,制限あり","北緯35度18分0秒東経139度28分50秒","日本神奈川県藤沢市","","","0.41km²","","","","","","","","","","","","","","",""
"駿河湾","[沼津湾（千本松原静浦）（静岡県）] 駿河湾 （するがわん）は、 伊豆半島 先端にある 石廊崎 と、 御前崎 を結ぶ線より北側の海域  。海岸は全て 静岡県 に属し  、 令制国 としては西岸と北岸は 駿河国 、東岸は 伊豆国 である。最深部は 水深 2500mに達し、日本で最も深い 湾 である   。","https://ja.wikipedia.org/wiki/駿河湾","日本百景","https://ja.wikipedia.org/wiki/日本百景","箇条書き,制限あり","","","","","","","","","","","","","","","","","","","",""
"笹川流れ","[笹川流（新潟県）] 笹川流れ （ささがわながれ）は 新潟県 村上市 にある海岸。国の 名勝 および 天然記念物 に指定されている地域で（1927年指定「 笹川流 」）  、 日本百景 にも選定された県下有数の海岸景勝地である。笹川流れの笹川とは集落名（1889年まで存在した「笹川村」、現・村上市笹川）で、この笹川より沖合いの岩場まで 潮流 が見られたことが名の由来とされる。","https://ja.wikipedia.org/wiki/笹川流れ","日本百景","https://ja.wikipedia.org/wiki/日本百景","箇条書き,制限あり","","","","","","","","","","","","","","","","","","","",""
"九十九湾","[九十九湾（石川県）] 九十九湾 （つくもわん）は、 石川県 能登町 にある リアス式海岸 である。 能登半島国定公園 の北東部内浦側に位置する。","https://ja.wikipedia.org/wiki/九十九湾","日本百景","https://ja.wikipedia.org/wiki/日本百景","箇条書き,制限あり","","","","","","","","","","","","","","","","","","","",""
"蒲郡市","[蒲郡海岸（愛知県）] ","https://ja.wikipedia.org/wiki/蒲郡市","日本百景","https://ja.wikipedia.org/wiki/日本百景","箇条書き,制限あり","北緯34度49分35秒東経137度13分10.5秒","〒443-8601愛知県蒲郡市旭町17番1号北緯34度49分35秒東経137度13分10.5秒﻿ / ﻿北緯34.82639度 東経137.219583度﻿ /34.82639; 137.219583市庁舎位置","","","56.92km2","","","公式ウェブサイト","","","","","","","","","","","",""
"七里御浜","[御浜鬼ヶ城（三重県）] 七里御浜 （しちりみはま）は 三重県 熊野市 から 紀宝町 にかけて 熊野灘 に面した 浜 である。 日本の渚百選 、 日本の白砂青松百選 、 21世紀に残したい日本の自然百選 の一つ。 吉野熊野国立公園 の一部。また、 熊野古道伊勢路 の一部。","https://ja.wikipedia.org/wiki/七里御浜","日本百景","https://ja.wikipedia.org/wiki/日本百景","箇条書き,制限あり","","","","","","","","","","","","","","","","","","","",""
"鳥羽港","[鳥羽湾（三重県）] 鳥羽港 （とばこう） は 三重県 鳥羽市 にある 港湾 。三重県が管理しており、 地方港湾 に指定されている。鳥羽市を 港町 たらしめてきた港であり、 伊勢志摩 の海の玄関口をなす重要な 観光地 でもある。","https://ja.wikipedia.org/wiki/鳥羽港","日本百景","https://ja.wikipedia.org/wiki/日本百景","箇条書き,制限あり","","","","","","","","","","","","","","","","","","","",""
"御崎","[赤穂御崎（兵庫県）] 御崎 （みさき）は、 兵庫県 赤穂市 御崎に属し、 瀬戸内海 （ 播磨灘 北西部）に面する 岬 。 瀬戸内海国立公園 の区域。 日本百景 の一つ。「 恋人の聖地 プロジェクト」により選定されたデートスポット。","https://ja.wikipedia.org/wiki/御崎","日本百景","https://ja.wikipedia.org/wiki/日本百景","箇条書き,制限あり","","","","","","","","","","","","","","","","","","","",""
"浦富海岸","[浦富海岸（鳥取県）] 浦富海岸 （うらどめかいがん）は、 鳥取県 岩美郡 岩美町 にある約15キロメートルにわたる リアス式海岸 である。 但馬御火浦 の西に位置する。","https://ja.wikipedia.org/wiki/浦富海岸","日本百景","https://ja.wikipedia.org/wiki/日本百景","箇条書き,制限あり","","","","","","","","","","","","","","","","","","","",""
"下津井","[下津井海岸（岡山県）] 下津井 （しもつい）は、 岡山県 倉敷市 児島地域 にある地区である。かつての 児島郡 下津井町 （しもついちょう）に相当する。本項では同町および町制前の名称である 下津井村 （しもついそん）についても述べる。","https://ja.wikipedia.org/wiki/下津井","日本百景","https://ja.wikipedia.org/wiki/日本百景","箇条書き,制限あり","","〒711-0926岡山県倉敷市下津井吹上二丁目1-18","","","6.3km²","","","","","","","","","","","","","","",""
"忠海","[忠海海岸（広島県）] 忠海 （ただのうみ）  は、 広島県 南中部の地名。ここでは 瀬戸内海 に面する 竹原市 内の地区である忠海地区について述べる。","https://ja.wikipedia.org/wiki/忠海","日本百景","https://ja.wikipedia.org/wiki/日本百景","箇条書き,制限あり","","","","","","","","","","","","","","","","","","","",""
"青海島","[青海島（山口県）] 青海島 （おおみじま、おうみじま）は、 山口県 長門市 の北、 日本海 に浮かぶ 島 である。","https://ja.wikipedia.org/wiki/青海島","日本百景","https://ja.wikipedia.org/wiki/日本百景","箇条書き,制限あり","北緯34度25分44.2秒東経131度13分19.8秒","日本山口県長門市","","","14km²","","","","","","","","","","","","","","",""
"室積海岸","[室積湾（山口県）] 室積海岸 （むろづみかいがん）は、 山口県 光市 に位置する 海岸 で、 瀬戸内海国立公園 の指定地の一つである。 延長5kmに及ぶ海岸線に沿って クロマツ 林が広がる 海水浴場 としても知られる。市街地を挟んで西側には、同じく長い海岸線を持つ 虹ヶ浜海岸 が位置する。","https://ja.wikipedia.org/wiki/室積海岸","日本百景","https://ja.wikipedia.org/wiki/日本百景","箇条書き,制限あり","","","","","","","","","","","","","","","","","","","",""
"鳴門海峡","[鳴門（徳島県）] 鳴門海峡 （なると かいきょう、 国際名称・ 英語 名 : Naruto Strait ）とは、 日本 の 淡路島 と 四国 にある 大毛島 および 島田島 との間に形成されている 海峡 。 播磨灘 と 紀伊水道 を結ぶ海峡。現在 行政区画 上では、 兵庫県 南あわじ市 と 徳島県 鳴門市 の間に所在する。「 大鳴門 （おおなると）」ともいう。","https://ja.wikipedia.org/wiki/鳴門海峡","日本百景","https://ja.wikipedia.org/wiki/日本百景","箇条書き,制限あり","","","","","","","","","","","","","","","","","","","",""
"唐津市","[唐津松浦潟（佐賀県）] ","https://ja.wikipedia.org/wiki/唐津市","日本百景","https://ja.wikipedia.org/wiki/日本百景","箇条書き,制限あり","北緯33度27分00.3秒東経129度58分05.7秒","〒847-8511佐賀県唐津市西城内1番1号北緯33度27分00.3秒東経129度58分05.7秒﻿ / ﻿北緯33.450083度 東経129.968250度﻿ /33.450083; 129.968250座標:北緯33度27分00.3秒東経129度58分05.7秒﻿ / ﻿北緯33.450083度 東経129.968250度﻿ /33.450083; 129.968250","","","487.59km2","","","公式ウェブサイト","","","","","","","","","","","",""
"九十九島 (西海国立公園)","[九十九島（長崎県）] 九十九島 （くじゅうくしま）は、 長崎県 の 佐世保市 、 平戸市 にかけての 北松浦半島 西岸に連なる リアス式海岸 の群島である。全域が 西海国立公園 に指定されている。","https://ja.wikipedia.org/wiki/九十九島_(西海国立公園)","日本百景","https://ja.wikipedia.org/wiki/日本百景","箇条書き,制限あり","","","","","","","","","","","","","","","","","","","",""
"鹿児島湾","[錦江湾（鹿児島県）] 鹿児島湾 （かごしまわん）は、 鹿児島県 の 薩摩半島 と 大隅半島 に挟まれた 湾 である。鹿児島県内では、 錦江湾 （きんこうわん）とも呼ばれ、専らこの名称が浸透している  。湾の北部には 桜島 が位置する。 1914年 （ 大正 3年）に「 桜島大正大噴火 」で、桜島と大隅半島は陸続きとなった    。","https://ja.wikipedia.org/wiki/鹿児島湾","日本百景","https://ja.wikipedia.org/wiki/日本百景","箇条書き,制限あり","","","","","","","","","","","","","","","","","","","",""
"菅沼 (群馬県)","[菅沼（群馬県）] 菅沼 （すがぬま、すげぬま）は、 群馬県 利根郡 片品村 にある 湖沼 。 日光国立公園  、 日本百景  、 新日本観光地百選  、 21世紀に残したい日本の自然100選  。 透明度 本州 一  。","https://ja.wikipedia.org/wiki/菅沼_(群馬県)","日本百景","https://ja.wikipedia.org/wiki/日本百景","箇条書き,制限あり","北緯36度49分40.03秒東経139度21分50.06秒","群馬県利根郡片品村","北緯36度49分40.03秒東経139度21分50.06秒﻿ / ﻿北緯36.8277861度 東経139.3639056度﻿ /36.8277861; 139.3639056座標:北緯36度49分40.03秒東経139度21分50.06秒﻿ / ﻿北緯36.8277861度 東経139.3639056度﻿ /36.8277861; 139.3639056","","0.77km2","","","","","","6.5km","淡水","","75m","1,731m","堰止湖","13.2m","","貧栄養湖",""
"宍道湖","[宍道湖（島根県）] 宍道湖 （しんじこ）は、 島根県 松江市 と 出雲市 にまたがる 湖  。 一級水系 の 斐伊川 の一部である  。","https://ja.wikipedia.org/wiki/宍道湖","日本百景","https://ja.wikipedia.org/wiki/日本百景","箇条書き,制限あり","北緯35度27分東経132度58分","日本島根県松江市、出雲市","北緯35度27分東経132度58分﻿ / ﻿北緯35.45度 東経132.97度﻿ /35.45; 132.97座標:北緯35度27分東経132度58分﻿ / ﻿北緯35.45度 東経132.97度﻿ /35.45; 132.97","","79.25km2","","","","","","47km","汽水","","6.4m","0  m","海跡湖","1.0 m","","富栄養湖",""
"加茂湖","[加茂湖（新潟県）] 加茂湖 （かもこ）は、 新潟県 佐渡市 （ 佐渡島 ）にある 汽水湖 で、 日本百景 の一つである。 新潟県 で最大の湖沼であり、また 日本 の 離島 の中でも最大の湖沼である  。","https://ja.wikipedia.org/wiki/加茂湖","日本百景","https://ja.wikipedia.org/wiki/日本百景","箇条書き,制限あり","","日本新潟県佐渡市","","","4.85km2","","","","","","17km","汽水","","","","","","","",""
"田沢湖","[田沢湖（秋田県）] 田沢湖 （たざわこ）は、 秋田県 仙北市 にある 淡水湖 。 一級河川 雄物川 水系に属する。 日本 で最も深い湖であり、日本で19番目に広い湖沼である  。その全域が 田沢湖抱返り県立自然公園 に指定されており、 日本百景 にも選ばれている景勝地である。1956年（昭和31年）から2005年（平成17年）まで存在した自治体である 田沢湖町 の名の由来であり、現在も旧田沢湖町の区域の地名冠称として使われている。","https://ja.wikipedia.org/wiki/田沢湖","日本百景","https://ja.wikipedia.org/wiki/日本百景","箇条書き,制限あり","北緯39度43分30秒東経140度39分41秒","日本秋田県仙北市","北緯39度43分30秒東経140度39分41秒﻿ / ﻿北緯39.72500度 東経140.66139度﻿ /39.72500; 140.66139座標:北緯39度43分30秒東経140度39分41秒﻿ / ﻿北緯39.72500度 東経140.66139度﻿ /39.72500; 140.66139","","25.75km2","","","","","","20km","淡水","","423.4m","249  m","カルデラ","4.0 m","","酸栄養湖",""
"一碧湖","[一碧湖（静岡県）] 一碧湖 （いっぺきこ）は、 伊豆半島 東岸、 静岡県 伊東市 にある 湖 で、火山の火口に水が溜まったもの。 伊豆東部火山群 の一つである。","https://ja.wikipedia.org/wiki/一碧湖","日本百景","https://ja.wikipedia.org/wiki/日本百景","箇条書き,制限あり","北緯34度55分46秒東経139度6分20秒","静岡県伊東市吉田","北緯34度55分46秒東経139度6分20秒﻿ / ﻿北緯34.92944度 東経139.10556度﻿ /34.92944; 139.10556座標:北緯34度55分46秒東経139度6分20秒﻿ / ﻿北緯34.92944度 東経139.10556度﻿ /34.92944; 139.10556","","0.23km2","","","","","","3.7km","淡水","","7m","185m","マール","2.5m","","",""
"洞爺湖","[洞爺湖（北海道）] 洞爺湖 （とうやこ）は、 北海道 虻田郡 洞爺湖町 と 有珠郡 壮瞥町 にまたがる 湖 。 二級河川 長流川 水系に属する。周辺が 支笏洞爺国立公園 に指定されており  、 洞爺湖有珠山ジオパーク として「日本ジオパーク」「世界ジオパーク」に登録されている  。また、「 日本百景 」「 新日本旅行地100選 」「 美しい日本の歩きたくなるみち500選 」にも選定されている   。","https://ja.wikipedia.org/wiki/洞爺湖","日本百景","https://ja.wikipedia.org/wiki/日本百景","箇条書き,制限あり","北緯42度35分0秒東経140度51分0秒","北海道（胆振総合振興局）北緯42度35分0秒東経140度51分0秒﻿ / ﻿北緯42.58333度 東経140.85000度﻿ /42.58333; 140.85000﻿ (洞爺湖)洞爺湖-地理院地図洞爺湖-Google マップ洞爺湖の位置北海道南部の地図を表示洞爺湖 (北海道)北海道の地図を表示洞爺湖 (日本)日本の地図を表示","","","70.72km2","","","","","","50km","淡水","","180.0m","84  m","カルデラ湖","10.0 m","","貧栄養湖",""
"霞ヶ浦","[霞ヶ浦（茨城県）] 霞ヶ浦 （かすみがうら）は 茨城県 南東部に広がる、 琵琶湖 についで 日本 で二番目に大きい 湖 。 湖沼水質保全特別措置法 指定 湖沼 。「 霞ケ浦 」（大文字のケ）と表記することもある。 西浦 ・ 北浦 ・ 外浪逆浦 （そとなさかうら）・ 北利根川 ・ 鰐川 ・ 常陸川 の各水域の総体であり、一部水域は 千葉県 北東部にも跨がる  。 河川法 ではこの範囲を「 常陸利根川 」という 利根川 の支川としている。","https://ja.wikipedia.org/wiki/霞ヶ浦","日本百景","https://ja.wikipedia.org/wiki/日本百景","箇条書き,制限あり","北緯36度0分0秒東経140度25分0秒","茨城県10市1町1村、千葉県1市","北緯36度0分0秒東経140度25分0秒﻿ / ﻿北緯36.00000度 東経140.41667度﻿ /36.00000; 140.41667座標:北緯36度0分0秒東経140度25分0秒﻿ / ﻿北緯36.00000度 東経140.41667度﻿ /36.00000; 140.41667","","220km2","","","","","","249.5km","淡水","","7.1m","0  m","海跡湖","0.6 m","","過栄養湖",""
"猪苗代湖","[猪苗代湖（福島県）] 猪苗代湖 （いなわしろこ）は、 日本 の 福島県 会津若松市 、 郡山市 、 耶麻郡 猪苗代町 にまたがる、日本国内で4番目に広い 湖 である   。別名、天鏡湖（てんきょうこ）。 阿賀野川 水系 所属の 一級河川 の指定を受けており、福島県のシンボルの一つとされている  。","https://ja.wikipedia.org/wiki/猪苗代湖","日本百景","https://ja.wikipedia.org/wiki/日本百景","箇条書き,制限あり","北緯37度29分東経140度06分","日本福島県会津若松市・郡山市・耶麻郡猪苗代町","北緯37度29分東経140度06分﻿ / ﻿北緯37.483度 東経140.100度﻿ /37.483; 140.100座標:北緯37度29分東経140度06分﻿ / ﻿北緯37.483度 東経140.100度﻿ /37.483; 140.100","","103.24km2","","","","","","49km","淡水","","94.6m","514m","構造湖（断層湖）","12.0 m","","酸栄養湖",""
"中禅寺湖","[中禅寺湖（栃木県）] 中禅寺湖 （ちゅうぜんじこ）は 栃木県 日光市 の 日光国立公園 内にある 湖 。 日本 の湖沼では25番目の面積規模を有する。","https://ja.wikipedia.org/wiki/中禅寺湖","日本百景","https://ja.wikipedia.org/wiki/日本百景","箇条書き,制限あり","北緯36度44分26秒東経139度27分44秒","日本栃木県日光市","北緯36度44分26秒東経139度27分44秒﻿ / ﻿北緯36.74056度 東経139.46222度﻿ /36.74056; 139.46222座標:北緯36度44分26秒東経139度27分44秒﻿ / ﻿北緯36.74056度 東経139.46222度﻿ /36.74056; 139.46222","","11.90km2","","","","","","25km","淡水","","163m","1,269  m","堰止湖","9.0 m","","貧栄養湖",""
"尾瀬沼","[尾瀬沼（群馬県）] 尾瀬沼 （おぜぬま）は、 群馬県 利根郡 片品村 と 福島県 南会津郡 檜枝岐村 にまたがって位置する 沼 。 尾瀬 地域にある。面積は1.81km 2  。 上毛かるた では「せ」の札において、「仙境尾瀬沼　花の原」と読まれる。 只見川 の一方の最上流に位置するため、標高は1660 mと高く、日本では、これより高く尾瀬沼より大きい湖沼・池は無い。","https://ja.wikipedia.org/wiki/尾瀬沼","日本百景","https://ja.wikipedia.org/wiki/日本百景","箇条書き,制限あり","","","","","","","","","","","","","","","","","","","",""
"鳥海山","[鳥海山（秋田県・山形県）] 鳥海山 （ちょうかいさん、ちょうかいざん  ）は、 山形県 と 秋田県 に跨がる 標高 2,236mの 活火山 。山頂に雪が積もった姿が富士山に類似しているため、 出羽富士 （でわふじ）とも呼ばれ親しまれている。秋田県では 秋田富士 （あきたふじ）、山形県では 庄内富士 （しょうないふじ）とも呼ばれている。古くからの名では鳥見山（とりみやま）という。 鳥海国定公園 に属する。 日本百名山  ・ 日本百景 の一つ。2007年（平成19年）に 日本の地質百選 に選定された。2009年（平成21年）に 国史跡 「鳥海山」として指定された。","https://ja.wikipedia.org/wiki/鳥海山","日本百景","https://ja.wikipedia.org/wiki/日本百景","箇条書き,制限あり","北緯39度05分57秒東経140度02分56秒","日本山形県飽海郡遊佐町・酒田市・秋田県由利本荘市・にかほ市","北緯39度05分57秒東経140度02分56秒﻿ / ﻿北緯39.09917度 東経140.04889度﻿ /39.09917; 140.04889座標:北緯39度05分57秒東経140度02分56秒﻿ / ﻿北緯39.09917度 東経140.04889度﻿ /39.09917; 140.04889","2,236m","","出羽山地","","","","","","","成層火山","","","","","","",""
"霊山 (福島県)","[霊山（福島県）] 霊山 （りょうぜん）は、 福島県 伊達市 と 相馬市 との境にそびえる標高825メートルの山  。国の 名勝 、 日本百景 、 県立自然公園 および うつくしま百名山 に指定されている。また、 南北朝時代 の重要な 城跡 遺構として国の 史跡 に指定されている  。","https://ja.wikipedia.org/wiki/霊山_(福島県)","日本百景","https://ja.wikipedia.org/wiki/日本百景","箇条書き,制限あり","北緯37度46分08秒東経140度41分15秒","日本福島県伊達市・相馬市","北緯37度46分08秒東経140度41分15秒﻿ / ﻿北緯37.76889度 東経140.68750度﻿ /37.76889; 140.68750座標:北緯37度46分08秒東経140度41分15秒﻿ / ﻿北緯37.76889度 東経140.68750度﻿ /37.76889; 140.68750","825m","","阿武隈高地","","","","","","","","","","","","","",""
"筑波山","[筑波山（茨城県）] 筑波山 （つくばさん）は、 日本 の 関東地方 東部、 茨城県 つくば市 北端にある 標高 877mの 山 。 筑波山神社 の 境内 地で西側の 男体山 （標高871m）と東側の 女体山 （標高877m）からなる。雅称は 紫峰 （しほう）。 筑波嶺 （つくばね）とも言い、茨城県のシンボルの一つとされている  。","https://ja.wikipedia.org/wiki/筑波山","日本百景","https://ja.wikipedia.org/wiki/日本百景","箇条書き,制限あり","北緯36度13分31秒東経140度6分24秒","日本茨城県つくば市","北緯36度13分31秒東経140度6分24秒﻿ / ﻿北緯36.22528度 東経140.10667度﻿ /36.22528; 140.10667座標:北緯36度13分31秒東経140度6分24秒﻿ / ﻿北緯36.22528度 東経140.10667度﻿ /36.22528; 140.10667","877m","","八溝山地","","","","","","","堅牢残丘","","","","","","",""
"赤城山","[赤城山（群馬県）] 赤城山 （あかぎさん、あかぎやま、 後述 ）は、 関東地方 の北部、 群馬県 のほぼ中央に位置する 山 。 太平洋プレート が オホーツクプレート に沈み込んでできた 島弧 型火山である。また、赤城山は、カルデラ湖を伴う カルデラ を持つ、関東地方で有数の 複成火山 である。","https://ja.wikipedia.org/wiki/赤城山","日本百景","https://ja.wikipedia.org/wiki/日本百景","箇条書き,制限あり","北緯36度33分39秒東経139度11分37秒","日本群馬県前橋市・桐生市・渋川市・沼田市・利根郡昭和村","北緯36度33分39秒東経139度11分37秒﻿ / ﻿北緯36.5608度 東経139.1936度﻿ /36.5608; 139.1936座標:北緯36度33分39秒東経139度11分37秒﻿ / ﻿北緯36.5608度 東経139.1936度﻿ /36.5608; 139.1936","1,827.6m","","独立峰","","","","","","","複成火山（活火山ランクC）","","","","","","",""
"妙義山","[妙義山（群馬県）] 妙義山 （みょうぎさん）は、 群馬県 甘楽郡 下仁田町 ・ 富岡市 ・ 安中市 の境界に位置する 日本三大奇景 の一つとされる 山 である。いくつものピークから成り、最高峰は表妙義稜線上の 相馬岳 (1,103.8m)で、また妙義山系全体の最高峰は裏妙義に聳える 谷急山 (1,162.1m)となっている。","https://ja.wikipedia.org/wiki/妙義山","日本百景","https://ja.wikipedia.org/wiki/日本百景","箇条書き,制限あり","北緯36度17分55秒東経138度44分56秒","群馬県甘楽郡下仁田町・富岡市・安中市","北緯36度17分55秒東経138度44分56秒﻿ / ﻿北緯36.29861度 東経138.74889度﻿ /36.29861; 138.74889座標:北緯36度17分55秒東経138度44分56秒﻿ / ﻿北緯36.29861度 東経138.74889度﻿ /36.29861; 138.74889","1,103.8m","","","","","","","","","","","","","","","",""
"清澄寺 (鴨川市)","[清澄山（千葉県）] 清澄寺 （せいちょうじ）は、 千葉県 鴨川市 清澄にある 日蓮宗 の 大本山 。 山号 は千光山。 日蓮 が 出家 得度 および立教開宗した寺とされ、総本山 久遠寺 ・大本山 池上本門寺 ・大本山 誕生寺 とともに 日蓮宗四霊場 と呼ばれる  。","https://ja.wikipedia.org/wiki/清澄寺_(鴨川市)","日本百景","https://ja.wikipedia.org/wiki/日本百景","箇条書き,制限あり","北緯35度9分39.4秒東経140度9分5秒","千葉県鴨川市清澄322-1","北緯35度9分39.4秒東経140度9分5秒﻿ / ﻿北緯35.160944度 東経140.15139度﻿ /35.160944; 140.15139座標:北緯35度9分39.4秒東経140度9分5秒﻿ / ﻿北緯35.160944度 東経140.15139度﻿ /35.160944; 140.15139","","","","","","","","","","","","","","","","",""
"高尾山","[高尾山（東京都）] 高尾山 （たかおさん  ）は、 東京都 八王子市 にある 標高 599 メートル （m）の 山 。 明治の森高尾国定公園 及び 東京都立高尾陣場自然公園 に位置  。東京 都心 から近く、年間を通じて多くの 観光 客や 登山 者が訪れる。古くから 修験道 の 霊山 とされた。","https://ja.wikipedia.org/wiki/高尾山","日本百景","https://ja.wikipedia.org/wiki/日本百景","箇条書き,制限あり","北緯35度37分31秒東経139度14分37秒","日本東京都八王子市高尾町","北緯35度37分31秒東経139度14分37秒﻿ / ﻿北緯35.62528度 東経139.24361度﻿ /35.62528; 139.24361座標:北緯35度37分31秒東経139度14分37秒﻿ / ﻿北緯35.62528度 東経139.24361度﻿ /35.62528; 139.24361","599.3m","","関東山地（秩父山地）","","","","","","","","","","","","","",""
"甲斐駒ヶ岳","[駒ヶ岳（山梨県・長野県）] 甲斐駒ヶ岳 （かいこまがたけ）は、 南アルプス国立公園 内の 赤石山脈 （南アルプス）北端の 山梨県 北杜市 と 長野県 伊那市 にまたがる 標高 2,967 m の 山 である。峻険な山容をもち、半ば独立峰のような姿勢で屹立する 日本アルプス 屈指の名峰で、 日本百名山  、 新日本百名山  、 新・花の百名山  、 山梨百名山  、 信州百名山 、 日本百景 に選定されている。","https://ja.wikipedia.org/wiki/甲斐駒ヶ岳","日本百景","https://ja.wikipedia.org/wiki/日本百景","箇条書き,制限あり","北緯35度45分28秒東経138度14分12秒","山梨県北杜市、長野県伊那市","北緯35度45分28秒東経138度14分12秒﻿ / ﻿北緯35.75778度 東経138.23667度﻿ /35.75778; 138.23667座標:北緯35度45分28秒東経138度14分12秒﻿ / ﻿北緯35.75778度 東経138.23667度﻿ /35.75778; 138.23667","2,967m","","赤石山脈","","","","","","","隆起（花崗岩）","","","","","","",""
"朝熊山","[朝熊山（三重県）] 朝熊山 （あさまやま）は、 三重県 伊勢市 ・ 鳥羽市 にある 山 。正式名称は 朝熊ヶ岳 （あさまがたけ）。『 三国地誌 』では「岳（たけ）」とも記され、伊勢市近辺で「岳」は朝熊山を意味する。南方に連なる「朝熊山地」を含めて「朝熊山」とする場合があり、この場合には 志摩市 まで跨がることになる。山頂付近に 臨済宗 の 金剛證寺 があり、この寺を「朝熊山」と呼ぶ場合もある。","https://ja.wikipedia.org/wiki/朝熊山","日本百景","https://ja.wikipedia.org/wiki/日本百景","箇条書き,制限あり","北緯34度27分40秒東経136度46分54秒","日本三重県伊勢市・鳥羽市","北緯34度27分40秒東経136度46分54秒﻿ / ﻿北緯34.46111度 東経136.78167度﻿ /34.46111; 136.78167座標:北緯34度27分40秒東経136度46分54秒﻿ / ﻿北緯34.46111度 東経136.78167度﻿ /34.46111; 136.78167","555m","","紀伊山地（朝熊山地）","","","","","","","","","","","","","",""
"大台ヶ原山","[大台ヶ原山（奈良県）] 大台ヶ原山 （おおだいがはらやま）は 奈良県 と 三重県 の 県境 にある 標高 1695.1m  の 山 である。 深田久弥 によって「 日本百名山 」に選ばれたほか、 日本百景 、 日本の秘境100選 にも選ばれている。 1980年 （昭和55年）に 国際連合教育科学文化機関 の 生物圏保護区 （ユネスコエコパーク）に登録された（登録名：大台ケ原・ 大峯山 ・ 大杉谷 ）  。","https://ja.wikipedia.org/wiki/大台ヶ原山","日本百景","https://ja.wikipedia.org/wiki/日本百景","箇条書き,制限あり","北緯34度11分7秒東経136度6分33秒","奈良県吉野郡上北山村、川上村、三重県多気郡大台町","北緯34度11分7秒東経136度6分33秒﻿ / ﻿北緯34.18528度 東経136.10917度﻿ /34.18528; 136.10917座標:北緯34度11分7秒東経136度6分33秒﻿ / ﻿北緯34.18528度 東経136.10917度﻿ /34.18528; 136.10917","1,695.1m","","台高山脈","","","","","","","隆起準平原","","","","","","",""
"信貴山","[信貴山（奈良県）] 信貴山 （しぎさん）は、 奈良県 生駒郡 平群町 に位置する 山 である。","https://ja.wikipedia.org/wiki/信貴山","日本百景","https://ja.wikipedia.org/wiki/日本百景","箇条書き,制限あり","北緯34度36分46秒東経135度40分06秒","奈良県生駒郡平群町","北緯34度36分46秒東経135度40分06秒﻿ / ﻿北緯34.61278度 東経135.66833度﻿ /34.61278; 135.66833","437m","","生駒山地","","","","","","","","","","","","","",""
"雪彦山","[雪彦山（兵庫県）] 雪彦山 （せっぴこさん）は、 兵庫県 姫路市 にある 山 である。 弥彦山 （ 新潟県 ）、 英彦山 （ 福岡県 ・ 大分県 ）と共に 日本三彦山 として知られる 修験道 の地。 日本百景 、 ひょうごの森百選 、 兵庫50山 、 関西百名山 、 近畿百名山 に選定されている。 ロッククライミング の名所として知られている。","https://ja.wikipedia.org/wiki/雪彦山","日本百景","https://ja.wikipedia.org/wiki/日本百景","箇条書き,制限あり","北緯35度4分0秒東経134度39分0秒","兵庫県姫路市","北緯35度4分0秒東経134度39分0秒﻿ / ﻿北緯35.06667度 東経134.65000度﻿ /35.06667; 134.65000座標:北緯35度4分0秒東経134度39分0秒﻿ / ﻿北緯35.06667度 東経134.65000度﻿ /35.06667; 134.65000","915.2m","","中国山地","","","","","","","火山岩頸","","","","","","",""
"先山","[淡路先山（兵庫県）] 先山 （せんざん）は、 兵庫県 の 淡路島 中部にある標高448mの 山 。 洲本市 上内膳 に位置する 千山山地 の最高峰。愛称は 淡路富士  。","https://ja.wikipedia.org/wiki/先山","日本百景","https://ja.wikipedia.org/wiki/日本百景","箇条書き,制限あり","北緯34度21分27.75秒東経134度50分19.26秒","兵庫県洲本市","北緯34度21分27.75秒東経134度50分19.26秒﻿ / ﻿北緯34.3577083度 東経134.8386833度﻿ /34.3577083; 134.8386833","448m","","千山山地（津名山地）","","","","","","","","","","","","","",""
"大山 (鳥取県)","[大山（鳥取県）] 大山 （だいせん）は、 日本 の 鳥取県 にある 標高 1,729mの 山 。 成層火山 であるが、 活火山 としては扱われていない  。鳥取県および 中国地方 の最高峰でもある。 角盤山 （かくばんざん）とも呼ばれるほか、鳥取県西部の 旧国名 が 伯耆国 であったことから 伯耆大山 （ほうきだいせん）、あるいはその山容から 郷土富士 として 伯耆富士 や 出雲富士 とも呼ばれる  。 日本百名山 や 日本百景 にも選定され、鳥取県のシンボルの一つとされている  。","https://ja.wikipedia.org/wiki/大山_(鳥取県)","日本百景","https://ja.wikipedia.org/wiki/日本百景","箇条書き,制限あり","北緯35度22分16秒東経133度32分24秒","日本鳥取県大山町・琴浦町・江府町など","北緯35度22分16秒東経133度32分24秒﻿ / ﻿北緯35.37111度 東経133.54000度﻿ /35.37111; 133.54000座標:北緯35度22分16秒東経133度32分24秒﻿ / ﻿北緯35.37111度 東経133.54000度﻿ /35.37111; 133.54000","1,729m","","独立峰（大山山系）","","","","","","","成層火山・溶岩ドーム","","","","","","",""
"千光寺 (尾道市)","[千光寺山（広島県）] 千光寺 （せんこうじ）は 広島県 尾道市 東土堂町 の 千光寺公園 内にある 真言宗 系の 単立 寺院 。 山号 は 大宝山 （たいほうざん）。 本尊 は 千手観音 。 中国三十三観音 第十番札所、 山陽花の寺二十四か寺 第二十番札所である。","https://ja.wikipedia.org/wiki/千光寺_(尾道市)","日本百景","https://ja.wikipedia.org/wiki/日本百景","箇条書き,制限あり","北緯34度24分39.33秒東経133度11分55.62秒","広島県尾道市東土堂町15-1","北緯34度24分39.33秒東経133度11分55.62秒﻿ / ﻿北緯34.4109250度 東経133.1987833度﻿ /34.4109250; 133.1987833座標:北緯34度24分39.33秒東経133度11分55.62秒﻿ / ﻿北緯34.4109250度 東経133.1987833度﻿ /34.4109250; 133.1987833","","","","","","","","","","","","","","","","",""
"石鎚山","[石槌山（愛媛県）] 石鎚山 （いしづちさん、いしづちやま）は、 四国山地 西部に位置する標高1,982 mの 山 で、 近畿 以西を「西日本」とした場合の 西日本 最高峰である。 愛媛県 西条市 と 久万高原町 の境界に位置する。","https://ja.wikipedia.org/wiki/石鎚山","日本百景","https://ja.wikipedia.org/wiki/日本百景","箇条書き,制限あり","北緯33度46分03秒東経133度06分54秒","日本愛媛県西条市・久万高原町","北緯33度46分03秒東経133度06分54秒﻿ / ﻿北緯33.76750度 東経133.11500度﻿ /33.76750; 133.11500座標:北緯33度46分03秒東経133度06分54秒﻿ / ﻿北緯33.76750度 東経133.11500度﻿ /33.76750; 133.11500","1,982m","","四国山地","","","","","","","","","","","","","",""
"英彦山","[英彦山（福岡県・大分県）] 英彦山 （ひこさん）は、 福岡県 田川郡 添田町 と 大分県 中津市 山国町 にまたがる 標高 1,199mの 山 である   。 耶馬日田英彦山国定公園 の一部をなす。 日本百景 ・ 日本二百名山 の一つ。また、 弥彦山 （ 新潟県 ）・ 雪彦山 （ 兵庫県 ）とともに 日本三彦山 に数えられる。国の 史跡 に指定されている  。","https://ja.wikipedia.org/wiki/英彦山","日本百景","https://ja.wikipedia.org/wiki/日本百景","箇条書き,制限あり","北緯33度28分34秒東経130度55分34秒","日本大分県中津市福岡県田川郡添田町","北緯33度28分34秒東経130度55分34秒﻿ / ﻿北緯33.47611度 東経130.92611度﻿ /33.47611; 130.92611座標:北緯33度28分34秒東経130度55分34秒﻿ / ﻿北緯33.47611度 東経130.92611度﻿ /33.47611; 130.92611","1,199m","","筑紫山地","","","","","","","","","","","","","",""
"霧島山","[霧島山（宮崎県・鹿児島県）] 霧島山 （きりしまやま）は、 九州 南部の 宮崎県 と 鹿児島県 県境付近に広がる 火山 群の総称であり、 霧島連山 、 霧島連峰 、 霧島山地 あるいは 霧島火山群 とも呼ばれる。最高峰の 韓国岳 （標高1,700m）と、 霊峰 高千穂峰 （標高1,574m   ）の間や周辺に山々が連なって 山塊 を成している。","https://ja.wikipedia.org/wiki/霧島山","日本百景","https://ja.wikipedia.org/wiki/日本百景","箇条書き,制限あり","北緯31度56分03秒東経130度51分42秒","日本宮崎県・鹿児島県","北緯31度56分03秒東経130度51分42秒﻿ / ﻿北緯31.93417度 東経130.86167度﻿ /31.93417; 130.86167座標:北緯31度56分03秒東経130度51分42秒﻿ / ﻿北緯31.93417度 東経130.86167度﻿ /31.93417; 130.86167","","","","","","","","","","成層火山(活火山ランクB)","","","","","","",""
"阿賀野川","[阿賀川（新潟県）] 阿賀野川 （あがのがわ）は 福島県 ・ 群馬県 に源流を持ち、 新潟県 を流れ 日本海 に注ぐ日本の 河川 。国が指定した 一級水系 阿賀野川 水系 の本流であり 一級河川 に指定されている。阿賀野川水系としての本流指定部分は一級河川阿賀野川と一級河川阿賀川（あががわ）であり、その全長は 210キロメートル（日本第10位）、 流域面積 7,710 平方キロメートル （日本第8位）。また、下流部の 河川水流量 は日本最大級の 一級水系 である。","https://ja.wikipedia.org/wiki/阿賀野川","日本百景","https://ja.wikipedia.org/wiki/日本百景","箇条書き,制限あり","","","","","","","一級水系阿賀野川","","","","","","","","","","","","","210km"
"富士川","[富士川（静岡県）] 富士川 （ふじかわ）は、 長野県 ・ 山梨県 及び 静岡県 を流れる 河川 。 一級水系 富士川の本流であり 日本三大急流 の一つに数えられている。","https://ja.wikipedia.org/wiki/富士川","日本百景","https://ja.wikipedia.org/wiki/日本百景","箇条書き,制限あり","","","","","","","一級水系富士川","","","","","","","","","","","","","128km"
"桂川 (淀川水系)","[保津川（京都府）] 桂川 （かつらがわ）は 京都府 を流れる 淀川 水系の 一級水系 。","https://ja.wikipedia.org/wiki/桂川_(淀川水系)","日本百景","https://ja.wikipedia.org/wiki/日本百景","箇条書き,制限あり","","","","","","","一級水系淀川","","","","","","","","","","","","","107km"
"淀川","[宇治川（京都府）] 淀川 （よどがわ）は、 琵琶湖 から流れ出る唯一の 河川 。 瀬田川 （せたがわ）、 宇治川 （うじがわ）、淀川と名前を変えて大阪湾に流れ込む。 滋賀県 、 京都府 及び 大阪府 を流れる淀川水系の本流で 一級河川 。流路延長75.1km、流域面積8,240 km 2 。なお、先述の流路延長は琵琶湖南端よりの延長であり、河口から最も遠い地点は滋賀県・ 福井県 の 分水嶺 である 栃ノ木峠 であり、淀川の源の石碑が設置されている  。この場所は琵琶湖へ流入する河川・ 高時川 の水源地であり、そこからの河口までの直線距離は約130km、流路延長に換算すると約170kmとなる。","https://ja.wikipedia.org/wiki/淀川","日本百景","https://ja.wikipedia.org/wiki/日本百景","箇条書き,制限あり","","","","","","","一級水系淀川","","","","","","","","","","","","","75.1km"
"古座川","[古座川（和歌山県）] 古座川 （こざがわ）は、 和歌山県 南部を流れる 二級水系 の 本流 。","https://ja.wikipedia.org/wiki/古座川","日本百景","https://ja.wikipedia.org/wiki/日本百景","箇条書き,制限あり","","","","","","","二級水系古座川","","","","","","","","","","","","","40km"
"江の川","[江川（島根県）] 江の川 （ごうのかわ）は、 島根県 および 広島県 を流れる 一級水系 の 本流 。流路延長194km、流域面積3,900km 2   。全国ランキングでは、延長で12位、面積で16位  。中国地方においては最大の河川であり、中国地方の一級河川の中で唯一 中国山地 を貫流する 先行河川   。 日本百景  。","https://ja.wikipedia.org/wiki/江の川","日本百景","https://ja.wikipedia.org/wiki/日本百景","箇条書き,制限あり","","","","","","","一級水系江の川","","","","","","","","","","","","","194km"
"嘉瀬川","[川上川（佐賀県）] 嘉瀬川 （かせがわ）は 佐賀県 中東部を流れる嘉瀬川 水系 の本流で、 一級河川 である。","https://ja.wikipedia.org/wiki/嘉瀬川","日本百景","https://ja.wikipedia.org/wiki/日本百景","箇条書き,制限あり","","","","","","","一級水系嘉瀬川","","","","","","","","","","","","","57km"
"層雲峡温泉","[層雲峡（北海道）] 層雲峡温泉 （そううんきょうおんせん）は、 北海道 上川郡 上川町 の 層雲峡 地区にある 温泉 で、北海道有数の規模を誇る 温泉街 を形成している。","https://ja.wikipedia.org/wiki/層雲峡温泉","日本百景","https://ja.wikipedia.org/wiki/日本百景","箇条書き,制限あり","北緯43度43分43秒東経142度56分45秒","北海道上川郡上川町層雲峡","","","","","","層雲峡観光協会","JR北海道石北本線上川駅よりバスで約30分","単純温泉・硫黄泉","","","","","","","","17","",""
"猊鼻渓","[猊鼻渓（岩手県）] 猊鼻渓 （ げいびけい ）は、 岩手県 一関市 東山町 にある 砂鉄川 沿いの 渓谷 。","https://ja.wikipedia.org/wiki/猊鼻渓","日本百景","https://ja.wikipedia.org/wiki/日本百景","箇条書き,制限あり","","","","","","","","","","","","","","","","","","","",""
"長瀞渓谷","[長瀞（埼玉県）] 長瀞渓谷 （ながとろ けいこく）は、 日本 の 埼玉県 秩父地方 に位置する、 荒川 上流部の 渓谷 である。全長約6 km 。岩畳など 岩石 の間を緩やかな流れ（瀞）が長く続くことから  、近代以前より長瀞と呼ばれてきた。 1924年 （ 大正 13年） 12月9日 に「長瀞」名義で 国 の 名勝 及び 天然記念物 に指定されている。その範囲は 秩父郡 長瀞町 のほか、上流の 皆野町 内の川岸も含む  。 埼玉県立長瀞玉淀自然公園 の一部でもある。","https://ja.wikipedia.org/wiki/長瀞渓谷","日本百景","https://ja.wikipedia.org/wiki/日本百景","箇条書き,制限あり","","","","","","","","","","","","","","","","","","","",""
"奥多摩","[奥多摩渓谷（東京都）] 奥多摩 （おくたま）とは、登山・ハイキング・沢歩きにおいて 東京都 西部の 山岳 地帯を指す言葉である。東京都 西多摩郡 奥多摩町 を中心とするが、周辺の山域を含む。","https://ja.wikipedia.org/wiki/奥多摩","日本百景","https://ja.wikipedia.org/wiki/日本百景","箇条書き,制限あり","北緯35度44分19秒東経139度0分51秒","東京都・埼玉県・山梨県・神奈川県","北緯35度44分19秒東経139度0分51秒﻿ / ﻿北緯35.73861度 東経139.01417度﻿ /35.73861; 139.01417座標:北緯35度44分19秒東経139度0分51秒﻿ / ﻿北緯35.73861度 東経139.01417度﻿ /35.73861; 139.01417","","","","","","","","","","","","","","","","",""
"奥裾花渓谷","[奥裾花渓谷（長野県）] 奥裾花渓谷 （おくすそばなけいこく）は 長野県 長野市 鬼無里 にある 裾花川 上流の渓谷である。","https://ja.wikipedia.org/wiki/奥裾花渓谷","日本百景","https://ja.wikipedia.org/wiki/日本百景","箇条書き,制限あり","","","","","","","","","","","","","","","","","","","",""
"恵那峡","[恵那峡（岐阜県）] 恵那峡 （えなきょう）は、 岐阜県 恵那市 ・ 中津川市 を流れる 木曽川 中流の 渓谷 。","https://ja.wikipedia.org/wiki/恵那峡","日本百景","https://ja.wikipedia.org/wiki/日本百景","箇条書き,制限あり","","","","","","","","","","","","","","","","","","","",""
"帝釈峡","[帝釈峡（広島県）] 帝釈峡 （たいしゃくきょう）は、 中国山地 に位置する 広島県 北東部の 庄原市 及び 神石郡 神石高原町 にまたがる、全長18キロメートルの 峡谷 。国の 名勝 （1923年）に指定されており、 比婆道後帝釈国定公園 の主要景勝地。","https://ja.wikipedia.org/wiki/帝釈峡","日本百景","https://ja.wikipedia.org/wiki/日本百景","箇条書き,制限あり","","","","","","","","","","","","","","","","","","","",""
"三段峡","[三段峡（広島県）] 1917年 （ 大正 6年）地元写真家の熊南峰は入峡してその景観に驚き、小学校教師の斎藤露翠とともに三段峡を世を広める活動を始めた  。これを三段峡の開峡年としている  。 2017年 （ 平成 29年）には100周年記念が行われている   。","https://ja.wikipedia.org/wiki/三段峡","日本百景","https://ja.wikipedia.org/wiki/日本百景","箇条書き,制限あり","","","","","","","","","","","","","","","","","","","",""
"長門峡","[長門峡（山口県）] 長門峡 （ちょうもんきょう）は、 阿武川 上流、 山口県 山口市 阿東 及び 萩市 川上に位置する 峡谷 である。全長12キロメートル。","https://ja.wikipedia.org/wiki/長門峡","日本百景","https://ja.wikipedia.org/wiki/日本百景","箇条書き,制限あり","","","","","","","","","","","","","","","","","","","",""
"祖谷渓","[祖谷渓（徳島県）] 祖谷渓 （いやだに／いやけい）は、 四国 の 徳島県 三好市 に位置する深い V字谷 の続く 渓谷 。 祖谷谷 、 祖谷渓谷 ともいう。","https://ja.wikipedia.org/wiki/祖谷渓","日本百景","https://ja.wikipedia.org/wiki/日本百景","箇条書き,制限あり","","","","","","","","","","","","","","","","","","","",""
"大歩危","[大歩危小歩危（徳島県）] 大歩危 （おおぼけ）は、 吉野川 中流域に位置する 渓谷 （先行谷）。","https://ja.wikipedia.org/wiki/大歩危","日本百景","https://ja.wikipedia.org/wiki/日本百景","箇条書き,制限あり","","","","","","","","","","","","","","","","","","","",""
"寒霞渓","[寒霞渓（香川県）] 寒霞渓 （かんかけい）は、 香川県 の 小豆島 にある 渓谷 。国指定の 名勝 。","https://ja.wikipedia.org/wiki/寒霞渓","日本百景","https://ja.wikipedia.org/wiki/日本百景","箇条書き,制限あり","","","","","","","","","","","","","","","","","","","",""
"面河渓","[面河渓（愛媛県）] 座標 : .mw-parser-output .geo-default,.mw-parser-output .geo-dms,.mw-parser-output .geo-dec{display:inline}.mw-parser-output .geo-nondefault,.mw-parser-output .geo-multi-punct{display:none}.mw-parser-output .longitude,.mw-parser-output .latitude{white-space:nowrap} 北緯33度44分10.46秒 東経133度6分53.86秒 ﻿ / ﻿ 北緯33.7362389度 東経133.1149611度 ﻿ / 33.7362389; 133.1149611","https://ja.wikipedia.org/wiki/面河渓","日本百景","https://ja.wikipedia.org/wiki/日本百景","箇条書き,制限あり","","","","","","","","","","","","","","","","","","","",""
"耶馬渓","[耶馬渓（大分県）] 座標 : .mw-parser-output .geo-default,.mw-parser-output .geo-dms,.mw-parser-output .geo-dec{display:inline}.mw-parser-output .geo-nondefault,.mw-parser-output .geo-multi-punct{display:none}.mw-parser-output .longitude,.mw-parser-output .latitude{white-space:nowrap} 北緯33度26分24秒 東経131度8分29秒 ﻿ / ﻿ 北緯33.44000度 東経131.14139度 ﻿ / 33.44000; 131.14139","https://ja.wikipedia.org/wiki/耶馬渓","日本百景","https://ja.wikipedia.org/wiki/日本百景","箇条書き,制限あり","","","","","","","","","","","","","","","","","","","",""
"高千穂峡","[神都高千穂峡（宮崎県）] 真名井の滝 （まないのたき）は、高千穂峡の川幅が狭まった部分に流れ落ちる 滝 である。 日本の滝百選 の一つ。","https://ja.wikipedia.org/wiki/高千穂峡","日本百景","https://ja.wikipedia.org/wiki/日本百景","箇条書き,制限あり","北緯32度42分3秒東経131度18分2秒","宮崎県高千穂町","北緯32度42分3秒東経131度18分2秒﻿ / ﻿北緯32.70083度 東経131.30056度﻿ /32.70083; 131.30056","","","","五ヶ瀬川","","","","","","","","","","","","",""
"田立の滝","[木曽田立滝（長野県）] 田立の滝 （ただちのたき）は 長野県 木曽郡 南木曽町 にある滝群であり、 日本の滝百選 にも選ばれている。","https://ja.wikipedia.org/wiki/田立の滝","日本百景","https://ja.wikipedia.org/wiki/日本百景","箇条書き,制限あり","北緯35度37分45.23秒東経137度32分48.92秒","長野県木曽郡南木曽町","北緯35度37分45.23秒東経137度32分48.92秒﻿ / ﻿北緯35.6292306度 東経137.5469222度﻿ /35.6292306; 137.5469222","","","","木曽川水系坪川","","","","","","","","","","","","",""
"白糸の滝 (静岡県)","[富士白糸滝（静岡県）] 白糸の滝 （しらいとのたき）とは、 静岡県 富士宮市 にある 滝 。隣接する 音止めの滝 と共に著名な 観光地 の1つとして知られ、 日本の滝百選 にも選ばれている他、 日本三大名瀑 に選ばれることがある。","https://ja.wikipedia.org/wiki/白糸の滝_(静岡県)","日本百景","https://ja.wikipedia.org/wiki/日本百景","箇条書き,制限あり","北緯35度18分47秒東経138度35分14秒","日本静岡県富士宮市上井出","北緯35度18分47秒東経138度35分14秒﻿ / ﻿北緯35.312939度 東経138.587343度﻿ /35.312939; 138.587343座標:北緯35度18分47秒東経138度35分14秒﻿ / ﻿北緯35.312939度 東経138.587343度﻿ /35.312939; 138.587343","","","","富士川水系芝川","","","","","","","","","","","","",""
"赤目四十八滝","[赤目四十八滝（三重県）] 赤目四十八滝 （あかめしじゅうはちたき）は、 日本 に数多く存在する 四十八滝 の一つで、 三重県 名張市 赤目町を流れる滝川の 渓谷 にある、一連の 滝 の総称である。また、谷は 赤目四十八滝渓谷 （あかめしじゅうはちたき けいこく）と称される。","https://ja.wikipedia.org/wiki/赤目四十八滝","日本百景","https://ja.wikipedia.org/wiki/日本百景","箇条書き,制限あり","北緯34度33分33秒東経136度5分30秒","三重県名張市赤目町","北緯34度33分33秒東経136度5分30秒﻿ / ﻿北緯34.55917度 東経136.09167度﻿ /34.55917; 136.09167座標:北緯34度33分33秒東経136度5分30秒﻿ / ﻿北緯34.55917度 東経136.09167度﻿ /34.55917; 136.09167","","","","淀川水系滝川","","","","","","","","","","","","",""
"箕面滝","[箕面滝（大阪府）] 箕面滝 （みのおたき、みのおのたき、みのおだき）は、 大阪府 箕面市 の 明治の森箕面国定公園 内にある 滝 である。 箕面大滝 ともいう。 日本の滝百選 の一つに選定されている。","https://ja.wikipedia.org/wiki/箕面滝","日本百景","https://ja.wikipedia.org/wiki/日本百景","箇条書き,制限あり","北緯34度51分14秒東経135度28分18秒","大阪府箕面市","北緯34度51分14秒東経135度28分18秒﻿ / ﻿北緯34.85389度 東経135.47167度﻿ /34.85389; 135.47167","","","","淀川水系箕面川","","","","","","","","","","","","",""
"神庭の滝","[神庭滝（岡山県）] 神庭の滝 （かんばのたき）は 岡山県 真庭市 神庭にある 滝 。国の 名勝 に指定されており（指定名称は「 神庭瀑 」）、 日本百景 、 日本の滝百選 にも選定されている。また周囲は岡山県立自然公園に指定されている。","https://ja.wikipedia.org/wiki/神庭の滝","日本百景","https://ja.wikipedia.org/wiki/日本百景","箇条書き,制限あり","北緯35度7分7.0秒東経133度40分43.6秒","岡山県真庭市","北緯35度7分7.0秒東経133度40分43.6秒﻿ / ﻿北緯35.118611度 東経133.678778度﻿ /35.118611; 133.678778座標:北緯35度7分7.0秒東経133度40分43.6秒﻿ / ﻿北緯35.118611度 東経133.678778度﻿ /35.118611; 133.678778","","","","旭川水系神庭川","","","","","","","","","","","","",""
"轟九十九滝","[王余魚の滝（轟の滝）（徳島県）] 轟九十九滝 （とどろきくじゅうくたき）は、 徳島県 海部郡 海陽町 にある 王余魚谷川 の 滝 。 日本の滝百選 、 四国のみずべ八十八カ所 に選定されている。","https://ja.wikipedia.org/wiki/轟九十九滝","日本百景","https://ja.wikipedia.org/wiki/日本百景","箇条書き,制限あり","北緯33度41分52.1秒東経134度15分15.49秒","徳島県海陽町平井王余魚谷","北緯33度41分52.1秒東経134度15分15.49秒﻿ / ﻿北緯33.697806度 東経134.2543028度﻿ /33.697806; 134.2543028座標:北緯33度41分52.1秒東経134度15分15.49秒﻿ / ﻿北緯33.697806度 東経134.2543028度﻿ /33.697806; 134.2543028","","","","海部川水系王余魚谷川","","","","","","","","","","","","",""
"魚住の滝","[魚住滝（大分県）] 魚住の滝 （うおずみのたき）は、 大分県 竹田市 の 大野川 にある 滝 。落差約5m、幅約15m。","https://ja.wikipedia.org/wiki/魚住の滝","日本百景","https://ja.wikipedia.org/wiki/日本百景","箇条書き,制限あり","北緯32度57分26.6秒東経131度23分28.7秒","大分県竹田市","北緯32度57分26.6秒東経131度23分28.7秒﻿ / ﻿北緯32.957389度 東経131.391306度﻿ /32.957389; 131.391306","","","","一級河川大野川","","","","","","","","","","","","",""
"登別温泉","[登別温泉（北海道）] 登別温泉 （のぼりべつおんせん、 英 : Noboribetsu Onsen ）は、 北海道 登別市 にある 温泉 。 江戸時代 から温泉の存在が知られており、 明治時代 に 温泉宿 が設けられてからは保養地・ 観光地 となった。「 にっぽんの温泉100選 ・総合ランキング」では毎年上位にランクインしている日本有数の温泉地となっている  。地名の語源は アイヌ語 の「 ヌプル・ペツ 」（水色の濃い川）に由来している  。","https://ja.wikipedia.org/wiki/登別温泉","日本百景","https://ja.wikipedia.org/wiki/日本百景","箇条書き,制限あり","北緯42度29分42.2秒東経141度8分38.6秒","北海道登別市","","","","","","登別国際観光コンベンション協会","道南バス登別温泉ターミナル道央自動車道登別東IC北海道旅客鉄道（JR北海道）登別駅","硫黄泉・食塩泉（塩化物泉）・明礬泉・芒硝泉（硫酸塩泉）・緑礬泉（含アルミニウム泉）・鉄泉（含鉄泉）・酸性泉・重曹泉・ラジウム泉（放射能泉）","","","","","","","","14","",""
"花巻温泉","[花巻温泉（岩手県）] 花巻温泉 （はなまきおんせん）は、 岩手県 花巻市 にある 温泉 。周辺の温泉と併せて 花巻温泉郷 と称される。","https://ja.wikipedia.org/wiki/花巻温泉","日本百景","https://ja.wikipedia.org/wiki/日本百景","箇条書き,制限あり","北緯39度27分56秒東経140度58分59秒","岩手県花巻市湯本１－１２５","","","","","","花巻温泉","車 :東北自動車道花巻ICより約5分バス :東北本線花巻駅4番のりばより岩手県交通｢花巻温泉線｣、5番のりばより｢教育センター線｣に乗車し、｢花巻温泉｣下車。","低張性弱アルカリ性高温泉","","","","","","","","4（佳松園、ホテル千秋閣、ホテル花巻、ホテル紅葉館）","",""
"青根温泉","[青根温泉（宮城県）] 青根温泉 （あおねおんせん）は、 宮城県 柴田郡 川崎町 （旧国 陸奥国 、明治以降は 陸前国 ）にある 温泉 。","https://ja.wikipedia.org/wiki/青根温泉","日本百景","https://ja.wikipedia.org/wiki/日本百景","箇条書き,制限あり","北緯38度8分43秒東経140度32分06秒","宮城県柴田郡川崎町","","","","","","","鉄道：東北新幹線白石蔵王駅よりタクシーで約40分車：山形自動車道宮城川崎ICより国道457号","硫酸塩泉","","","","","","","","6","",""
"東山温泉","[東山温泉（福島県）] 東山温泉 （ひがしやまおんせん）とは、 福島県 会津若松市  にある 温泉 。","https://ja.wikipedia.org/wiki/東山温泉","日本百景","https://ja.wikipedia.org/wiki/日本百景","箇条書き,制限あり","","福島県会津若松市","","","","","","東山温泉観光協会","会津若松駅よりバスで約15分","硫酸塩泉","","","","","","","","23","",""
"伊東温泉","[伊東温泉（静岡県）] 伊東温泉 （いとうおんせん）は、 静岡県 伊東市 （旧国 伊豆国 ）にある 温泉 。 ハトヤホテル のCMで全国的に有名である。","https://ja.wikipedia.org/wiki/伊東温泉","日本百景","https://ja.wikipedia.org/wiki/日本百景","箇条書き,制限あり","北緯34度59分25秒東経139度05分02秒","静岡県伊東市","","","","","","伊東市・伊東観光協会","鉄道：JR東日本伊東線・伊豆急行伊豆急行線伊東駅そば。","単純温泉、塩化物泉など","","","","","","","","","",""
"山中温泉","[山中温泉（石川県）] 山中温泉 （やまなかおんせん）は、 石川県 加賀市 にある 温泉 。ならびに加賀市の 町名 の一つ。古くから歴史のある温泉の地  であり、 加賀温泉郷 の一角を占める。","https://ja.wikipedia.org/wiki/山中温泉","日本百景","https://ja.wikipedia.org/wiki/日本百景","箇条書き,制限あり","","石川県加賀市","","","","","","山中温泉公式サイト","空路 -小松空港鉄道 -JR西日本北陸本線：加賀温泉駅車 -北陸自動車道：加賀IC","硫酸塩泉（ナトリウム・カルシウム）","","","","","","","","26（旅館20・ホテル1・その他5）","",""
"和倉温泉","[和倉温泉（石川県）] 和倉温泉 （わくらおんせん）は、 石川県 七尾市 に位置する 温泉 である。","https://ja.wikipedia.org/wiki/和倉温泉","日本百景","https://ja.wikipedia.org/wiki/日本百景","箇条書き,制限あり","北緯37度5分12秒東経136度55分6秒","石川県七尾市和倉町和倉温泉石川県の地図を表示和倉温泉日本の地図を表示","","","","","","和倉温泉～わくらづくし～（和倉温泉観光協会HP）","鉄道：JR西日本和倉温泉駅バス：北鉄能登バス・能登島交通「和倉温泉BT」、加越能バスわくライナー「和倉温泉観光会館」車：能越自動車道和倉IC","塩化物泉（ナトリウム・カルシウム）","","","","","","","","43（旅館34・ホテル3・民宿6）","",""
"片山津温泉","[片山津温泉（石川県）] 片山津温泉 （かたやまづおんせん）は、 石川県 加賀市 （旧国 加賀国 ）にある 温泉 。","https://ja.wikipedia.org/wiki/片山津温泉","日本百景","https://ja.wikipedia.org/wiki/日本百景","箇条書き,制限あり","北緯36度20分43秒東経136度22分4秒","石川県加賀市","","","","","","片山津温泉観光協会","空路 -小松空港鉄道 -JR西日本北陸本線：加賀温泉駅車 -北陸自動車道：片山津IC","塩化物泉（ナトリウム・カルシウム）","","","","","","","","13（旅館）","",""
"芦原温泉","[芦原温泉（福井県）] 芦原温泉 （あわらおんせん）は、 福井県 あわら市 （旧 越前国 ）にある 温泉 。 芦原町 と 金津町 が合併してあわら市が発足してからは 「あわら温泉」 と表記されることも多くなっている。福井県屈指の温泉街として「関西の奥座敷」と呼ばれ、昔から多くの文人墨客に愛されてきた。温泉療法医がすすめる 名湯百選 にも選ばれている。","https://ja.wikipedia.org/wiki/芦原温泉","日本百景","https://ja.wikipedia.org/wiki/日本百景","箇条書き,制限あり","北緯36度13分30秒東経136度11分40秒","福井県あわら市芦原温泉福井駅福井県地図","","","","","","あわら市観光協会芦原温泉旅館協同組合","鉄道：えちぜん鉄道三国芦原線あわら湯のまち駅JR北陸本線:芦原温泉駅からタクシー10分飛行機：小松空港からタクシーで45分車：北陸自動車道:丸岡ICから20分、金津ICから15分","塩化物泉","","","","","","","","","",""
"三朝温泉","[三朝温泉（鳥取県）] 三朝温泉 （みささ おんせん）は、 鳥取県 東伯郡 三朝町 にある 温泉 。 日本百景 。","https://ja.wikipedia.org/wiki/三朝温泉","日本百景","https://ja.wikipedia.org/wiki/日本百景","箇条書き,制限あり","","鳥取県東伯郡三朝町","","","","","","三朝温泉観光協会/三朝温泉旅館協同組合","鉄道：JR山陰本線倉吉駅より、日ノ丸バスで20 - 25分飛行機：鳥取空港より、空港リムジンバス（日ノ丸バス）で約1時間","塩化物泉、単純温泉、放射能泉","","","","","","","","24","",""
"嬉野温泉","[嬉野温泉（佐賀県）] 嬉野温泉 （うれしのおんせん）は 佐賀県 嬉野市 嬉野町 （旧国 肥前国 ）にある 温泉 。 武雄温泉 と並び県を代表する温泉である。","https://ja.wikipedia.org/wiki/嬉野温泉","日本百景","https://ja.wikipedia.org/wiki/日本百景","箇条書き,制限あり","","佐賀県嬉野市嬉野町","","","","","","嬉野温泉観光協会嬉野温泉旅館組合","鉄道 :佐世保線武雄温泉駅よりJR九州バスで約30分他のアクセス方法は、下のアクセスを参照のこと","塩化物泉","","","","","","","","","",""
"八ヶ岳","[八ヶ岳平原（山梨県）] 八ヶ岳 （やつがたけ、 八ケ岳 とも表記される）は、 諏訪湖 の東方にあって 長野県 から 山梨県 へと南北に連なる火山  。 日本百名山 の一つ。","https://ja.wikipedia.org/wiki/八ヶ岳","日本百景","https://ja.wikipedia.org/wiki/日本百景","箇条書き,制限あり","北緯35度58分15秒東経138度22分12秒","日本山梨県・長野県","北緯35度58分15秒東経138度22分12秒﻿ / ﻿北緯35.97083度 東経138.37000度﻿ /35.97083; 138.37000座標:北緯35度58分15秒東経138度22分12秒﻿ / ﻿北緯35.97083度 東経138.37000度﻿ /35.97083; 138.37000","","","","","","","","","","火山群","","","","","","","30km"
"姨捨山","[姥捨（長野県）] 冠着山 （かむりきやま）は、 長野県 千曲市 と 東筑摩郡 筑北村 にまたがる 山 。標高 1,252メートルで、 長野盆地 南西端に位置する。幾つかの呼び名があり、「冠山（冠嶽）」「更科山」「坊城」とも言われる。俗称は 姨捨山 （おばすてやま・うばすてやま）。古称は 小長谷山 （小初瀬山・小泊瀬山、おはつせやま）。","https://ja.wikipedia.org/wiki/姨捨山","日本百景","https://ja.wikipedia.org/wiki/日本百景","箇条書き,制限あり","北緯36度28分07秒東経138度06分24秒","日本長野県千曲市・東筑摩郡筑北村","北緯36度28分07秒東経138度06分24秒﻿ / ﻿北緯36.46861度 東経138.10667度﻿ /36.46861; 138.10667座標:北緯36度28分07秒東経138度06分24秒﻿ / ﻿北緯36.46861度 東経138.10667度﻿ /36.46861; 138.10667","1,252m","","筑北三山","","","","","","","","","","","","","",""
"日本平","[日本平（静岡県）] 日本平 （にほんだいら）は、 静岡県 静岡市 駿河区 と 清水区 の境界にある 丘陵 地、および 景勝地 である。名称は 日本武尊 （やまとたけるのみこと）伝説に由来する。","https://ja.wikipedia.org/wiki/日本平","日本百景","https://ja.wikipedia.org/wiki/日本百景","箇条書き,制限あり","北緯34度58分25.582秒東経138度27分56.664秒","日本静岡県静岡市駿河区・清水区","北緯34度58分25.582秒東経138度27分56.664秒﻿ / ﻿北緯34.97377278度 東経138.46574000度﻿ /34.97377278; 138.46574000座標:北緯34度58分25.582秒東経138度27分56.664秒﻿ / ﻿北緯34.97377278度 東経138.46574000度﻿ /34.97377278; 138.46574000","307m","","","","","","","","","","","","","","","",""
"富士山 (代表的なトピック)","[富士駿州裾野（静岡県）] 富士山 （ふじさん、 英語 : Mount Fuji ）は、 山梨県 （ 富士吉田市 、 南都留郡 鳴沢村 ）と、 静岡県 （ 富士宮市 、 裾野市 、 富士市 、 御殿場市 、 駿東郡 小山町 ）に跨る 活火山 である  。 標高 3776.12 m 、 日本最高峰 （ 剣ヶ峰 ）  の 独立峰 で、その優美な風貌は日本国外でも 日本 の 象徴 として広く知られている。数多くの芸術作品の題材とされ芸術面のみならず、気候や地層など地質学的にも社会的に大きな影響を与えている。懸垂曲線の山容を有した玄武岩質成層火山で構成され、その山体は 駿河湾 の海岸まで及ぶ。","https://ja.wikipedia.org/wiki/富士山_(代表的なトピック)","日本百景","https://ja.wikipedia.org/wiki/日本百景","箇条書き,制限あり","北緯35度21分45秒東経138度43分50秒","日本静岡県富士宮市裾野市富士市御殿場市駿東郡小山町山梨県富士吉田市南都留郡鳴沢村","北緯35度21分45秒東経138度43分50秒﻿ / ﻿北緯35.3625度 東経138.7306度﻿ /35.3625; 138.7306座標:北緯35度21分45秒東経138度43分50秒﻿ / ﻿北緯35.3625度 東経138.7306度﻿ /35.3625; 138.7306","3,776.12m","","独立峰","","","","","","","成層火山・活火山ランクB・常時観測火山","","","","","","",""
"兎和野高原 (存在しないページ)","[兎和野原（兵庫県）]","https://ja.wikipedia.org/w/index.php?title=兎和野高原&amp;action=edit&amp;redlink=1","日本百景","https://ja.wikipedia.org/wiki/日本百景","箇条書き,制限あり","","","","","","","","","","","","","","","","","","","",""
"秋吉台","[秋吉台（山口県）] 秋吉台 （あきよしだい）は、 山口県 美祢市 中・東部に広がる日本最大の カルスト台地 。北東方向に約16km、北西方向に約6kmの広がりを有し、台地上の総面積54 km 2 、石灰岩の分布（沖積面下の潜在部を含む）総面積93km 2 、台地面の標高180〜420mである。","https://ja.wikipedia.org/wiki/秋吉台","日本百景","https://ja.wikipedia.org/wiki/日本百景","箇条書き,制限あり","","","","","","","","","","","","","","","","","","","",""
"久住高原","[久住高原（大分県）] 久住高原 （くじゅうこうげん）は、 大分県 竹田市 （旧 久住町 ）に位置する 高原 。 阿蘇くじゅう国立公園 に含まれる。","https://ja.wikipedia.org/wiki/久住高原","日本百景","https://ja.wikipedia.org/wiki/日本百景","箇条書き,制限あり","","","","","","","","","","","","","","","","","","","",""
"飯田高原","[飯田高原（大分県）] 飯田高原 （はんだこうげん）は、 大分県 玖珠郡 九重町 南部に位置する 高原 。標高800～1,200m。 阿蘇くじゅう国立公園 に含まれる。","https://ja.wikipedia.org/wiki/飯田高原","日本百景","https://ja.wikipedia.org/wiki/日本百景","箇条書き,制限あり","","","","","","","","","","","","","","","","","","","",""
