"タイトル","コメント","URL","親リストタイトル","親リストURL","一覧抽出方法","座標","所在地","面積","開園","公式サイト","運営者","分類"," • 合計","国","設備・遊具","都道府県","特別区","等時帯","郵便番号","市外局番","ナンバープレート","告示","地域","駐車場","専門分野"
"井の頭自然文化園","[井の頭自然文化園（武蔵野市）] 井の頭自然文化園 （いのかしらしぜんぶんかえん）は、 東京都 武蔵野市 （分園は 三鷹市 ）にある都立の 動物園 。 井の頭公園 の一角にある。開園は 1942年 5月17日 。","https://ja.wikipedia.org/wiki/井の頭自然文化園","東京都立公園","https://ja.wikipedia.org/wiki/東京都立公園","箇条書き,制限あり","北緯35度42分3秒東経139度34分21.9秒","東京都武蔵野市御殿山1-17-6","115,500m2","1942年5月17日","http://www.tokyo-zoo.net/zoo/ino/","","","","","","","","","","","","","","","総合"
"恩賜上野動物園","[恩賜上野動物園（台東区）] 東京都恩賜上野動物公園 （とうきょうとおんしうえのどうぶつこうえん）は 東京都 台東区 上野公園の 上野恩賜公園 内に在る東京都立 動物園 。通称・ 上野動物園 （「恩賜」の語が略される）。","https://ja.wikipedia.org/wiki/恩賜上野動物園","東京都立公園","https://ja.wikipedia.org/wiki/東京都立公園","箇条書き,制限あり","北緯35度43分3秒東経139度46分17秒","〒110-8711東京都台東区上野公園9-83","","1882年3月20日","東京ズーネット","","","","","","","","","","","","","","","総合"
"葛西臨海水族園","[葛西臨海水族園（江戸川区）] 葛西臨海水族園 （かさいりんかいすいぞくえん）は、 東京都 江戸川区 臨海町 の 葛西臨海公園 内にある 水族館  。1989年10月10日に開園した。設計は 谷口吉生 。園長は田畑直樹（2014年4月から）。 東京都建設局 が所管していたが、 指定管理者制度 により 公益財団法人 東京動物園協会 に運営が引き継がれた。","https://ja.wikipedia.org/wiki/葛西臨海水族園","東京都立公園","https://ja.wikipedia.org/wiki/東京都立公園","箇条書き,制限あり","北緯35度38分24.3秒東経139度51分43.8秒","〒134-0086東京都江戸川区臨海町6-2-3","","","http://www.tokyo-zoo.net/zoo/kasai/","","","","","","","","","","","","","","","総合"
"多摩動物公園","[多摩動物公園（日野市）] 多摩動物公園 （たまどうぶつこうえん）は、 東京都 日野市 程久保7-1-1に位置する 動物園 。 多摩動物園 と呼ばれることも多く、 恩賜上野動物園 等と並び日本有数の動物園となっている。 都市公園 としての名称は、 都立七生公園 。","https://ja.wikipedia.org/wiki/多摩動物公園","東京都立公園","https://ja.wikipedia.org/wiki/東京都立公園","箇条書き,制限あり","北緯35度38分59秒東経139度24分8秒","〒191-0042東京都日野市程久保7-1-1","60ヘクタール","1958年5月5日","http://www.tokyo-zoo.net/zoo/tama/","","","","","","","","","","","","","","","総合"
"神代植物公園","[神代植物公園（調布市）] 神代植物公園 （じんだいしょくぶつこうえん）は、都内唯一として開園した 植物 公園 。 東京都 調布市 にある園内には約4,800種類、10万本・株の植物が30ブロックに分かれて植えられ、梅や桜の名所としても知られる。 ばら 園は、 2009年 に世界バラ会連合優秀庭園賞（WFRS Award of Garden Excellence）を受賞した  。春と秋のバラフェスタ、夜のライトアップやコンサートなどのイベントが催される。","https://ja.wikipedia.org/wiki/神代植物公園","東京都立公園","https://ja.wikipedia.org/wiki/東京都立公園","箇条書き,制限あり","北緯35度40分16秒東経139度32分46秒","東京都調布市","489,731m2","","神代植物公園へ行こう！","東京都公園協会2016～2026年度指定管理者","都立公園・植物園","","","大温室、噴水広場、水生植物園、植物会館、芝生広場、ドッグラン","","","","","","","1961年10月20日","","720台",""
"夢の島熱帯植物館","[夢の島熱帯植物館（江東区）] 夢の島熱帯植物館 （ゆめのしまねったいしょくぶつかん、 Yumenoshima Tropical Greenhouse Dome ）は、 東京都 江東区 夢の島 の 都立夢の島公園 にある 植物園 。","https://ja.wikipedia.org/wiki/夢の島熱帯植物館","東京都立公園","https://ja.wikipedia.org/wiki/東京都立公園","箇条書き,制限あり","北緯35度39分4.72秒東経139度49分45.51秒","〒136-0081東京都江東区夢の島2丁目1-2","","","","","","","","","","","","","","","","","","熱帯"
"大神山公園","[大神山公園（小笠原村父島）] 大神山公園 （おおがみやまこうえん）は、 東京都 小笠原村 父島 にある東京都立の 公園 である。","https://ja.wikipedia.org/wiki/大神山公園","東京都立公園","https://ja.wikipedia.org/wiki/東京都立公園","箇条書き,制限あり","北緯27度5分36秒東経142度11分31秒","日本東京都小笠原村","153,125.94 m2","1981年（昭和56年）4月30日","公園に行こう！ 小笠原ビジターセンター・大神山公園","","都立公園","","","","","","","","","","","","",""
"お台場海浜公園","[お台場海浜公園（港区）] お台場海浜公園 （おだいばかいひんこうえん）は、 東京都 港区 台場 にある旧 防波堤 と 台場公園 に囲まれている 入り江 を利用した 海浜公園 である。 潮風公園 、 台場公園 と隣接する。","https://ja.wikipedia.org/wiki/お台場海浜公園","東京都立公園","https://ja.wikipedia.org/wiki/東京都立公園","箇条書き,制限あり","","日本東京都港区台場一丁目4番地","510,809,79 m2（うち水域435,395.00 m2）","1975年12月1日","https://www.tptc.co.jp/park/01_02","","","","","","","","","","","","","","",""
"大井ふ頭中央海浜公園","[大井ふ頭中央海浜公園（スポーツの森・なぎさの森）（品川区・大田区）] 大井ふ頭中央海浜公園 （おおいふとうちゅうおうかいひんこうえん）は 東京都 品川区 および 大田区 に所在する 東京都港湾局 が管理する 海上公園 である。","https://ja.wikipedia.org/wiki/大井ふ頭中央海浜公園","東京都立公園","https://ja.wikipedia.org/wiki/東京都立公園","箇条書き,制限あり","北緯35度35分31.8秒東経139度45分10.1秒","日本東京都品川区八潮4丁目1番19号","454,271m2","1978年4月1日","","日比谷アメニス南部地区（18公園）グループ","海上公園","","","","","","","","","","","","",""
"葛西臨海公園","[葛西海浜公園（江戸川区）] 葛西臨海公園 （かさいりんかいこうえん）は、 東京都 江戸川区 に所在する 東京湾 に面した 都立公園 である。沖合に隣接する 葛西海浜公園 についても、ここで述べる。","https://ja.wikipedia.org/wiki/葛西臨海公園#公園の配置","東京都立公園","https://ja.wikipedia.org/wiki/東京都立公園","箇条書き,制限あり","北緯35度38分32秒東経139度51分37秒","東京都江戸川区","80.6ha","1989年（平成元年）6月1日","葛西臨海公園 - 東京都公園協会","東京都公園協会2011～2015年度指定管理者","広域公園","","","葛西臨海水族園、ダイヤと花の大観覧車等","","","","","","","","","約2700台",""
"城南島海浜公園","[城南島海浜公園（大田区）] 城南島海浜公園 （じょうなんじまかいひんこうえん）は 東京都 大田区 城南島 に所在する 東京湾 に面した 東京都港湾局 が管理する 海上公園 である。","https://ja.wikipedia.org/wiki/城南島海浜公園","東京都立公園","https://ja.wikipedia.org/wiki/東京都立公園","箇条書き,制限あり","北緯35度34分41秒東経139度47分0秒","日本東京都大田区城南島","","1991年7月6日","","","海上公園","","","","","","","","","","","","あり",""
"辰巳の森海浜公園","[辰巳の森海浜公園（江東区）] 辰巳の森海浜公園 （たつみのもりかいひんこうえん）は、 東京都 江東区 辰巳 に所在する 海上公園 である。曙運河に面し 東京都港湾局 が管理する。園内は 遊具 、スポーツ施設、 芝生 の広場などがあり周辺住民の憩いの場となっている。特に ディスクゴルフ や フリーテニス など従来の スポーツ をより気軽に楽しめる ニュースポーツ ができる施設があるのが特徴である。","https://ja.wikipedia.org/wiki/辰巳の森海浜公園","東京都立公園","https://ja.wikipedia.org/wiki/東京都立公園","箇条書き,制限あり","北緯35度38分54.5秒東経139度48分56.6秒","日本東京都江東区","169237m2","1993年6月1日","公式サイト","","","","","","","","","","","","","","",""
"東京港野鳥公園","[東京港野鳥公園（大田区）] 東京港野鳥公園 （とうきょうこうやちょうこうえん）は、 東京都 大田区 東海 三丁目にある都立の 海浜公園 である。","https://ja.wikipedia.org/wiki/東京港野鳥公園","東京都立公園","https://ja.wikipedia.org/wiki/東京都立公園","箇条書き,制限あり","北緯35度35分02.31秒東経139度45分38.35秒","日本東京都大田区東海三丁目1","約36ヘクタール","1978年4月1日","東京港野鳥公園","東京港野鳥公園グループ","海浜公園","","","","","","","","","","","","普通車15台（無料）",""
"若洲海浜公園","[若洲海浜公園（ゴルフリンクス・ヨット訓練所・海釣り施設）（江東区）] 若洲海浜公園 （わかすかいひんこうえん）は、 東京都 江東区 若洲 三丁目に所在する、 東京都港湾局 所管の 東京湾 に面した 海上公園 である。 ゴルフ リンクス（ ゴルフ場 ）や海釣り場などがあり、隣接する 若洲公園 とともに各種レジャー施設がある。","https://ja.wikipedia.org/wiki/若洲海浜公園","東京都立公園","https://ja.wikipedia.org/wiki/東京都立公園","箇条書き,制限あり","北緯35度37分20.2秒東経139度50分14.0秒","日本東京都江東区若洲三丁目","32,000m2","1990年12月1日","","","都立庭園・都指定名勝","","","","","","","","","","","","",""
"青海北ふ頭公園","[青海北ふ頭公園（品川区・江東区）] 青海北ふ頭公園 （あおみきたふとうこうえん）は、 東京都 江東区 青海 二丁目・ 品川区 東八潮 にある都立の海上 公園 （ふ頭公園）である。所管は 東京都港湾局 。5333 m 2 。 1996年 4月1日 開園。","https://ja.wikipedia.org/wiki/青海北ふ頭公園","東京都立公園","https://ja.wikipedia.org/wiki/東京都立公園","箇条書き,制限あり","","","","","","","","","","","","","","","","","","","",""
"青海中央ふ頭公園","[青海中央ふ頭公園（江東区）] 青海中央ふ頭公園 （あおみちゅうおうふとうこうえん）は、 東京都 江東区 青海 四丁目にある都立の海上 公園 （ふ頭公園）である。所管は 東京都港湾局 。 1978年 4月1日 開園、面積は約12450平方メートル。","https://ja.wikipedia.org/wiki/青海中央ふ頭公園","東京都立公園","https://ja.wikipedia.org/wiki/東京都立公園","箇条書き,制限あり","","","","","","","","","","","","","","","","","","","",""
"青海南ふ頭公園","[青海南ふ頭公園（江東区）] 青海南ふ頭公園 （あおみみなみふとうこうえん）は、 東京都 江東区 青海 二丁目にある都立の海上 公園 （ふ頭公園）である。 東京都港湾局 所管。 1997年 4月1日 開園、面積は約45,404 平方メートル 。","https://ja.wikipedia.org/wiki/青海南ふ頭公園","東京都立公園","https://ja.wikipedia.org/wiki/東京都立公園","箇条書き,制限あり","","","","","","","","","","","","","","","","","","","",""
"暁ふ頭公園","[暁ふ頭公園（江東区）] 暁ふ頭公園 （あかつきふとうこうえん）は、 東京都 江東区 青海 三丁目と四丁目に跨る都立の海上 公園 （ふ頭公園）である。 東京都港湾局 の所管。 1981年 4月1日 開園、面積は約15502平方メートル。","https://ja.wikipedia.org/wiki/暁ふ頭公園","東京都立公園","https://ja.wikipedia.org/wiki/東京都立公園","箇条書き,制限あり","","","","","","","","","","","","","","","","","","","",""
"有明西ふ頭公園","[有明西ふ頭公園（江東区）] 有明西ふ頭公園 （ありあけにしふとうこうえん）は、 東京都 江東区 有明 三丁目にある都立の海上 公園 （ 東京都港湾局 所管）である。 1996年 4月1日 開園、面積は約10288平方メートル。","https://ja.wikipedia.org/wiki/有明西ふ頭公園","東京都立公園","https://ja.wikipedia.org/wiki/東京都立公園","箇条書き,制限あり","","","","","","","","","","","","","","","","","","","",""
"京浜島つばさ公園","[京浜島つばさ公園（大田区）] 京浜島つばさ公園 （けいひんじまつばさこうえん）は、 東京都 大田区 京浜島 にある 東京都港湾局 が管理する 海上公園 である。","https://ja.wikipedia.org/wiki/京浜島つばさ公園","東京都立公園","https://ja.wikipedia.org/wiki/東京都立公園","箇条書き,制限あり","北緯35度34分15秒東経139度46分13秒","日本東京都大田区京浜島","","1979年4月1日","","","海上公園","","","","","","","","","","","","あり",""
"京浜島ふ頭公園","[京浜島ふ頭公園（大田区）] 京浜島 （けいひんじま）は、 東京都 大田区 にある 人工島 であり、同区の 町名 である。現行行政地名は京浜島一丁目から京浜島三丁目。 埋立地 名は京浜第6区埋立地。面積は1.03km 2  。 郵便番号 は143-0003  。","https://ja.wikipedia.org/wiki/京浜島ふ頭公園","東京都立公園","https://ja.wikipedia.org/wiki/東京都立公園","箇条書き,制限あり","","","","","","","","1.03km2","日本","","東京都","大田区","UTC+9(日本標準時)","143-0003","03","品川","","大森地域","",""
"コンテナふ頭公園","[コンテナふ頭公園（品川区）] 八潮 （やしお）は、 東京都 品川区 にある地名。現行行政地名は八潮一丁目から八潮五丁目。 住居表示 実施済み区域である。大井ふ頭その1の北側の区域に該当する。なお、大井ふ頭その1の南側は 大田区 東海 である。","https://ja.wikipedia.org/wiki/コンテナふ頭公園","東京都立公園","https://ja.wikipedia.org/wiki/東京都立公園","箇条書き,制限あり","","","","","","","","11,668人","日本","","東京都","品川区","UTC+9(日本標準時)","140-0003","03","品川","","","",""
"品川北ふ頭公園","[品川北ふ頭公園（港区）] 港南 （こうなん）は、 東京都 港区 の 町名 。現行行政地名は港南一丁目から港南五丁目。芝浦港南地区総合支所管内に属する地域である。 郵便番号 は108-0075（ 高輪局 管区）  。","https://ja.wikipedia.org/wiki/品川北ふ頭公園","東京都立公園","https://ja.wikipedia.org/wiki/東京都立公園","箇条書き,制限あり","","","","","","","","2.19km2","日本","","東京都","港区","UTC+9(日本標準時)","108-0075","03","品川","","","",""
"品川南ふ頭公園 (存在しないページ)","[（品川南ふ頭公園） →品川区へ移管（2007年4月）]","https://ja.wikipedia.org/w/index.php?title=品川南ふ頭公園&amp;action=edit&amp;redlink=1","東京都立公園","https://ja.wikipedia.org/wiki/東京都立公園","箇条書き,制限あり","","","","","","","","","","","","","","","","","","","",""
"芝浦南ふ頭公園","[芝浦南ふ頭公園（港区）] 東京都立公園 （とうきょうとりつこうえん）は、 東京都 が所管する 公園 。狭義の 都立公園 は 東京都建設局 が所管する 都市公園 を指す。その他の東京都所管公園には、 都立海上公園 （ 港湾局 ）、 都立自然公園 ・ 都民の森 （ 環境局 ）などがある。設置場所・地域は国有地か都有地である（国有地は国が管理権を委託）。 指定管理者制度 の導入により、大部分が 指定管理者 に管理が委任されている。","https://ja.wikipedia.org/wiki/芝浦南ふ頭公園","東京都立公園","https://ja.wikipedia.org/wiki/東京都立公園","箇条書き,制限あり","","","","","","","","","","","","","","","","","","","",""
"城南島ふ頭公園","[城南島ふ頭公園（大田区）] 城南島 （じょうなんじま）は、 東京都 大田区 にある 人工島 であり、同区の 町名 である。現行行政地名は城南島一丁目から城南島七丁目。 埋立地 名は大井ふ頭その2（大井ふ頭その1は、大田区 東海 ・ 品川区 八潮 の区域にあたる）。面積は1.13km 2  。 郵便番号 は143-0002  。","https://ja.wikipedia.org/wiki/城南島ふ頭公園","東京都立公園","https://ja.wikipedia.org/wiki/東京都立公園","箇条書き,制限あり","","","","","","","","1.13km2","日本","","東京都","大田区","UTC+9(日本標準時)","143-0002","03","品川","","大森地域","",""
"新木場公園","[新木場公園（江東区）] 新木場公園 （しんきばこうえん）は、 東京都 江東区 新木場 二丁目にある都立の海上 公園 （ 東京都港湾局 所管）である。 1977年 1月20日 開園。7,596平方メートル。","https://ja.wikipedia.org/wiki/新木場公園","東京都立公園","https://ja.wikipedia.org/wiki/東京都立公園","箇条書き,制限あり","","","","","","","","","","","","","","","","","","","",""
"東海ふ頭公園","[東海ふ頭公園（大田区）] 東海 （とうかい）は、 東京都 大田区 の 町 。 住居表示 実施済み。現行行政地名は東海一丁目から東海六丁目。面積は2.35km 2  。 郵便番号 は143-0001  。","https://ja.wikipedia.org/wiki/東海ふ頭公園","東京都立公園","https://ja.wikipedia.org/wiki/東京都立公園","箇条書き,制限あり","","","","","","","","2.35km2","日本","","東京都","大田区","UTC+9(日本標準時)","143-0001","03","品川","","大森地域","",""
"春海橋公園","[春海橋公園（江東区）] 春海橋公園 （はるみばしこうえん）は、 東京都 江東区 豊洲 2丁目及び 中央区 晴海 2丁目にある 公園 。 東京都港湾局 が管理する都立の海上公園で、東京都海上公園条例ではふ頭公園と規定されている。","https://ja.wikipedia.org/wiki/春海橋公園","東京都立公園","https://ja.wikipedia.org/wiki/東京都立公園","箇条書き,制限あり","","","","","","","","","","","","","","","","","","","",""
"晴海ふ頭公園","[晴海ふ頭公園（中央区）] 晴海ふ頭公園 （はるみふとうこうえん）は、 東京都 中央区 晴海 にある 東京都港湾局 が管理する 海上公園 （ ふ頭 公園）である。 1975年 12月1日 開園。","https://ja.wikipedia.org/wiki/晴海ふ頭公園","東京都立公園","https://ja.wikipedia.org/wiki/東京都立公園","箇条書き,制限あり","","","","","","","","","","","","","","","","","","","",""
"フェリーふ頭公園","[フェリーふ頭公園（江東区）] フェリーふ頭公園 （ふぇりーふとうこうえん）は、 東京都 江東区 有明 四丁目にある都立の海上 公園 （ 東京都港湾局 所管）である。 1977年 1月20日 開園。9293平方メートル。","https://ja.wikipedia.org/wiki/フェリーふ頭公園","東京都立公園","https://ja.wikipedia.org/wiki/東京都立公園","箇条書き,制限あり","","日本東京都江東区有明4丁目7","9,293.00m2","1959年1月20日","フェリーふ頭公園","東京港埠頭株式会社","海上公園","","","","","","","","","","","","",""
"水の広場公園","[水の広場公園（江東区）] 水の広場公園 （みずのひろばこうえん）は、 東京都 江東区 有明 三丁目、 青海 一丁目にある都立の海上 公園 （ 東京都港湾局 所管）である。 1996年 4月1日 開園、面積は約37007平方メートル。","https://ja.wikipedia.org/wiki/水の広場公園","東京都立公園","https://ja.wikipedia.org/wiki/東京都立公園","箇条書き,制限あり","","","","","","","","","","","","","","","","","","","",""
"みなとが丘ふ頭公園","[みなとが丘ふ頭公園（品川区）] みなとが丘ふ頭公園 （みなとがおかふとうこうえん）は、 東京都 品川区 八潮 にある 東京都港湾局 が管理する 海上公園 である。大井埠頭の一角にあり人工的に作られた小高い丘が特徴の公園である。","https://ja.wikipedia.org/wiki/みなとが丘ふ頭公園","東京都立公園","https://ja.wikipedia.org/wiki/東京都立公園","箇条書き,制限あり","","","","","","","","","","","","","","","","","","","",""
"青海緑道公園","[青海緑道公園（江東区）] 青海緑道公園 （あおみりょくどうこうえん）は、 東京都 江東区 青海 四丁目にある 都立公園 である。","https://ja.wikipedia.org/wiki/青海緑道公園","東京都立公園","https://ja.wikipedia.org/wiki/東京都立公園","箇条書き,制限あり","北緯35度37分11.9秒東経139度46分49.2秒","日本東京都江東区青海四丁目座標:北緯35度37分11.9秒東経139度46分49.2秒﻿ / ﻿北緯35.619972度 東経139.780333度﻿ /35.619972; 139.780333","6,251.00m2","1975年12月1日","青海緑道公園","東京港埠頭株式会社","海上公園","","","","","","","","","","","","",""
"有明テニスの森公園","[有明テニスの森公園（江東区）] 有明テニスの森公園 （ありあけテニスのもりこうえん、英語： Ariake Tennis Park  ）は、 東京都 江東区 有明 二丁目にある 都立公園 である。 東雲ゴルフ場 の跡地に 1983年 5月14日 開園  、面積は約163,341.64 m 2  。 公益社団法人 日本テニス事業協会と東京都埠頭株式会社によるマネージメントチーム「有明テニス・マネージメントチーム」が 指定管理者 として運営を行っている。","https://ja.wikipedia.org/wiki/有明テニスの森公園","東京都立公園","https://ja.wikipedia.org/wiki/東京都立公園","箇条書き,制限あり","","","","","","","","","","","","","","","","","","","",""
"大井ふ頭緑道公園","[大井ふ頭緑道公園（品川区）] 八潮 （やしお）は、 東京都 品川区 にある地名。現行行政地名は八潮一丁目から八潮五丁目。 住居表示 実施済み区域である。大井ふ頭その1の北側の区域に該当する。なお、大井ふ頭その1の南側は 大田区 東海 である。","https://ja.wikipedia.org/wiki/大井ふ頭緑道公園","東京都立公園","https://ja.wikipedia.org/wiki/東京都立公園","箇条書き,制限あり","","","","","","","","11,668人","日本","","東京都","品川区","UTC+9(日本標準時)","140-0003","03","品川","","","",""
"大森緑道公園","[大森緑道公園（大田区）] 大森南 （おおもりみなみ）は、 東京都 大田区 の地名。現行行政地名は大森南一丁目から大森南五丁目。 郵便番号 は143-0013  。","https://ja.wikipedia.org/wiki/大森緑道公園","東京都立公園","https://ja.wikipedia.org/wiki/東京都立公園","箇条書き,制限あり","","","","","","","","13,468人","日本","","東京都","大田区","UTC+9(日本標準時)","143-0013","03","品川","","大森地域","",""
"京浜運河緑道公園","[京浜運河緑道公園（品川区）] 八潮 （やしお）は、 東京都 品川区 にある地名。現行行政地名は八潮一丁目から八潮五丁目。 住居表示 実施済み区域である。大井ふ頭その1の北側の区域に該当する。なお、大井ふ頭その1の南側は 大田区 東海 である。","https://ja.wikipedia.org/wiki/京浜運河緑道公園","東京都立公園","https://ja.wikipedia.org/wiki/東京都立公園","箇条書き,制限あり","","","","","","","","11,668人","日本","","東京都","品川区","UTC+9(日本標準時)","140-0003","03","品川","","","",""
"京浜島緑道公園","[京浜島緑道公園（大田区）] 京浜島 （けいひんじま）は、 東京都 大田区 にある 人工島 であり、同区の 町名 である。現行行政地名は京浜島一丁目から京浜島三丁目。 埋立地 名は京浜第6区埋立地。面積は1.03km 2  。 郵便番号 は143-0003  。","https://ja.wikipedia.org/wiki/京浜島緑道公園","東京都立公園","https://ja.wikipedia.org/wiki/東京都立公園","箇条書き,制限あり","","","","","","","","1.03km2","日本","","東京都","大田区","UTC+9(日本標準時)","143-0003","03","品川","","大森地域","",""
"城南島緑道公園","[城南島緑道公園（大田区） - 城南島海浜公園に接続] 城南島 （じょうなんじま）は、 東京都 大田区 にある 人工島 であり、同区の 町名 である。現行行政地名は城南島一丁目から城南島七丁目。 埋立地 名は大井ふ頭その2（大井ふ頭その1は、大田区 東海 ・ 品川区 八潮 の区域にあたる）。面積は1.13km 2  。 郵便番号 は143-0002  。","https://ja.wikipedia.org/wiki/城南島緑道公園","東京都立公園","https://ja.wikipedia.org/wiki/東京都立公園","箇条書き,制限あり","","","","","","","","1.13km2","日本","","東京都","大田区","UTC+9(日本標準時)","143-0002","03","品川","","大森地域","",""
"昭和島北緑道公園","[昭和島北緑道公園（大田区）] 昭和島 （しょうわじま）は、 東京都 大田区 にある 人工島 であり、同区の 町名 である。現行行政地名は昭和島一丁目及び昭和島二丁目。 埋立地 名は京浜第3区埋立地。面積は0.61 km 2  。 郵便番号 は143-0004  。","https://ja.wikipedia.org/wiki/昭和島北緑道公園","東京都立公園","https://ja.wikipedia.org/wiki/東京都立公園","箇条書き,制限あり","","","","","","","","0.61km2","日本","","東京都","大田区","UTC+9(日本標準時)","143-0004","03","品川","","大森地域","",""
"昭和島南緑道公園","[昭和島南緑道公園（大田区）] 昭和島 （しょうわじま）は、 東京都 大田区 にある 人工島 であり、同区の 町名 である。現行行政地名は昭和島一丁目及び昭和島二丁目。 埋立地 名は京浜第3区埋立地。面積は0.61 km 2  。 郵便番号 は143-0004  。","https://ja.wikipedia.org/wiki/昭和島南緑道公園","東京都立公園","https://ja.wikipedia.org/wiki/東京都立公園","箇条書き,制限あり","","","","","","","","0.61km2","日本","","東京都","大田区","UTC+9(日本標準時)","143-0004","03","品川","","大森地域","",""
"新木場緑道公園","[新木場緑道公園（江東区）] 新木場緑道公園 （しんきばりょくどうこうえん）は、 東京都 江東区 新木場 四丁目にある 都立公園 である。 1994年 11月1日 開園。61160平方メートル。","https://ja.wikipedia.org/wiki/新木場緑道公園","東京都立公園","https://ja.wikipedia.org/wiki/東京都立公園","箇条書き,制限あり","","","","","","","","","","","","","","","","","","","",""
"シンボルプロムナード公園","[シンボルプロムナード公園（港区・江東区）] シンボルプロムナード公園 （シンボルプロムナードこうえん）は、 東京都 港区 台場 、 江東区 青海 、 江東区 有明 にかけての長細い 都立公園 である  。 1996年 4月1日 開園  。","https://ja.wikipedia.org/wiki/シンボルプロムナード公園","東京都立公園","https://ja.wikipedia.org/wiki/東京都立公園","箇条書き,制限あり","","","","","","","","","","","","","","","","","","","",""
"辰巳の森緑道公園","[辰巳の森緑道公園（江東区） - 辰巳の森海浜公園に隣接] 辰巳の森緑道公園 （たつみのもりりょくどうこうえん）は、 東京都 江東区 辰巳 に所在する  辰巳運河 に面した 東京都港湾局 が管理する 公園 である。園内は 樹木 や 草花 など緑が多く、周辺 住民 の憩いの場となっている。特に園内の 桜 並木は江東区内でも有数のものとして知られる。また公園は 湾岸道路 沿いにあり、湾岸道路を始点として伸びる 三ツ目通り で東側と西側に分かれている。","https://ja.wikipedia.org/wiki/辰巳の森緑道公園","東京都立公園","https://ja.wikipedia.org/wiki/東京都立公園","箇条書き,制限あり","","日本東京都江東区辰巳","145,503.24 m2","1975年12月1日","http://www.tptc.co.jp/park/03_02","","","","","","","","","","","","","","",""
"東海緑道公園","[東海緑道公園（大田区）] 東海 （とうかい）は、 東京都 大田区 の 町 。 住居表示 実施済み。現行行政地名は東海一丁目から東海六丁目。面積は2.35km 2  。 郵便番号 は143-0001  。","https://ja.wikipedia.org/wiki/東海緑道公園","東京都立公園","https://ja.wikipedia.org/wiki/東京都立公園","箇条書き,制限あり","","","","","","","","2.35km2","日本","","東京都","大田区","UTC+9(日本標準時)","143-0001","03","品川","","大森地域","",""
"東八潮緑道公園","[東八潮緑道公園（品川区）] 東八潮緑道公園 （ひがしやしおりょくどうこうえん）は、 東京都 品川区 東八潮 にある 都立公園 である。4879 m 2 。 1975年 12月1日 開園。","https://ja.wikipedia.org/wiki/東八潮緑道公園","東京都立公園","https://ja.wikipedia.org/wiki/東京都立公園","箇条書き,制限あり","","","","","","","","","","","","","","","","","","","",""
"夢の島緑道公園","[夢の島緑道公園（江東区）] 夢の島緑道公園 （ゆめのしまりょくどうこうえん）は、 東京都 江東区 夢の島 にある 都立公園 である。 1978年 4月1日 開園。89,347平方メートル。","https://ja.wikipedia.org/wiki/夢の島緑道公園","東京都立公園","https://ja.wikipedia.org/wiki/東京都立公園","箇条書き,制限あり","","","","","","","","","","","","","","","","","","","",""
"東京都立秋川丘陵自然公園","[東京都立秋川丘陵自然公園（あきる野市）] 東京都立秋川丘陵自然公園 （とうきょうとりつあきがわきゅうりょうしぜんこうえん）は、 東京都 あきる野市 と 八王子市 の市境に広がる東京都立の 自然公園 。","https://ja.wikipedia.org/wiki/東京都立秋川丘陵自然公園","東京都立公園","https://ja.wikipedia.org/wiki/東京都立公園","箇条書き,制限あり","","","","","","","","","","","","","","","","","","","",""
"東京都立狭山自然公園","[東京都立狭山自然公園（瑞穂町・武蔵村山市・東大和市）] 東京都立狭山自然公園 （とうきょうとりつさやましぜんこうえん）は、 東京都 東大和市 ・ 東村山市 ・ 武蔵村山市 ・ 西多摩郡 瑞穂町 の 狭山丘陵 に広がる東京都立の 自然公園 。 1951年 3月15日 、東京都自然公園条例に基づき設定（昭和26年3月15日東京都告示第245号）。","https://ja.wikipedia.org/wiki/東京都立狭山自然公園","東京都立公園","https://ja.wikipedia.org/wiki/東京都立公園","箇条書き,制限あり","北緯35度45分46秒東経139度25分1秒","日本東京都東大和市東村山市武蔵村山市西多摩郡瑞穂町","775ha","","","","都市公園>都立自然公園","","","記事参照","","","","","","","1951年（昭和26年）3月15日設定","","45",""
"東京都立高尾陣場自然公園","[東京都立高尾陣場自然公園（八王子市） - 一部が明治の森高尾国定公園と重なる] 座標 : .mw-parser-output .geo-default,.mw-parser-output .geo-dms,.mw-parser-output .geo-dec{display:inline}.mw-parser-output .geo-nondefault,.mw-parser-output .geo-multi-punct{display:none}.mw-parser-output .longitude,.mw-parser-output .latitude{white-space:nowrap} 北緯35度37分30.1秒 東経139度14分35.6秒 ﻿ / ﻿ 北緯35.625028度 東経139.243222度 ﻿ / 35.625028; 139.243222","https://ja.wikipedia.org/wiki/東京都立高尾陣場自然公園","東京都立公園","https://ja.wikipedia.org/wiki/東京都立公園","箇条書き,制限あり","","","","","","","","","","","","","","","","","","","",""
"東京都立滝山自然公園","[東京都立滝山自然公園（八王子市・あきる野市）] 都立滝山自然公園 （とりつたきやましぜんこうえん）は、東京都八王子市にある都立自然公園   。1950年に設立された。標高約200mの滝山があるのが特徴。かつて存在した 滝山城 址が所在する。面積は6.61 km²。","https://ja.wikipedia.org/wiki/東京都立滝山自然公園","東京都立公園","https://ja.wikipedia.org/wiki/東京都立公園","箇条書き,制限あり","","","6.61 km²","","","","","","","","","","","","","","","日本東京都","",""
"東京都立多摩丘陵自然公園","[東京都立多摩丘陵自然公園（八王子市・日野市・多摩市）] 東京都立多摩丘陵自然公園 （とうきょうとりつたまきゅうりょうしぜんこうえん）は、 東京都 多摩市 連光寺 にある 自然公園   。面積は19.59平方キロメートル。1950年11月25日に指定された。 八王子市 ・ 日野市 ・ 多摩市 に跨る。 多摩動物公園 、 高幡不動 、 百草園 など数々の名所がある  。東に東京の 都心部 、西に 富士山 を望むことができる。 高尾山 、 奥多摩 、 秩父 などの山々を眺めることもできる。","https://ja.wikipedia.org/wiki/東京都立多摩丘陵自然公園","東京都立公園","https://ja.wikipedia.org/wiki/東京都立公園","箇条書き,制限あり","","","19.59 km²","","","","","","","","","","","","","","","日本東京都多摩市","",""
"東京都立羽村草花丘陵自然公園","[東京都立羽村草花丘陵自然公園（羽村市・あきる野市）] 東京都立羽村草花丘陵自然公園 （とうきょうとりつはむらくさばなきゅうりょうしぜんこうえん）は、 東京都 羽村市 玉川にある 自然公園 。 多摩川 上流域と 草花丘陵 を含み、 あきる野市 ・ 福生市 ・ 羽村市 ・ 青梅市 に広がる。面積は5.53平方キロメートル。1953年3月12日に指定された   。","https://ja.wikipedia.org/wiki/東京都立羽村草花丘陵自然公園","東京都立公園","https://ja.wikipedia.org/wiki/東京都立公園","箇条書き,制限あり","","","5.53 km²","","","","","","","","","","","","","","","日本東京都羽村市","",""
"大島公園 (存在しないページ)","[大島公園（海のふるさと村）（大島町） -富士箱根伊豆国立公園内]","https://ja.wikipedia.org/w/index.php?title=大島公園&amp;action=edit&amp;redlink=1","東京都立公園","https://ja.wikipedia.org/wiki/東京都立公園","箇条書き,制限あり","","","","","","","","","","","","","","","","","","","",""
"東京都立奥多摩湖畔公園 山のふるさと村","[奥多摩湖畔公園（山のふるさと村）（奥多摩町）] 東京都立奥多摩湖畔公園 山のふるさと村 （とうきょうとりつおくたまこはんこうえん やまのふるさとむら）は、 東京都 西多摩郡 奥多摩町 にある東京都立の 体験型 自然公園 。","https://ja.wikipedia.org/wiki/東京都立奥多摩湖畔公園_山のふるさと村","東京都立公園","https://ja.wikipedia.org/wiki/東京都立公園","箇条書き,制限あり","","","","","","","","","","","","","","","","","","","",""
"小峰公園 (存在しないページ)","[小峰公園（小峰国民休養地）（あきる野市） - 秋川丘陵自然公園内]","https://ja.wikipedia.org/w/index.php?title=小峰公園&amp;action=edit&amp;redlink=1","東京都立公園","https://ja.wikipedia.org/wiki/東京都立公園","箇条書き,制限あり","","","","","","","","","","","","","","","","","","","",""
"多幸湾公園 (存在しないページ)","[多幸湾公園（神津島村） -富士箱根伊豆国立公園内]","https://ja.wikipedia.org/w/index.php?title=多幸湾公園&amp;action=edit&amp;redlink=1","東京都立公園","https://ja.wikipedia.org/wiki/東京都立公園","箇条書き,制限あり","","","","","","","","","","","","","","","","","","","",""
"羽伏浦公園 (存在しないページ)","[羽伏浦公園（新島村）]","https://ja.wikipedia.org/w/index.php?title=羽伏浦公園&amp;action=edit&amp;redlink=1","東京都立公園","https://ja.wikipedia.org/wiki/東京都立公園","箇条書き,制限あり","","","","","","","","","","","","","","","","","","","",""
"八丈植物公園 (存在しないページ)","[八丈植物公園（八丈町）]","https://ja.wikipedia.org/w/index.php?title=八丈植物公園&amp;action=edit&amp;redlink=1","東京都立公園","https://ja.wikipedia.org/wiki/東京都立公園","箇条書き,制限あり","","","","","","","","","","","","","","","","","","","",""
"東京都檜原都民の森","[東京都檜原都民の森（檜原村）-三頭山の中腹] 東京都檜原都民の森 （とうきょうとひのはらとみんのもり）は、 東京都 西多摩郡 檜原村 にある東京都檜原都民の森管理事務所が管理をしている施設である。","https://ja.wikipedia.org/wiki/東京都檜原都民の森","東京都立公園","https://ja.wikipedia.org/wiki/東京都立公園","箇条書き,制限あり","","","","","","","","","","","","","","","","","","","",""
"奥多摩都民の森 (存在しないページ)","[奥多摩都民の森（体験の森）（奥多摩町）-御前山の山麓]","https://ja.wikipedia.org/w/index.php?title=奥多摩都民の森&amp;action=edit&amp;redlink=1","東京都立公園","https://ja.wikipedia.org/wiki/東京都立公園","箇条書き,制限あり","","","","","","","","","","","","","","","","","","","",""
"青山霊園","[青山霊園（港区）] 青山霊園 （あおやまれいえん）は、 東京都 港区 南青山 二丁目にある東京 都立 の 霊園 である  。","https://ja.wikipedia.org/wiki/青山霊園","東京都立公園","https://ja.wikipedia.org/wiki/東京都立公園","箇条書き,制限あり","北緯35度40分0秒東経139度43分20秒","東京都港区南青山二丁目32番2号","","1874年（明治7年）9月1日","","公益財団法人東京都公園協会","","","日本","","","","","","","","","","",""
"雑司ヶ谷霊園","[雑司ヶ谷霊園（豊島区）] 雑司ヶ谷霊園 （ぞうしがやれいえん）は、 東京都 豊島区 南池袋 四丁目にある東京都立の 霊園 。面積は約12ha。","https://ja.wikipedia.org/wiki/雑司ヶ谷霊園","東京都立公園","https://ja.wikipedia.org/wiki/東京都立公園","箇条書き,制限あり","北緯35度43分20秒東経139度43分10秒","東京都豊島区南池袋4丁目","","1874年（明治7年）9月1日","","東京都公園協会","","","日本","","","","","","","","","","",""
"染井霊園","[染井霊園（豊島区）] 染井霊園 （そめいれいえん）は、 東京都 豊島区 駒込 にある都営 霊園 。旧称の 染井墓地 で呼ばれることも多い。 水戸徳川家 墓所。水戸徳川公爵家や府中松平家の江戸期の墓。 徳川斉昭 の生母や 徳川昭武 の生母、側室高橋悦子の墓がある。面積は67,911平方メートル、およそ5,500基の墓があり、8ヶ所ある都営霊園の中では最も規模が小さい。","https://ja.wikipedia.org/wiki/染井霊園","東京都立公園","https://ja.wikipedia.org/wiki/東京都立公園","箇条書き,制限あり","北緯35度44分21.9秒東経139度44分14.1秒","東京都豊島区駒込5丁目","","1874年（明治7年）9月1日","","東京都公園協会","","","日本","","","","","","","","","","",""
"谷中霊園","[谷中霊園（台東区）] 谷中霊園 （やなかれいえん）は、 東京都 台東区 谷中七丁目にある都立 霊園 。旧称の 谷中墓地 （やなかぼち）と呼ばれることも多い。面積は約10ha、およそ7,000基の墓がある。徳川家15代将軍 慶喜 や 鳩山一郎 ・ 横山大観 ・ 渋沢栄一 などが眠る。","https://ja.wikipedia.org/wiki/谷中霊園","東京都立公園","https://ja.wikipedia.org/wiki/東京都立公園","箇条書き,制限あり","北緯35度43分31秒東経139度46分14秒","東京都台東区谷中七丁目","","1874年（明治7年）9月1日","","東京都公園協会","","","日本","","","","","","","","","","",""
"多磨霊園","[多磨霊園（府中市）] 多磨霊園 （たまれいえん）は、 東京都 府中市 および 小金井市 をまたいだ場所にある都立 霊園 。日本初の 公園墓地 であり、以後の日本の墓地のありかたのひな型となった。面積は都立霊園としては最大の128ha  で、 東京ドーム  27個分に相当する。","https://ja.wikipedia.org/wiki/多磨霊園","東京都立公園","https://ja.wikipedia.org/wiki/東京都立公園","箇条書き,制限あり","北緯35度41分07秒東経139度30分35秒","東京都府中市、小金井市","","1923年","","東京都","","","日本","","","","","","","","","","",""
"小平霊園","[小平霊園（東村山市）] 小平霊園 （こだいられいえん）は、 都立 の 霊園 である。 小平市 、 東村山市 および 東久留米市 に所在する。正式名称は 東京都小平霊園 である。","https://ja.wikipedia.org/wiki/小平霊園","東京都立公園","https://ja.wikipedia.org/wiki/東京都立公園","箇条書き,制限あり","北緯35度44分24秒東経139度29分06秒","東京都東村山市萩山町1丁目16番地1","","1948年（昭和23年）","","東京都公園協会","","","日本","","","","","","","","","","",""
"八王子霊園 (存在しないページ)","[八王子霊園（八王子市）]","https://ja.wikipedia.org/w/index.php?title=八王子霊園&amp;action=edit&amp;redlink=1","東京都立公園","https://ja.wikipedia.org/wiki/東京都立公園","箇条書き,制限あり","","","","","","","","","","","","","","","","","","","",""
"東京都立八柱霊園","[八柱霊園（千葉県松戸市）] 東京都立八柱霊園 （とうきょうとりつやはしられいえん）は、 千葉県 松戸市 田中新田 にある 東京都 立の 霊園 。","https://ja.wikipedia.org/wiki/東京都立八柱霊園","東京都立公園","https://ja.wikipedia.org/wiki/東京都立公園","箇条書き,制限あり","北緯35度46分59.2秒東経139度56分49.1秒","〒270-2255千葉県松戸市田中新田字生松48番地の2","","1935年（昭和10年）","","東京都","","","日本","","","","","","","","","","",""
"井の頭自然文化園","[井の頭自然文化園] 井の頭自然文化園 （いのかしらしぜんぶんかえん）は、 東京都 武蔵野市 （分園は 三鷹市 ）にある都立の 動物園 。 井の頭公園 の一角にある。開園は 1942年 5月17日 。","https://ja.wikipedia.org/wiki/井の頭自然文化園","東京都立公園","https://ja.wikipedia.org/wiki/東京都立公園","箇条書き,制限あり","北緯35度42分3秒東経139度34分21.9秒","東京都武蔵野市御殿山1-17-6","115,500m2","1942年5月17日","http://www.tokyo-zoo.net/zoo/ino/","","","","","","","","","","","","","","","総合"
"恩賜上野動物園","[恩賜上野動物園] 東京都恩賜上野動物公園 （とうきょうとおんしうえのどうぶつこうえん）は 東京都 台東区 上野公園の 上野恩賜公園 内に在る東京都立 動物園 。通称・ 上野動物園 （「恩賜」の語が略される）。","https://ja.wikipedia.org/wiki/恩賜上野動物園","東京都立公園","https://ja.wikipedia.org/wiki/東京都立公園","箇条書き,制限あり","北緯35度43分3秒東経139度46分17秒","〒110-8711東京都台東区上野公園9-83","","1882年3月20日","東京ズーネット","","","","","","","","","","","","","","","総合"
"葛西臨海水族園","[葛西臨海水族園] 葛西臨海水族園 （かさいりんかいすいぞくえん）は、 東京都 江戸川区 臨海町 の 葛西臨海公園 内にある 水族館  。1989年10月10日に開園した。設計は 谷口吉生 。園長は田畑直樹（2014年4月から）。 東京都建設局 が所管していたが、 指定管理者制度 により 公益財団法人 東京動物園協会 に運営が引き継がれた。","https://ja.wikipedia.org/wiki/葛西臨海水族園","東京都立公園","https://ja.wikipedia.org/wiki/東京都立公園","箇条書き,制限あり","北緯35度38分24.3秒東経139度51分43.8秒","〒134-0086東京都江戸川区臨海町6-2-3","","","http://www.tokyo-zoo.net/zoo/kasai/","","","","","","","","","","","","","","","総合"
"多摩動物公園","[多摩動物公園] 多摩動物公園 （たまどうぶつこうえん）は、 東京都 日野市 程久保7-1-1に位置する 動物園 。 多摩動物園 と呼ばれることも多く、 恩賜上野動物園 等と並び日本有数の動物園となっている。 都市公園 としての名称は、 都立七生公園 。","https://ja.wikipedia.org/wiki/多摩動物公園","東京都立公園","https://ja.wikipedia.org/wiki/東京都立公園","箇条書き,制限あり","北緯35度38分59秒東経139度24分8秒","〒191-0042東京都日野市程久保7-1-1","60ヘクタール","1958年5月5日","http://www.tokyo-zoo.net/zoo/tama/","","","","","","","","","","","","","","","総合"
"神代植物公園","[神代植物公園] 神代植物公園 （じんだいしょくぶつこうえん）は、都内唯一として開園した 植物 公園 。 東京都 調布市 にある園内には約4,800種類、10万本・株の植物が30ブロックに分かれて植えられ、梅や桜の名所としても知られる。 ばら 園は、 2009年 に世界バラ会連合優秀庭園賞（WFRS Award of Garden Excellence）を受賞した  。春と秋のバラフェスタ、夜のライトアップやコンサートなどのイベントが催される。","https://ja.wikipedia.org/wiki/神代植物公園","東京都立公園","https://ja.wikipedia.org/wiki/東京都立公園","箇条書き,制限あり","北緯35度40分16秒東経139度32分46秒","東京都調布市","489,731m2","","神代植物公園へ行こう！","東京都公園協会2016～2026年度指定管理者","都立公園・植物園","","","大温室、噴水広場、水生植物園、植物会館、芝生広場、ドッグラン","","","","","","","1961年10月20日","","720台",""
"夢の島熱帯植物館","[夢の島熱帯植物館] 夢の島熱帯植物館 （ゆめのしまねったいしょくぶつかん、 Yumenoshima Tropical Greenhouse Dome ）は、 東京都 江東区 夢の島 の 都立夢の島公園 にある 植物園 。","https://ja.wikipedia.org/wiki/夢の島熱帯植物館","東京都立公園","https://ja.wikipedia.org/wiki/東京都立公園","箇条書き,制限あり","北緯35度39分4.72秒東経139度49分45.51秒","〒136-0081東京都江東区夢の島2丁目1-2","","","","","","","","","","","","","","","","","","熱帯"
"旧岩崎邸庭園","[旧岩崎邸庭園] 旧岩崎邸庭園 （きゅういわさきていていえん）は、 東京都 台東区 池之端 一丁目にある 都立庭園 である。 三菱財閥 岩崎家 の茅町本邸だった建物とその庭園を公園として整備したもので、園内の歴史的建造物は、国の 重要文化財 に指定されている。","https://ja.wikipedia.org/wiki/旧岩崎邸庭園","東京都立公園","https://ja.wikipedia.org/wiki/東京都立公園","箇条書き,制限あり","北緯35度42分35秒東経139度46分4秒","東京都台東区池之端一丁目","16,912.88m2","2001年10月1日","旧岩崎邸庭園","東京都公園協会2011～2015年度指定管理者","都立庭園・重要文化財","","","旧岩崎家住宅（洋館、撞球室、和館）","","","","","","","2001年10月1日開園","","",""
"旧芝離宮恩賜庭園","[旧芝離宮恩賜庭園] 旧芝離宮恩賜庭園 （きゅうしばりきゅうおんしていえん）は、 東京都 港区 海岸 にある 都立庭園 。 大久保忠朝 上屋敷の庭園楽寿園が始まりで、宮内庁管理の 離宮 を経て、 大正 13年（ 1924年 ）東京市に下賜され、旧芝離宮恩賜庭園として公開された。","https://ja.wikipedia.org/wiki/旧芝離宮恩賜庭園","東京都立公園","https://ja.wikipedia.org/wiki/東京都立公園","箇条書き,制限あり","北緯35度39分18秒東経139度45分32.4秒","東京都港区海岸一丁目","42,035.40m2","","公式ホームページ","東京都公園協会2011～2015年度指定管理者","都立庭園・名勝","","","弓道場","","","","","","","1924年4月20日開園","","",""
"旧古河庭園","[旧古河庭園] 旧古河庭園 （きゅうふるかわていえん）は、 東京都 北区 西ケ原 にある 都立庭園 である。 1919年 （ 大正 8年）に 古河財閥 の 古河虎之助 男爵 の邸宅として現在の形（洋館、西洋庭園、日本庭園）に整えられた。現在は 国有財産 であり、東京都が借り受けて一般公開している。国の 名勝 に指定されている。東京の バラ の名所として親しまれている。","https://ja.wikipedia.org/wiki/旧古河庭園","東京都立公園","https://ja.wikipedia.org/wiki/東京都立公園","箇条書き,制限あり","北緯35度44分33秒東経139度44分46秒","東京都北区西ケ原一丁目","30,780.86m2","","公式ホームページ","東京都公園協会2011～2015年度指定管理者","都立庭園・名勝","","","洋館・茶室（公財）大谷美術館の管理","","","","","","","1956年4月30日","","",""
"清澄庭園","[清澄庭園] 清澄庭園 （きよすみていえん）は、 東京都 江東区 清澄 にある 都立庭園 。池の周囲に築山や名石を配置した 回遊式林泉庭園 で、 東京都指定名勝 に指定されている。","https://ja.wikipedia.org/wiki/清澄庭園","東京都立公園","https://ja.wikipedia.org/wiki/東京都立公園","箇条書き,制限あり","北緯35度40分47.8秒東経139度47分51.8秒","日本東京都江東区清澄三丁目","37,434.32m2","1932年7月24日","清澄庭園","東京都公園協会2011～2015年度指定管理者","都立庭園・都指定名勝","","","集会場（涼亭・大正記念館）、児童遊園","","","","","","","1932年7月24日開園","","",""
"小石川後楽園","[小石川後楽園] 小石川後楽園 （こいしかわこうらくえん）は、 東京都 文京区 後楽 一丁目にある 都立庭園 。 江戸時代 初期に 水戸徳川家 の 江戸 上屋敷内につくられた築山泉水回遊式の 日本庭園 （ 大名庭園 ）である。国の 特別史跡 及び 特別名勝 に指定されている  。","https://ja.wikipedia.org/wiki/小石川後楽園","東京都立公園","https://ja.wikipedia.org/wiki/東京都立公園","箇条書き,制限あり","北緯35度42分18.4秒東経139度44分59.6秒","日本東京都文京区後楽一丁目","7ha","1938年4月3日","小石川後楽園","東京都公園協会2011～2015年度指定管理者","都立庭園・特別名勝・特別史跡","","","集会場（涵徳亭）","","","","","","","1938年4月3日開園","","なし",""
"殿ヶ谷戸庭園","[殿ヶ谷戸庭園] 殿ヶ谷戸庭園 （とのがやとていえん）は、 東京都 国分寺市 にある有料の 都立庭園 である。","https://ja.wikipedia.org/wiki/殿ヶ谷戸庭園","東京都立公園","https://ja.wikipedia.org/wiki/東京都立公園","箇条書き,制限あり","北緯35度41分56.3秒東経139度28分54.6秒","東京都国分寺市南町二丁目","21,123.59m2","","公式ホームページ","東京都公園協会2011～2015年度指定管理者","都立庭園・名勝","","","集会場（紅葉亭）","","","","","","","1979年4月1日開園","","",""
"浜離宮恩賜庭園","[浜離宮恩賜庭園] 浜離宮恩賜庭園 （はまりきゅう おんし ていえん）は、 東京都 中央区 浜離宮庭園 にある 都立庭園 である。","https://ja.wikipedia.org/wiki/浜離宮恩賜庭園","東京都立公園","https://ja.wikipedia.org/wiki/東京都立公園","箇条書き,制限あり","北緯35度39分36秒東経139度45分49秒","東京都中央区浜離宮庭園","250,215.72m2（約25ヘクタール）","1946年4月1日","公式ホームページ","東京都公園協会2011 - 2015年度指定管理者","都立庭園・特別名勝・特別史跡","","","集会場（芳梅亭・中島の御茶屋）など","","","","","","","","","観光バスと障害者の車両のみ可",""
"向島百花園","[向島百花園] 向島百花園 （むこうじまひゃっかえん）は、 東京都 墨田区 東向島 三丁目にある 都立庭園 で、 江戸時代 に発祥をもつ花園である。みどころは早春の 梅 と秋の 萩 である。 隅田川七福神 の発祥の地であり 佐原鞠塢 が所有していた、ともいわれる「 福禄寿 」が祭られている。","https://ja.wikipedia.org/wiki/向島百花園","東京都立公園","https://ja.wikipedia.org/wiki/東京都立公園","箇条書き,制限あり","北緯35度43分27.1秒東経139度48分55.6秒","東京都墨田区東向島三丁目","8,718.52m2","","公式ホームページ","東京都公園協会2011～2015年度指定管理者","都立庭園・名勝・史跡","","","集会場（御成座敷）","","","","","","","1939年7月8日開園","","",""
"六義園","[六義園] 六義園 （りくぎえん）は、 東京都 文京区 本駒込 六丁目にある 都立庭園 。","https://ja.wikipedia.org/wiki/六義園","東京都立公園","https://ja.wikipedia.org/wiki/東京都立公園","箇条書き,制限あり","北緯35度43分59.0秒東経139度44分48.0秒","東京都文京区本駒込六丁目","87,809.41m2","","公式ホームページ","東京都公園協会2011～2015年度指定管理者","都立庭園・特別名勝","","","集会場（心泉亭）、茶室（宣春亭）","","","","","","","1938年10月13日開園","","",""
"青山公園","[青山公園] 青山公園 （あおやまこうえん）は、 東京都 港区 にある 都立公園 （総合公園）である。","https://ja.wikipedia.org/wiki/青山公園","東京都立公園","https://ja.wikipedia.org/wiki/東京都立公園","箇条書き,制限あり","北緯35度39分49秒東経139度43分29秒","日本東京都港区","38,465.49m2","1970年（昭和45年）6月1日","公式サイト","東京都公園協会2011～2015年度指定管理者","総合公園","","","","","","","","","","","","なし",""
"東京都立赤塚公園","[赤塚公園] 東京都立赤塚公園 （とうきょうとりつあかつかこうえん）は、 東京都 板橋区 にある 都立公園 （ 風致公園 ）。 赤塚城 の旧跡のある城跡地区、運動施設を中心とする中央地区、自然林に覆われた丘陵地などの変化に富んだ園地が、 高島平 団地と 首都高速5号池袋線 に沿って東西に連なっている。","https://ja.wikipedia.org/wiki/東京都立赤塚公園","東京都立公園","https://ja.wikipedia.org/wiki/東京都立公園","箇条書き,制限あり","北緯35度47分5.7秒東経139度39分23.4秒","東京都板橋区高島平3-1","開園面積 250,466.84m2計画面積 約321,000m2","1974年6月1日","","東京都公園協会2011～2015年度指定管理者","特殊公園（風致公園）","","","野球場、テニスコート、競技場ほか","","","","","","","昭和32年12月21日建設省告示第1689号、（変更）平成11年2月26日東京都告示第184号","","62台（有料）",""
