"タイトル","コメント","URL","親リストタイトル","親リストURL","一覧抽出方法","座標","所在地","登録回","登録日","開駅日","外部リンク","登録路線","営業時間","公式サイト","事務所","事務所所在地","分類","面積","前身","開園","運営者","所属路線","本線標識の表記","起点からの距離","供用開始日"
"道の駅日義木曽駒高原","ひよしきそこまこうげん日義木曽駒高原（ひよしきそこまこうげん）木曽郡木曽町国道19号長野-04(南-01)","https://ja.wikipedia.org/wiki/道の駅日義木曽駒高原","道の駅一覧_中部地方","https://ja.wikipedia.org/wiki/道の駅一覧_中部地方","表形式","北緯35度51分59秒東経137度44分24秒","〒399-6101長野県木曽郡木曽町日義4730-3","第1回（20026）","1993年4月22日","不明","国土交通省案内ページ全国道の駅連絡会ページ公式ウェブサイト","国道19号","8:30 - 17:30","","","","","","","","","","","",""
"道の駅大桑","おおくわ大桑（おおくわ）木曽郡大桑村国道19号長野-05(南-02)","https://ja.wikipedia.org/wiki/道の駅大桑","道の駅一覧_中部地方","https://ja.wikipedia.org/wiki/道の駅一覧_中部地方","表形式","北緯35度40分55秒東経137度39分12秒","〒339-5504長野県木曽郡大桑村大字野尻160-27","第1回（20027）","1993年4月22日","2006年4月","国土交通省案内ページ全国道の駅連絡会ページ公式ウェブサイト","国道19号","9:00 - 18:00（木楽舎）11:30 - 20:00（きらく）","","","","","","","","","","","",""
"道の駅奈良井木曽の大橋","ならいきそのおおはし奈良井木曽の大橋（ならいきそのおおはし）塩尻市国道19号長野-06(南-03)","https://ja.wikipedia.org/wiki/道の駅奈良井木曽の大橋","道の駅一覧_中部地方","https://ja.wikipedia.org/wiki/道の駅一覧_中部地方","表形式","北緯35度57分57秒東経137度48分52秒","〒399-6303長野県塩尻市大字奈良井1346の3","第1回（20028）","1993年4月22日","不明","国土交通省案内ページ全国道の駅連絡会ページ","国道19号","9:00 - 17:00","","","","","","","","","","","",""
"道の駅信州平谷","しんしゅうひらや信州平谷（しんしゅうひらや）下伊那郡平谷村国道153号長野-07(南-04)","https://ja.wikipedia.org/wiki/道の駅信州平谷","道の駅一覧_中部地方","https://ja.wikipedia.org/wiki/道の駅一覧_中部地方","表形式","北緯35度19分28秒東経137度37分54秒","〒395-0601長野県下伊那郡平谷村252","第6回（20029）","1994年8月4日","1995年12月18日[1]","国土交通省案内ページ全国道の駅連絡会ページ","国道153号","8:30 - 18:008:30 - 17:00（冬季）","","","","","","","","","","","",""
"道の駅信濃路下條","しなのじしもじょう信濃路下條（しなのじしもじょう）下伊那郡下條村国道151号長野-12(南-05)","https://ja.wikipedia.org/wiki/道の駅信濃路下條","道の駅一覧_中部地方","https://ja.wikipedia.org/wiki/道の駅一覧_中部地方","表形式","北緯35度25分02秒東経137度47分41秒","〒399-2101長野県下伊那郡下條村睦沢2514-2","第9回（20030）","1995年8月3日","1996年4月22日[2]","国土交通省案内ページ全国道の駅連絡会ページ公式ウェブサイト","国道151号","9:00 - 18:009:00 - 17:00（冬季のみ）","","","","","","","","","","","",""
"道の駅南アルプスむら長谷","みなみあるぷすむらはせ南アルプスむら長谷（みなみアルプスむらはせ）伊那市国道152号長野-14(南-06)","https://ja.wikipedia.org/wiki/道の駅南アルプスむら長谷","道の駅一覧_中部地方","https://ja.wikipedia.org/wiki/道の駅一覧_中部地方","表形式","北緯35度48分35秒東経138度05分01秒","〒396-0401長野県伊那市長谷非持1400番地","第12回（20031）","1997年4月11日","不明","国土交通省案内ページ全国道の駅連絡会ページ","国道152号","9:00 - 17:30（4 - 11月）9:00 - 17:00（12 - 3月）","","","","","","","","","","","",""
"道の駅木曽ならかわ","きそならかわ木曽ならかわ（きそならかわ）塩尻市国道19号長野-26(南-07)","https://ja.wikipedia.org/wiki/道の駅木曽ならかわ","道の駅一覧_中部地方","https://ja.wikipedia.org/wiki/道の駅一覧_中部地方","表形式","北緯35度59分10秒東経137度50分33秒","〒399-6302長野県塩尻市大字木曽平沢2272-7","第15回（20032）","1999年8月27日","不明","国土交通省案内ページ全国道の駅連絡会ページ公式ウェブサイト","国道19号","9:00 - 17:0010:00 - 16:00（冬期）","","","","","","","","","","","",""
"道の駅三岳","みたけ三岳（みたけ）木曽郡木曽町県道20号開田三岳福島線長野-27(南-08)","https://ja.wikipedia.org/wiki/道の駅三岳","道の駅一覧_中部地方","https://ja.wikipedia.org/wiki/道の駅一覧_中部地方","表形式","北緯35度49分21秒東経137度38分53秒","〒397-0101長野県木曽郡木曽町三岳10491-9","第15回（20033）","1999年8月27日","不明","国土交通省案内ページ全国道の駅連絡会ページ","長野県道20号","8:00 - 17:00","","","","","","","","","","","",""
"道の駅信州新野千石平","しんしゅうにいのせんごくだいら信州新野千石平（しんしゅうにいのせんごくだいら）下伊那郡阿南町国道151号長野-30(南-09)","https://ja.wikipedia.org/wiki/道の駅信州新野千石平","道の駅一覧_中部地方","https://ja.wikipedia.org/wiki/道の駅一覧_中部地方","表形式","北緯35度15分27秒東経137度44分44秒","〒399-1612長野県下伊那郡阿南町新野2700","第16回（20034）","2000年8月18日","2001年4月20日","国土交通省案内ページ全国道の駅連絡会ページ公式ウェブサイト","国道151号","8:00 - 18:00","","","","","","","","","","","",""
"道の駅花の里いいじま","はなのさといいじま花の里いいじま（はなのさといいじま）上伊那郡飯島町県道15号飯島飯田線長野-32(南-10)","https://ja.wikipedia.org/wiki/道の駅花の里いいじま","道の駅一覧_中部地方","https://ja.wikipedia.org/wiki/道の駅一覧_中部地方","表形式","北緯35度39分42秒東経137度54分36秒","〒399-3705長野県上伊那郡飯島町七久保2252","第18回（20035）","2002年8月13日","2002年8月2日[1]","国土交通省案内ページ全国道の駅連絡会ページ公式ウェブサイト","長野県道15号","9:00 - 18:30（4月 - 10月）9:00 - 17:30（11月 - 3月）","","","","","","","","","","","",""
"道の駅遠山郷","とおやまごう遠山郷（とおやまごう）飯田市国道152号長野-36(南-11)","https://ja.wikipedia.org/wiki/道の駅遠山郷","道の駅一覧_中部地方","https://ja.wikipedia.org/wiki/道の駅一覧_中部地方","表形式","北緯35度19分17秒東経137度55分51秒","〒399-1311長野県飯田市南信濃和田456","第21回（20036）","2005年8月10日","2005年9月17日","国土交通省案内ページ全国道の駅連絡会ページ公式ウェブサイト","国道152号","10:00 - 21:00","","","","","","","","","","","",""
"道の駅木曽福島","きそふくしま木曽福島（きそふくしま）木曽郡木曽町国道19号長野-40(南-12)","https://ja.wikipedia.org/wiki/道の駅木曽福島","道の駅一覧_中部地方","https://ja.wikipedia.org/wiki/道の駅一覧_中部地方","表形式","北緯35度49分01秒東経137度40分56秒","〒397-0001木曽郡木曽町福島4061-1","第34回（20040）","2010年8月9日","2010年11月1日[1]","国土交通省案内ページ全国道の駅連絡会ページ公式ウェブサイト","国道19号","8:00 - 19:00","","","","","","","","","","","",""
"道の駅木曽川源流の里 きそむら","きそがわげんりゅうのさときそむら木曽川源流の里 きそむら（きそがわげんりゅうのさときそむら）木曽郡木祖村国道19号長野-41(南-13)","https://ja.wikipedia.org/wiki/道の駅木曽川源流の里_きそむら","道の駅一覧_中部地方","https://ja.wikipedia.org/wiki/道の駅一覧_中部地方","表形式","北緯35度55分50.5秒東経137度47分8.8秒","〒399-6201長野県木曽郡木祖村薮原163-1","第34回（20041）","2010年8月9日","2010年11月5日","国土交通省案内ページ全国道の駅連絡会ページ公式ウェブサイト","国道19号","7:00 - 19:00","","","","","","","","","","","",""
"道の駅田切の里","たぎりのさと田切の里（たぎりのさと）上伊那郡飯島町国道153号長野-43(南-14)","https://ja.wikipedia.org/wiki/道の駅田切の里","道の駅一覧_中部地方","https://ja.wikipedia.org/wiki/道の駅一覧_中部地方","表形式","北緯35度41分25秒東経137度56分25秒","〒399-3701長野県上伊那郡飯島町田切2598-1","第45回（20043）","2016年5月10日","2016年7月16日[1]","国土交通省案内ページ全国道の駅連絡会ページ公式ウェブサイト","国道153号","9:00 - 18:00（売店）","","","","","","","","","","","",""
"道の駅南信州とよおかマルシェ","みなみしんしゅうとよおかマルシェ南信州とよおかマルシェ（みなみしんしゅうとよおかマルシェ）下伊那郡豊丘村村道竜東一貫道路長野-46(南-15)","https://ja.wikipedia.org/wiki/道の駅南信州とよおかマルシェ","道の駅一覧_中部地方","https://ja.wikipedia.org/wiki/道の駅一覧_中部地方","表形式","北緯35度32分39.7秒東経137度53分28.1秒","〒399-3202長野県下伊那郡豊丘村大字神稲12410","第48回（20046）","2017年11月17日","2018年4月27日[1][2]","国土交通省案内ページ全国道の駅連絡会ページ公式ウェブサイト","村道竜東一貫道路","","","","","","","","","","","","",""
"信州大芝高原","おおしばこうげん大芝高原（おおしばこうげん）上伊那郡南箕輪村村道3134号長野-47(南-16)","https://ja.wikipedia.org/wiki/信州大芝高原#道の駅大芝高原","道の駅一覧_中部地方","https://ja.wikipedia.org/wiki/道の駅一覧_中部地方","表形式","北緯35度53分16秒東経137度56分35秒","日本長野県上伊那郡南箕輪村2358-5","","","","","","","oshiba.jp","南箕輪村開発公社","長野県上伊那郡南箕輪村2358-5","","","","","","","","",""
"道の駅南信州 うるぎ","みなみしんしゅううるぎ南信州 うるぎ（みなみしんしゅううるぎ）下伊那郡売木村県道46号阿南根羽線長野-48(南-17)","https://ja.wikipedia.org/wiki/道の駅南信州_うるぎ","道の駅一覧_中部地方","https://ja.wikipedia.org/wiki/道の駅一覧_中部地方","表形式","北緯35度16分26秒東経137度42分34.9秒","〒399-1601長野県下伊那郡売木村543-1","第49回（20048）","2018年4月25日","2018年11月1日[1][2]","国土交通省案内ページ全国道の駅連絡会ページ","長野県道46号阿南根羽線","9:00 - 16:00","","","","","","","","","","","",""
"道の駅歌舞伎の里大鹿","かぶきのさとおおしか歌舞伎の里大鹿（かぶきのさとおおしか）下伊那郡大鹿村国道152号長野-49(南-18)","https://ja.wikipedia.org/wiki/道の駅歌舞伎の里大鹿","道の駅一覧_中部地方","https://ja.wikipedia.org/wiki/道の駅一覧_中部地方","表形式","北緯35度33分54.3秒東経138度2分13.7秒","〒399-3502長野県下伊那郡大鹿村大字大河原390","第49回（20049）","2018年4月25日","2018年8月9日[1]","国土交通省案内ページ全国道の駅連絡会ページ公式ウェブサイト","国道152号","7:00 - 19:00","","","","","","","","","","","",""
"道の駅美並","みなみ0美並（みなみ）郡上市国道156号岐阜-01","https://ja.wikipedia.org/wiki/道の駅美並","道の駅一覧_中部地方","https://ja.wikipedia.org/wiki/道の駅一覧_中部地方","表形式","北緯35度36分33秒東経136度56分36秒","〒501-4101岐阜県郡上市美並町上田2817","第1回（21001）","1993年4月22日","不明","国土交通省案内ページ全国道の駅連絡会ページ公式ウェブサイト","国道156号","9:00 - 18:00（3月 - 11月）9:00 - 17:30（12月 - 2月）","","","","","","","","","","","",""
"道の駅パスカル清見","ぱすかるきよみパスカル清見（パスカルきよみ）高山市国道257号岐阜-02現在の接続路線は国道472号","https://ja.wikipedia.org/wiki/道の駅パスカル清見","道の駅一覧_中部地方","https://ja.wikipedia.org/wiki/道の駅一覧_中部地方","表形式","北緯35度56分25秒東経137度04分58秒","〒509-2702岐阜県高山市清見町大原858-1","第1回（21002）","1993年4月22日","不明","国土交通省案内ページ全国道の駅連絡会ページ公式ウェブサイト","国道257号","9:00 - 18:00","","","","","","","","","","","",""
"道の駅明宝","めいほうするすみのさとこうえん明宝（磨墨の里公園）（めいほう するすみのさとこうえん）郡上市国道472号岐阜-03","https://ja.wikipedia.org/wiki/道の駅明宝","道の駅一覧_中部地方","https://ja.wikipedia.org/wiki/道の駅一覧_中部地方","表形式","北緯35度50分44秒東経137度01分44秒","〒501-4301岐阜県郡上市明宝大谷1015","第1回（21003）","1993年4月22日","1989年12月","国土交通省案内ページ全国道の駅連絡会ページ公式ウェブサイト","国道472号","8:00 - 18:00","","","","","","","","","","","",""
"道の駅花街道付知","はなかいどうつけち花街道付知（はなかいどうつけち）中津川市国道256号岐阜-04","https://ja.wikipedia.org/wiki/道の駅花街道付知","道の駅一覧_中部地方","https://ja.wikipedia.org/wiki/道の駅一覧_中部地方","表形式","北緯35度38分34秒東経137度26分30秒","〒508-0351岐阜県中津川市付知町8581-1","第1回（21004）","1993年4月22日","不明","国土交通省案内ページ全国道の駅連絡会ページ公式ウェブサイト","国道256号","9:00 - 18:00","","","","","","","","","","","",""
"道の駅美濃白川","みのしらかわ美濃白川（みのしらかわ）加茂郡白川町国道41号岐阜-05","https://ja.wikipedia.org/wiki/道の駅美濃白川","道の駅一覧_中部地方","https://ja.wikipedia.org/wiki/道の駅一覧_中部地方","表形式","北緯35度36分15秒東経137度10分26秒","〒509-1107岐阜県加茂郡白川町河東3500-1","第1回（21005）","1993年4月22日","不明","国土交通省案内ページ全国道の駅連絡会ページ公式ウェブサイト","国道41号","9:00 - 18:00","","","","","","","","","","","",""
"道の駅ラステンほらど","らすてんほらどラステンほらど関市国道256号岐阜-06","https://ja.wikipedia.org/wiki/道の駅ラステンほらど","道の駅一覧_中部地方","https://ja.wikipedia.org/wiki/道の駅一覧_中部地方","表形式","北緯35度35分47秒東経136度47分54秒","〒501-2814岐阜県関市洞戸菅谷545","第4回（21006）","1994年3月31日","不明","国土交通省案内ページ全国道の駅連絡会ページ","国道256号","9:00 - 17:00（情報館）8:00 - 17:00（物産館）","","","","","","","","","","","",""
"道の駅白山文化の里長滝","はくさんぶんかのさとながたき白山文化の里長滝（はくさんぶんかのさとながたき）郡上市国道156号岐阜-07","https://ja.wikipedia.org/wiki/道の駅白山文化の里長滝","道の駅一覧_中部地方","https://ja.wikipedia.org/wiki/道の駅一覧_中部地方","表形式","北緯35度55分24秒東経136度49分55秒","〒501-5104岐阜県郡上市白鳥町長滝402番地19","第4回（21007）","1994年3月31日","不明","国土交通省案内ページ全国道の駅連絡会ページ公式ウェブサイト","国道156号","7:00 - 18:00（4月中旬 - 11月）8:30 - 18:00（12月 - 4月中旬）","","","","","","","","","","","",""
"道の駅奥飛騨温泉郷上宝","おくひだおんせんごうかみたから奥飛騨温泉郷上宝（おくひだおんせんごうかみたから）高山市国道471号岐阜-08","https://ja.wikipedia.org/wiki/道の駅奥飛騨温泉郷上宝","道の駅一覧_中部地方","https://ja.wikipedia.org/wiki/道の駅一覧_中部地方","表形式","北緯36度14分56秒東経137度29分59秒","〒506-1427岐阜県高山市奥飛騨温泉郷田頃家11番地1","第5回（21008）","1994年4月26日","不明","国土交通省案内ページ全国道の駅連絡会ページ公式ウェブサイト","国道471号","9:00 - 17:00（4 - 11月）9:00 - 16:30（12 - 3月）","","","","","","","","","","","",""
"道の駅賤母","しずも賤母（しずも）中津川市国道19号岐阜-09指定当初の所在地は長野県木曽郡山口村","https://ja.wikipedia.org/wiki/道の駅賤母","道の駅一覧_中部地方","https://ja.wikipedia.org/wiki/道の駅一覧_中部地方","表形式","北緯35度35分10秒東経137度33分02秒","〒508-0501岐阜県中津川市山口1-14","第6回（21045）","1994年8月4日","不明","国土交通省案内ページ全国道の駅連絡会ページ公式ウェブサイト","国道19号","8:30 - 18:008:30 - 16:30（水曜日）","","","","","","","","","","","",""
"道の駅ロック・ガーデンひちそう","ろっくがーでんひちそうロック・ガーデンひちそう加茂郡七宗町国道41号岐阜-10","https://ja.wikipedia.org/wiki/道の駅ロック・ガーデンひちそう","道の駅一覧_中部地方","https://ja.wikipedia.org/wiki/道の駅一覧_中部地方","表形式","北緯35度32分02秒東経137度06分52秒","〒509-0403岐阜県加茂郡七宗町中麻生1176-3","第8回（21009）","1995年4月11日","1997年4月","国土交通省案内ページ全国道の駅連絡会ページ","国道41号","9:00 - 18:00","","","","","","","","","","","",""
"道の駅星のふる里ふじはし","ほしのふるさとふじはし星のふる里ふじはし（ほしのふるさとふじはし）揖斐郡揖斐川町国道303号岐阜-11","https://ja.wikipedia.org/wiki/道の駅星のふる里ふじはし","道の駅一覧_中部地方","https://ja.wikipedia.org/wiki/道の駅一覧_中部地方","表形式","北緯35度34分38秒東経136度27分47秒","〒501-0804岐阜県揖斐郡揖斐川町東横山264番地1","第8回（21010）","1995年4月11日","1996年6月","国土交通省案内ページ全国道の駅連絡会ページ公式ウェブサイト","国道303号","9:30 - 18:00","","","","","","","","","","","",""
"道の駅白川郷","しらかわごう白川郷（しらかわごう）大野郡白川村国道156号岐阜-12","https://ja.wikipedia.org/wiki/道の駅白川郷","道の駅一覧_中部地方","https://ja.wikipedia.org/wiki/道の駅一覧_中部地方","表形式","北緯36度16分44秒東経136度54分06秒","〒501-5625岐阜県大野郡白川村飯島41-1","第8回（21011）","1995年4月11日","1996年4月26日[1]","国土交通省案内ページ全国道の駅連絡会ページ公式ウェブサイト","国道156号","8:30 - 17:00","","","","","","","","","","","",""
"道の駅平成","へいせい平成（へいせい）関市県道58号関金山線岐阜-13","https://ja.wikipedia.org/wiki/道の駅平成","道の駅一覧_中部地方","https://ja.wikipedia.org/wiki/道の駅一覧_中部地方","表形式","北緯35度33分08秒東経136度59分50秒","〒501-3521岐阜県関市下之保2503-2","第10回（21012）","1996年4月16日","1996年[1]","国土交通省案内ページ全国道の駅連絡会ページ公式ウェブサイト","岐阜県道58号","9:00 - 18:009:00 - 17：00（12月、1月）","","","","","","","","","","","",""
"道の駅アルプ飛騨古川","あるぷひだふるかわアルプ飛騨古川（アルプひだふるかわ）飛騨市国道41号岐阜-14","https://ja.wikipedia.org/wiki/道の駅アルプ飛騨古川","道の駅一覧_中部地方","https://ja.wikipedia.org/wiki/道の駅一覧_中部地方","表形式","北緯36度13分14秒東経137度11分32秒","〒509-4254岐阜県飛騨市古川町上町1348-2","第10回（21013）","1996年4月16日","不明","国土交通省案内ページ全国道の駅連絡会ページ","国道41号","9:00 - 17:00（4 - 10月）9:00 - 16:00（11 - 3月）","","","","","","","","","","","",""
"道の駅飛騨金山ぬく森の里温泉","ひだかなやまぬくもりのさとおんせん飛騨金山ぬく森の里温泉（ひだかなやまぬくもりのさとおんせん）下呂市国道256号岐阜-15","https://ja.wikipedia.org/wiki/道の駅飛騨金山ぬく森の里温泉","道の駅一覧_中部地方","https://ja.wikipedia.org/wiki/道の駅一覧_中部地方","表形式","北緯35度40分09秒東経137度08分50秒","〒509-1622岐阜県下呂市金山町金山911-1","第12回（21014）","1997年4月11日","不明","国土交通省案内ページ全国道の駅連絡会ページ公式ウェブサイト","国道256号","7:00 - 21:00","","","","","","","","","","","",""
"道の駅上矢作ラ・フォーレ福寿の里","かみやはぎラ・フォーレふくじゅのさと上矢作ラ・フォーレ福寿の里（かみやはぎラ・フォーレふくじゅのさと）恵那市国道257号岐阜-16","https://ja.wikipedia.org/wiki/道の駅上矢作ラ・フォーレ福寿の里","道の駅一覧_中部地方","https://ja.wikipedia.org/wiki/道の駅一覧_中部地方","表形式","北緯35度19分25秒東経137度28分18秒","〒509-7501岐阜県恵那市上矢作町3566-1","第12回（21015）","1997年4月11日","不明","国土交通省案内ページ全国道の駅連絡会ページ","国道257号","9:30 - 17:30","","","","","","","","","","","",""
"道の駅モンデウス飛騨位山","もんでうすひだくらいやまモンデウス飛騨位山（モンデウスひだくらいやま）高山市県道98号宮萩原線岐阜-17","https://ja.wikipedia.org/wiki/道の駅モンデウス飛騨位山","道の駅一覧_中部地方","https://ja.wikipedia.org/wiki/道の駅一覧_中部地方","表形式","北緯36度03分43秒東経137度13分35秒","〒509-3505岐阜県高山市一之宮町7846-1","第12回（21016）","1997年4月11日","不明","国土交通省案内ページ全国道の駅連絡会ページ公式ウェブサイト","岐阜県道98号","9:00 - 17:00","","","","","","","","","","","",""
"道の駅南飛騨小坂","みなみひだおさかはなもも南飛騨小坂はなもも（みなみひだおさかはなもも）下呂市県道437号湯屋温泉線岐阜-18","https://ja.wikipedia.org/wiki/道の駅南飛騨小坂","道の駅一覧_中部地方","https://ja.wikipedia.org/wiki/道の駅一覧_中部地方","表形式","北緯35度55分53秒東経137度17分40秒","〒509-3114岐阜県下呂市小坂町赤沼田811-1","第13回（21017）","1997年10月22日","不明","国土交通省案内ページ全国道の駅連絡会ページ公式ウェブサイト","岐阜県道437号","8:00 - 17:008:30 - 16:30（冬季）","","","","","","","","","","","",""
"道の駅夢さんさん谷汲","ゆめさんさんたにぐみ夢さんさん谷汲（ゆめさんさんたにぐみ）揖斐郡揖斐川町県道40号山東本巣線岐阜-19","https://ja.wikipedia.org/wiki/道の駅夢さんさん谷汲","道の駅一覧_中部地方","https://ja.wikipedia.org/wiki/道の駅一覧_中部地方","表形式","北緯35度31分52秒東経136度35分11秒","〒501-1314岐阜県揖斐郡揖斐川町谷汲名礼1766-27","第14回（21018）","1998年4月17日","不明","国土交通省案内ページ全国道の駅連絡会ページ","岐阜県道40号山東本巣線","10:00 - 16:00","","","","","","","","","","","",""
"道の駅土岐美濃焼街道","ときみのやきかいどうどんぶりかいかん土岐美濃焼街道どんぶり会館（ときみのやきかいどうどんぶりかいかん）土岐市県道66号多治見恵那線岐阜-20","https://ja.wikipedia.org/wiki/道の駅土岐美濃焼街道","道の駅一覧_中部地方","https://ja.wikipedia.org/wiki/道の駅一覧_中部地方","表形式","北緯35度20分10秒東経137度13分24秒","〒509-5403岐阜県土岐市肥田町肥田286-15","第14回（21019）","1998年4月17日","不明","国土交通省案内ページ全国道の駅連絡会ページ公式ウェブサイト","岐阜県道66号","9:00 - 18:00","","","","","","","","","","","",""
"道の駅富有柿の里いとぬき","ふゆうがきのさといとぬき富有柿の里いとぬき（ふゆうがきのさといとぬき）本巣市国道157号岐阜-21","https://ja.wikipedia.org/wiki/道の駅富有柿の里いとぬき","道の駅一覧_中部地方","https://ja.wikipedia.org/wiki/道の駅一覧_中部地方","表形式","北緯35度28分21秒東経136度40分34秒","〒501-0401岐阜県本巣市上保18-2","第15回（21020）","1999年8月27日","2000年4月","国土交通省案内ページ全国道の駅連絡会ページ","国道157号","9:00 - 17:00","","","","","","","","","","","",""
"道の駅ななもり清見","ななもり清見（ななもりきよみ）高山市国道158号岐阜-22","https://ja.wikipedia.org/wiki/道の駅ななもり清見","道の駅一覧_中部地方","https://ja.wikipedia.org/wiki/道の駅一覧_中部地方","表形式","北緯36度08分02秒東経137度09分59秒","〒506-0101岐阜県高山市清見町牧ヶ洞2145","第15回（21021）","1999年8月27日","2000年3月","国土交通省案内ページ全国道の駅連絡会ページ公式ウェブサイト","国道158号","施設を参照","","","","","","","","","","","",""
"道の駅きりら坂下","きりら坂下（きりらさかした）中津川市国道256号岐阜-23","https://ja.wikipedia.org/wiki/道の駅きりら坂下","道の駅一覧_中部地方","https://ja.wikipedia.org/wiki/道の駅一覧_中部地方","表形式","北緯35度34分13.6秒東経137度32分4.4秒","〒509-9232岐阜県中津川市坂下450-2","第15回（21022）","1999年8月27日","1993年2月23日","国土交通省案内ページ全国道の駅連絡会ページ公式ウェブサイト","国道256号","8:30 - 21:00","","","","","","","","","","","",""
"道の駅クレール平田","くれーるひらたクレール平田（クレールひらた）海津市県道23号北方多度線岐阜-24","https://ja.wikipedia.org/wiki/道の駅クレール平田","道の駅一覧_中部地方","https://ja.wikipedia.org/wiki/道の駅一覧_中部地方","表形式","北緯35度16分29秒東経136度40分16秒","〒503-0303岐阜県海津市平田町野寺2357-2","第15回（21023）","1999年8月27日","2000年1月13日","国土交通省案内ページ全国道の駅連絡会ページ公式ウェブサイト","岐阜県道23号北方多度線","8:00 - 19:00","","","","","","","","","","","",""
"道の駅馬瀬 美輝の里","まぜみきのさと馬瀬 美輝の里（まぜみきのさと）下呂市県道431号下山名丸線岐阜-25","https://ja.wikipedia.org/wiki/道の駅馬瀬_美輝の里","道の駅一覧_中部地方","https://ja.wikipedia.org/wiki/道の駅一覧_中部地方","表形式","北緯35度49分12秒東経137度11分15秒","〒509-2615岐阜県下呂市馬瀬西村1450","第15回（21024）","1999年8月27日","不明","国土交通省案内ページ全国道の駅連絡会ページ公式ウェブサイト","岐阜県道431号","10:00 - 20:00","","","","","","","","","","","",""
"道の駅飛騨街道なぎさ","ひだかいどうなぎさ飛騨街道 なぎさ（ひだかいどうなぎさ）高山市国道41号岐阜-26","https://ja.wikipedia.org/wiki/道の駅飛騨街道なぎさ","道の駅一覧_中部地方","https://ja.wikipedia.org/wiki/道の駅一覧_中部地方","表形式","北緯36度00分25秒東経137度17分30秒","〒509-3213岐阜県高山市久々野町渚2685番地","第16回（21025）","2000年8月18日","不明","国土交通省案内ページ全国道の駅連絡会ページ公式ウェブサイト","国道41号","8:30 - 17:30","","","","","","","","","","","",""
"道の駅ひだ朝日村","ひだあさひむらひだ朝日村（ひだあさひむら）高山市国道361号岐阜-27","https://ja.wikipedia.org/wiki/道の駅ひだ朝日村","道の駅一覧_中部地方","https://ja.wikipedia.org/wiki/道の駅一覧_中部地方","表形式","北緯36度05分17秒東経137度21分03秒","〒509-3325岐阜県高山市朝日町万石150","第16回（21026）","2000年8月18日","不明","国土交通省案内ページ全国道の駅連絡会ページ公式ウェブサイト","国道361号","9:00 - 18:00","","","","","","","","","","","",""
"道の駅そばの郷らっせぃみさと","そばの郷らっせぃみさと（そばのさとらっせいみさと）恵那市県道66号多治見恵那線岐阜-28","https://ja.wikipedia.org/wiki/道の駅そばの郷らっせぃみさと","道の駅一覧_中部地方","https://ja.wikipedia.org/wiki/道の駅一覧_中部地方","表形式","北緯35度24分20秒東経137度21分32秒","〒509-7124岐阜県恵那市三郷町佐々良木1461番地1","第16回（21027）","2000年8月18日","2001年5月2日","国土交通省案内ページ全国道の駅連絡会ページ公式ウェブサイト","岐阜県道66号","9:00 - 19:009:00 - 18:00（冬季のみ）","","","","","","","","","","","",""
"道の駅織部の里もとす","おりべのさともとす織部の里もとす（おりべのさともとす）本巣市国道157号岐阜-29","https://ja.wikipedia.org/wiki/道の駅織部の里もとす","道の駅一覧_中部地方","https://ja.wikipedia.org/wiki/道の駅一覧_中部地方","表形式","北緯35度30分00秒東経136度40分02秒","〒501-1201岐阜県本巣市山口676","第16回","2000年8月18日","2001年4月3日","国土交通省案内ページ全国道の駅連絡会ページ公式ウェブサイト","","9:00 - 18:009:00 - 17:00（冬季のみ）","","","","","","","","","","","",""
"道の駅飛騨たかね工房","ひだたかねこうぼう飛騨たかね工房（ひだたかねこうぼう）高山市国道361号岐阜-30","https://ja.wikipedia.org/wiki/道の駅飛騨たかね工房","道の駅一覧_中部地方","https://ja.wikipedia.org/wiki/道の駅一覧_中部地方","表形式","北緯36度02分49秒東経137度26分25秒","〒509-3416岐阜県高山市高根町中洞767-1","第17回（21029）","2001年8月21日","不明","国土交通省案内ページ全国道の駅連絡会ページ公式ウェブサイト","国道361号","9:00 - 18:00","","","","","","","","","","","",""
"道の駅大日岳","だいにちだけ大日岳（だいにちだけ）郡上市国道156号岐阜-31","https://ja.wikipedia.org/wiki/道の駅大日岳","道の駅一覧_中部地方","https://ja.wikipedia.org/wiki/道の駅一覧_中部地方","表形式","北緯35度59分15秒東経136度53分28秒","〒501-5305岐阜県郡上市高鷲町西洞3628-5","第17回（21030）","2001年8月21日","不明","国土交通省案内ページ全国道の駅連絡会ページ","国道156号","9:00 - 17:00","","","","","","","","","","","",""
"道の駅桜の郷 荘川","さくらのさとしょうかわ桜の郷 荘川（さくらのさとしょうかわ）高山市国道158号岐阜-32","https://ja.wikipedia.org/wiki/道の駅桜の郷_荘川","道の駅一覧_中部地方","https://ja.wikipedia.org/wiki/道の駅一覧_中部地方","表形式","北緯36度01分17秒東経136度57分56秒","〒501-5414岐阜県高山市荘川町猿丸82-1","第17回（21031）","2001年8月21日","不明","国土交通省案内ページ全国道の駅連絡会ページ","国道158号","9:00 - 17:00","","","","","","","","","","","",""
"道の駅むげ川","むげ川（むげがわ）関市県道94号岐阜美濃線岐阜-33","https://ja.wikipedia.org/wiki/道の駅むげ川","道の駅一覧_中部地方","https://ja.wikipedia.org/wiki/道の駅一覧_中部地方","表形式","北緯35度30分55秒東経136度51分15秒","〒501-2605岐阜県関市武芸川町跡部1810","第17回（21032）","2001年8月21日","2002年3月26日","国土交通省案内ページ全国道の駅連絡会ページ公式ウェブサイト","岐阜県道94号","8:00 - 17:00（3 - 10月）9:00 - 16:00（11 - 2月）","","","","","","","","","","","",""
"道の駅古今伝授の里やまと","こきんでんじゅのさとやまと古今伝授の里やまと（こきんでんじゅのさとやまと）郡上市県道317号剣大間見白鳥線岐阜-34","https://ja.wikipedia.org/wiki/道の駅古今伝授の里やまと","道の駅一覧_中部地方","https://ja.wikipedia.org/wiki/道の駅一覧_中部地方","表形式","北緯35度48分58秒東経136度54分06秒","〒501-4612岐阜県郡上市大和町剣164","第17回（21033）","2001年8月21日","不明","国土交通省案内ページ全国道の駅連絡会ページ公式ウェブサイト","岐阜県道317号","9:00 - 21:30","","","","","","","","","","","",""
"ぎふ清流里山公園","みのかも美濃加茂市県道342号平成記念公園線岐阜-35東海環状自動車道美濃加茂SAと接続（ハイウェイオアシス）","https://ja.wikipedia.org/wiki/ぎふ清流里山公園","道の駅一覧_中部地方","https://ja.wikipedia.org/wiki/道の駅一覧_中部地方","表形式","","岐阜県美濃加茂市山之上町2292-1","","","","","","","ぎふ清流里山公園","","","都市公園（広域公園）[広報 1]","約84ha[1]","平成記念公園「日本昭和村」","2003年4月16日","岐阜県（指定管理者：ぎふ清流里山公園みらい創造グループ）","","","",""
"道の駅茶の里 東白川","ちゃのさとひがししらかわ茶の里東白川（ちゃのさとひがししらかわ）加茂郡東白川村国道256号岐阜-36","https://ja.wikipedia.org/wiki/道の駅茶の里_東白川","道の駅一覧_中部地方","https://ja.wikipedia.org/wiki/道の駅一覧_中部地方","表形式","北緯35度40分04秒東経137度21分09秒","〒509-1301岐阜県加茂郡東白川村越原1061","第18回（21035）","2002年8月13日","2003年4月6日","国土交通省案内ページ全国道の駅連絡会ページ公式ウェブサイト","国道256号","9:00 - 17:00","","","","","","","","","","","",""
"道の駅和良","わら和良（わら）郡上市国道256号岐阜-37国道からはやや離れた市道沿いに立地","https://ja.wikipedia.org/wiki/道の駅和良","道の駅一覧_中部地方","https://ja.wikipedia.org/wiki/道の駅一覧_中部地方","表形式","北緯35度44分33秒東経137度04分04秒","〒501-4507岐阜県郡上市和良町宮地1155","第18回（21036）","2002年8月13日","不明","国土交通省案内ページ全国道の駅連絡会ページ","国道256号","8:00 - 17:00","","","","","","","","","","","",""
"道の駅うすずみ桜の里・ねお","うすずみ桜の里・ねお（うすずみさくらのさとねお）本巣市国道157号岐阜-38","https://ja.wikipedia.org/wiki/道の駅うすずみ桜の里・ねお","道の駅一覧_中部地方","https://ja.wikipedia.org/wiki/道の駅一覧_中部地方","表形式","北緯35度39分37秒東経136度35分21秒","〒501-1531岐阜県本巣市根尾門脇433-3","第18回（21037）","2002年4月16日","2003年4月","国土交通省案内ページ全国道の駅連絡会ページ公式ウェブサイト","国道157号","9:00 - 17:00","","","","","","","","","","","",""
"道の駅志野・織部","しのおりべ志野・織部（しのおりべ）土岐市国道21号岐阜-39","https://ja.wikipedia.org/wiki/道の駅志野・織部","道の駅一覧_中部地方","https://ja.wikipedia.org/wiki/道の駅一覧_中部地方","表形式","北緯35度23分39秒東経137度11分17秒","〒509-5171岐阜県土岐市泉北山町2-13-1","第19回（21038）","2003年8月8日","2004年4月17日","国土交通省案内ページ全国道の駅連絡会ページ公式ウェブサイト","国道21号","9:00 - 18:00","","","","","","","","","","","",""
"道の駅加子母","かしも加子母（かしも）中津川市国道257号岐阜-40","https://ja.wikipedia.org/wiki/道の駅加子母","道の駅一覧_中部地方","https://ja.wikipedia.org/wiki/道の駅一覧_中部地方","表形式","北緯35度42分32秒東経137度22分29秒","〒508-0421岐阜県中津川市加子母3900-29","第19回（21039）","2003年8月8日","2004年8月1日","国土交通省案内ページ全国道の駅連絡会ページ公式ウェブサイト","国道257号","8:30 - 17:00","","","","","","","","","","","",""
"道の駅夜叉ケ池の里さかうち","やしゃがいけのさとさかうち夜叉ヶ池の里さかうち（やしゃがいけのさとさかうち）揖斐郡揖斐川町国道303号岐阜-41","https://ja.wikipedia.org/wiki/道の駅夜叉ケ池の里さかうち","道の駅一覧_中部地方","https://ja.wikipedia.org/wiki/道の駅一覧_中部地方","表形式","北緯35度36分07秒東経136度24分50秒","〒501-0902岐阜県揖斐郡揖斐川町坂内広瀬306","第19回（21040）","2003年8月8日","不明","国土交通省案内ページ全国道の駅連絡会ページ","国道303号","8:30 - 17:00","","","","","","","","","","","",""
"道の駅おばあちゃん市・山岡","おばあちゃん市・山岡（おばあちゃんいちやまおか）恵那市県道33号瑞浪上矢作線岐阜-42","https://ja.wikipedia.org/wiki/道の駅おばあちゃん市・山岡","道の駅一覧_中部地方","https://ja.wikipedia.org/wiki/道の駅一覧_中部地方","表形式","北緯35度19分42秒東経137度18分23秒","〒509-7606岐阜県恵那市山岡町田代1569-169","第19回（21041）","2003年8月8日","2004年4月","国土交通省案内ページ全国道の駅連絡会ページ公式ウェブサイト","岐阜県道33号","9:00 - 18:00","","","","","","","","","","","",""
"道の駅飛騨古川いぶし","ひだふるかわいぶし飛騨古川いぶし（ひだふるかわいぶし）飛騨市県道90号古川清見線岐阜-43","https://ja.wikipedia.org/wiki/道の駅飛騨古川いぶし","道の駅一覧_中部地方","https://ja.wikipedia.org/wiki/道の駅一覧_中部地方","表形式","北緯36度12分50秒東経137度09分02秒","〒509-4265岐阜県飛騨市古川町畦畑2173-1","第19回（21042）","2003年8月8日","2004年4月1日","国土交通省案内ページ全国道の駅連絡会ページ","岐阜県道90号","9:00 - 17:00","","","","","","","","","","","",""
"道の駅月見の里 南濃","つきみのさとなんのう月見の里南濃（つきみのさとなんのう）海津市国道258号岐阜-44","https://ja.wikipedia.org/wiki/道の駅月見の里_南濃","道の駅一覧_中部地方","https://ja.wikipedia.org/wiki/道の駅一覧_中部地方","表形式","北緯35度12分54秒東経136度36分03秒","〒503-0413岐阜県海津市南濃町羽沢673-1","第20回（21043）","2004年8月9日","2004年12月12日","国土交通省案内ページ全国道の駅連絡会ページ公式ウェブサイト","国道258号","8:00 - 19:00","","","","","","","","","","","",""
"道の駅柳津","やないづ柳津（やないづ）岐阜市県道1号岐阜南濃線岐阜-45","https://ja.wikipedia.org/wiki/道の駅柳津","道の駅一覧_中部地方","https://ja.wikipedia.org/wiki/道の駅一覧_中部地方","表形式","北緯35度22分13秒東経136度43分53秒","〒501-6100岐阜県岐阜市柳津町仙右城7696番地1","第20回（21044）","2004年8月9日","2005年2月19日","国土交通省案内ページ全国道の駅連絡会ページ公式ウェブサイト","岐阜県道1号","9:00 - 19:00","","","","","","","","","","","",""
"道の駅五木のやかた・かわうえ","ごぼくのやかたかわうえ五木のやかた・かわうえ（ごぼくのやかたかわうえ）中津川市県道3号福岡坂下線岐阜-46","https://ja.wikipedia.org/wiki/道の駅五木のやかた・かわうえ","道の駅一覧_中部地方","https://ja.wikipedia.org/wiki/道の駅一覧_中部地方","表形式","北緯35度36分09秒東経137度30分07秒","〒509-9201岐阜県中津川市川上1849-3","第21回（21046）","2005年8月10日","2006年4月29日","国土交通省案内ページ全国道の駅連絡会ページ公式ウェブサイト","岐阜県道3号","9:00 - 17:00","","","","","","","","","","","",""
"道の駅宙ドーム・神岡","すかいドームかみおか宙ドーム・神岡（すかいドームかみおか）飛騨市国道471号岐阜-47","https://ja.wikipedia.org/wiki/道の駅宙ドーム・神岡","道の駅一覧_中部地方","https://ja.wikipedia.org/wiki/道の駅一覧_中部地方","表形式","北緯36度19分45秒東経137度18分26秒","〒506-1124岐阜県飛騨市神岡町夕陽ヶ丘6","第21回（21047）","2005年8月10日","2006年4月18日","国土交通省案内ページ全国道の駅連絡会ページ公式ウェブサイト","国道471号","9:00 - 17:009:00 - 19:00（特定日）","","","","","","","","","","","",""
"道の駅白尾ふれあいパーク","しらおふれあいパーク白尾ふれあいパーク（しらおふれあいパーク）郡上市県道82号白鳥明宝線岐阜-48","https://ja.wikipedia.org/wiki/道の駅白尾ふれあいパーク","道の駅一覧_中部地方","https://ja.wikipedia.org/wiki/道の駅一覧_中部地方","表形式","北緯35度53分23秒東経136度53分31秒","〒501-5115岐阜県郡上市白鳥町恩地7-2","第21回（21048）","2005年8月10日","2006年3月28日","国土交通省案内ページ全国道の駅連絡会ページ公式ウェブサイト","岐阜県道82号","7:30 - 18:00（4月 - 10月）8:00 - 17:00（11月 - 3月）","","","","","","","","","","","",""
"道の駅美濃にわか茶屋","みのにわかちゃや美濃にわか茶屋（みのにわかちゃや）美濃市国道156号岐阜-49","https://ja.wikipedia.org/wiki/道の駅美濃にわか茶屋","道の駅一覧_中部地方","https://ja.wikipedia.org/wiki/道の駅一覧_中部地方","表形式","北緯35度33分16秒東経136度54分49秒","〒501-3714岐阜県美濃市曽代214","第24回（21049）","2007年8月10日","2007年9月8日","国土交通省案内ページ全国道の駅連絡会ページ公式ウェブサイト","国道156号","9:00 - 18:00","","","","","","","","","","","",""
"道の駅飛騨白山","ひだはくさん飛騨白山（ひだはくさん）大野郡白川村国道156号岐阜-50","https://ja.wikipedia.org/wiki/道の駅飛騨白山","道の駅一覧_中部地方","https://ja.wikipedia.org/wiki/道の駅一覧_中部地方","表形式","北緯36度10分26秒東経136度54分06秒","〒501-5507岐阜県大野郡白川村平瀬高ダイ516-62","第26回（21050）","2008年4月17日","2008年4月23日","国土交通省案内ページ全国道の駅連絡会ページ公式ウェブサイト","国道156号","8:00 - 17:00（4月 - 11月）9:00 - 16:00（12月 - 3月）","","","","","","","","","","","",""
"道の駅半布里の郷 とみか","はにゅうりのさととみか半布里の郷 とみか（はにゅうりのさととみか）加茂郡富加町国道418号岐阜-51","https://ja.wikipedia.org/wiki/道の駅半布里の郷_とみか","道の駅一覧_中部地方","https://ja.wikipedia.org/wiki/道の駅一覧_中部地方","表形式","北緯35度28分28秒東経136度58分49秒","〒501-3303岐阜県加茂郡富加町羽生2174-1","第32回（21051）","2009年7月31日","2010年4月28日","国土交通省案内ページ全国道の駅連絡会ページ公式ウェブサイト","国道418号","9:00 - 18:00","","","","","","","","","","","",""
"道の駅可児ッテ","かにって可児ッテ（かにッテ）可児市国道21号可児御嵩バイパス岐阜-52","https://ja.wikipedia.org/wiki/道の駅可児ッテ","道の駅一覧_中部地方","https://ja.wikipedia.org/wiki/道の駅一覧_中部地方","表形式","北緯35度25分48秒東経137度06分04秒","〒509-0212岐阜県可児市柿田416-1","第34回（21052）","2010年8月9日","2010年9月18日","国土交通省案内ページ全国道の駅連絡会ページ公式ウェブサイト","国道21号","9:00 - 18:00","","","","","","","","","","","",""
"道の駅池田温泉","いけだおんせん池田温泉（いけだおんせん）揖斐郡池田町県道53号岐阜関ケ原線岐阜-53","https://ja.wikipedia.org/wiki/道の駅池田温泉","道の駅一覧_中部地方","https://ja.wikipedia.org/wiki/道の駅一覧_中部地方","表形式","北緯35度25分10秒東経136度33分34秒","〒503-2428岐阜県揖斐郡池田町片山1953-1","第35回（21053）","2011年3月3日","2011年7月24日","国土交通省案内ページ全国道の駅連絡会ページ公式ウェブサイト","岐阜県道53号","10:00 - 18:00（3 - 10月）10:00 - 17:00（11 - 2月）","","","","","","","","","","","",""
"道の駅清流白川 クオーレの里","せいりゅうしらかわクオーレのさと清流白川 クオーレの里（せいりゅうしらかわクオーレのさと）加茂郡白川町県道62号下呂白川線岐阜-54","https://ja.wikipedia.org/wiki/道の駅清流白川_クオーレの里","道の駅一覧_中部地方","https://ja.wikipedia.org/wiki/道の駅一覧_中部地方","表形式","北緯35度35分44秒東経137度13分08秒","〒509-1104岐阜県加茂郡白川町和泉181-1,97-1","第38回（21054）","2012年9月14日","2012年9月26日","国土交通省案内ページ全国道の駅連絡会ページ公式ウェブサイト","岐阜県道62号","9:00 - 17:00","","","","","","","","","","","",""
"道の駅清流の里しろとり","せいりゅうのさとしろとり清流の里しろとり（せいりゅうのさとしろとり）郡上市国道156号岐阜-55","https://ja.wikipedia.org/wiki/道の駅清流の里しろとり","道の駅一覧_中部地方","https://ja.wikipedia.org/wiki/道の駅一覧_中部地方","表形式","北緯35度52分54秒東経136度51分17秒","〒501-5126岐阜県郡上市白鳥町向小駄良693番地2","第45回（21055）","2016年5月10日","2016年","国土交通省案内ページ全国道の駅連絡会ページ公式ウェブサイト","国道156号・国道158号","8:30 - 18:00[1]","","","","","","","","","","","",""
"道の駅パレットピアおおの","パレットピアおおの揖斐郡大野町県道53号岐阜関ケ原線岐阜-56","https://ja.wikipedia.org/wiki/道の駅パレットピアおおの","道の駅一覧_中部地方","https://ja.wikipedia.org/wiki/道の駅一覧_中部地方","表形式","北緯35度25分55.1秒東経136度37分42.3秒","〒501-0532岐阜県揖斐郡大野町大字下磯313-2","第47回（21056）","2017年4月21日","2018年7月11日[1]","国土交通省案内ページ全国道の駅連絡会ページ公式ウェブサイト","岐阜県道53号岐阜関ケ原線","9:00 - 18:00","","","","","","","","","","","",""
"道の駅富士","ふじ0富士（ふじ）富士市国道1号静岡-01","https://ja.wikipedia.org/wiki/道の駅富士","道の駅一覧_中部地方","https://ja.wikipedia.org/wiki/道の駅一覧_中部地方","表形式","北緯35度08分00秒東経138度38分49秒","〒416-0946静岡県富士市五貫島669-1","第1回（22001）","1993年4月22日","1993年10月29日","国土交通省案内ページ全国道の駅連絡会ページ公式ウェブサイト","国道1号","8:00 - 19:00","","","","","","","","","","","",""
"道の駅くんま水車の里","くんま水車の里（くんますいしゃのさと）浜松市天竜区県道9号天竜東栄線静岡-02","https://ja.wikipedia.org/wiki/道の駅くんま水車の里","道の駅一覧_中部地方","https://ja.wikipedia.org/wiki/道の駅一覧_中部地方","表形式","北緯34度57分44秒東経137度43分59秒","〒431-3641静岡県浜松市天竜区熊1976-1","第8回（22002）","1995年4月11日","1995年4月11日","国土交通省案内ページ全国道の駅連絡会ページ公式ウェブサイト","静岡県道9号天竜東栄線","9:00 - 17:00","","","","","","","","","","","",""
"道の駅花の三聖苑伊豆松崎","はなのさんせいえんいずまつざき花の三聖苑伊豆松崎（はなのさんせいえんいずまつざき）賀茂郡松崎町県道15号下田松崎線静岡-03","https://ja.wikipedia.org/wiki/道の駅花の三聖苑伊豆松崎","道の駅一覧_中部地方","https://ja.wikipedia.org/wiki/道の駅一覧_中部地方","表形式","北緯34度45分28秒東経138度49分32秒","〒410-3604静岡県賀茂郡松崎町大沢20番地の1","第9回（22003）","1995年8月3日","不明","国土交通省案内ページ全国道の駅連絡会ページ公式ウェブサイト","静岡県道15号","9:00 - 17:00","","","","","","","","","","","",""
"道の駅宇津ノ谷峠","うつのやとうげ宇津ノ谷峠（うつのやとうげ）静岡市駿河区藤枝市国道1号静岡-04宇津ノ谷峠を挟んで両側に施設がある","https://ja.wikipedia.org/wiki/道の駅宇津ノ谷峠","道の駅一覧_中部地方","https://ja.wikipedia.org/wiki/道の駅一覧_中部地方","表形式","北緯34度55分32秒東経138度18分03秒","〒421-0105静岡県静岡市駿河区宇津ノ谷82-2","第14回（22004）","1998年4月17日","1999年","国土交通省案内ページ全国道の駅連絡会ページ","国道1号","8:00 - 19:00（3 - 10月）9:00 - 19:00（11 - 2月）","","","","","","","","","","","",""
"道の駅いっぷく処横川","いっぷく処横川（いっぷくどころよこかわ）浜松市天竜区国道362号静岡-05","https://ja.wikipedia.org/wiki/道の駅いっぷく処横川","道の駅一覧_中部地方","https://ja.wikipedia.org/wiki/道の駅一覧_中部地方","表形式","北緯34度54分20秒東経137度52分19秒","〒431-3301静岡県浜松市天竜区横川3085","第14回（22005）","1998年4月17日","不明","国土交通省案内ページ全国道の駅連絡会ページ公式ウェブサイト","国道362号","8:30 - 18:00（4 - 9月）8:30 - 17:00（10 - 3月）","","","","","","","","","","","",""
"道の駅フォーレなかかわね茶茗舘","ふぉーれなかかわねちゃめいかんフォーレなかかわね茶茗舘（フォーレなかかわねちゃめいかん）榛原郡川根本町国道362号静岡-06","https://ja.wikipedia.org/wiki/道の駅フォーレなかかわね茶茗舘","道の駅一覧_中部地方","https://ja.wikipedia.org/wiki/道の駅一覧_中部地方","表形式","北緯35度04分14秒東経138度06分28秒","〒428-0312静岡県榛原郡川根本町水川71-1","第14回（22006）","1998年4月17日","1994年","国土交通省案内ページ全国道の駅連絡会ページ","国道362号","9:00 - 16:30","","","","","","","","","","","",""
"道の駅天城越え","あまぎごえ天城越え（あまぎごえ）伊豆市国道414号静岡-07","https://ja.wikipedia.org/wiki/道の駅天城越え","道の駅一覧_中部地方","https://ja.wikipedia.org/wiki/道の駅一覧_中部地方","表形式","北緯34度51分21秒東経138度55分20秒","〒410-3206静岡県伊豆市湯ヶ島892-6","第14回（22007）","1998年4月17日","不明","国土交通省案内ページ全国道の駅連絡会ページ","国道414号","8:30 - 16:30","","","","","","","","","","","",""
"道の駅奥大井音戯の郷","おくおおいおとぎのさと奥大井音戯の郷（おくおおいおとぎのさと）榛原郡川根本町県道77号川根寸又峡線静岡-08千頭駅に隣接","https://ja.wikipedia.org/wiki/道の駅奥大井音戯の郷","道の駅一覧_中部地方","https://ja.wikipedia.org/wiki/道の駅一覧_中部地方","表形式","北緯35度06分26秒東経138度08分10秒","〒428-0411静岡県榛原郡川根本町千頭1217-2","第14回（22008）","1998年4月17日","1998年","国土交通省案内ページ全国道の駅連絡会ページ公式ウェブサイト","静岡県道77号","10:00 - 16:30","","","","","","","","","","","",""
"道の駅朝霧高原","あさぎりこうげん朝霧高原（あさぎりこうげん）富士宮市国道139号静岡-09","https://ja.wikipedia.org/wiki/道の駅朝霧高原","道の駅一覧_中部地方","https://ja.wikipedia.org/wiki/道の駅一覧_中部地方","表形式","北緯35度24分48秒東経138度35分28秒","〒418-0101静岡県富士宮市根原字宝山492-14","第15回（22009）","1999年8月27日","2000年3月27日","国土交通省案内ページ全国道の駅連絡会ページ公式ウェブサイト","国道139号","8:00 - 20:00（7 - 9月）8:00 - 18:30（12 - 2月）8:00 - 19:00（上記以外）","","","","","","","","","","","",""
"道の駅川根温泉","かわねおんせん川根温泉（かわねおんせん）島田市県道63号藤枝天竜線静岡-10","https://ja.wikipedia.org/wiki/道の駅川根温泉","道の駅一覧_中部地方","https://ja.wikipedia.org/wiki/道の駅一覧_中部地方","表形式","北緯34度57分36秒東経138度05分23秒","〒428-0101静岡県島田市川根町笹間渡220","第15回（22010）","1999年8月27日","1998年8月21日","国土交通省案内ページ全国道の駅連絡会ページ公式ウェブサイト","静岡県道63号","9:00 - 21:00","","","","","","","","","","","",""
"道の駅富士川楽座","ふじかわらくざ富士川楽座（ふじかわらくざ）富士市県道10号富士川身延線静岡-11東名高速道路富士川SAと接続（ハイウェイオアシス：上り線・東京方面のみ）","https://ja.wikipedia.org/wiki/道の駅富士川楽座","道の駅一覧_中部地方","https://ja.wikipedia.org/wiki/道の駅一覧_中部地方","表形式","北緯35度09分43秒東経138度37分07秒","〒421-3305静岡県富士市岩渕1488-1","第15回（22011）","1999年8月27日","2000年3月27日","国土交通省案内ページ全国道の駅連絡会ページ公式ウェブサイト","静岡県道10号富士川身延線","8:00 - 21:00","","","","","","","","","","","",""
"道の駅玉露の里","ぎょくろのさと玉露の里（ぎょくろのさと）藤枝市県道209号静岡朝比奈藤枝線静岡-12","https://ja.wikipedia.org/wiki/道の駅玉露の里","道の駅一覧_中部地方","https://ja.wikipedia.org/wiki/道の駅一覧_中部地方","表形式","北緯34度57分03秒東経138度15分06秒","〒421-1115静岡県藤枝市岡部町新舟1214-3","第15回（22012）","1999年8月27日","不明","国土交通省案内ページ全国道の駅連絡会ページ公式ウェブサイト","静岡県道209号","9:00 - 17:00","","","","","","","","","","","",""
"道の駅天竜相津花桃の里","てんりゅうそうずはなもものさと天竜相津花桃の里（てんりゅうそうずはなもものさと）浜松市天竜区国道152号静岡-13","https://ja.wikipedia.org/wiki/道の駅天竜相津花桃の里","道の駅一覧_中部地方","https://ja.wikipedia.org/wiki/道の駅一覧_中部地方","表形式","北緯34度54分43秒東経137度48分54秒","〒431-3755静岡県浜松市天竜区大川31-10","第16回（22013）","2000年8月18日","不明","国土交通省案内ページ全国道の駅連絡会ページ公式ウェブサイト","国道152号","9:00 - 17:00","","","","","","","","","","","",""
"道の駅伊東マリンタウン","いとうマリンタウン伊東マリンタウン（いとうマリンタウン）伊東市国道135号静岡-14","https://ja.wikipedia.org/wiki/道の駅伊東マリンタウン","道の駅一覧_中部地方","https://ja.wikipedia.org/wiki/道の駅一覧_中部地方","表形式","北緯34度59分07秒東経139度05分39秒","〒414-0002静岡県伊東市湯川571-19","第18回（22014）","2002年8月13日","2001年7月","国土交通省案内ページ全国道の駅連絡会ページ公式ウェブサイト","国道135号","9:00 - 23:00","","","","","","","","","","","",""
"道の駅開国下田みなと","かいこくしもだみなと開国下田みなと（かいこくしもだみなと）下田市国道135号静岡-15下田港に隣接","https://ja.wikipedia.org/wiki/道の駅開国下田みなと","道の駅一覧_中部地方","https://ja.wikipedia.org/wiki/道の駅一覧_中部地方","表形式","北緯34度40分29秒東経138度57分03秒","〒415-0000静岡県下田市外ヶ岡1-1","第19回（22015）","2003年8月8日","2003年9月24日","国土交通省案内ページ全国道の駅連絡会ページ公式ウェブサイト","国道135号","9:00 - 17:00","","","","","","","","","","","",""
"道の駅掛川","かけがわ掛川（かけがわ）掛川市国道1号静岡-16","https://ja.wikipedia.org/wiki/道の駅掛川","道の駅一覧_中部地方","https://ja.wikipedia.org/wiki/道の駅一覧_中部地方","表形式","北緯34度47分39秒東経138度04分34秒","〒436-0004静岡県掛川市八坂882-1","第20回（22016）","2004年8月9日","2005年4月26日","国土交通省案内ページ全国道の駅連絡会ページ","国道1号","9:00 - 17:00","","","","","","","","","","","",""
"道の駅ふじおやま","ふじおやま駿東郡小山町国道246号静岡-17","https://ja.wikipedia.org/wiki/道の駅ふじおやま","道の駅一覧_中部地方","https://ja.wikipedia.org/wiki/道の駅一覧_中部地方","表形式","北緯35度20分40秒東経138度57分00秒","〒410-1326静岡県駿東郡小山町用沢72-2","第20回（22017）","2004年8月9日","2004年11月25日","国土交通省案内ページ全国道の駅連絡会ページ公式ウェブサイト","国道246号","7:00 - 20:00","","","","","","","","","","","",""
"道の駅潮見坂","しおみさか潮見坂（しおみさか）湖西市国道1号静岡-18","https://ja.wikipedia.org/wiki/道の駅潮見坂","道の駅一覧_中部地方","https://ja.wikipedia.org/wiki/道の駅一覧_中部地方","表形式","北緯34度40分38秒東経137度29分57秒","〒431-0451静岡県湖西市白須賀1896-2","第21回（22018）","2005年8月10日","2006年3月27日","国土交通省案内ページ全国道の駅連絡会ページ公式ウェブサイト","国道1号","8:00 - 19:00","","","","","","","","","","","",""
"道の駅伊豆のへそ","いずのへそ伊豆のへそ（いずのへそ）伊豆の国市国道414号静岡-19","https://ja.wikipedia.org/wiki/道の駅伊豆のへそ","道の駅一覧_中部地方","https://ja.wikipedia.org/wiki/道の駅一覧_中部地方","表形式","北緯35度00分42秒東経138度56分28秒","〒410-2315静岡県伊豆の国市田京195-2","第21回（22018）","2005年8月10日","2006年3月","国土交通省案内ページ全国道の駅連絡会ページ公式ウェブサイト","国道414号","10:00 - 16:00","","","","","","","","","","","",""
"道の駅下賀茂温泉 湯の花","しもがもおんせんゆのはな下賀茂温泉 湯の花（しもがもおんせんゆのはな）賀茂郡南伊豆町国道136号静岡-20","https://ja.wikipedia.org/wiki/道の駅下賀茂温泉_湯の花","道の駅一覧_中部地方","https://ja.wikipedia.org/wiki/道の駅一覧_中部地方","表形式","北緯34度38分59秒東経138度52分00秒","〒431-0451静岡県賀茂郡南伊豆町下賀茂157番地の1","第32回（22020）","2009年7月31日","2009年10月1日","国土交通省案内ページ全国道の駅連絡会ページ公式ウェブサイト","国道136号","9:00 - 17:00","","","","","","","","","","","",""
"道の駅すばしり","すばしり駿東郡小山町国道138号静岡-21東富士五湖道路須走ICに隣接","https://ja.wikipedia.org/wiki/道の駅すばしり","道の駅一覧_中部地方","https://ja.wikipedia.org/wiki/道の駅一覧_中部地方","表形式","北緯35度21分46秒東経138度51分31秒","〒410-1431静岡県駿東郡小山町須走338-41","第35回（22021）","2011年3月3日","2011年4月23日","国土交通省案内ページ全国道の駅連絡会ページ公式ウェブサイト","国道138号","9:00 - 20:00","","","","","","","","","","","",""
"道の駅風のマルシェ 御前崎","かぜのマルシェおまえざき風のマルシェ御前崎（かぜのマルシェおまえざき）御前崎市国道150号静岡-22","https://ja.wikipedia.org/wiki/道の駅風のマルシェ_御前崎","道の駅一覧_中部地方","https://ja.wikipedia.org/wiki/道の駅一覧_中部地方","表形式","北緯34度38分26秒東経138度06分39秒","〒437-1613静岡県御前崎市合戸字海岸4384-1","第40回（22022）","2013年10月11日","2014年4月5日","国土交通省案内ページ全国道の駅連絡会ページ公式ウェブサイト","国道150号","9:00 - 20:00","","","","","","","","","","","",""
"道の駅くるら戸田","くるら戸田（くるらへだ）沼津市県道18号修善寺戸田線静岡-23","https://ja.wikipedia.org/wiki/道の駅くるら戸田","道の駅一覧_中部地方","https://ja.wikipedia.org/wiki/道の駅一覧_中部地方","表形式","北緯34度58分17秒東経138度47分14秒","〒410-3402静岡県沼津市戸田1294番地の3","第42回（22023）","2014年10月10日","2015年4月1日","国土交通省案内ページ全国道の駅連絡会ページ公式ウェブサイト","静岡県道18号","8:30 - 22:00","","","","","","","","","","","",""
"道の駅伊豆ゲートウェイ函南","いずげーとうぇいかんなみ伊豆ゲートウェイ函南（いずゲートウェイかんなみ）田方郡函南町国道136号静岡-24","https://ja.wikipedia.org/wiki/道の駅伊豆ゲートウェイ函南","道の駅一覧_中部地方","https://ja.wikipedia.org/wiki/道の駅一覧_中部地方","表形式","北緯35度04分33秒東経138度55分32秒","〒419-0124静岡県田方郡函南町塚本887-1","第46回（22024）","2016年10月7日","2017年5月1日","国土交通省案内ページ全国道の駅連絡会ページ公式ウェブサイト","国道136号","","","","","","","","","","","","",""
"道の駅伊豆月ケ瀬","いずつきがせ伊豆月ケ瀬（いずつきがせ）伊豆市国道414号静岡-25","https://ja.wikipedia.org/wiki/道の駅伊豆月ケ瀬","道の駅一覧_中部地方","https://ja.wikipedia.org/wiki/道の駅一覧_中部地方","表形式","北緯34度55分22.1秒東経138度55分49.9秒","〒410-3215静岡県伊豆市月ケ瀬78-2","第51回（22025）","2019年6月19日[1]","2019年12月14日[2]","国土交通省案内ページ全国道の駅連絡会ページ公式ウェブサイト","国道414号","9:00 - 17:00","","","","","","","","","","","",""
"道の駅豊根グリーンポート宮嶋","とよねグリーンポートみやじま豊根グリーンポート宮嶋（とよねグリーンポートみやじま）北設楽郡豊根村国道151号愛知-01","https://ja.wikipedia.org/wiki/道の駅豊根グリーンポート宮嶋","道の駅一覧_中部地方","https://ja.wikipedia.org/wiki/道の駅一覧_中部地方","表形式","北緯35度10分45秒東経137度40分57秒","〒449-0405愛知県北設楽郡豊根村坂宇場宮ノ嶋29-3","第1回（23001）","1993年4月22日","1993年4月[1]","国土交通省案内ページ全国道の駅連絡会ページ公式ウェブサイト","国道151号","9:00 - 20:00","","","","","","","","","","","",""
"道の駅鳳来三河三石","ほうらいみかわさんごく鳳来三河三石（ほうらいみかわさんごく）新城市国道257号愛知-02","https://ja.wikipedia.org/wiki/道の駅鳳来三河三石","道の駅一覧_中部地方","https://ja.wikipedia.org/wiki/道の駅一覧_中部地方","表形式","北緯34度54分09秒東経137度36分48秒","〒441-1621愛知県新城市下吉田字田中106-1","第1回（23002）","1993年4月22日","不明","国土交通省案内ページ全国道の駅連絡会ページ","国道257号","（4 - 9月） 9:00 - 17:30（10 - 3月）9:00 - 17:00","","","","","","","","","","","",""
"道の駅田原めっくんはうす","たはらめっくんはうす田原めっくんはうす（たはらめっくんはうす）田原市国道259号愛知-03","https://ja.wikipedia.org/wiki/道の駅田原めっくんはうす","道の駅一覧_中部地方","https://ja.wikipedia.org/wiki/道の駅一覧_中部地方","表形式","北緯34度39分42秒東経137度16分20秒","〒441-3416愛知県田原市東赤石5-74","第1回（23003）","1993年4月22日","1992年4月","国土交通省案内ページ全国道の駅連絡会ページ公式ウェブサイト","国道259号","7:30 - 19:00","","","","","","","","","","","",""
"道の駅伊良湖クリスタルポルト","いらごクリスタルポルト伊良湖クリスタルポルト（いらごクリスタルポルト）田原市国道42号愛知-04伊良湖港フェリーターミナルと連絡","https://ja.wikipedia.org/wiki/道の駅伊良湖クリスタルポルト","道の駅一覧_中部地方","https://ja.wikipedia.org/wiki/道の駅一覧_中部地方","表形式","北緯34度35分1.9秒東経137度1分12.3秒","〒441-3624愛知県田原市伊良湖町宮下3000-65","第6回（23004）","1994年8月4日","1994年7月","国土交通省案内ページ全国道の駅連絡会ページ公式ウェブサイト","国道42号","7:30 - 17:30","","","","","","","","","","","",""
"道の駅つぐ高原グリーンパーク","つぐこうげんグリーンパークつぐ高原グリーンパーク（つぐこうげんグリーンパーク）北設楽郡設楽町県道10号設楽根羽線愛知-05","https://ja.wikipedia.org/wiki/道の駅つぐ高原グリーンパーク","道の駅一覧_中部地方","https://ja.wikipedia.org/wiki/道の駅一覧_中部地方","表形式","北緯35度11分56秒東経137度36分23秒","〒441-2601愛知県北設楽郡設楽町津具字東山2-156","第6回（23005）","1994年8月4日","不明","国土交通省案内ページ全国道の駅連絡会ページ公式ウェブサイト","愛知県道10号設楽根羽線","9:00 - 17:00","","","","","","","","","","","",""
"道の駅どんぐりの里いなぶ","どんぐりの里いなぶ（どんぐりのさといなぶ）豊田市国道153号愛知-06","https://ja.wikipedia.org/wiki/道の駅どんぐりの里いなぶ","道の駅一覧_中部地方","https://ja.wikipedia.org/wiki/道の駅一覧_中部地方","表形式","北緯35度12分50秒東経137度30分11秒","〒441-2522愛知県豊田市武節町針原4-1","第14回（23006）","1998年4月17日","不明","国土交通省案内ページ全国道の駅連絡会ページ公式ウェブサイト","国道153号","10:00 - 17:00","","","","","","","","","","","",""
"道の駅アグリステーションなぐら","あぐりすてーしょんなぐらアグリステーションなぐら北設楽郡設楽町国道257号愛知-07","https://ja.wikipedia.org/wiki/道の駅アグリステーションなぐら","道の駅一覧_中部地方","https://ja.wikipedia.org/wiki/道の駅一覧_中部地方","表形式","北緯35度10分22秒東経137度32分05秒","〒441-2431愛知県北設楽郡設楽町西納庫字森田32","第15回（23007）","1999年8月27日","不明","国土交通省案内ページ全国道の駅連絡会ページ公式ウェブサイト","国道257号","8:00 - 17:00（3 - 11月）8:00 - 16:30（12 - 2月）","","","","","","","","","","","",""
"道の駅デンパーク安城","でんぱーくあんじょうデンパーク安城（デンパークあんじょう）安城市国道23号愛知-08","https://ja.wikipedia.org/wiki/道の駅デンパーク安城","道の駅一覧_中部地方","https://ja.wikipedia.org/wiki/道の駅一覧_中部地方","表形式","北緯34度55分48秒東経137度03分40秒","〒446-0046愛知県安城市赤松町梶5","第16回（23008）","2000年8月18日","2001年4月29日","国土交通省案内ページ全国道の駅連絡会ページ公式ウェブサイト","国道23号","9:00 - 20:00","","","","","","","","","","","",""
"道の駅つくで手作り村","つくで手作り村（つくでてづくりむら）新城市国道301号愛知-09","https://ja.wikipedia.org/wiki/道の駅つくで手作り村","道の駅一覧_中部地方","https://ja.wikipedia.org/wiki/道の駅一覧_中部地方","表形式","北緯34度57分47秒東経137度25分14秒","〒441-1414愛知県新城市作手清岳字ナガラミ10-2","第17回（23009）","2001年8月21日","不明","国土交通省案内ページ全国道の駅連絡会ページ公式ウェブサイト","国道301号","9:00 - 17:00","","","","","","","","","","","",""
"道の駅立田ふれあいの里","たつたふれあいのさと立田ふれあいの里（たつたふれあいのさと）愛西市県道125号佐屋多度線愛知-10","https://ja.wikipedia.org/wiki/道の駅立田ふれあいの里","道の駅一覧_中部地方","https://ja.wikipedia.org/wiki/道の駅一覧_中部地方","表形式","北緯35度08分39秒東経136度41分40秒","〒496-0943愛知県愛西市森川町井桁西27","第21回（23010）","2005年8月10日","2005年10月1日","国土交通省案内ページ全国道の駅連絡会ページ公式ウェブサイト","愛知県道125号佐屋多度線","9:00 - 18:00","","","","","","","","","","","",""
"道の駅あかばねロコステーション","あかばねロコステーション田原市国道42号愛知-11","https://ja.wikipedia.org/wiki/道の駅あかばねロコステーション","道の駅一覧_中部地方","https://ja.wikipedia.org/wiki/道の駅一覧_中部地方","表形式","北緯34度36分28秒東経137度11分22秒","〒441-3502愛知県田原市赤羽根町大西32-4","第30回（23011）","2009年3月12日","2009年3月12日","国土交通省案内ページ全国道の駅連絡会ページ公式ウェブサイト","国道42号","9:00 - 20:00","","","","","","","","","","","",""
"道の駅筆柿の里・幸田","ふでがきのさとこうた筆柿の里・幸田（ふでがきのさとこうた）額田郡幸田町国道23号岡崎バイパス愛知-12","https://ja.wikipedia.org/wiki/道の駅筆柿の里・幸田","道の駅一覧_中部地方","https://ja.wikipedia.org/wiki/道の駅一覧_中部地方","表形式","北緯34度50分55秒東経137度08分18秒","〒444-0127愛知県額田郡幸田町須美東山17番地5","第30回（23012）","2009年3月12日","2009年4月4日","国土交通省案内ページ全国道の駅連絡会ページ公式ウェブサイト","国道23号","9:00 - 18:00","","","","","","","","","","","",""
"道の駅にしお岡ノ山","にしお岡ノ山（にしおおかのやま）西尾市国道23号岡崎バイパス愛知-13","https://ja.wikipedia.org/wiki/道の駅にしお岡ノ山","道の駅一覧_中部地方","https://ja.wikipedia.org/wiki/道の駅一覧_中部地方","表形式","北緯34度52分36秒東経137度04分59秒","〒445-0006愛知県西尾市小島町岡ノ山105番地57","第32回（23013）","2009年7月31日","2009年11月1日","国土交通省案内ページ全国道の駅連絡会ページ公式ウェブサイト","国道23号","9:00 - 18:00","","","","","","","","","","","",""
"道の駅瀬戸しなの","せとしなの瀬戸しなの（せとしなの）瀬戸市県道210号中水野品野線愛知-14","https://ja.wikipedia.org/wiki/道の駅瀬戸しなの","道の駅一覧_中部地方","https://ja.wikipedia.org/wiki/道の駅一覧_中部地方","表形式","北緯35度14分32秒東経137度06分54秒","〒480-1207愛知県瀬戸市品野町1丁目126-1","第35回（23014）","2011年3月3日","2011年3月26日","国土交通省案内ページ全国道の駅連絡会ページ公式ウェブサイト","愛知県道210号","9:00 - 18:00","","","","","","","","","","","",""
"道の駅藤川宿","ふじかわしゅく藤川宿（ふじかわしゅく）岡崎市国道1号愛知-15","https://ja.wikipedia.org/wiki/道の駅藤川宿","道の駅一覧_中部地方","https://ja.wikipedia.org/wiki/道の駅一覧_中部地方","表形式","北緯34度54分51秒東経137度13分01秒","〒444-3523愛知県岡崎市藤川町字東沖田44番地","第38回（23015）","2012年9月14日","2012年12月9日","国土交通省案内ページ全国道の駅連絡会ページ","国道1号","09:00 - 18:0024時間営業（ミニストップ）","","","","","","","","","","","",""
"道の駅もっくる新城","もっくる新城（もっくるしんしろ）新城市国道151号愛知-16","https://ja.wikipedia.org/wiki/道の駅もっくる新城","道の駅一覧_中部地方","https://ja.wikipedia.org/wiki/道の駅一覧_中部地方","表形式","北緯34度55分05秒東経137度32分03秒","〒441-1318愛知県新城市八束穂字五反田329番地7","第42回（23016）","2014年10月10日[1]","2015年3月21日[2][3]","国土交通省案内ページ全国道の駅連絡会ページ公式ウェブサイト","国道151号","9:00 - 18:00","","","","","","","","","","","",""
"道の駅とよはし","とよはし豊橋市国道23号愛知-17","https://ja.wikipedia.org/wiki/道の駅とよはし","道の駅一覧_中部地方","https://ja.wikipedia.org/wiki/道の駅一覧_中部地方","表形式","北緯34度41分46.4秒東経137度24分53.4秒","〒441-3201愛知県豊橋市東七根町字一の沢113-2","第50回（23017）","2019年3月19日[1]","2019年5月26日[2][3]","国土交通省案内ページ全国道の駅連絡会ページ公式ウェブサイト","国道23号","9:00 - 19:00","","","","","","","","","","","",""
"道の駅したら","したら北設楽郡設楽町国道257号愛知-18","https://ja.wikipedia.org/wiki/道の駅したら","道の駅一覧_中部地方","https://ja.wikipedia.org/wiki/道の駅一覧_中部地方","表形式","北緯35度03分51.1秒東経137度32分57.1秒","〒441-2302愛知県北設楽郡設楽町清崎字中田17-7","第53回（23018）","2020年7月1日[1]","2021年5月13日[2]","全国道の駅連絡会ページ","国道257号","9:00 - 17:00","","","","","","","","","","","",""
"道の駅飯高駅","いいたかえき飯高駅（いいたかえき）松阪市国道166号三重-01","https://ja.wikipedia.org/wiki/道の駅飯高駅","道の駅一覧_中部地方","https://ja.wikipedia.org/wiki/道の駅一覧_中部地方","表形式","北緯34度25分39秒東経136度19分55秒","〒515-1502三重県松阪市飯高町宮前177","第1回（24001）","1993年4月22日","1990年7月24日","国土交通省案内ページ全国道の駅連絡会ページ公式ウェブサイト","国道166号","9:00 - 21:00","","","","","","","","","","","",""
"道の駅菰野","こもの菰野（こもの）三重郡菰野町国道477号三重-02","https://ja.wikipedia.org/wiki/道の駅菰野","道の駅一覧_中部地方","https://ja.wikipedia.org/wiki/道の駅一覧_中部地方","表形式","北緯35度00分49秒東経136度30分11秒","〒510-1233三重県三重郡菰野町菰野2256","第1回（24002）","1993年4月22日","不明","国土交通省案内ページ全国道の駅連絡会ページ公式ウェブサイト","国道477号","9:00 - 18:00（4 - 10月）9:00 - 17:00（11 - 3月）","","","","","","","","","","","",""
"道の駅紀宝町ウミガメ公園","きほうちょうウミガメこうえん紀宝町ウミガメ公園（きほうちょうウミガメこうえん）南牟婁郡紀宝町国道42号三重-03","https://ja.wikipedia.org/wiki/道の駅紀宝町ウミガメ公園","道の駅一覧_中部地方","https://ja.wikipedia.org/wiki/道の駅一覧_中部地方","表形式","北緯33度46分11秒東経136度01分43秒","〒519-5711三重県南牟婁郡紀宝町井田568-7","第1回（24003）","1993年4月22日","不明","国土交通省案内ページ全国道の駅連絡会ページ","国道42号","8:30 - 19:00（3月 - 10月）8:30 - 18:00（11月 - 2月）","","","","","","","","","","","",""
"道の駅パーク七里御浜","ぱーくしちりみはまパーク七里御浜（パークしちりみはま）南牟婁郡御浜町国道42号三重-04","https://ja.wikipedia.org/wiki/道の駅パーク七里御浜","道の駅一覧_中部地方","https://ja.wikipedia.org/wiki/道の駅一覧_中部地方","表形式","北緯33度48分13秒東経136度02分35秒","〒519-5204三重県南牟婁郡御浜町大字阿田和4926-5","第5回（24004）","1994年4月26日","1988年","国土交通省案内ページ全国道の駅連絡会ページ公式ウェブサイト","国道42号","9:30 - 17:30","","","","","","","","","","","",""
"道の駅海山","みやま海山（みやま）北牟婁郡紀北町国道42号三重-05","https://ja.wikipedia.org/wiki/道の駅海山","道の駅一覧_中部地方","https://ja.wikipedia.org/wiki/道の駅一覧_中部地方","表形式","北緯34度06分08秒東経136度12分51秒","〒519-3406三重県北牟婁郡紀北町相賀1439-3","第11回（24005）","1996年8月5日","1997年3月24日","国土交通省案内ページ全国道の駅連絡会ページ公式ウェブサイト","国道42号","9:00 - 19:00（5 - 9月）9:00 - 18:00（10 - 4月）","","","","","","","","","","","",""
"道の駅奥伊勢木つつ木館","おくいせきつつきかん奥伊勢木つつ木館（おくいせきつつきかん）度会郡大紀町国道42号三重-06","https://ja.wikipedia.org/wiki/道の駅奥伊勢木つつ木館","道の駅一覧_中部地方","https://ja.wikipedia.org/wiki/道の駅一覧_中部地方","表形式","北緯34度22分03秒東経136度25分08秒","〒519-2703三重県度会郡大紀町滝原870-37","第12回（24006）","1997年4月11日","不明","国土交通省案内ページ全国道の駅連絡会ページ公式ウェブサイト","国道42号","9:00 - 18:00（土日祝、GW、夏休み、正月）9:00 - 17:00（上記以外）","","","","","","","","","","","",""
"道の駅熊野きのくに","くまのきのくに熊野きのくに（くまのきのくに）熊野市国道42号三重-072019年より土日祝日のみ営業","https://ja.wikipedia.org/wiki/道の駅熊野きのくに","道の駅一覧_中部地方","https://ja.wikipedia.org/wiki/道の駅一覧_中部地方","表形式","北緯33度57分36秒東経136度06分15秒","〒519-4561三重県熊野市飛鳥町大又109-21","第13回（24007）","1997年10月22日","1996年4月23日","国土交通省案内ページ全国道の駅連絡会ページ","国道42号","10:00～13:00、14:00～16:00（土日祝日のみ）","","","","","","","","","","","",""
"道の駅茶倉駅","ちゃくらえき茶倉駅（ちゃくらえき）松阪市国道166号三重-08","https://ja.wikipedia.org/wiki/道の駅茶倉駅","道の駅一覧_中部地方","https://ja.wikipedia.org/wiki/道の駅一覧_中部地方","表形式","北緯34度27分37秒東経136度23分53秒","〒515-1411三重県松阪市飯南町粥見452-1","第14回（24008）","1998年4月17日","不明","国土交通省案内ページ全国道の駅連絡会ページ公式ウェブサイト","国道166号","9：00-17：00","","","","","","","","","","","",""
"道の駅奥伊勢おおだい","おくいせおおだい奥伊勢おおだい（おくいせおおだい）多気郡大台町国道42号三重-09","https://ja.wikipedia.org/wiki/道の駅奥伊勢おおだい","道の駅一覧_中部地方","https://ja.wikipedia.org/wiki/道の駅一覧_中部地方","表形式","北緯34度23分38秒東経136度24分32秒","〒519-2404三重県多気郡大台町佐原663-1","第15回（24009）","1999年8月27日","不明","国土交通省案内ページ全国道の駅連絡会ページ公式ウェブサイト","国道42号","8:00 - 19:00","","","","","","","","","","","",""
"道の駅美杉","みすぎ美杉（みすぎ）津市国道368号三重-10","https://ja.wikipedia.org/wiki/道の駅美杉","道の駅一覧_中部地方","https://ja.wikipedia.org/wiki/道の駅一覧_中部地方","表形式","北緯34度30分42秒東経136度18分24秒","〒515-3312三重県津市美杉町上多気267","第15回（24010）","1999年8月27日","不明","国土交通省案内ページ全国道の駅連絡会ページ","国道368号","9:00-18:00（海の日-8月31日）9:00-17:00（9月1日-海の日前日）","","","","","","","","","","","",""
"道の駅関宿","せきじゅく関宿（せきじゅく）亀山市国道1号三重-11","https://ja.wikipedia.org/wiki/道の駅関宿","道の駅一覧_中部地方","https://ja.wikipedia.org/wiki/道の駅一覧_中部地方","表形式","北緯34度50分58秒東経136度23分34秒","〒519-1111三重県亀山市関町新所町674-8","第16回（24011）","2000年8月18日","不明","国土交通省案内ページ全国道の駅連絡会ページ","国道1号","9:00 - 18:00（平日）9:00 - 19:00（土日祝）","","","","","","","","","","","",""
"道の駅伊勢志摩","いせしま伊勢志摩（いせしま）志摩市国道167号三重-12","https://ja.wikipedia.org/wiki/道の駅伊勢志摩","道の駅一覧_中部地方","https://ja.wikipedia.org/wiki/道の駅一覧_中部地方","表形式","北緯34度21分35秒東経136度47分53秒","〒517-0213三重県志摩市磯部町穴川511-5","第16回（24012）","2000年8月18日","2001年4月20日[1]","国土交通省案内ページ全国道の駅連絡会ページ","国道167号","9:00 - 18:00","","","","","","","","","","","",""
"道の駅紀伊長島マンボウ","きいながしまマンボウ紀伊長島マンボウ（きいながしまマンボウ）北牟婁郡紀北町国道42号三重-13","https://ja.wikipedia.org/wiki/道の駅紀伊長島マンボウ","道の駅一覧_中部地方","https://ja.wikipedia.org/wiki/道の駅一覧_中部地方","表形式","北緯34度13分02秒東経136度20分48秒","〒519-3204三重県北牟婁郡紀北町東長島2410-73","第17回（24013）","2001年8月21日","2001年12月21日","国土交通省案内ページ全国道の駅連絡会ページ公式ウェブサイト","国道42号","8:15 - 19:00","","","","","","","","","","","",""
"道の駅あやま","あやま伊賀市県道49号甲南阿山伊賀線三重-14","https://ja.wikipedia.org/wiki/道の駅あやま","道の駅一覧_中部地方","https://ja.wikipedia.org/wiki/道の駅一覧_中部地方","表形式","北緯34度50分40秒東経136度10分16秒","〒518-1315三重県伊賀市川合3370-29","第18回（24014）","2002年8月13日","不明","国土交通省案内ページ全国道の駅連絡会ページ公式ウェブサイト","三重県道49号甲南阿山伊賀線","9:00 - 18:00","","","","","","","","","","","",""
"道の駅いが","いが伊賀市国道25号三重-15名阪国道伊賀SAの下り天理方面に設置","https://ja.wikipedia.org/wiki/道の駅いが","道の駅一覧_中部地方","https://ja.wikipedia.org/wiki/道の駅一覧_中部地方","表形式","北緯34度50分 東経136度14分","〒519-1402三重県伊賀市柘植町北緯34度50分 東経136度14分座標:北緯34度50分 東経136度14分","","","","","","","","","","","","","","",".mw-parser-output .jaexpsign{text-align:center;background-color:#00702C;color:white}.mw-parser-output .jaroadsign{text-align:center;background-color:blue;color:white}.mw-parser-output .roadname{width:250px;border-radius:10px;padding:1em;margin:0.2em auto}.mw-parser-output .roadname p{margin:5px auto}.mw-parser-output .routenumber{display:inline-block;min-width:2em;border-radius:4px;padding-left:0.25em;padding-right:0.25em;font-weight:bold}E25名阪国道","伊賀","16.9 km（亀山IC起点）","1965年12月16日"
"道の駅津かわげ","つかわげ津かわげ（つかわげ）津市国道23号三重-16","https://ja.wikipedia.org/wiki/道の駅津かわげ","道の駅一覧_中部地方","https://ja.wikipedia.org/wiki/道の駅一覧_中部地方","表形式","北緯34度47分47秒東経136度31分03秒","〒510-0311三重県津市河芸町三行255番地4","第44回（24016）","2015年11月5日","2016年4月24日","国土交通省案内ページ全国道の駅連絡会ページ公式ウェブサイト","国道23号","7:00 - 19:00","","","","","","","","","","","",""
"道の駅熊野・花の窟","くまのはなのいわや熊野・花の窟（くまのはなのいわや）熊野市国道42号三重-17","https://ja.wikipedia.org/wiki/道の駅熊野・花の窟","道の駅一覧_中部地方","https://ja.wikipedia.org/wiki/道の駅一覧_中部地方","表形式","北緯33度52分44秒東経136度05分32秒","〒519-4325三重県熊野市有馬町137","第45回（24017）","2016年5月10日","2016年10月29日[1]","国土交通省案内ページ全国道の駅連絡会ページ","国道42号","10:00 - 17:00（季節により変動あり）","","","","","","","","","","","",""
"道の駅熊野・板屋九郎兵衛の里","くまのいたやくろべえのさと熊野・板屋九郎兵衛の里（くまのいたやくろべえのさと）熊野市国道311号三重-18","https://ja.wikipedia.org/wiki/道の駅熊野・板屋九郎兵衛の里","道の駅一覧_中部地方","https://ja.wikipedia.org/wiki/道の駅一覧_中部地方","表形式","北緯33度52分35.5秒東経135度54分55.4秒","〒519-5413三重県熊野市紀和町板屋82","第48回（24018）","2017年11月17日","2018年4月7日[1][2][3]","国土交通省案内ページ全国道の駅連絡会ページ公式ウェブサイト","国道311号","10:00 - 17:00","","","","","","","","","","","",""
