"タイトル","コメント","URL","親リストタイトル","親リストURL","一覧抽出方法","座標","所在地","登録回","登録日","外部リンク","開駅日","登録路線","営業時間","所属路線","起点からの距離","供用開始日","備考","Hidden","Hidden","Hidden","Hidden","Hidden","Hidden","Hidden","Hidden"
"三笠","[みかさ三笠（みかさ）道央三笠市国道12号北海道-001] 道の駅三笠 （みちのえき みかさ）は、 北海道 三笠市 岡山の 国道12号 と 北海道道30号三笠栗山線 との交点にある 道の駅 。","https://ja.wikipedia.org/wiki/道の駅三笠","道の駅一覧_北海道地方","https://ja.wikipedia.org/wiki/道の駅一覧_北海道地方","表形式","北緯43度14分48秒東経141度48分16秒","〒068-2165北海道三笠市岡山1056-1","第1回（01001）","1993年4月22日","国土交通省案内ページ全国道の駅連絡会ページ","1993年4月22日","国道12号","9:00 - 18:00（4-9月）9:00 - 17:00（10-3月）","","","","","","","","","","","",""
"スタープラザ芦別","[すたーぷらざあしべつスタープラザ芦別（スタープラザあしべつ）道央芦別市国道38号北海道-002] 道の駅スタープラザ芦別 （みちのえき スタープラザあしべつ）は、 北海道 芦別市 にある 国道38号 の 道の駅 である。","https://ja.wikipedia.org/wiki/道の駅スタープラザ芦別","道の駅一覧_北海道地方","https://ja.wikipedia.org/wiki/道の駅一覧_北海道地方","表形式","北緯43度31分33秒東経142度11分21秒","〒075-0014北海道芦別市北4条東1丁目1","第1回（01002）","1993年4月22日","国土交通省案内ページ全国道の駅連絡会ページ","1993年4月22日","国道38号","9:00～19:00（5～10月）9:00～18:00（11～4月）","","","","","","","","","","","",""
"南ふらの","[みなみふらの南ふらの（みなみふらの）道北空知郡南富良野町国道38号北海道-003] 道の駅南ふらの （みちのえき みなみふらの）は、 北海道 空知郡 南富良野町 にある 国道38号 の 道の駅 である。","https://ja.wikipedia.org/wiki/道の駅南ふらの","道の駅一覧_北海道地方","https://ja.wikipedia.org/wiki/道の駅一覧_北海道地方","表形式","北緯43度10分11秒東経142度34分21秒","〒079-2400北海道空知郡南富良野町字幾寅687-1","第1回（01003）","1993年4月22日","国土交通省案内ページ全国道の駅連絡会ページ","1993年4月22日","国道38号","9:00～17:00（10月～5月）9:00 - 19:00（6月～9月）","","","","","","","","","","","",""
"しらぬか恋問","[しらぬか恋問（しらぬかこいとい）釧路・根室白糠郡白糠町国道38号北海道-004] 道の駅しらぬか恋問 （みちのえき しらぬかこいとい）は、 北海道 白糠郡 白糠町 にある 国道38号 の 道の駅 である。","https://ja.wikipedia.org/wiki/道の駅しらぬか恋問","道の駅一覧_北海道地方","https://ja.wikipedia.org/wiki/道の駅一覧_北海道地方","表形式","北緯42度59分34秒東経144度11分53秒","〒088-0562北海道白糠郡白糠町恋問3丁目3番地1","第1回（01004）","1993年4月22日","国土交通省案内ページ全国道の駅連絡会ページ","1993年4月22日","国道38号","8:30～18:30（5～8月）9:00～18:30（9～4月）","","","","","","","","","","","",""
"びふか","[びふか道北中川郡美深町国道40号北海道-005] 道の駅びふか （みちのえき びふか）は、 北海道 中川郡 美深町 にある 国道40号 の 道の駅 である。","https://ja.wikipedia.org/wiki/道の駅びふか","道の駅一覧_北海道地方","https://ja.wikipedia.org/wiki/道の駅一覧_北海道地方","表形式","北緯44度33分32秒東経142度19分12秒","〒098-2362北海道中川郡美深町字大手307-1","第1回（01005）","1993年4月22日","国土交通省案内ページ全国道の駅連絡会ページ公式ウェブサイト","1993年4月22日","国道40号","9:00 - 17:30（11-4月）9:00 - 19:00（7月下旬-8月中旬の土日祝）9:00 - 18:00（その他の期間）","","","","","","","","","","","",""
"江差","[えさし江差（えさし）道南檜山郡江差町国道227号北海道-006] 道の駅江差 （みちのえき えさし）は、 北海道 檜山郡 江差町 にある 国道227号 の 道の駅 である。","https://ja.wikipedia.org/wiki/道の駅江差","道の駅一覧_北海道地方","https://ja.wikipedia.org/wiki/道の駅一覧_北海道地方","表形式","北緯41度53分40秒東経140度08分22秒","〒043-0024北海道檜山郡江差町字尾山町1","第1回（01006）","1993年4月22日","国土交通省案内ページ全国道の駅連絡会ページ","1993年4月22日","国道227号","9:00 - 17:00（4月-11月）10:00 - 16:00（12月-3月）","","","","","","","","","","","",""
"望羊中山","[ぼうようなかやま望羊中山（ぼうようなかやま）道央虻田郡喜茂別町国道230号北海道-007] 道の駅望羊中山 （みちのえき ぼうようなかやま）は、 北海道 虻田郡 喜茂別町 にある 国道230号 の 道の駅 である  。 札幌市 との境界付近、 中山峠 の頂上に立地しており、 羊蹄山 を望むビューポイントとなっている。名物の「 あげいも 」を販売している。","https://ja.wikipedia.org/wiki/道の駅望羊中山","道の駅一覧_北海道地方","https://ja.wikipedia.org/wiki/道の駅一覧_北海道地方","表形式","北緯42度51分21秒東経141度05分48秒","〒044-0223北海道虻田郡喜茂別町字川上345","（01007）","1993年4月22日","国土交通省案内ページ全国道の駅連絡会ページ","","国道230号","8:30 - 17:30","","","","","","","","","","","",""
"えんべつ富士見","[えんべつふじみえんべつ富士見（えんべつふじみ）道北天塩郡遠別町国道232号北海道-008旧名「富士見」] 道の駅えんべつ富士見 （みちのえき えんべつふじみ）は、 北海道 天塩郡 遠別町 にある 国道232号 の 道の駅 である。","https://ja.wikipedia.org/wiki/道の駅えんべつ富士見","道の駅一覧_北海道地方","https://ja.wikipedia.org/wiki/道の駅一覧_北海道地方","表形式","","〒098-3534北海道天塩郡遠別町字富士見46-21","第1回（01008）","1993年4月22日","国土交通省案内ページ全国道の駅連絡会ページ","1993年4月22日","国道232号","10:00 - 18:00","","","","","","","","","","","",""
"忠類","[ちゅうるい忠類（ちゅうるい）十勝中川郡幕別町国道236号北海道-009帯広広尾自動車道忠類ICに隣接] 道の駅忠類 （みちのえき ちゅうるい）は、 北海道 中川郡 幕別町 にある 国道236号 の 道の駅 である。","https://ja.wikipedia.org/wiki/道の駅忠類","道の駅一覧_北海道地方","https://ja.wikipedia.org/wiki/道の駅一覧_北海道地方","表形式","北緯42度33分32秒東経143度17分57秒","〒089-1701北海道中川郡幕別町忠類白銀町384-12","第1回（01009）","1993年4月22日","国土交通省案内ページ全国道の駅連絡会ページ","1993年4月22日","国道236号","9:00 - 18:00","","","","","","","","","","","",""
"足寄湖","[あしょろこ足寄湖（あしょろこ）十勝足寄郡足寄町国道241号北海道-010] 道の駅足寄湖 （みちのえき あしょろこ）は、 北海道 足寄郡 足寄町 にある 国道241号 の 道の駅 。","https://ja.wikipedia.org/wiki/道の駅足寄湖","道の駅一覧_北海道地方","https://ja.wikipedia.org/wiki/道の駅一覧_北海道地方","表形式","北緯43度15分08秒東経143度28分50秒","〒089-3873北海道足寄郡足寄町中矢673-4","第1回（01010）","1993年4月22日","国土交通省案内ページ全国道の駅連絡会ページ","1993年4月22日","国道241号","レストラン・売店　休止中（無人駅）スタンプは24時間可能","","","","","","","","","","","",""
"摩周温泉","[ましゅうおんせん摩周温泉（ましゅうおんせん）釧路・根室川上郡弟子屈町国道241号北海道-011] 道の駅摩周温泉 （みちのえき ましゅうおんせん）は、 北海道 川上郡 弟子屈町 にある 国道241号 の 道の駅 である。 2015年 （平成27年）1月に重点道の駅候補に選定された  。","https://ja.wikipedia.org/wiki/道の駅摩周温泉","道の駅一覧_北海道地方","https://ja.wikipedia.org/wiki/道の駅一覧_北海道地方","表形式","北緯43度29分33秒東経144度26分52秒","〒088-3203北海道川上郡弟子屈町湯の島3丁目5-5","第1回（01011）","1993年4月22日","国土交通省案内ページ全国道の駅連絡会ページ公式ウェブサイト","1993年4月22日","国道241号","8:00 - 18:00（5月 - 10月）9:00 - 17:00（11月 - 4月）","","","","","","","","","","","",""
"おといねっぷ","[おといねっぷ道北中川郡音威子府村国道275号北海道-012] 道の駅おといねっぷ （みちのえき おといねっぷ）は、 北海道 中川郡 音威子府村 にある 国道275号 の 道の駅 である。","https://ja.wikipedia.org/wiki/道の駅おといねっぷ","道の駅一覧_北海道地方","https://ja.wikipedia.org/wiki/道の駅一覧_北海道地方","表形式","北緯44度43分45秒東経142度15分28秒","〒098-2501北海道中川郡音威子府村字音威子府155","第1回（01012）","1993年4月22日","国土交通省案内ページ全国道の駅連絡会ページ","1993年4月22日","国道40号","9：30-17：00（4月-9月）9：30-16：00（10月-3月）","","","","","","","","","","","",""
"かみゆうべつ温泉チューリップの湯","[かみゆうべつ温泉チューリップの湯（かみゆうべつおんせんチューリップのゆ）オホーツク紋別郡湧別町道道712号緑蔭中湧別停車場線北海道-013旧中湧別駅跡旧名「中湧別」] 道の駅かみゆうべつ温泉チューリップの湯 （みちのえき かみゆうべつおんせんチューリップのゆ）は、 北海道 紋別郡 湧別町 にある 北海道道712号緑蔭中湧別停車場線 の 道の駅 である。","https://ja.wikipedia.org/wiki/道の駅かみゆうべつ温泉チューリップの湯","道の駅一覧_北海道地方","https://ja.wikipedia.org/wiki/道の駅一覧_北海道地方","表形式","北緯44度11分3.6秒東経143度35分40.8秒","〒099-6324北海道紋別郡湧別町中湧別中町3020-1","第1回（01013）","1993年4月22日","国土交通省案内ページ全国道の駅連絡会ページ","1993年4月27日","北海道道712号緑蔭中湧別停車場線","10:00 - 22:00","","","","","","","","","","","",""
"いわない","[いわない道央岩内郡岩内町道道270号岩内港線北海道-014旧岩内駅跡] 道の駅いわない （みちのえき いわない）は、 北海道 岩内郡 岩内町 にある 北海道道270号岩内港線 の 道の駅 である。","https://ja.wikipedia.org/wiki/道の駅いわない","道の駅一覧_北海道地方","https://ja.wikipedia.org/wiki/道の駅一覧_北海道地方","表形式","北緯42度59分00秒東経140度31分00秒","〒045-0003北海道岩内郡岩内町字万代47-4","第1回（01014）","1993年4月22日","国土交通省案内ページ全国道の駅連絡会ページ公式ウェブサイト","1993年4月22日","北海道道270号","9:00 - 18:00（4-10月）9:00 - 17:30（11-3月）","","","","","","","","","","","",""
"まるせっぷ","[まるせっぷオホーツク紋別郡遠軽町国道333号北海道-015] 道の駅まるせっぷ （みちのえき まるせっぷ）は、 北海道 紋別郡 遠軽町 にある 国道333号 の 道の駅 である。","https://ja.wikipedia.org/wiki/道の駅まるせっぷ","道の駅一覧_北海道地方","https://ja.wikipedia.org/wiki/道の駅一覧_北海道地方","表形式","北緯43度59分48秒東経143度19分43秒","〒099-0207北海道紋別郡遠軽町丸瀬布元町42-2","第5回（01015）","1994年4月26日","国土交通省案内ページ全国道の駅連絡会ページ","1994年4月26日","国道333号","9:00 - 18:00（4-10月）9:00 - 17:00（11-3月）","","","","","","","","","","","",""
"厚岸グルメパーク","[あっけしグルメパーク厚岸グルメパーク（あっけしグルメパーク）釧路・根室厚岸郡厚岸町国道44号北海道-016] 道の駅厚岸グルメパーク （みちのえき あっけしグルメパーク）は、 北海道 厚岸郡 厚岸町 にある 国道44号 の 道の駅 である。愛称の「コンキリエ」とは、 イタリア語 で「貝の形をした食べ物」の意味であり、施設の外観は 牡蠣 をイメージしたものとなっている  。","https://ja.wikipedia.org/wiki/道の駅厚岸グルメパーク","道の駅一覧_北海道地方","https://ja.wikipedia.org/wiki/道の駅一覧_北海道地方","表形式","北緯43度03分28秒東経144度50分39秒","〒088-1119北海道厚岸郡厚岸町住の江2丁目2","（01016）","1994年4月26日","国土交通省案内ページ全国道の駅連絡会ページ公式ウェブサイト","1994年4月26日","","9:00 - 20:00（4-10月）10:00 - 19:00（11-12月）10:00 - 18:00（1-3月)","","","","","","","","","","","",""
"サンフラワー北竜","[さんふらわーほくりゅうサンフラワー北竜（サンフラワーほくりゅう）道央雨竜郡北竜町国道275号北海道-017] 道の駅サンフラワー北竜 （みちのえき サンフラワーほくりゅう）は、 北海道 雨竜郡 北竜町 にある 道の駅 である  。","https://ja.wikipedia.org/wiki/道の駅サンフラワー北竜","道の駅一覧_北海道地方","https://ja.wikipedia.org/wiki/道の駅一覧_北海道地方","表形式","北緯43度45分04秒東経141度52分31秒","〒078-2511北海道雨竜郡北竜町字板谷163-2","第7回（01017）","1995年1月30日","国土交通省案内ページ全国道の駅連絡会ページ","1995年1月","国道275号","8:00 - 22:00","","","","","","","","","","","",""
"みついし","[みついし道央日高郡新ひだか町国道235号北海道-018] 道の駅みついし （みちのえき みついし）は、 北海道 日高郡 新ひだか町 にある 国道235号 の 道の駅 である。","https://ja.wikipedia.org/wiki/道の駅みついし","道の駅一覧_北海道地方","https://ja.wikipedia.org/wiki/道の駅一覧_北海道地方","表形式","北緯42度13分16秒東経142度38分03秒","〒059-3233北海道日高郡新ひだか町三石鳧舞161-2","第8回（01018）","1995年4月11日","国土交通省案内ページ全国道の駅連絡会ページ","1995年4月11日","国道235号","8:45 - 22:00（4-9月）8:00 - 17:30（10-3月）","","","","","","","","","","","",""
"あっさぶ","[あっさぶ道南檜山郡厚沢部町国道227号北海道-019] 道の駅あっさぶ （みちのえき あっさぶ）は、 北海道 檜山郡 厚沢部町 にある 国道227号 の 道の駅 である。","https://ja.wikipedia.org/wiki/道の駅あっさぶ","道の駅一覧_北海道地方","https://ja.wikipedia.org/wiki/道の駅一覧_北海道地方","表形式","北緯41度55分00秒東経140度12分58秒","〒043-1112北海道檜山郡厚沢部町緑町72-1","第8回（01019）","1995年4月11日","国土交通省案内ページ全国道の駅連絡会ページ公式ウェブサイト","1995年4月11日","国道227号","8:30 - 18:00（5 - 10月）9:00 - 17:00（11 - 4月）","","","","","","","","","","","",""
"よってけ!島牧","[よってけ!島牧（よってけしままき）道央島牧郡島牧村国道229号北海道-020 ] 道の駅よってけ!島牧 （みちのえき よってけしままき）は、 北海道 島牧郡 島牧村 にある 国道229号 の 道の駅 である。","https://ja.wikipedia.org/wiki/道の駅よってけ!島牧","道の駅一覧_北海道地方","https://ja.wikipedia.org/wiki/道の駅一覧_北海道地方","表形式","北緯42度41分12秒東経140度00分48秒","〒048-0631北海道島牧郡島牧村字千走11-1","第8回（01020）","1995年4月11日","国土交通省案内ページ全国道の駅連絡会ページ公式ウェブサイト","1996年4月","国道229号","9:00 - 19:00（7-8月）9:00 - 17:00（9-6月）","","","","","","","","","","","",""
"てっくいランド大成","[てっくいランド大成（てっくいらんどたいせい）道南久遠郡せたな町国道229号北海道-021] 道の駅てっくいランド大成 （みちのえき てっくいランドたいせい）は、 北海道 久遠郡 せたな町 にある 国道229号 の 道の駅 である。","https://ja.wikipedia.org/wiki/道の駅てっくいランド大成","道の駅一覧_北海道地方","https://ja.wikipedia.org/wiki/道の駅一覧_北海道地方","表形式","北緯42度12分45秒東経139度52分36秒","〒043-0514北海道久遠郡せたな町大成区平浜378","第8回（01021）","1995年4月11日","国土交通省案内ページ全国道の駅連絡会ページ","1995年4月11日","国道229号","9:00 - 19:00（7月中旬-8月中旬）9：00 - 16:00（11-3月）9:00 - 17:00（上記以外）","","","","","","","","","","","",""
"オホーツク紋別","[おほーつくもんべつオホーツク紋別（オホーツクもんべつ）オホーツク紋別市道道304号紋別港線北海道-022 ] なお、道の駅施設を含む 紋別港 一帯は2014年（平成26年）1月24日に みなとオアシスもんべつ として みなとオアシス に登録されている  。","https://ja.wikipedia.org/wiki/道の駅オホーツク紋別","道の駅一覧_北海道地方","https://ja.wikipedia.org/wiki/道の駅一覧_北海道地方","表形式","北緯44度19分42秒東経143度22分30秒","〒094-0023北海道紋別市元紋別11-6","第8回（01022）","1995年4月11日","国土交通省案内ページ全国道の駅連絡会ページ公式ウェブサイト","1995年4月11日","北海道道304号","9:00 - 17:00","","","","","","","","","","","",""
"YOU・遊・もり","[ゆうゆうもりYOU・遊・もり（ゆうゆうもり）道南茅部郡森町国道5号北海道-023 ] 道の駅YOU・遊・もり （みちのえき ゆうゆうもり）は、 北海道 茅部郡 森町 上台町にある 国道5号 の 道の駅 である  。","https://ja.wikipedia.org/wiki/道の駅YOU・遊・もり","道の駅一覧_北海道地方","https://ja.wikipedia.org/wiki/道の駅一覧_北海道地方","表形式","北緯42度05分59秒東経140度34分05秒","〒049-2311北海道茅部郡森町字上台町326-18","第9回（01023）","1995年8月3日","国土交通省案内ページ全国道の駅連絡会ページ","1995年8月3日","国道5号","9:00 - 17:30（3-10月）9:00 - 17:00（11-2月）","","","","","","","","","","","",""
"おんねゆ温泉","[おんねゆ温泉（おんねゆおんせん）オホーツク北見市国道39号北海道-024 ] 道の駅おんねゆ温泉 （みちのえき おんねゆおんせん）は、 北海道 北見市 留辺蘂町にある 国道39号 の 道の駅 である。","https://ja.wikipedia.org/wiki/道の駅おんねゆ温泉","道の駅一覧_北海道地方","https://ja.wikipedia.org/wiki/道の駅一覧_北海道地方","表形式","北緯43度45分13秒東経143度30分02秒","〒091-0153北海道北見市留辺蘂町松山1-4","（01024）","1995年8月3日","国土交通省案内ページ全国道の駅連絡会ページ","1995年","","8:30 - 17:00（4-10月）9:00 - 16:30（11-3月）","","","","","","","","","","","",""
"ルート229元和台","[るーと229げんなだいルート229元和台（ルート229げんなだい）道南爾志郡乙部町国道229号北海道-025 ] 道の駅ルート229元和台 （みちのえき ルート229げんなだい）は、 北海道 爾志郡 乙部町 にある 国道229号 の 道の駅 であり、 とるぱ に指定されている。","https://ja.wikipedia.org/wiki/道の駅ルート229元和台","道の駅一覧_北海道地方","https://ja.wikipedia.org/wiki/道の駅一覧_北海道地方","表形式","北緯42度00分41秒東経140度06分22秒","〒043-0114北海道爾志郡乙部町字元和169","第9回（01025）","1995年8月3日","国土交通省案内ページ全国道の駅連絡会ページ","1995年8月3日","国道229号","8:30 - 18:00（4月-10月）9:00 - 16:00（11月-3月）","","","","","","","","","","","",""
"ハウスヤルビ奈井江","[はうすやるびないえハウスヤルビ奈井江（ハウスヤルビないえ）道央空知郡奈井江町国道12号北海道-026 ] 道の駅ハウスヤルビ奈井江 （みちのえき ハウスヤルビないえ）  は、 北海道 空知郡 奈井江町 にある 国道12号 の 道の駅 である  。","https://ja.wikipedia.org/wiki/道の駅ハウスヤルビ奈井江","道の駅一覧_北海道地方","https://ja.wikipedia.org/wiki/道の駅一覧_北海道地方","表形式","北緯43度25分59秒東経141度53分20秒","〒079-0312北海道空知郡奈井江町字奈井江28-1","第10回（01026）","1996年4月16日","国土交通省案内ページ全国道の駅連絡会ページ公式ウェブサイト","1996年4月16日","国道12号","9:00 - 18:00（4-9月）9:00 - 17:00（10-3月）","","","","","","","","","","","",""
"おびら鰊番屋","[おびら鰊番屋（おびらにしんばんや）道北留萌郡小平町国道232号北海道-027] 道の駅おびら鰊番屋 （みちのえき おびらにしんばんや）は、 北海道 留萌郡 小平町 にある 国道232号 の 道の駅 である。","https://ja.wikipedia.org/wiki/道の駅おびら鰊番屋","道の駅一覧_北海道地方","https://ja.wikipedia.org/wiki/道の駅一覧_北海道地方","表形式","北緯44度08分13秒東経141度39分18秒","〒078-3454北海道留萌郡小平町字鬼鹿広富","第10回（01027）","1996年4月16日","国土交通省案内ページ全国道の駅連絡会ページ","1996年4月16日","国道232号","8:00 - 17:00（5-10月）9:00 - 16:00（11-4月）","","","","","","","","","","","",""
"マリーンアイランド岡島","[まりーんあいらんどおかしまマリーンアイランド岡島（マリーンアイランドおかしま）道北枝幸郡枝幸町国道238号北海道-028 ] 道の駅マリーンアイランド岡島 （みちのえき マリーンアイランドおかしま）は、 北海道 枝幸郡 枝幸町 にある 国道238号 の 道の駅 である  。","https://ja.wikipedia.org/wiki/道の駅マリーンアイランド岡島","道の駅一覧_北海道地方","https://ja.wikipedia.org/wiki/道の駅一覧_北海道地方","表形式","北緯44度52分42秒東経142度37分55秒","〒098-5802北海道枝幸郡枝幸町岡島1978-13","第10回（01028）","1996年4月16日","国土交通省案内ページ全国道の駅連絡会ページ","1996年9月1日","国道238号","9:00 - 16:30（4月下旬-6月、10月）9:00 - 17:00（7-9月）10:00 - 16:00（11月-4月下旬）","","","","","","","","","","","",""
"おこっぺ","[おこっぺオホーツク紋別郡興部町国道239号北海道-029旧興部駅跡] 道の駅おこっぺ （みちのえき おこっぺ）は、 北海道 紋別郡 興部町 にある 国道239号 の 道の駅 である。 廃駅 となった 興部駅 の駅跡に建てられている。","https://ja.wikipedia.org/wiki/道の駅おこっぺ","道の駅一覧_北海道地方","https://ja.wikipedia.org/wiki/道の駅一覧_北海道地方","表形式","北緯44度28分10秒東経143度07分01秒","〒098-1614北海道紋別郡興部町幸町","第10回（01029）","1996年4月16日","国土交通省案内ページ全国道の駅連絡会ページ","1996年4月16日","国道239号","9:00 - 18:00（5-10月）9:00 - 17:00（11-4月）","","","","","","","","","","","",""
"阿寒丹頂の里","[あかんたんちょうのさと阿寒丹頂の里（あかんたんちょうのさと）釧路・根室釧路市国道240号北海道-030 ] 道の駅阿寒丹頂の里 （みちのえき あかんたんちょうのさと）は、 北海道 釧路市 阿寒町にある 国道240号 の 道の駅 である。愛称の「クレインズテラス」には、「タンチョウが集う憩いの場所」という意味を込めている。阿寒町観光振興公社が運営している。","https://ja.wikipedia.org/wiki/道の駅阿寒丹頂の里","道の駅一覧_北海道地方","https://ja.wikipedia.org/wiki/道の駅一覧_北海道地方","表形式","北緯43度8分39.0秒東経144度8分42.1秒","〒085-0245北海道釧路市阿寒町上阿寒23-36-1","（01030）","1996年4月16日","国土交通省案内ページ全国道の駅連絡会ページ公式ウェブサイト","1996年4月16日","","9:00 - 18:00（5月から9月）9:00 - 17:00（10月から4月）観光案内所（10:00 - 16:00）","","","","","","","","","","","",""
"おとふけ","[おとふけ十勝河東郡音更町国道241号北海道-031 ] 道の駅おとふけ （みちのえき おとふけ）は、 北海道 河東郡 音更町 にある 国道241号 の 道の駅 である。","https://ja.wikipedia.org/wiki/道の駅おとふけ","道の駅一覧_北海道地方","https://ja.wikipedia.org/wiki/道の駅一覧_北海道地方","表形式","北緯42度58分36秒東経143度12分27秒","〒080-0301北海道河東郡音更町木野大通西19丁目5","第10回（01031）","1996年4月16日","国土交通省案内ページ全国道の駅連絡会ページ公式ウェブサイト","1996年4月16日","国道241号","9:30 - 18:30（5 - 10月）9:30 - 17:30（11 - 4月）","","","","","","","","","","","",""
"ピンネシリ","[ぴんねしりピンネシリ道北枝幸郡中頓別町国道275号北海道-032旧敏音知駅跡] 道の駅ピンネシリ （みちのえき ピンネシリ）は、 北海道 枝幸郡 中頓別町 にある 国道275号 の 道の駅 である。","https://ja.wikipedia.org/wiki/道の駅ピンネシリ","道の駅一覧_北海道地方","https://ja.wikipedia.org/wiki/道の駅一覧_北海道地方","表形式","北緯44度52分39秒東経142度12分48秒","〒098-5113北海道枝幸郡中頓別町字敏音知72-7","第10回（01032）","1996年4月16日","国土交通省案内ページ全国道の駅連絡会ページ公式ウェブサイト","1996年4月16日","国道275号","9:00 - 17:00","","","","","","","","","","","",""
"フォーレスト276大滝","[ふぉーれすと276おおたきフォーレスト276大滝（フォーレスト276おおたき）道央伊達市国道276号北海道-033休館中（再開時期未定[1] 道の駅フォーレスト276大滝 （みちのえき フォーレスト276おおたき）は、 北海道 伊達市 にある 国道276号 の 道の駅 である。","https://ja.wikipedia.org/wiki/道の駅フォーレスト276大滝","道の駅一覧_北海道地方","https://ja.wikipedia.org/wiki/道の駅一覧_北海道地方","表形式","北緯42度41分53秒東経141度07分49秒","〒052-0303北海道伊達市大滝区三階滝町637-5","第10回（01033）","1996年4月16日","国土交通省案内ページ全国道の駅連絡会ページ","1996年4月16日","国道276号","休業中","","","","","","","","","","","",""
"上ノ国もんじゅ","[かみのくにもんじゅ上ノ国もんじゅ（かみのくにもんじゅ）道南檜山郡上ノ国町国道228号北海道-034 ] 道の駅上ノ国もんじゅ （みちのえき かみのくにもんじゅ）は、 北海道 檜山郡 上ノ国町 にある 国道228号 の 道の駅 である。","https://ja.wikipedia.org/wiki/道の駅上ノ国もんじゅ","道の駅一覧_北海道地方","https://ja.wikipedia.org/wiki/道の駅一覧_北海道地方","表形式","北緯41度48分31秒東経140度05分42秒","〒049-0602北海道檜山郡上ノ国町字原歌3","第11回（01034）","1996年8月5日","国土交通省案内ページ全国道の駅連絡会ページ公式ウェブサイト","1996年8月5日","国道228号","10:00 - 18:00","","","","","","","","","","","",""
"オスコイ！かもえない","[おすこいかもえないオスコイ！かもえない道央古宇郡神恵内村国道229号北海道-035 ] 道の駅オスコイ!かもえない （みちのえき オスコイ!かもえない）は、 北海道 古宇郡 神恵内村 にある 国道229号 の 道の駅 である。","https://ja.wikipedia.org/wiki/道の駅オスコイ!かもえない","道の駅一覧_北海道地方","https://ja.wikipedia.org/wiki/道の駅一覧_北海道地方","表形式","北緯43度09分55秒東経140度23分09秒","〒045-0302北海道古宇郡神恵内村大字赤石村字大森34-1","第11回（01035）","1995年8月5日","国土交通省案内ページ全国道の駅連絡会ページ","1995年8月5日","国道229号","9:00 - 17:00","","","","","","","","","","","",""
"なかさつない","[なかさつない十勝河西郡中札内村国道236号北海道-036 ] 道の駅なかさつない （みちのえき なかさつない）は、 北海道 河西郡 中札内村 にある 道の駅 である。","https://ja.wikipedia.org/wiki/道の駅なかさつない","道の駅一覧_北海道地方","https://ja.wikipedia.org/wiki/道の駅一覧_北海道地方","表形式","北緯42度41分32秒東経143度07分37秒","〒089-1330北海道河西郡中札内村大通南7丁目14","第11回（01036）","1996年8月5日","国土交通省案内ページ全国道の駅連絡会ページ公式ウェブサイト","1996年10月4日","国道236号","9:00 - 19:00（4月から10月）9:00 - 17:00（11月から3月）","","","","","","","","","","","",""
"マオイの丘公園","[まおいのおかこうえんマオイの丘公園（マオイのおかこうえん）道央夕張郡長沼町国道274号北海道-037 ] 道の駅マオイの丘公園 （みちのえき マオイのおかこうえん）は、 北海道 夕張郡 長沼町 にある 国道274号 の 道の駅 である。","https://ja.wikipedia.org/wiki/道の駅マオイの丘公園","道の駅一覧_北海道地方","https://ja.wikipedia.org/wiki/道の駅一覧_北海道地方","表形式","北緯42度57分00秒東経141度43分00秒","〒069-1464北海道夕張郡長沼町東10線南7","（01037）","1996年8月5日","国土交通省案内ページ全国道の駅連絡会ページ公式ウェブサイト","1997年","国道274号","9:00 - 18:00（4-11月）9:00 - 17:00（12-3月）","","","","","","","","","","","",""
"樹海ロード日高","[じゅかいロードひだか樹海ロード日高（じゅかいロードひだか）道央沙流郡日高町国道274号北海道-038] 道の駅樹海ロード日高 （みちのえき じゅかいロードひだか）は、 北海道 沙流郡 日高町 にある 国道274号 の 道の駅 である。","https://ja.wikipedia.org/wiki/道の駅樹海ロード日高","道の駅一覧_北海道地方","https://ja.wikipedia.org/wiki/道の駅一覧_北海道地方","表形式","北緯42度52分37秒東経142度26分31秒","〒055-2301北海道沙流郡日高町本町東1丁目298-1","第11回（01038）","1996年8月5日","国土交通省案内ページ全国道の駅連絡会ページ","1996年8月5日","国道274号","9:00 - 18:00（木曜日）9:00 - 20:00（上記以外）","","","","","","","","","","","",""
"そうべつ情報館i（アイ）","[そうべつ情報館i（アイ）（そうべつじょうほうかんアイ）道央有珠郡壮瞥町国道453号北海道-039旧名「そうべつサムズ」] 道の駅そうべつ情報館i(アイ) （みちのえき そうべつじょうほうかんアイ）は、 北海道 有珠郡 壮瞥町 にある 道の駅 である。","https://ja.wikipedia.org/wiki/道の駅そうべつ情報館i(アイ)","道の駅一覧_北海道地方","https://ja.wikipedia.org/wiki/道の駅一覧_北海道地方","表形式","北緯42度33分32秒東経140度53分56秒","〒052-0101北海道有珠郡壮瞥町字滝之町384-1","第11回（01039）","1996年8月5日","国土交通省案内ページ全国道の駅連絡会ページ","1996年8月5日","国道453号","9:00 - 17:30（4-11月中旬）9:00 - 17:00（11月中旬-3月）","","","","","","","","","","","",""
"ニセコビュープラザ","[にせこびゅーぷらざニセコビュープラザ道央虻田郡ニセコ町国道5号北海道-040] 道の駅ニセコビュープラザ （みちのえき ニセコビュープラザ）は、 北海道 虻田郡 ニセコ町 にある 道の駅 である。","https://ja.wikipedia.org/wiki/道の駅ニセコビュープラザ","道の駅一覧_北海道地方","https://ja.wikipedia.org/wiki/道の駅一覧_北海道地方","表形式","北緯42度47分58秒東経140度42分08秒","〒048-1544北海道虻田郡ニセコ町字元町77-10","第12回（01040）","1997年4月11日","国土交通省案内ページ全国道の駅連絡会ページ","1997年4月11日","国道5号","9:00 - 19:00（7月から8月）9:00 - 18:00（上記以外）","","","","","","","","","","","",""
"しりうち","[しりうち道南上磯郡知内町国道228号北海道-041旧知内駅に併設] 道の駅しりうち （みちのえき しりうち）は、 北海道 上磯郡 知内町 字湯ノ里にある 国道228号 の 道の駅 である。","https://ja.wikipedia.org/wiki/道の駅しりうち","道の駅一覧_北海道地方","https://ja.wikipedia.org/wiki/道の駅一覧_北海道地方","表形式","北緯41度36分05秒東経140度20分11秒","〒049-1221北海道上磯郡知内町字湯ノ里48-13","第12回（01041）","1997年4月11日","国土交通省案内ページ全国道の駅連絡会ページ","1997年4月30日","国道228号","8:00 - 18:45","","","","","","","","","","","",""
"横綱の里ふくしま","[よこづなのさとふくしま横綱の里ふくしま（よこづなのさとふくしま）道南松前郡福島町国道228号北海道-042 ] 道の駅横綱の里ふくしま （みちのえき よこづなのさとふくしま）は、 北海道 松前郡 福島町 にある 国道228号 の 道の駅 である。","https://ja.wikipedia.org/wiki/道の駅横綱の里ふくしま","道の駅一覧_北海道地方","https://ja.wikipedia.org/wiki/道の駅一覧_北海道地方","表形式","北緯41度28分46秒東経140度15分20秒","〒049-1312北海道松前郡福島町字福島143-1","第12回（01042）","1997年4月11日","国土交通省案内ページ全国道の駅連絡会ページ公式ウェブサイト","1997年4月11日","国道228号","9:00 - 17:00","","","","","","","","","","","",""
"サラブレッドロード新冠","[さらぶれっどろーどにいかっぷサラブレッドロード新冠（サラブレッドロードにいかっぷ）道央新冠郡新冠町国道235号北海道-043 ] 道の駅サラブレッドロード新冠 （みちのえき サラブレッドロードにいかっぷ）は、 北海道 新冠郡 新冠町 にある 国道235号 の 道の駅 である。","https://ja.wikipedia.org/wiki/道の駅サラブレッドロード新冠","道の駅一覧_北海道地方","https://ja.wikipedia.org/wiki/道の駅一覧_北海道地方","表形式","北緯42度21分35秒東経142度18分56秒","〒059-2402北海道新冠郡新冠町字中央町1-20","第12回（01043）","1997年4月11日","国土交通省案内ページ全国道の駅連絡会ページ","1997年4月11日","国道235号","9:00-18:00（GW、7-9月）10:00-17:00（11-2月）10:00-18:00（上記以外）","","","","","","","","","","","",""
"ピア21しほろ","[ぴあ21しほろピア21しほろ十勝河東郡士幌町国道241号国道274号北海道-044 ] 道の駅ピア21しほろ （みちのえき ピア21しほろ）は、 北海道 河東郡 士幌町 にある 国道241号 の 道の駅 である。","https://ja.wikipedia.org/wiki/道の駅ピア21しほろ","道の駅一覧_北海道地方","https://ja.wikipedia.org/wiki/道の駅一覧_北海道地方","表形式","北緯43度08分40秒東経143度14分22秒","〒080-1253北海道河東郡士幌町字士幌西2線134-1","第12回（01044）","1997年4月11日","国土交通省案内ページ全国道の駅連絡会ページ公式ウェブサイト","1997年4月11日","国道241号","9:00 - 18:00（4 - 10月）9:00 - 17:00（11 - 3月）","","","","","","","","","","","",""
"香りの里たきのうえ","[かおりのさとたきのうえ香りの里たきのうえ（かおりのさとたきのうえ）オホーツク紋別郡滝上町国道273号北海道-045 ] 道の駅香りの里たきのうえ （みちのえき かおりのさとたきのうえ）は、 北海道 紋別郡 滝上町 にある 国道273号 の 道の駅 である。","https://ja.wikipedia.org/wiki/道の駅香りの里たきのうえ","道の駅一覧_北海道地方","https://ja.wikipedia.org/wiki/道の駅一覧_北海道地方","表形式","北緯44度11分49秒東経143度05分27秒","〒099-5602北海道紋別郡滝上町旭町","第12回（01045）","1997年4月11日","国土交通省案内ページ全国道の駅連絡会ページ","1997年4月11日","国道273号","9:00 - 17:30","","","","","","","","","","","",""
"田園の里うりゅう","[でんえんのさとうりゅう田園の里うりゅう（でんえんのさとうりゅう）道央雨竜郡雨竜町国道275号北海道-046 ] 道の駅田園の里うりゅう （みちのえき でんえんのさとうりゅう）は、 北海道 雨竜郡 雨竜町 にある 国道275号 の 道の駅 である。","https://ja.wikipedia.org/wiki/道の駅田園の里うりゅう","道の駅一覧_北海道地方","https://ja.wikipedia.org/wiki/道の駅一覧_北海道地方","表形式","北緯43度39分45秒東経141度53分39秒","〒078-2600北海道雨竜郡雨竜町字満寿28-3","第12回（01046）","1997年4月11日","国土交通省案内ページ全国道の駅連絡会ページ公式ウェブサイト","1997年4月11日","国道275号","9:00 - 17:00（5-10月）9:00 - 16:00（11-4月）","","","","","","","","","","","",""
"みたら室蘭","[みたら室蘭（みたらむろらん）道央室蘭市国道37号臨港道路祝津絵鞆線北海道-047 ] 道の駅みたら室蘭 （みちのえき みたらむろらん）は、 北海道 室蘭市 にある 国道37号 の 道の駅 である。","https://ja.wikipedia.org/wiki/道の駅みたら室蘭","道の駅一覧_北海道地方","https://ja.wikipedia.org/wiki/道の駅一覧_北海道地方","表形式","北緯42度20分31秒東経140度56分38秒","〒051-0036北海道室蘭市祝津町4丁目16-15","第14回（01047）","1998年4月17日","国土交通省案内ページ全国道の駅連絡会ページ公式ウェブサイト","1998年6月13日","国道37号","9:30 - 21:00（4-10月）9:30 - 17:00（11-3月）","","","","","","","","","","","",""
"とうま","[とうま道北上川郡当麻町国道39号北海道-048 ] 道の駅とうま （みちのえき とうま）は、 北海道 上川郡 当麻町 にある 国道39号 の 道の駅 である。","https://ja.wikipedia.org/wiki/道の駅とうま","道の駅一覧_北海道地方","https://ja.wikipedia.org/wiki/道の駅一覧_北海道地方","表形式","北緯43度50分39秒東経142度29分22秒","〒078-1332北海道上川郡当麻町宇園別2区","第14回（01048）","1998年4月17日","国土交通省案内ページ全国道の駅連絡会ページ","1998年4月17日","国道39号","9:00 - 18:00","","","","","","","","","","","",""
"スペース・アップルよいち","[すぺーすあっぷるよいちスペース・アップルよいち道央余市郡余市町国道229号北海道-049 ] 道の駅スペース・アップルよいち （みちのえき スペース・アップルよいち）は、 北海道 余市郡 余市町 にある 国道229号 の 道の駅 である。施設内には 余市宇宙記念館 （通称・スペース童夢）がある。","https://ja.wikipedia.org/wiki/道の駅スペース・アップルよいち","道の駅一覧_北海道地方","https://ja.wikipedia.org/wiki/道の駅一覧_北海道地方","表形式","北緯43度11分20.1秒東経140度47分20.3秒","〒046-0003北海道余市郡余市町黒川町6丁目4-1","第14回（01049）","1998年4月17日","国土交通省案内ページ全国道の駅連絡会ページ","1998年4月17日","国道229号","9:00 - 18:00（4月中旬-10月）10:00 - 16:30（11月-4月中旬）","","","","","","","","","","","",""
"ほっと♡はぼろ","[ほっと♡はぼろ道北苫前郡羽幌町国道232号北海道-050 ] 道の駅ほっと♡はぼろ （みちのえき ほっとはぼろ）は、 北海道 苫前郡 羽幌町 にある 国道232号 の 道の駅 である。温泉宿泊施設「サンセットプラザ」が中心となる施設である。","https://ja.wikipedia.org/wiki/道の駅ほっと♡はぼろ","道の駅一覧_北海道地方","https://ja.wikipedia.org/wiki/道の駅一覧_北海道地方","表形式","北緯44度22分02秒東経141度42分23秒","〒078-4113北海道苫前郡羽幌町北3条1丁目29","第14回（01050）","1998年4月17日","国土交通省案内ページ全国道の駅連絡会ページ公式ウェブサイト","1998年4月17日","国道232号","7:00 - 22:00","","","","","","","","","","","",""
"サロマ湖","[さろまこサロマ湖（サロマこ）オホーツク常呂郡佐呂間町国道238号北海道-051 ] 道の駅サロマ湖 （みちのえき サロマこ）は、 北海道 常呂郡 佐呂間町 にある 国道238号 ・ 国道239号 ・ 国道242号 の 道の駅 である。","https://ja.wikipedia.org/wiki/道の駅サロマ湖","道の駅一覧_北海道地方","https://ja.wikipedia.org/wiki/道の駅一覧_北海道地方","表形式","北緯44度05分59秒東経143度49分25秒","〒093-0421北海道常呂郡佐呂間町字浪速121-3","第14回（01051）","1998年4月17日","国土交通省案内ページ全国道の駅連絡会ページ公式ウェブサイト","1998年4月17日","国道238号","9:00 - 18:00（4月中旬 -10月中旬）9:00 - 17:00（10月中旬 - 4月中旬）","","","","","","","","","","","",""
"愛ランド湧別","[あいらんどゆうべつ愛ランド湧別（あいランドゆうべつ）オホーツク紋別郡湧別町国道238号北海道-052 ] 道の駅愛ランド湧別・ファミリー愛ランドYOU （みちのえき あいランドゆうべつ・ファミリーあいランドゆう）は、 北海道 紋別郡 湧別町 にある 国道238号 ・ 国道242号 の 道の駅 である。 遊園地 になっており、 観覧車 、 バイキング 、 回転ブランコ 、 ゴーカート などで遊ぶことができる  。","https://ja.wikipedia.org/wiki/道の駅愛ランド湧別","道の駅一覧_北海道地方","https://ja.wikipedia.org/wiki/道の駅一覧_北海道地方","表形式","北緯44度07分51秒東経143度43分09秒","〒093-0652北海道紋別郡湧別町志撫子6-2","第14回（01052）","1998年4月17日","国土交通省案内ページ全国道の駅連絡会ページ","1998年4月17日","国道238号","9:30 - 17:00","","","","","","","","","","","",""
"おうむ","[おうむオホーツク紋別郡雄武町国道238号北海道-053旧雄武駅跡] 道の駅おうむ （みちのえき おうむ）は、 北海道 紋別郡 雄武町 にある 国道238号 の 道の駅 である。","https://ja.wikipedia.org/wiki/道の駅おうむ","道の駅一覧_北海道地方","https://ja.wikipedia.org/wiki/道の駅一覧_北海道地方","表形式","北緯44度34分59秒東経142度57分35秒","〒098-1702北海道紋別郡雄武町字雄武1885-14","第14回（01053）","1998年4月17日","国土交通省案内ページ全国道の駅連絡会ページ","1998年4月17日","国道238号","8:00 - 21:00（5-10月）8:00 - 20:00（11-4月）","","","","","","","","","","","",""
"さるふつ公園","[さるふつ公園（さるふるこうえん）道北宗谷郡猿払村国道238号北海道-054 ] 道の駅さるふつ公園 （みちのえき さるふつこうえん）は、 北海道 宗谷郡 猿払村 にある 国道238号 の 道の駅 である。","https://ja.wikipedia.org/wiki/道の駅さるふつ公園","道の駅一覧_北海道地方","https://ja.wikipedia.org/wiki/道の駅一覧_北海道地方","表形式","北緯45度19分45秒東経142度10分38秒","〒098-6222北海道宗谷郡猿払村浜鬼志別214-7","第14回（01054）","1998年4月17日","国土交通省案内ページ全国道の駅連絡会ページ","1998年4月17日","国道238号","8:30 - 17:30（4-6月、9-10月）8:30 - 18:30（7-8月）","","","","","","","","","","","",""
"森と湖の里ほろかない","[もりとみずうみのさとほろかない森と湖の里ほろかない（もりとみずうみのさとほろかない）道北雨竜郡幌加内町国道275号北海道-055 ] 道の駅森と湖の里 ほろかない （みちのえき もりとみずうみのさと ほろかない）は、 北海道 雨竜郡 幌加内町 にある 国道275号 の 道の駅 である。","https://ja.wikipedia.org/wiki/道の駅森と湖の里ほろかない","道の駅一覧_北海道地方","https://ja.wikipedia.org/wiki/道の駅一覧_北海道地方","表形式","北緯44度06分53秒東経142度08分22秒","〒074-0425北海道雨竜郡幌加内町字政和第一","第14回（01055）","1998年4月17日","国土交通省案内ページ全国道の駅連絡会ページ公式ウェブサイト","1998年4月17日","国道275号","温泉 10:00 - 21:00物産館 8:00 - 17:00","","","","","","","","","","","",""
"うたしないチロルの湯","[うたしないチロルの湯（うたしないチロルのゆ）道央歌志内市道道114号赤平奈井江線北海道-056 ] 道の駅うたしないチロルの湯 （みちのえき うたしないチロルのゆ）は、 北海道 歌志内市 にある 道の駅 である。道の駅に隣接した所に 日帰り温泉 「チロルの湯」がある。","https://ja.wikipedia.org/wiki/道の駅うたしないチロルの湯","道の駅一覧_北海道地方","https://ja.wikipedia.org/wiki/道の駅一覧_北海道地方","表形式","北緯43度30分12秒東経142度00分21秒","〒073-0406北海道歌志内市字中村72-2","第14回（01056）","1998年4月17日","国土交通省案内ページ全国道の駅連絡会ページ公式ウェブサイト","1998年4月17日","北海道道114号","9:00 - 19:00（4-10月）9:00 - 18:00（11-3月）","","","","","","","","","","","",""
"くろまつない","[くろまつない道央寿都郡黒松内町国道5号北海道-057 ] 道の駅くろまつない （みちのえき くろまつない）は、 北海道 寿都郡 黒松内町 にある 国道5号 の 道の駅 である。","https://ja.wikipedia.org/wiki/道の駅くろまつない","道の駅一覧_北海道地方","https://ja.wikipedia.org/wiki/道の駅一覧_北海道地方","表形式","北緯42度40分22秒東経140度22分48秒","〒048-0134北海道寿都郡黒松内町字白井川8-10","第15回（01057）","1999年8月27日","国土交通省案内ページ全国道の駅連絡会ページ公式ウェブサイト","1999年8月27日","国道5号","9:00 - 18:00（4-10月）9:00 - 17:00（11-3月）","","","","","","","","","","","",""
"たきかわ","[たきかわ道央滝川市国道12号北海道-058 ] 道の駅たきかわ （みちのえき たきかわ）は、 北海道 滝川市 にある 国道12号 の 道の駅 である。","https://ja.wikipedia.org/wiki/道の駅たきかわ","道の駅一覧_北海道地方","https://ja.wikipedia.org/wiki/道の駅一覧_北海道地方","表形式","北緯43度37分24秒東経141度56分29秒","〒079-0463北海道滝川市江部乙町東11丁目13-3","第15回（01058）","1999年8月27日","国土交通省案内ページ全国道の駅連絡会ページ","1999年8月27日","国道12号","9:00 - 19:00（4月中旬-10月）9:00 - 18:00（11月-4月中旬）","","","","","","","","","","","",""
"スワン44ねむろ","[すわん44ねむろスワン44ねむろ釧路・根室根室市国道44号北海道-059 ] 道の駅スワン44ねむろ （みちのえき スワン44ねむろ）は、 北海道 根室市 にある 国道44号 の 道の駅 である。日本最東端の道の駅である。","https://ja.wikipedia.org/wiki/道の駅スワン44ねむろ","道の駅一覧_北海道地方","https://ja.wikipedia.org/wiki/道の駅一覧_北海道地方","表形式","北緯43度15分42秒東経145度26分18秒","〒086-0073北海道根室市酪陽1","第15回（01059）","1999年8月27日","国土交通省案内ページ全国道の駅連絡会ページ公式ウェブサイト","2000年4月1日","国道44号","9:00 - 17:00（4月 - 10月）9:00 - 16:00（11月）10:00 - 16:00（12月 - 3月）","","","","","","","","","","","",""
"つるぬま","[つるぬま道央樺戸郡浦臼町国道275号北海道-060 ] 道の駅つるぬま （みちのえき つるぬま）は、 北海道 樺戸郡 浦臼町 にある 国道275号 の 道の駅 である。","https://ja.wikipedia.org/wiki/道の駅つるぬま","道の駅一覧_北海道地方","https://ja.wikipedia.org/wiki/道の駅一覧_北海道地方","表形式","北緯43度27分06秒東経141度50分09秒","〒061-0600北海道樺戸郡浦臼町字キナウスナイ188","第15回（01060）","1999年8月27日","国土交通省案内ページ全国道の駅連絡会ページ","1999年8月27日","国道275号","10:00 - 18:00（4月中旬-11月中旬）10:00 - 17:00（11月中旬-4月中旬）","","","","","","","","","","","",""
"なとわ・えさん","[なとわ・えさん道南函館市国道278号北海道-061 ] 道の駅なとわ・えさん （みちのえき なとわ・えさん）は、 北海道 函館市 にある 国道278号 の 道の駅 である。施設内にはキャンプ場を設置している。","https://ja.wikipedia.org/wiki/道の駅なとわ・えさん","道の駅一覧_北海道地方","https://ja.wikipedia.org/wiki/道の駅一覧_北海道地方","表形式","北緯41度46分46秒東経141度06分06秒","〒041-0525北海道函館市日ノ浜町31-2","第15回（01061）","1999年8月27日","国土交通省案内ページ全国道の駅連絡会ページ公式ウェブサイト","1999年8月27日","国道278号","9:00 - 18:00（5-9月）9:00 - 17:00（10-4月）","","","","","","","","","","","",""
"つど〜る・プラザ・さわら","[つど〜る・プラザ・さわら道南茅部郡森町国道278号北海道-062 ] 道の駅つど〜る・プラザ・さわら （みちのえき つど〜るプラザさわら）は、 北海道 茅部郡 森町 砂原にある 道の駅 である  。","https://ja.wikipedia.org/wiki/道の駅つど〜る・プラザ・さわら","道の駅一覧_北海道地方","https://ja.wikipedia.org/wiki/道の駅一覧_北海道地方","表形式","北緯42度07分31秒東経140度40分02秒","〒049-2222北海道茅部郡森町砂原2丁目358-1","第15回（01062）","1999年8月27日","国土交通省案内ページ全国道の駅連絡会ページ","1999年8月27日","国道278号","9:00 - 17:00","","","","","","","","","","","",""
"知床・らうす","[しれとこらうす知床・らうす（しれとこらうす）釧路・根室目梨郡羅臼町国道335号北海道-063 ] 道の駅知床・らうす （みちのえき しれとこらうす）は、 北海道 目梨郡 羅臼町 にある 道の駅 である。晴れた日には、この駅から 国後島 が見えることがある。","https://ja.wikipedia.org/wiki/道の駅知床・らうす","道の駅一覧_北海道地方","https://ja.wikipedia.org/wiki/道の駅一覧_北海道地方","表形式","北緯44度01分03秒東経145度11分31秒","〒086-1833北海道目梨郡羅臼町本町361-1","第15回（01063）","1999年8月27日","国土交通省案内ページ全国道の駅連絡会ページ","1999年8月27日","国道335号","9:00 - 17:00（5-10月）10:00 - 16:00（11-4月）","","","","","","","","","","","",""
"さらべつ","[さらべつ十勝河西郡更別村道道238号更別幕別線北海道-064 ] 道の駅さらべつ （みちのえき さらべつ）は、 北海道 河西郡 更別村 にある 北海道道238号更別幕別線 の 道の駅 である。","https://ja.wikipedia.org/wiki/道の駅さらべつ","道の駅一覧_北海道地方","https://ja.wikipedia.org/wiki/道の駅一覧_北海道地方","表形式","北緯42度38分00秒東経143度16分19秒","〒089-1573北海道河西郡更別村字弘和464-1","第15回（01064）","1999年8月27日","国土交通省案内ページ全国道の駅連絡会ページ公式ウェブサイト","1999年8月27日","北海道道238号","9:00 - 18:00","","","","","","","","","","","",""
"だて歴史の杜","[だて歴史の杜（だてれきしのもり）道央伊達市国道37号北海道-065 ] 道の駅だて歴史の杜 （みちのえき だてれきしのもり）は、 北海道 伊達市 にある 国道37号 の 道の駅 。 総合公園だて歴史の杜 にある。","https://ja.wikipedia.org/wiki/道の駅だて歴史の杜","道の駅一覧_北海道地方","https://ja.wikipedia.org/wiki/道の駅一覧_北海道地方","表形式","北緯42度28分14秒東経140度52分32秒","〒052-0012北海道伊達市松ヶ枝町34-1","（01065）","2000年8月18日","国土交通省案内ページ全国道の駅連絡会ページ","2000年8月18日","","9:00 - 18:00","","","","","","","","","","","",""
"あさひかわ","[あさひかわ道北旭川市国道237号北海道-066 ] 道の駅あさひかわ （みちのえき あさひかわ）は、 北海道 旭川市 にある 道の駅 である。 財団法人 道北地域旭川地場産業振興センターが運営している  。","https://ja.wikipedia.org/wiki/道の駅あさひかわ","道の駅一覧_北海道地方","https://ja.wikipedia.org/wiki/道の駅一覧_北海道地方","表形式","北緯43度45分36秒東経142度20分55秒","〒070-8004北海道旭川市神楽4条6丁目1-12","第16回（01066）","2000年8月18日","国土交通省案内ページ全国道の駅連絡会ページ公式ウェブサイト","2000年8月18日","国道237号","9:00 - 21:00","","","","","","","","","","","",""
"自然体感しむかっぷ","[しぜんたいかんしむかっぷ自然体感しむかっぷ（しぜんたいかんしむかっぷ）道北勇払郡占冠村国道237号北海道-067 ] 道の駅自然体感しむかっぷ （みちのえき しぜんたいかんしむかっぷ）は、 北海道 勇払郡 占冠村 にある 国道237号 の 道の駅 である。占冠ICから約5分。","https://ja.wikipedia.org/wiki/道の駅自然体感しむかっぷ","道の駅一覧_北海道地方","https://ja.wikipedia.org/wiki/道の駅一覧_北海道地方","表形式","北緯42度58分43秒東経142度23分51秒","〒079-2201北海道勇払郡占冠村字中央","第16回（01067）","2000年8月18日","国土交通省案内ページ全国道の駅連絡会ページ","2000年8月18日","国道237号","9:00 - 18:00","","","","","","","","","","","",""
"にしおこっぺ花夢","[にしおこっぺ花夢（にしおこっぺかむ）オホーツク紋別郡西興部村国道239号北海道-068 ] 道の駅にしおこっぺ花夢 （みちのえき にしおこっぺかむ）は、 北海道 紋別郡 西興部村 にある 国道239号 の 道の駅 である。","https://ja.wikipedia.org/wiki/道の駅にしおこっぺ花夢","道の駅一覧_北海道地方","https://ja.wikipedia.org/wiki/道の駅一覧_北海道地方","表形式","北緯44度20分09秒東経142度52分05秒","〒098-1421北海道紋別郡西興部村字上興部37","第16回（01068）","2000年8月18日","国土交通省案内ページ全国道の駅連絡会ページ","2000年8月18日","国道239号","9:00 - 17:00（4月 - 10月）9:00 - 16:00（11月 - 3月）","","","","","","","","","","","",""
"オーロラタウン93りくべつ","[おーろらたうん93りくべつオーロラタウン93りくべつ十勝足寄郡陸別町国道242号北海道-069旧陸別駅に併設] 道の駅オーロラタウン93りくべつ （みちのえき オーロラタウン93りくべつ）は、 北海道 足寄郡 陸別町 にある 国道242号 の 道の駅 である。この駅は、旧 ふるさと銀河線 陸別駅 舎内にある。","https://ja.wikipedia.org/wiki/道の駅オーロラタウン93りくべつ","道の駅一覧_北海道地方","https://ja.wikipedia.org/wiki/道の駅一覧_北海道地方","表形式","北緯43度28分03秒東経143度44分33秒","〒089-4315北海道足寄郡陸別町大通","第16回（01069）","2000年8月18日","国土交通省案内ページ全国道の駅連絡会ページ","2000年8月18日","国道242号","8:00 - 18:00（4 - 10月）9:00 - 17:00（11 - 3月）","","","","","","","","","","","",""
"はなやか（葉菜野花）小清水","[はなやか（葉菜野花）小清水（はなやかこしみず）オホーツク斜里郡小清水町国道244号北海道-070浜小清水駅に併設] 道の駅はなやか（葉菜野花）小清水 （みちのえき はなやかこしみず）は、 北海道 斜里郡 小清水町 にある 国道244号 の 道の駅 である。","https://ja.wikipedia.org/wiki/道の駅はなやか（葉菜野花）小清水","道の駅一覧_北海道地方","https://ja.wikipedia.org/wiki/道の駅一覧_北海道地方","表形式","北緯43度56分02秒東経144度27分12秒","〒099-3452北海道斜里郡小清水町字浜小清水474-7","第16回（01070）","2000年8月18日","国土交通省案内ページ全国道の駅連絡会ページ公式ウェブサイト","2000年8月18日","国道244号","9:00～19:00（4月～10月）9:00～17:30（11月～3月）","","","","","","","","","","","",""
"ライスランドふかがわ","[らいすらんどふかがわライスランドふかがわ道央深川市国道12号国道233号北海道-071 ] 道の駅ライスランドふかがわ （みちのえき ライスランドふかがわ）は、 北海道 深川市 にある 道の駅 である  。","https://ja.wikipedia.org/wiki/道の駅ライスランドふかがわ","道の駅一覧_北海道地方","https://ja.wikipedia.org/wiki/道の駅一覧_北海道地方","表形式","北緯43度41分58秒東経142度04分14秒","〒074-1271北海道深川市音江町字広里59-7","第18回（01071）","2002年8月13日","国土交通省案内ページ全国道の駅連絡会ページ公式ウェブサイト","2003年7月1日","国道12号・国道233号","9:00 - 19:00","","","","","","","","","","","",""
"なかがわ","[なかがわ道北中川郡中川町国道40号北海道-072 ] 道の駅なかがわ （みちのえき なかがわ）は、 北海道 中川郡 中川町 にある 国道40号 の 道の駅 。","https://ja.wikipedia.org/wiki/道の駅なかがわ","道の駅一覧_北海道地方","https://ja.wikipedia.org/wiki/道の駅一覧_北海道地方","表形式","北緯44度48分06秒東経142度04分02秒","〒098-2805北海道中川郡中川町字誉498-1","第18回（01072）","2002年8月13日","国土交通省案内ページ全国道の駅連絡会ページ公式ウェブサイト","2003年4月","国道40号","9:00 - 18:00（6月-8月）9:00 - 17:00（9月-5月）","","","","","","","","","","","",""
"230ルスツ","[にさんまるルスツ230ルスツ道央虻田郡留寿都村国道230号北海道-073] 道の駅230ルスツ （みちのえき にいさんまるルスツ）は、 北海道 虻田郡 留寿都村 にある 国道230号 の 道の駅 である。","https://ja.wikipedia.org/wiki/道の駅230ルスツ","道の駅一覧_北海道地方","https://ja.wikipedia.org/wiki/道の駅一覧_北海道地方","表形式","北緯42度44分24秒東経140度53分04秒","〒048-1731北海道虻田郡留寿都村字留寿都127-191","第18回（01073）","2002年8月13日","国土交通省案内ページ全国道の駅連絡会ページ","2002年8月13日","国道230号","9:00-18:00（4月-10月）9:00-17:00（11月-3月）","","","","","","","","","","","",""
"てしお","[てしお道北天塩郡天塩町国道232号北海道-074 ] 道の駅てしお （みちのえき てしお）は、 北海道 天塩郡 天塩町 にある 道の駅 である。","https://ja.wikipedia.org/wiki/道の駅てしお","道の駅一覧_北海道地方","https://ja.wikipedia.org/wiki/道の駅一覧_北海道地方","表形式","北緯44度53分04秒東経141度44分52秒","〒098-3534北海道天塩郡天塩町新開通4丁目7227-2","第18回（01074）","2002年8月13日","国土交通省案内ページ全国道の駅連絡会ページ","2003年6月20日","国道232号","9:00 - 19:00（5-10月）9:00 - 17:00（11-4月）","","","","","","","","","","","",""
"コスモール大樹","[こすもーるたいきコスモール大樹（コスモールたいき）十勝広尾郡大樹町国道236号北海道-075 ] 道の駅コスモール大樹 （みちのえき コスモールたいき）は、 北海道 広尾郡 大樹町 にある 国道236号 の 道の駅 である  。","https://ja.wikipedia.org/wiki/道の駅コスモール大樹","道の駅一覧_北海道地方","https://ja.wikipedia.org/wiki/道の駅一覧_北海道地方","表形式","北緯42度29分23秒東経143度16分24秒","〒089-4315北海道広尾郡大樹町西本通98","第18回（01075）","2002年8月13日","国土交通省案内ページ全国道の駅連絡会ページ","2003年6月","国道236号","9:30～18:00","","","","","","","","","","","",""
"ぐるっとパノラマ美幌峠","[ぐるっとパノラマ美幌峠（ぐるっとパノラマびほろとうげ）オホーツク網走郡美幌町国道243号北海道-076 ] 道の駅ぐるっとパノラマ美幌峠 （みちのえき ぐるっとパノラマびほろとうげ）は、 北海道 網走郡 美幌町 にある 国道243号 の 道の駅 である。","https://ja.wikipedia.org/wiki/道の駅ぐるっとパノラマ美幌峠","道の駅一覧_北海道地方","https://ja.wikipedia.org/wiki/道の駅一覧_北海道地方","表形式","北緯43度38分54秒東経144度14分51秒","〒092-0022北海道網走郡美幌町字古梅","第18回（01076）","2002年8月13日","国土交通省案内ページ全国道の駅連絡会ページ","2002年8月13日","国道243号","9:00 - 18:00（4月下旬-10月）9:00 - 17:00（11月-4月下旬）","","","","","","","","","","","",""
"らんこし・ふるさとの丘","[らんこし・ふるさとの丘（らんこしふるさとのおか）道央磯谷郡蘭越町国道5号北海道-077 ] 道の駅らんこし・ふるさとの丘 （みちのえき らんこしふるさとのおか）は、 北海道 磯谷郡 蘭越町 にある 国道5号 の 道の駅 である  。","https://ja.wikipedia.org/wiki/道の駅らんこし・ふるさとの丘","道の駅一覧_北海道地方","https://ja.wikipedia.org/wiki/道の駅一覧_北海道地方","表形式","北緯42度45分43秒東経140度28分44秒","〒048-1251北海道磯谷郡蘭越町字相生969","第19回（01077）","2003年（平成15年）8月8日","国土交通省案内ページ全国道の駅連絡会ページ","2003年（平成15年）10月26日","国道5号","9:00 - 17:00","","","","","","","","","","","",""
"とようら","[とようら道央虻田郡豊浦町国道37号北海道-078] 道の駅とようら （みちのえき とようら）は、 北海道 虻田郡 豊浦町 にある 国道37号 の 道の駅 である。","https://ja.wikipedia.org/wiki/道の駅とようら","道の駅一覧_北海道地方","https://ja.wikipedia.org/wiki/道の駅一覧_北海道地方","表形式","北緯42度34分39秒東経140度43分21秒","〒049-5412北海道虻田郡豊浦町字旭町65-8","第19回（01078）","2003年8月8日","国土交通省案内ページ全国道の駅連絡会ページ公式ウェブサイト","2004年7月9日","国道37号","9:00 - 18:00（5-10月）9:00 - 17:00（11-4月）","","","","","","","","","","","",""
"メルヘンの丘めまんべつ","[めるへんのおかめまんべつメルヘンの丘めまんべつ（メルヘンのおかめまんべつ）オホーツク網走郡大空町国道39号北海道-079 ] 道の駅メルヘンの丘めまんべつ （みちのえき メルヘンのおかめまんべつ）は、 北海道 網走郡 大空町 女満別昭和にある 国道39号 の 道の駅 である。2003年（平成15年）8月8日に登録された。","https://ja.wikipedia.org/wiki/道の駅メルヘンの丘めまんべつ","道の駅一覧_北海道地方","https://ja.wikipedia.org/wiki/道の駅一覧_北海道地方","表形式","北緯43度55分02秒東経144度11分19秒","〒099-2356北海道網走郡大空町女満別昭和96","第19回（01079）","2003年8月8日","国土交通省案内ページ全国道の駅連絡会ページ公式ウェブサイト","2003年8月8日","国道39号","9:00 - 18:00","","","","","","","","","","","",""
"むかわ四季の館","[むかわ四季の館（むかわしきのやかた）道央勇払郡むかわ町国道235号北海道-080 ] 道の駅むかわ四季の館 （みちのえき むかわしきのやかた）は、 北海道 勇払郡 むかわ町 にある 国道235号 の 道の駅 。","https://ja.wikipedia.org/wiki/道の駅むかわ四季の館","道の駅一覧_北海道地方","https://ja.wikipedia.org/wiki/道の駅一覧_北海道地方","表形式","北緯42度34分26秒東経141度55分30秒","〒054-0042北海道勇払郡むかわ町美幸3丁目3-1","第19回（01080）","2003年8月8日","国土交通省案内ページ全国道の駅連絡会ページ公式ウェブサイト","2003年8月10日","国道235号","9:00 - 22:00","","","","","","","","","","","",""
"あいおい","[あいおいオホーツク網走郡津別町国道240号北海道-081旧北見相生駅跡] 道の駅あいおい （みちのえき あいおい）は、 北海道 網走郡 津別町 にある 国道240号 の 道の駅 。","https://ja.wikipedia.org/wiki/道の駅あいおい","道の駅一覧_北海道地方","https://ja.wikipedia.org/wiki/道の駅一覧_北海道地方","表形式","北緯43度32分44秒東経143度58分50秒","〒092-0361北海道網走郡津別町字相生","第19回（01081）","2003年8月8日","国土交通省案内ページ全国道の駅連絡会ページ","2003年8月8日","国道240号","9:00-18:00（4-10月）9:00-17:00（11-3月）","","","","","","","","","","","",""
"しかおい","[しかおい十勝河東郡鹿追町国道274号北海道-082 ] 道の駅しかおい （みちのえき しかおい）は、 北海道 河東郡 鹿追町 にある 国道274号 の 道の駅 である。","https://ja.wikipedia.org/wiki/道の駅しかおい","道の駅一覧_北海道地方","https://ja.wikipedia.org/wiki/道の駅一覧_北海道地方","表形式","北緯43度05分54秒東経142度59分19秒","〒081-0222北海道河東郡鹿追町東町3丁目2","第19回（01082）","2003年8月8日","国土交通省案内ページ全国道の駅連絡会ページ公式ウェブサイト","2003年8月8日","国道274号","町民ホール 9:00 - 22:00直売所 9:00 - 17:00","","","","","","","","","","","",""
"しらたき","[しらたきオホーツク紋別郡遠軽町国道450号旭川紋別自動車道北海道-083旭川紋別自動車道白滝PA/奥白滝ICに隣接国道333号からもアクセス可能] 白滝パーキングエリア （しらたきパーキングエリア）は、 北海道 紋別郡 遠軽町 にある 旭川紋別自動車道 上にある パーキングエリア 。","https://ja.wikipedia.org/wiki/道の駅しらたき","道の駅一覧_北海道地方","https://ja.wikipedia.org/wiki/道の駅一覧_北海道地方","表形式","北緯43度52分13.0秒東経143度4分30.6秒","〒099-0126北海道紋別郡遠軽町奥白滝北緯43度52分13.0秒東経143度4分30.6秒﻿ / ﻿北緯43.870278度 東経143.075167度﻿ /43.870278; 143.075167座標:北緯43度52分13.0秒東経143度4分30.6秒﻿ / ﻿北緯43.870278度 東経143.075167度﻿ /43.870278; 143.075167","","","","","","","E39旭川紋別自動車道","53.9 km（比布JCT起点）","2002年（平成14年）3月30日","奥白滝IC併設","","","","","","","",""
"あしょろ銀河ホール21","[あしょろぎんがホール21あしょろ銀河ホール21（あしょろぎんがホール21）十勝足寄郡足寄町国道241号国道242号北海道-084旧足寄駅に併設] 道の駅あしょろ銀河ホール21 （みちのえき あしょろぎんがホールにじゅういち）は、 北海道 足寄郡 足寄町 にある 国道241号 および 国道242号 の 道の駅 である  。","https://ja.wikipedia.org/wiki/道の駅あしょろ銀河ホール21","道の駅一覧_北海道地方","https://ja.wikipedia.org/wiki/道の駅一覧_北海道地方","表形式","北緯43度14分40秒東経143度32分47秒","〒089-3701北海道足寄郡足寄町北1条1丁目","第20回（01084）","2004年8月9日","国土交通省案内ページ全国道の駅連絡会ページ公式ウェブサイト","2004年8月9日","国道241号・国道242号","10:00 - 18:00（4月20日-10月31日）10:00 - 17:00（11月1日-4月19日）","","","","","","","","","","","",""
"サーモンパーク千歳","[さーもんぱーくちとせサーモンパーク千歳（サーモンパークちとせ）道央千歳市国道337号北海道-085 ] 道の駅サーモンパーク千歳 （みちのえきサーモンパークちとせ）は、 北海道 千歳市 にある 道の駅 。","https://ja.wikipedia.org/wiki/道の駅サーモンパーク千歳","道の駅一覧_北海道地方","https://ja.wikipedia.org/wiki/道の駅一覧_北海道地方","表形式","北緯42度50分02秒東経141度39分34秒","〒066-0028北海道千歳市花園2丁目4-2","第20回（01085）","2004年8月9日","国土交通省案内ページ全国道の駅連絡会ページ公式ウェブサイト","2005年6月25日","国道337号","9:00 - 20:30（一部店舗は18:00まで）","","","","","","","","","","","",""
"ひがしかわ「道草館」","[ひがしかわ「道草館」（ひがしかわみちくさかん）道北上川郡東川町道道1160号旭川旭岳温泉線北海道-086 ] 道の駅ひがしかわ「道草館」 （みちのえき ひがしかわ「みちくさかん」）は、 北海道 上川郡 東川町 にある 北海道道1160号旭川旭岳温泉線 の 道の駅 である。","https://ja.wikipedia.org/wiki/道の駅ひがしかわ「道草館」","道の駅一覧_北海道地方","https://ja.wikipedia.org/wiki/道の駅一覧_北海道地方","表形式","北緯43度41分50秒東経142度30分32秒","〒071-1423北海道上川郡東川町東町1丁目1-15","第20回（01086）","2004年8月9日","国土交通省案内ページ全国道の駅連絡会ページ","2004年8月9日","北海道道1160号","8:30 - 18:00（5-10月）8:30 - 17:00（11-4月）","","","","","","","","","","","",""
"花ロードえにわ","[はなろーどえにわ花ロードえにわ（はなロードえにわ）道央恵庭市国道36号北海道-087 ] 道と川の駅花ロードえにわ （みちとかわのえき はなロードえにわ）は、 北海道 恵庭市 にある 国道36号 （ 恵庭バイパス ）の 道の駅 である。国道と 漁川 の交点に位置していることから河川緑地と一体的な整備を進めてきたほか  、 花の拠点「はなふる」 を構成する施設となっている  。","https://ja.wikipedia.org/wiki/道と川の駅花ロードえにわ","道の駅一覧_北海道地方","https://ja.wikipedia.org/wiki/道の駅一覧_北海道地方","表形式","北緯42度53分50秒東経141度35分09秒","〒061-1375北海道恵庭市南島松817-18","第21回（01087）","2005年8月10日","国土交通省案内ページ全国道の駅連絡会ページ公式ウェブサイト","2006年7月1日","国道36号","9:00 - 19:00（4-10月）9:00 - 17:30（11-3月）","","","","","","","","","","","",""
"シェルプラザ・港","[しぇるぷらざみなとシェルプラザ・港（シェルプラザみなと）道央磯谷郡蘭越町国道229号北海道-088 ] 道の駅シェルプラザ・港 （みちのえき シェルプラザ・みなと）は、 北海道 磯谷郡 蘭越町 にある 国道229号 の 道の駅 である。","https://ja.wikipedia.org/wiki/道の駅シェルプラザ・港","道の駅一覧_北海道地方","https://ja.wikipedia.org/wiki/道の駅一覧_北海道地方","表形式","北緯42度52分49秒東経140度22分12秒","〒048-0341北海道磯谷郡蘭越町港町1402-1","第21回（01088）","2005年8月10日","国土交通省案内ページ全国道の駅連絡会ページ","2005年10月1日","国道229号","9:00 - 17:00","","","","","","","","","","","",""
"真狩フラワーセンター","[まっかりフラワーセンター真狩フラワーセンター（まっかりフラワーセンター）道央虻田郡真狩村道道66号岩内洞爺線北海道-089 ] 道の駅真狩フラワーセンター （みちのえき まっかりフラワーセンター）は、 北海道 虻田郡 真狩村 にある 北海道道66号岩内洞爺線 の 道の駅 である。","https://ja.wikipedia.org/wiki/道の駅真狩フラワーセンター","道の駅一覧_北海道地方","https://ja.wikipedia.org/wiki/道の駅一覧_北海道地方","表形式","北緯42度45分43秒東経140度48分29秒","〒048-1611北海道虻田郡真狩村字光8-3","第21回（01089）","2005年8月10日","国土交通省案内ページ全国道の駅連絡会ページ","2006年4月28日","北海道道66号","9:00 - 18:00（4月下旬-10月31日）9:00 - 17:00（11月1日-4月下旬）","","","","","","","","","","","",""
"鐘のなるまち・ちっぷべつ","[かねのなるまちちっぷべつ鐘のなるまち・ちっぷべつ（かねのなるまちちっぷべつ）道央雨竜郡秩父別町国道233号北海道-090 ] 道の駅鐘のなるまち・ちっぷべつ （みちのえき かねのなるまち・ちっぷべつ）は、 北海道 雨竜郡 秩父別町 にある 国道233号 の 道の駅 である。","https://ja.wikipedia.org/wiki/道の駅鐘のなるまち・ちっぷべつ","道の駅一覧_北海道地方","https://ja.wikipedia.org/wiki/道の駅一覧_北海道地方","表形式","北緯43度45分54秒東経141度58分00秒","〒078-2100北海道雨竜郡秩父別町2085","第21回（01090）","2005年8月10日","国土交通省案内ページ全国道の駅連絡会ページ","2005年8月20日","国道233号","9:00～18:00（4月～10月）、9:00～17:00（11月～3月）","","","","","","","","","","","",""
"あぷた","[あぷた道央虻田郡洞爺湖町国道37号北海道-091 ] 道の駅あぷた （みちのえき あぷた）は、 北海道 虻田郡 洞爺湖町 にある 国道37号 の 道の駅 である。","https://ja.wikipedia.org/wiki/道の駅あぷた","道の駅一覧_北海道地方","https://ja.wikipedia.org/wiki/道の駅一覧_北海道地方","表形式","北緯42度31分44秒東経140度46分43秒","〒049-5603北海道虻田郡洞爺湖町入江84-2","第21回（01091）","2005年8月10日","国土交通省案内ページ全国道の駅連絡会ページ公式ウェブサイト","2005年10月1日","国道37号","9:00 - 18:00（4-10月）9:00 - 17:00（11-3月）","","","","","","","","","","","",""
"うりまく","[うりまく十勝河東郡鹿追町国道274号北海道-092 ] 道の駅うりまく （みちのえき うりまく）は、 北海道 河東郡 鹿追町 にある 国道274号 の 道の駅 である。","https://ja.wikipedia.org/wiki/道の駅うりまく","道の駅一覧_北海道地方","https://ja.wikipedia.org/wiki/道の駅一覧_北海道地方","表形式","北緯43度10分11秒東経143度01分30秒","〒081-0341北海道河東郡鹿追町瓜幕西3丁目1","第21回（01092）","2005年8月10日","国土交通省案内ページ全国道の駅連絡会ページ公式ウェブサイト","2005年8月10日","国道274号","9:00 - 17:00","","","","","","","","","","","",""
"絵本の里けんぶち","[えほんのさとけんぶち絵本の里けんぶち（えほんのさとけんぶち）道北上川郡剣淵町国道40号北海道-093 ] 道の駅絵本の里けんぶち （みちのえき えほんのさとけんぶち）は、 北海道 上川郡 剣淵町 にある 国道40号 の 道の駅   。","https://ja.wikipedia.org/wiki/道の駅絵本の里けんぶち","道の駅一覧_北海道地方","https://ja.wikipedia.org/wiki/道の駅一覧_北海道地方","表形式","北緯44度05分38秒東経142度23分28秒","〒098-0341北海道上川郡剣淵町東町2420","第22回（01093）","2006年8月10日","国土交通省案内ページ全国道の駅連絡会ページ公式ウェブサイト","2006年9月21日","国道40号","9:00 - 18:00（5-10月）9:30 - 17:00（11-4月）","","","","","","","","","","","",""
"風Wとままえ","[ふわっととままえ風Wとままえ（ふわっととままえ）道北苫前郡苫前町国道232号北海道-094 ] 道の駅風Wとままえ （みちのえき ふわっととままえ）は、 北海道 苫前郡 苫前町 にある 国道232号 の 道の駅 である。","https://ja.wikipedia.org/wiki/道の駅風Wとままえ","道の駅一覧_北海道地方","https://ja.wikipedia.org/wiki/道の駅一覧_北海道地方","表形式","北緯44度18分48秒東経141度39分25秒","〒078-3701北海道苫前郡苫前町字苫前119-1","第22回（01094）","2006年8月10日","国土交通省案内ページ全国道の駅連絡会ページ","2006年11月17日","国道232号","7:00 - 22:00","","","","","","","","","","","",""
"しほろ温泉","[しほろ温泉（しほろおんせん）十勝河東郡士幌町道道134号本別士幌線北海道-095 ] 道の駅しほろ温泉 （みちのえき しほろおんせん）は、 北海道 河東郡 士幌町 にある 北海道道134号本別士幌線 の 道の駅 である。","https://ja.wikipedia.org/wiki/道の駅しほろ温泉","道の駅一覧_北海道地方","https://ja.wikipedia.org/wiki/道の駅一覧_北海道地方","表形式","北緯43度8分20.0秒東経143度22分4.6秒","〒080-1282北海道河東郡士幌町字下居辺西2線134","第22回（01095）","2006年8月10日","国土交通省案内ページ全国道の駅連絡会ページ公式ウェブサイト","2006年9月15日","北海道道134号","10:00～21:00","","","","","","","","","","","",""
"名水の郷きょうごく","[めいすいのさときょうごく名水の郷きょうごく（めいすいのさときょうごく）道央虻田郡京極町道道478号京極倶知安線北海道-096 ] 道の駅名水の郷きょうごく （みちのえき めいすいのさときょうごく）は、 北海道 虻田郡 京極町 にある 北海道道478号京極倶知安線 の 道の駅 である。 ふきだし公園 にあり、園内にある「羊蹄のふきだし湧水」は、 環境省 による『 名水百選 』や『 北海道遺産 』などに選定されている。","https://ja.wikipedia.org/wiki/道の駅名水の郷きょうごく","道の駅一覧_北海道地方","https://ja.wikipedia.org/wiki/道の駅一覧_北海道地方","表形式","北緯42度51分32秒東経140度52分15秒","〒044-0131北海道虻田郡京極町字川西45-1","（01096）","2007年3月1日","国土交通省案内ページ全国道の駅連絡会ページ公式ウェブサイト","2007年5月1日","北海道道478号","8:00-17:00","","","","","","","","","","","",""
"びえい「丘のくら」","[びえいおかのくらびえい「丘のくら」（びえいおかのくら）道北上川郡美瑛町道道213号天人峡美瑛線北海道-097 ] 道の駅びえい「丘のくら」 （みちのえき びえいおかのくら）は、 北海道 上川郡 美瑛町 にある 道の駅 である。","https://ja.wikipedia.org/wiki/道の駅びえい「丘のくら」","道の駅一覧_北海道地方","https://ja.wikipedia.org/wiki/道の駅一覧_北海道地方","表形式","北緯43度35分32秒東経142度27分50秒","〒071-0208北海道上川郡美瑛町本町1丁目9-21","第23回（01097）","2007年3月1日","国土交通省案内ページ全国道の駅連絡会ページ公式ウェブサイト","2007年4月28日","北海道道213号","9:00 - 19:00（6月から8月）9:00 - 18:00（5月・9月）9:00 - 17:00（10月から4月）","","","","","","","","","","","",""
"☆ロマン街道しょさんべつ","[ろまんかいどうしょさんべつ☆ロマン街道しょさんべつ（ロマンかいどうしょさんべつ）道北苫前郡初山別村国道232号北海道-098 ] 道の駅☆ロマン街道しょさんべつ （みちのえき ロマンかいどうしょさんべつ）は、 北海道 苫前郡 初山別村 にある 国道232号 の 道の駅 である。","https://ja.wikipedia.org/wiki/道の駅☆ロマン街道しょさんべつ","道の駅一覧_北海道地方","https://ja.wikipedia.org/wiki/道の駅一覧_北海道地方","表形式","北緯44度33分48秒東経141度46分39秒","〒078-4431北海道苫前郡初山別村字豊岬153-1","第23回（01098）","2007年3月1日","国土交通省案内ページ全国道の駅連絡会ページ","2007年6月1日","国道232号","10:00-21:00（4-10月）10:00-20:00（11-3月）※冬季開館時間の変更の場合有り","","","","","","","","","","","",""
"うとろ・シリエトク","[うとろ・シリエトクオホーツク斜里郡斜里町国道334号北海道-099 ] 道の駅うとろ・シリエトク （みちのえき うとろシリエトク）は、 北海道 斜里郡 斜里町 ウトロ にある 道の駅 である  。「シリエトク」(sir-etok) とは、 アイヌ語 で「陸地・大地」 (sir) の「先端・前」 (etok) を意味した「大地の突端（行き詰まり）」を表す言葉であり、知床の語源でもある。","https://ja.wikipedia.org/wiki/道の駅うとろ・シリエトク","道の駅一覧_北海道地方","https://ja.wikipedia.org/wiki/道の駅一覧_北海道地方","表形式","北緯44度04分09秒東経144度59分26秒","〒099-4354北海道斜里郡斜里町ウトロ西186-8","第23回（01099）","2007年3月1日","国土交通省案内ページ全国道の駅連絡会ページ","2007年4月25日","国道334号","8:30 - 18:30（5月から10月）9:00 - 17:30（11月から4月）","","","","","","","","","","","",""
"しゃり","[しゃりオホーツク斜里郡斜里町道道92号斜里停車場線北海道-100 ] 道の駅しゃり （みちのえき しゃり）は、 北海道 斜里郡 斜里町 にある 北海道道92号斜里停車場線 の 道の駅 である。","https://ja.wikipedia.org/wiki/道の駅しゃり","道の駅一覧_北海道地方","https://ja.wikipedia.org/wiki/道の駅一覧_北海道地方","表形式","北緯43度54分42秒東経144度39分51秒","〒099-4192北海道斜里郡斜里町本町37","第23回（01100）","2007年3月1日","国土交通省案内ページ全国道の駅連絡会ページ公式ウェブサイト","2007年4月27日","北海道道92号","9:00 - 19:00","","","","","","","","","","","",""
"パパスランドさっつる","[ぱぱすランドさっつるパパスランドさっつるオホーツク斜里郡清里町道道1115号摩周湖斜里線北海道-101 ] 道の駅パパスランドさっつる （みちのえき パパスランドさっつる）は、 北海道 斜里郡 清里町 にある 北海道道1115号摩周湖斜里線 の 道の駅 である。","https://ja.wikipedia.org/wiki/道の駅パパスランドさっつる","道の駅一覧_北海道地方","https://ja.wikipedia.org/wiki/道の駅一覧_北海道地方","表形式","北緯43度47分26秒東経144度32分04秒","〒099-4521北海道斜里郡清里町字神威1071","第24回（01101）","2007年8月10日","国土交通省案内ページ全国道の駅連絡会ページ公式ウェブサイト","2007年11月1日","北海道道1115号","9:00 - 21:00","","","","","","","","","","","",""
"もち米の里☆なよろ","[もち米の里☆なよろ（もちごめのさとなよろ）道北名寄市国道40号北海道-102 ] 道の駅もち米の里☆なよろ （みちのえき もちごめのさとなよろ）は、 北海道 名寄市 にある 国道40号 の 道の駅 である  。","https://ja.wikipedia.org/wiki/道の駅もち米の里☆なよろ","道の駅一覧_北海道地方","https://ja.wikipedia.org/wiki/道の駅一覧_北海道地方","表形式","北緯44度17分14秒東経142度24分50秒","〒049-5831北海道名寄市風連町西町334-1","第26回（01102）","2008年4月17日","国土交通省案内ページ全国道の駅連絡会ページ公式ウェブサイト","2008年4月20日","国道40号","9:00 - 18:00","","","","","","","","","","","",""
"みなとま〜れ寿都","[みなとま〜れ寿都（みなとま〜れすっつ）道央寿都郡寿都町道道9号寿都黒松内線北海道-103 ] 道の駅みなとま〜れ寿都 （みちのえき みなとま〜れすっつ）は、 北海道 寿都郡 寿都町 にある 北海道道9号寿都黒松内線 の 道の駅 である。","https://ja.wikipedia.org/wiki/道の駅みなとま〜れ寿都","道の駅一覧_北海道地方","https://ja.wikipedia.org/wiki/道の駅一覧_北海道地方","表形式","北緯42度47分43秒東経140度13分54秒","〒048-0404北海道寿都郡寿都町字大磯町29-1","第26回（01103）","2008年4月17日","国土交通省案内ページ全国道の駅連絡会ページ","2008年4月26日","北海道道9号","9:00 - 18:00（4-10月）9:00 - 17:00（11-3月）","","","","","","","","","","","",""
"とうや湖","[とうや湖（とうやこ）道央虻田郡洞爺湖町国道230号北海道-104 ] 道の駅とうや湖 （みちのえき とうやこ）は、 北海道 虻田郡 洞爺湖町 にある 国道230号 の 道の駅 である。","https://ja.wikipedia.org/wiki/道の駅とうや湖","道の駅一覧_北海道地方","https://ja.wikipedia.org/wiki/道の駅一覧_北海道地方","表形式","北緯42度39分52秒東経140度49分19秒","〒049-5831北海道虻田郡洞爺湖町香川9-4","第26回（01104）","2008年4月17日","国土交通省案内ページ全国道の駅連絡会ページ公式ウェブサイト","2008年4月26日","国道230号","9:00 - 18:00（4-10月）9:00 - 17:00（11-3月）","","","","","","","","","","","",""
"流氷街道網走","[りゅうひょうかいどうあばしり流氷街道網走（りゅうひょうかいどうあばしり）オホーツク網走市道道1083号網走港線北海道-105 ] 道の駅流氷街道網走 （みちのえき りゅうひょうかいどうあばしり）は、 北海道 網走市 にある 道の駅 である  。施設名は「みなと観光交流センター」であり  、 網走港 の みなとオアシス 「みなとオアシス網走」の中心施設となっている  。冬期間は流氷観光砕氷船「おーろら」の発着場としても利用している  。","https://ja.wikipedia.org/wiki/道の駅流氷街道網走","道の駅一覧_北海道地方","https://ja.wikipedia.org/wiki/道の駅一覧_北海道地方","表形式","北緯44度01分19秒東経144度16分26秒","〒093-0003北海道網走市南3条東4丁目","第29回（01105）","2008年12月10日","国土交通省案内ページ全国道の駅連絡会ページ","2009年1月19日","北海道道1083号","9:00 - 18:30","","","","","","","","","","","",""
"北前船 松前","[きたまえぶねまつまえ北前船 松前（きたまえぶねまつまえ）道南松前郡松前町国道228号北海道-106 ] 道の駅北前船 松前 （みちのえき きたまえぶね まつまえ）は、 北海道 松前郡 松前町 にある 国道228号 の 道の駅 である。","https://ja.wikipedia.org/wiki/道の駅北前船_松前","道の駅一覧_北海道地方","https://ja.wikipedia.org/wiki/道の駅一覧_北海道地方","表形式","北緯41度25分36秒東経140度06分26秒","〒049-1506北海道松前郡松前町字唐津379","第30回（01106）","2009年3月12日","国土交通省案内ページ全国道の駅連絡会ページ公式ウェブサイト","2009年4月26日","国道228号","9:00 - 18:00（4-10月）9:00 - 17:00（11-3月）","","","","","","","","","","","",""
"ステラ★ほんべつ","[すてらほんべつステラ★ほんべつ十勝中川郡本別町国道242号北海道-107旧本別駅に併設] 道の駅ステラ★ほんべつ （みちのえき ステラほんべつ）は、 北海道 中川郡 本別町 にある 国道242号 の 道の駅 である。","https://ja.wikipedia.org/wiki/道の駅ステラ★ほんべつ","道の駅一覧_北海道地方","https://ja.wikipedia.org/wiki/道の駅一覧_北海道地方","表形式","北緯43度07分33秒東経143度36分48秒","〒089-3334北海道中川郡本別町北3丁目1-1","第30回（01107）","2009年3月12日","国土交通省案内ページ全国道の駅連絡会ページ","2009年4月26日","国道242号","9:00 - 19:00（4-10月）9:00 - 17:00（11-3月）","","","","","","","","","","","",""
"ウトナイ湖","[うとないこウトナイ湖（ウトナイこ）道央苫小牧市国道36号北海道-108 ] 道の駅ウトナイ湖 （みちのえき ウトナイこ）は、 北海道 苫小牧市 にある 国道36号 の 道の駅  。","https://ja.wikipedia.org/wiki/道の駅ウトナイ湖","道の駅一覧_北海道地方","https://ja.wikipedia.org/wiki/道の駅一覧_北海道地方","表形式","北緯42度41分59秒東経141度41分40秒","〒059-1365北海道苫小牧市植苗156-30","第32回（01108）","2009年7月31日","国土交通省案内ページ全国道の駅連絡会ページ公式ウェブサイト","2009年10月1日","国道36号","9:00 - 19:00","","","","","","","","","","","",""
"うらほろ","[うらほろ十勝十勝郡浦幌町国道38号北海道-109] 道の駅うらほろ （みちのえき うらほろ）は、 北海道 十勝郡 浦幌町 にある 国道38号 の 道の駅 である  。","https://ja.wikipedia.org/wiki/道の駅うらほろ","道の駅一覧_北海道地方","https://ja.wikipedia.org/wiki/道の駅一覧_北海道地方","表形式","北緯42度48分50秒東経143度39分49秒","〒089-5621北海道十勝郡浦幌町字北町16","第32回（01109）","2009年7月31日","国土交通省案内ページ全国道の駅連絡会ページ公式ウェブサイト","2009年9月11日","国道38号","9:00～18:30（4月～10月）、9:00～17:00（11月～3月）","","","","","","","","","","","",""
"しんしのつ","[しんしのつ道央石狩郡新篠津村道道139号江別奈井江線北海道-110 ] 道の駅しんしのつ （みちのえき しんしのつ）は、 北海道 石狩郡 新篠津村 にある 北海道道139号江別奈井江線 の 道の駅  。","https://ja.wikipedia.org/wiki/道の駅しんしのつ","道の駅一覧_北海道地方","https://ja.wikipedia.org/wiki/道の駅一覧_北海道地方","表形式","北緯43度12分51秒東経141度38分34秒","〒068-1100北海道石狩郡新篠津村第45線北2","第34回（01110）","2010年8月9日","国土交通省案内ページ全国道の駅連絡会ページ","2010年11月3日","北海道道139号","10:00 - 22:00","","","","","","","","","","","",""
"夕張メロード","[ゆうばりメロード夕張メロード（ゆうばりメロード）道央夕張市国道274号北海道-111 ] 道の駅夕張メロード （みちのえき ゆうばりメロード）は、 北海道 夕張市 にある 国道274号 の 道の駅 である。","https://ja.wikipedia.org/wiki/道の駅夕張メロード","道の駅一覧_北海道地方","https://ja.wikipedia.org/wiki/道の駅一覧_北海道地方","表形式","北緯42度56分13秒東経142度02分17秒","〒068-0755北海道夕張市紅葉山526-19","第35回（01111）","2011年3月3日","国土交通省案内ページ全国道の駅連絡会ページ","2011年6月18日","国道274号","10:00 - 19:00","","","","","","","","","","","",""
"おだいとう","[おだいとう釧路・根室野付郡別海町国道244号北海道-112] 道の駅おだいとう （みちのえき おだいとう）は、 北海道 野付郡 別海町 にある 国道244号 の 道の駅 である。","https://ja.wikipedia.org/wiki/道の駅おだいとう","道の駅一覧_北海道地方","https://ja.wikipedia.org/wiki/道の駅一覧_北海道地方","表形式","北緯43度32分00秒東経145度14分13秒","〒086-1641北海道野付郡別海町尾岱沼5-27","第35回（01112）","2011年3月3日","国土交通省案内ページ全国道の駅連絡会ページ","2011年4月1日","国道244号","9:00 - 17:00（5-10月）9:00 - 16:00（11-4月）","","","","","","","","","","","",""
"縄文ロマン 南かやべ","[じょうもんろまんみなみかやべ縄文ロマン 南かやべ（じょうもんろまんみなみかやべ）道南函館市国道278号尾札部道路北海道-113 ] 道の駅縄文ロマン 南かやべ （みちのえき じょうもんロマン みなみかやべ）は、 北海道 函館市 臼尻町にある 国道278号 の 道の駅 である。","https://ja.wikipedia.org/wiki/道の駅縄文ロマン_南かやべ","道の駅一覧_北海道地方","https://ja.wikipedia.org/wiki/道の駅一覧_北海道地方","表形式","北緯41度55分41秒東経140度56分41秒","〒041-1613北海道函館市臼尻町551-1","第36回（01113）","2011年8月25日","国土交通省案内ページ全国道の駅連絡会ページ公式ウェブサイト","2011年10月1日","国道278号","9:00 - 19:00（5-10月）9:00 - 18:00（11-4月）","","","","","","","","","","","",""
"わっかない","[わっかない道北稚内市国道40号北海道-114稚内駅・稚内港に併設] 道の駅わっかない （みちのえきわっかない）は、 北海道 稚内市 にある 道の駅 。複合施設「 キタカラ 」（KITAcolor）にあり  、日本最北端の道の駅になっている  。","https://ja.wikipedia.org/wiki/道の駅わっかない","道の駅一覧_北海道地方","https://ja.wikipedia.org/wiki/道の駅一覧_北海道地方","表形式","北緯45度25分02秒東経141度40分38秒","〒097-0023北海道稚内市開運2丁目1","第37回（01114）","2012年3月26日","国土交通省案内ページ全国道の駅連絡会ページ","2012年5月3日","国道40号","10:00 - 18:00","","","","","","","","","","","",""
"あかいがわ","[あかいがわ道央余市郡赤井川村国道393号北海道-115 ] 道の駅あかいがわ （みちのえき あかいがわ）は、 北海道 余市郡 赤井川村 にある 道の駅 で、国道393号と 道道36号 の交差点のすぐ近くにある。","https://ja.wikipedia.org/wiki/道の駅あかいがわ","道の駅一覧_北海道地方","https://ja.wikipedia.org/wiki/道の駅一覧_北海道地方","表形式","北緯43度03分04秒東経140度50分41秒","〒046-0541北海道余市郡赤井川村字都190-16","第43回（01115）","2015年4月15日","国土交通省案内ページ全国道の駅連絡会ページ","2015年4月15日","国道393号","（5月-9月） 8:30 - 19:00（10月-4月） 9:00 - 17:00","","","","","","","","","","","",""
"みそぎの郷 きこない","[みそぎの郷 きこない（みそぎのさときこない）道南上磯郡木古内町道道383号木古内停車場線北海道-116 ] 道の駅みそぎの郷 きこない （みちのえき みそぎのさときこない）は、 北海道 上磯郡 木古内町 にある 北海道道383号木古内停車場線 の 道の駅 である。","https://ja.wikipedia.org/wiki/道の駅みそぎの郷_きこない","道の駅一覧_北海道地方","https://ja.wikipedia.org/wiki/道の駅一覧_北海道地方","表形式","北緯41度40分40秒東経140度26分06秒","〒049-0422北海道上磯郡木古内町字本町338-14","第44回（01116）","2015年11月5日","国土交通省案内ページ全国道の駅連絡会ページ公式ウェブサイト","2016年1月13日","北海道道383号木古内停車場線","9:00 - 18:00","","","","","","","","","","","",""
"しかべ間歇泉公園","[しかべ間歇泉公園（しかべかんけつせんこうえん）道南茅部郡鹿部町道道43号大沼公園鹿部線北海道-117 ] 道の駅しかべ間歇泉公園 （みちのえきしかべかんけつせんこうえん）は、 北海道 茅部郡 鹿部町 にある 北海道道43号大沼公園鹿部線 の 道の駅 である。この項目では、 しかべ間歇泉公園 についても記載している。","https://ja.wikipedia.org/wiki/道の駅しかべ間歇泉公園","道の駅一覧_北海道地方","https://ja.wikipedia.org/wiki/道の駅一覧_北海道地方","表形式","北緯42度01分42秒東経140度49分50秒","〒041-1402北海道茅部郡鹿部町字鹿部18-1","第44回（01117）","2015年11月5日","国土交通省案内ページ全国道の駅連絡会ページ公式ウェブサイト","2016年3月18日","国道278号","","","","","","","","","","","","",""
"ノンキーランド ひがしもこと","[のんきーらんど ひがしもことノンキーランド ひがしもことオホーツク網走郡大空町国道334号北海道-118 ] 道の駅ノンキーランド ひがしもこと （みちのえき ノンキーランド ひがしもこと）は、 北海道 網走郡 大空町 にある 国道334号 の 道の駅 である。","https://ja.wikipedia.org/wiki/道の駅ノンキーランド_ひがしもこと","道の駅一覧_北海道地方","https://ja.wikipedia.org/wiki/道の駅一覧_北海道地方","表形式","北緯43度50分42秒東経144度17分42秒","〒099-3244北海道網走郡大空町東藻琴100","第47回（01118）","2017年4月21日","国土交通省案内ページ全国道の駅連絡会ページ公式ウェブサイト","2017年9月1日","国道334号","","","","","","","","","","","","",""
"北欧の風 道の駅とうべつ","[ほくおうのかぜみちのえきとうべつ北欧の風 道の駅とうべつ（ほくおうのかぜみちのえきとうべつ）道央石狩郡当別町国道337号北海道-119 ] 北欧の風 道の駅とうべつ （ほくおうのかぜ みちのえきとうべつ）は、 北海道 石狩郡 当別町 にある 国道337号 の 道の駅 である。","https://ja.wikipedia.org/wiki/北欧の風_道の駅とうべつ","道の駅一覧_北海道地方","https://ja.wikipedia.org/wiki/道の駅一覧_北海道地方","表形式","北緯43度10分39秒東経141度26分56秒","〒061-3773北海道石狩郡当別町当別太774-11","第47回（01119）","2017年4月21日","国土交通省案内ページ全国道の駅連絡会ページ公式ウェブサイト","2017年9月23日","国道337号","10:00 - 18:00","","","","","","","","","","","",""
"石狩「あいろーど厚田」","[いしかりあいろーどあつた石狩「あいろーど厚田」（いしかりあいろーどあつた）道央石狩市国道231号北海道-120 ] 道の駅石狩「あいろーど厚田」 （みちのえき いしかり「あいろーどあつた」）は、 北海道 石狩市 にある 国道231号 の 道の駅 である。","https://ja.wikipedia.org/wiki/道の駅石狩「あいろーど厚田」","道の駅一覧_北海道地方","https://ja.wikipedia.org/wiki/道の駅一覧_北海道地方","表形式","北緯43度24分16.4秒東経141度25分52.5秒","〒061-3601北海道石狩市厚田区厚田98-2","第48回（01120）","2017年11月17日","国土交通省案内ページ全国道の駅連絡会ページ公式ウェブサイト","2018年4月27日","国道231号","10:00 - 16:00","","","","","","","","","","","",""
"なないろ・ななえ","[なないろ・ななえ道南亀田郡七飯町国道5号北海道-121 ] 道の駅なないろ・ななえ （みちのえきなないろ・ななえ）は、 北海道 亀田郡 七飯町 にある 国道5号 の 道の駅 である。","https://ja.wikipedia.org/wiki/道の駅なないろ・ななえ","道の駅一覧_北海道地方","https://ja.wikipedia.org/wiki/道の駅一覧_北海道地方","表形式","北緯41度55分33秒東経140度39分22秒","〒041-1102北海道亀田郡七飯町字峠下380-2","第48回（01121）","2017年11月17日","国土交通省案内ページ全国道の駅連絡会ページ公式ウェブサイト","2018年3月23日","国道5号","9:00 - 18:00","","","","","","","","","","","",""
"びえい「白金ビルケ」","[びえいしろがねビルケびえい「白金ビルケ」（びえいしろがねビルケ）道北上川郡美瑛町道道966号十勝岳温泉美瑛線北海道-122 ] 道の駅びえい「白金ビルケ」 （みちのえき びえい「しろがねビルケ」）は、 北海道 上川郡 美瑛町 にある 北海道道966号十勝岳温泉美瑛線 の 道の駅 である。","https://ja.wikipedia.org/wiki/道の駅びえい「白金ビルケ」","道の駅一覧_北海道地方","https://ja.wikipedia.org/wiki/道の駅一覧_北海道地方","表形式","北緯43度30分11.0秒東経142度35分50.4秒","〒071-0239北海道上川郡美瑛町字美瑛原野7514-1","第49回（01122）","2018年4月25日","国土交通省案内ページ全国道の駅連絡会ページ公式ウェブサイト","2018年5月12日","北海道道966号","","","","","","","","","","","","",""
"北オホーツクはまとんべつ","[きたオホーツクはまとんべつ北オホーツクはまとんべつ（きたオホーツクはまとんべつ）道北枝幸郡浜頓別町国道275号北海道-123 ] 道の駅北オホーツクはまとんべつ （みちのえき きたオホーツクはまとんべつ）は、 北海道 枝幸郡 浜頓別町 にある 国道275号 の 道の駅 である。","https://ja.wikipedia.org/wiki/道の駅北オホーツクはまとんべつ","道の駅一覧_北海道地方","https://ja.wikipedia.org/wiki/道の駅一覧_北海道地方","表形式","北緯45度7分30.9秒東経142度21分38.1秒","〒098-5704北海道枝幸郡浜頓別町中央北21-1","第50回（01123）","2019年3月19日","国土交通省案内ページ全国道の駅連絡会ページ","2019年5月1日","国道275号","9:00 - 19:00","","","","","","","","","","","",""
"あびら D51ステーション","[あびら D51ステーション（あびらでごいちステーション）道央勇払郡安平町国道234号北海道-124 ] 道の駅あびら D51ステーション （みちのえき あびら でごいちステーション）は、 北海道 勇払郡 安平町 にある 国道234号 の 道の駅 である。","https://ja.wikipedia.org/wiki/道の駅あびら_D51ステーション","道の駅一覧_北海道地方","https://ja.wikipedia.org/wiki/道の駅一覧_北海道地方","表形式","北緯42度52分33.8秒東経141度49分07.5秒","〒059-1921北海道勇払郡安平町追分柏が丘49-1","第50回（01124）","2019年3月19日","国土交通省案内ページ全国道の駅連絡会ページ公式ウェブサイト","2019年4月19日","国道234号","9:00 - 17:00","","","","","","","","","","","",""
"遠軽 森のオホーツク","[えんがるもりのオホーツク遠軽 森のオホーツク（えんがるもりのオホーツク）オホーツク紋別郡遠軽町国道450号北海道-125 ] 道の駅 遠軽 森のオホーツク （みちのえきえんがる もりのオホーツク）は、 北海道 紋別郡 遠軽町 にある国道450号（ 旭川紋別自動車道 ）の 道の駅 である  。","https://ja.wikipedia.org/wiki/道の駅遠軽_森のオホーツク","道の駅一覧_北海道地方","https://ja.wikipedia.org/wiki/道の駅一覧_北海道地方","表形式","北緯44度01分19.7秒東経143度29分47.6秒","〒099-0344北海道紋別郡遠軽町野上150-1","第51回（01125）","2019年6月19日","国土交通省案内ページ全国道の駅連絡会ページ公式ウェブサイト","2019年12月22日","国道450号（旭川紋別自動車道）","","","","","","","","","","","","",""
"かみしほろ","[かみしほろ十勝河東郡上士幌町国道241号北海道-126 ] 道の駅かみしほろ （みちのえきかみしほろ）は、 北海道 河東郡 上士幌町 にある 国道241号 の 道の駅 である。","https://ja.wikipedia.org/wiki/道の駅かみしほろ","道の駅一覧_北海道地方","https://ja.wikipedia.org/wiki/道の駅一覧_北海道地方","表形式","北緯43度13分28.3秒東経143度17分30.4秒","〒080-1408北海道河東郡上士幌町字上士幌東3線227-1","第52回（01126）","2020年3月13日","国土交通省案内ページ全国道の駅連絡会ページ公式ウェブサイト","2020年6月11日","","9:00 - 17:00","","","","","","","","","","","",""
"るもい","[るもい道北留萌市国道231号北海道-127 ] 道の駅るもい （みちのえき るもい）は、 北海道 留萌市 にある 国道231号 の 道の駅 である。","https://ja.wikipedia.org/wiki/道の駅るもい","道の駅一覧_北海道地方","https://ja.wikipedia.org/wiki/道の駅一覧_北海道地方","表形式","北緯43度56分41.2秒東経141度38分56.2秒","〒077-0005北海道留萌市船場町2-114","第52回（01127）","2020年3月13日","全国道の駅連絡会ページ","2020年7月11日","国道231号","9:00 - 19:00","","","","","","","","","","","",""
"ガーデンスパ十勝川温泉","[がーでんすぱとかちがわおんせんガーデンスパ十勝川温泉（ガーデンスパとかちがわおんせん）十勝河東郡音更町道道73号帯広浦幌線北海道-128 ] 道の駅ガーデンスパ十勝川温泉 （みちのえき ガーデンスパとかちがわおんせん、 Garden Spa Tokachigawa Onsen ）は、 北海道 河東郡 音更町 にある 北海道道73号帯広浦幌線 の 道の駅 および 十勝川温泉 にある 施設 である。","https://ja.wikipedia.org/wiki/道の駅ガーデンスパ十勝川温泉","道の駅一覧_北海道地方","https://ja.wikipedia.org/wiki/道の駅一覧_北海道地方","表形式","北緯42度56分01秒東経143度18分03秒","〒080-0262北海道河東郡音更町十勝川温泉北14-1","第53回（01128）","2020年7月1日","国土交通省案内ページ全国道の駅連絡会ページ公式ウェブサイト","2020年7月22日","北海道道73号帯広浦幌線","9:00 - 19:00（月曜 - 木曜）9:00 - 21:00（金曜 - 日曜・祝日）","","","","","","","","","","","",""
"羊のまち 侍・しべつ","[ひつじのまちさむらいしべつ羊のまち 侍・しべつ（ひつじのまちさむらいしべつ）道北士別市国道40号北海道-129] 道の駅羊のまち 侍・しべつ （みちのえき ひつじのまち さむらい・しべつ）は、 北海道 士別市 にある 国道40号 の 道の駅 である。","https://ja.wikipedia.org/wiki/道の駅羊のまち_侍・しべつ","道の駅一覧_北海道地方","https://ja.wikipedia.org/wiki/道の駅一覧_北海道地方","表形式","北緯44度10分34.0秒東経142度23分33.3秒","〒095-0019北海道士別市大通東5-440-23","第54回（01129）","2021年3月30日","全国道の駅連絡会ページ","2021年5月1日","国道40号","","","","","","","","","","","","",""
