"タイトル","コメント","URL","親リストタイトル","親リストURL","一覧抽出方法","座標","面積","国","人口密度","所在地","地方","団体コード","ISO 3166-2:JP","総人口","隣接都道府県","知事","外部リンク","ウィキポータル","法人番号","県の木","県の花","県の鳥","他のシンボル","推計人口","県の魚,県の歌"
"愛知県","[2323愛知県あいちけん名古屋市名古屋市中部5,172.407,484,0941,446.95415 / 8] 日本列島 の中央部に位置する。 中部地方 の県ではもっとも人口が多く、47都道府県別では 大阪府 に次ぐ全国第4位、 県庁所在地 の 名古屋市 は同地方の市町村で最多の人口を持つ。県内は大きく分けて 尾張地方 、 西三河地方 、 東三河地方 の3地域で構成されている。面積比はほぼ1：1：1、人口比はほぼ7：2：1。","https://ja.wikipedia.org/wiki/愛知県","都道府県#一覧","https://ja.wikipedia.org/wiki/都道府県#一覧","表形式","北緯35度10分48.6秒東経136度54分23.1秒","5,172.92km2（境界未定部分あり）","日本","1,455人/km2","〒460-8501愛知県名古屋市中区三の丸3丁目1番2号北緯35度10分48.6秒東経136度54分23.1秒﻿ / ﻿北緯35.180167度 東経136.906417度﻿ /35.180167; 136.906417座標:北緯35度10分48.6秒東経136度54分23.1秒﻿ / ﻿北緯35.180167度 東経136.906417度﻿ /35.180167; 136.906417","中部地方、東海地方","23000-6","JP-23","7,524,185人（推計人口、2021年5月1日）","長野県、岐阜県、静岡県、三重県","大村秀章","公式ウェブサイト","日本の都道府県/愛知県","1000020230006","ハナノキ","カキツバタ","コノハズク","県の魚:クルマエビ県民歌:われらが愛知","",""
"青森県","[0202青森県あおもりけん青森市青森市東北9,645.401,308,649135.74003 / 2] 県の 人口 は全国31位、 面積 は全国8位。 令制国 の 陸奥国 （むつのくに、りくおうのくに）北部にあたる。","https://ja.wikipedia.org/wiki/青森県","都道府県#一覧","https://ja.wikipedia.org/wiki/都道府県#一覧","表形式","北緯40度49分28.6秒東経140度44分26秒","9,645.64km2","日本","126人/km2","〒030-8570青森県青森市長島一丁目1番1号北緯40度49分28.6秒東経140度44分26秒﻿ / ﻿北緯40.824611度 東経140.74056度﻿ /40.824611; 140.74056","東北地方","02000-1","JP-02","1,217,512人（推計人口、2021年6月1日）","岩手県、秋田県、（津軽海峡を挟んで）北海道","三村申吾","公式ウェブサイト","日本の都道府県/青森県","2000020020001","ヒバ","リンゴの花","ハクチョウ","県の魚 :ヒラメ県の歌 :青森県賛歌（1971年制定）県民の歌 :青い森のメッセージ（2001年制定）","",""
"秋田県","[0505秋田県あきたけん秋田市秋田市東北11,637.541,022,83987.92503 / 2] 秋田県の海岸は、遠浅で上陸しやすく、海岸付近には身を隠せる防風林が多いため、密入国を図る工作員にとって、絶好の場所である。夜間は人が少なく、近隣住民に見られ無い上、八峰町には無人島である雄島が海岸近くにあり、北朝鮮の工作員に中継点として使われているという   。","https://ja.wikipedia.org/wiki/秋田県","都道府県#一覧","https://ja.wikipedia.org/wiki/都道府県#一覧","表形式","北緯39度43分07秒 東経140度06分09秒","11,637.52km2","日本","80.8人/km2","〒010-8570秋田県秋田市山王四丁目1番1号（本庁）〒010-8572秋田県秋田市山王三丁目1番1号（第二庁舎）","東北地方","05000-8","JP-05","940,884人（推計人口、2021年6月1日）","青森県、岩手県、宮城県、山形県","佐竹敬久","秋田県ホームページ 美の国あきたネット","日本の都道府県/秋田県","1000020050008","秋田杉","フキノトウ","ヤマドリ","","","ハタハタ秋田県民歌、県民の歌"
"石川県","[1717石川県いしかわけん金沢市金沢市中部4,186.151,154,343275.81903 / 2] 本州 の中央部、 日本海 側の 北陸地方 に位置する。県域は 令制国 の 加賀国 と 能登国 に当たる。","https://ja.wikipedia.org/wiki/石川県","都道府県#一覧","https://ja.wikipedia.org/wiki/都道府県#一覧","表形式","北緯36度35分40.6秒東経136度37分32.3秒","4,186.09km2","日本","269人/km2","〒920-8580石川県金沢市鞍月一丁目1番地北緯36度35分40.6秒東経136度37分32.3秒﻿ / ﻿北緯36.594611度 東経136.625639度﻿ /36.594611; 136.625639座標:北緯36度35分40.6秒東経136度37分32.3秒﻿ / ﻿北緯36.594611度 東経136.625639度﻿ /36.594611; 136.625639","中部地方、北陸地方","17000-3","JP-17","1,127,758人（推計人口、2021年6月1日）","富山県、岐阜県、福井県","谷本正憲","石川県","日本の都道府県/石川県","2000020170003","アテ","クロユリ","イヌワシ","県の歌：石川県民の歌マスコット：ひゃくまんさん","",""
"茨城県","[0808茨城県いばらきけん水戸市水戸市関東6,096.932,917,857478.64407 / 4] 都道府県人口 は全国11位、 面積 は全国24位である。","https://ja.wikipedia.org/wiki/茨城県","都道府県#一覧","https://ja.wikipedia.org/wiki/都道府県#一覧","表形式","北緯36度20分30.2秒東経140度26分48.6秒","6,097.19km2","日本","466人/km2","〒310-8555茨城県水戸市笠原町978番地6北緯36度20分30.2秒東経140度26分48.6秒﻿ / ﻿北緯36.341722度 東経140.446833度﻿ /36.341722; 140.446833","関東地方","08000-4","JP-08","2,843,788人（推計人口、2021年6月1日）"," 福島県 栃木県 埼玉県 千葉県","大井川和彦","公式ウェブサイト","日本の都道府県/茨城県","2000020080004","ウメ","バラ","ヒバリ","県のさかな：ヒラメ（1995年（平成7年）6月19日指定県民の歌：茨城県民の歌県民体操：茨城県民体操","",""
"岩手県","[0303岩手県いわてけん盛岡市盛岡市東北15,275.021,279,81483.83303 / 2] 東北地方 の北部（北東北）に所在し、北は 青森県 、西は 秋田県 、南は 宮城県 と境界を接している。面積は15,275.01 km 2 で  、日本の 都道府県 としては、 北海道 に次いで2番目に広い。県の人口およそ125万人のうち、100万人以上（7割強）は、内陸部の 北上盆地 に集中している。盆地と海岸部以外は山地や丘陵地が多く、緑豊かな県である。","https://ja.wikipedia.org/wiki/岩手県","都道府県#一覧","https://ja.wikipedia.org/wiki/都道府県#一覧","表形式","北緯39度42分12.6秒東経141度9分9.8秒","15,275.01km2","日本","78.6人/km2","〒020-8570岩手県盛岡市内丸10番1号北緯39度42分12.6秒東経141度9分9.8秒﻿ / ﻿北緯39.703500度 東経141.152722度﻿ /39.703500; 141.152722﻿ (岩手県庁)座標:北緯39度42分12.6秒東経141度9分9.8秒﻿ / ﻿北緯39.703500度 東経141.152722度﻿ /39.703500; 141.152722﻿ (岩手県庁)","東北地方","03000-7","JP-03","1,200,357人（推計人口、2021年6月1日）","青森県、宮城県、秋田県","達増拓也","公式ウェブサイト","日本の都道府県/岩手県","4000020030007","ナンブアカマツ","キリ","キジ","","","ナンブサケ岩手県民の歌"
"愛媛県","[3838愛媛県えひめけん松山市松山市四国5,676.101,385,840244.22004 / 2] 令制国 の 伊予国 に当たる。","https://ja.wikipedia.org/wiki/愛媛県","都道府県#一覧","https://ja.wikipedia.org/wiki/都道府県#一覧","表形式","北緯33度50分29.8秒東経132度45分56.4秒","5,676.23km2","日本","234人/km2","〒790-8570愛媛県松山市一番町四丁目4番地2北緯33度50分29.8秒東経132度45分56.4秒﻿ / ﻿北緯33.841611度 東経132.765667度﻿ /33.841611; 132.765667﻿ (愛媛県)座標:北緯33度50分29.8秒東経132度45分56.4秒﻿ / ﻿北緯33.841611度 東経132.765667度﻿ /33.841611; 132.765667﻿ (愛媛県)県庁舎位置","四国地方中国・四国地方","38000-8","JP-38","1,325,924人（推計人口、2021年6月1日）","徳島県、香川県、高知県、広島県以下、海上を隔てて隣接山口県、大分県","中村時広","愛媛県","日本の都道府県/愛媛県","1000020380008","マツ","みかんの花","コマドリ","県の魚:マダイ県の獣:ニッポンカワウソ県の歌:愛媛の歌県民の日:2月20日（県政発足記念日）マスコットキャラクター:みきゃん","",""
"大分県","[4444大分県おおいたけん大分市大分市九州6,340.611,166,729184.01803 / 2] 全国的に知名度が高い 別府温泉 や 由布院温泉 をはじめとする多くの 温泉 を有し、源泉数（4,445か所）、湧出量（279,253リットル/分）ともに日本一であり  、「 日本一のおんせん県おおいた 」をキャッチフレーズに温泉をアピールしている  。","https://ja.wikipedia.org/wiki/大分県","都道府県#一覧","https://ja.wikipedia.org/wiki/都道府県#一覧","表形式","北緯33度14分17.3秒東経131度36分45.4秒","6,340.73km2（境界未定部分あり）","日本","176人/km2","〒870-8501大分県大分市大手町3丁目1番1号北緯33度14分17.3秒東経131度36分45.4秒﻿ / ﻿北緯33.238139度 東経131.612611度﻿ /33.238139; 131.612611座標:北緯33度14分17.3秒東経131度36分45.4秒﻿ / ﻿北緯33.238139度 東経131.612611度﻿ /33.238139; 131.612611県庁舎位置","九州地方","44000-1","JP-44","1,117,562人（推計人口、2021年6月1日）"," 福岡県 熊本県 宮崎県 愛媛県 山口県","広瀬勝貞","公式ウェブサイト","日本の都道府県/大分県","1000020440001","豊後梅","豊後梅","めじろ","県の歌：未制定県民の日：11月14日","",""
"大阪府","[2727大阪府おおさかふ大阪市大阪市近畿1,904.998,838,9084,639.94319 / 8] 府庁所在地は 大阪市 。 令制国 の 摂津国 東部（7 郡 ）および 河内国 と 和泉国 のそれぞれ全域で構成され、三国の文字を取って 摂河泉 （せっかせん）とも呼ばれるが、京都府から 樫田村 全域と 亀岡市 の一部が 越境編入 された1958年以降は 丹波国 南東部（ごく一部）も含むようになっている。なお、 堺県 編入の1881年から奈良県再設置の1887年までは、 大和国 の全域も含んでいた。","https://ja.wikipedia.org/wiki/大阪府","都道府県#一覧","https://ja.wikipedia.org/wiki/都道府県#一覧","表形式","北緯34度41分10.8秒東経135度31分11.5秒","1,905.14km2","日本","4,618人/km2","〒540-8570大阪府大阪市中央区大手前二丁目1番22号北緯34度41分10.8秒東経135度31分11.5秒﻿ / ﻿北緯34.686333度 東経135.519861度﻿ /34.686333; 135.519861﻿ (大阪府)座標:北緯34度41分10.8秒東経135度31分11.5秒﻿ / ﻿北緯34.686333度 東経135.519861度﻿ /34.686333; 135.519861﻿ (大阪府)","近畿地方","27000-8","JP-27","8,798,545人（推計人口、2021年6月1日）"," 京都府 兵庫県 奈良県 和歌山県","吉村洋文","公式ウェブサイト","日本の都道府県/大阪府","4000020270008","","","","","",""
"岡山県","[3333岡山県おかやまけん岡山市岡山市中国7,114.621,922,181270.22705 / 2] 瀬戸内 の気候と地勢を背景に 古代 より独自の 文化圏 としての歴史を有し、現代でも 中国・四国地方 の交通網の要衝として発展を続けている。県庁所在地の岡山市は 2009年 （ 平成 21年） 4月1日 、全国で18番目の 政令指定都市 に移行した。 山陽本線 、 山陽新幹線 、 1988年 （昭和63年）に開通した 瀬戸大橋 、 中国自動車道 、 1997年 （平成9年）全線開通した 山陽自動車道 をはじめとして西日本の交通の大動脈が県を縦断している。","https://ja.wikipedia.org/wiki/岡山県","都道府県#一覧","https://ja.wikipedia.org/wiki/都道府県#一覧","表形式","北緯34度39分42.3秒東経133度56分5秒","7,114.32km2（境界未定部分あり）","日本","263人/km2","〒700-8570岡山県岡山市北区内山下2丁目4番6号北緯34度39分42.3秒東経133度56分5秒﻿ / ﻿北緯34.661750度 東経133.93472度﻿ /34.661750; 133.93472﻿ (岡山県)座標:北緯34度39分42.3秒東経133度56分5秒﻿ / ﻿北緯34.661750度 東経133.93472度﻿ /34.661750; 133.93472﻿ (岡山県)県庁舎位置","中国地方、山陽地方中国・四国地方","33000-1","JP-33","1,873,605人（推計人口、2021年6月1日）","兵庫県、鳥取県、広島県、香川県","伊原木隆太","公式ウェブサイト（日本語）","日本の都道府県/岡山県","4000020330001","アカマツ","ももの花","キジ","晴れの国 おかやま県歌：岡山県の歌（1957年（昭和32年）制定）県民愛唱歌：みんなのこころに（1982年（昭和57年）発表）マスコット：ももっち","",""
"沖縄県","[4747沖縄県おきなわけん那覇市那覇市沖縄2,281.001,434,138628.74104 / 2] 日本で最も西にあり、 沖縄本島 、 宮古島 、 石垣島 など多くの島々から構成される  。","https://ja.wikipedia.org/wiki/沖縄県","都道府県#一覧","https://ja.wikipedia.org/wiki/都道府県#一覧","表形式","北緯26度12分44.8秒東経127度40分51.3秒","2,280.98km2","日本","640人/km2","〒900-8570沖縄県那覇市泉崎一丁目2番地2号北緯26度12分44.8秒東経127度40分51.3秒﻿ / ﻿北緯26.212444度 東経127.680917度﻿ /26.212444; 127.680917﻿ (沖縄県)座標:北緯26度12分44.8秒東経127度40分51.3秒﻿ / ﻿北緯26.212444度 東経127.680917度﻿ /26.212444; 127.680917﻿ (沖縄県)","九州地方、沖縄地方","47000-7","JP-47","1,458,870人（推計人口、2021年6月1日）"," 鹿児島県","玉城デニー（本名・玉城康裕）","公式ウェブサイト","日本の都道府県/沖縄県","1000020470007","リュウキュウマツ","デイゴ","ノグチゲラ","県の魚 :タカサゴ（グルクン）県の歌 :沖縄県民の歌本土復帰記念日 :5月15日慰霊の日 :6月23日","",""
"香川県","[3737香川県かがわけん高松市高松市四国1,876.73976,756520.51703 / 2] 令制国 の 讃岐国 に当たる。県名は旧讃岐国のほぼ中央に存在し、かつて高松が属していた古代以来の郡である 香川郡 から採られた。面積は47都道府県で一番小さい。 都市 の利便性と豊かな 自然 が調和した生活環境を持つ  。","https://ja.wikipedia.org/wiki/香川県","都道府県#一覧","https://ja.wikipedia.org/wiki/都道府県#一覧","表形式","北緯34度20分24.4秒東経134度2分35.8秒","1,876.77km2（境界未定部分あり）","日本","504人/km2","〒760-8570香川県高松市番町四丁目1番10号北緯34度20分24.4秒東経134度2分35.8秒﻿ / ﻿北緯34.340111度 東経134.043278度﻿ /34.340111; 134.043278座標:北緯34度20分24.4秒東経134度2分35.8秒﻿ / ﻿北緯34.340111度 東経134.043278度﻿ /34.340111; 134.043278県庁舎位置","四国地方中国・四国地方","37000-2","JP-37","945,129人（推計人口、2021年6月1日）","岡山県徳島県愛媛県※兵庫県※広島県※は海上で隣接","浜田恵造","香川県","日本の都道府県/香川県","8000020370002","オリーブ","オリーブ","ホトトギス","","",""
"鹿児島県","[4646鹿児島県かごしまけん鹿児島市鹿児島市九州9,188.101,648,752179.44304 / 2] 九州島の南側には 離島 （ 薩南諸島 ）が点在する  。九州島の部分は 県本土 と表現され、2つの半島（ 薩摩半島 ・ 大隅半島 ）を有する。","https://ja.wikipedia.org/wiki/鹿児島県","都道府県#一覧","https://ja.wikipedia.org/wiki/都道府県#一覧","表形式","北緯31度33分36.6秒東経130度33分29.4秒","9,187.01km2（境界未定部分あり）","日本","172人/km2","〒890-8577鹿児島県鹿児島市鴨池新町10番1号北緯31度33分36.6秒東経130度33分29.4秒﻿ / ﻿北緯31.560167度 東経130.558167度﻿ /31.560167; 130.558167﻿ (鹿児島県)座標:北緯31度33分36.6秒東経130度33分29.4秒﻿ / ﻿北緯31.560167度 東経130.558167度﻿ /31.560167; 130.558167﻿ (鹿児島県)","九州地方","46000-1","JP-46","1,580,460人（推計人口、2021年6月1日）"," 熊本県 宮崎県 沖縄県","塩田康一","鹿児島県","日本の都道府県/鹿児島県","8000020460001","カイコウズ、クスノキ","ミヤマキリシマ","ルリカケス","県の歌：鹿児島県民の歌（1948年制定）マスコット：ぐりぶーかごしま畜産の日：毎月29日（2月は9日）","",""
"神奈川県","[1414神奈川県かながわけん横浜市横浜市関東2,415.819,127,3233,778.23318 / 8] 首都圏 の一角を成し、 都道府県別の人口 は隣接する 東京都 に次ぐ第2位  、 昼間人口 及び 人口密度 は東京都、 大阪府 に次ぐ第3位である。 県内総生産 も東京都、 愛知県 、大阪府に次ぐ第4位となっている  。県内の 政令指定都市 は全国で唯一の3市（ 横浜市 ・ 川崎市 ・ 相模原市 ）で、 面積 は第43位の規模である   。 村 は、 清川村 1村のみである。","https://ja.wikipedia.org/wiki/神奈川県","都道府県#一覧","https://ja.wikipedia.org/wiki/都道府県#一覧","表形式","北緯35度26分51.9秒東経139度38分33.1秒","2,416.17km2","日本","3,827人/km2","〒231-8588神奈川県横浜市中区日本大通1番北緯35度26分51.9秒東経139度38分33.1秒﻿ / ﻿北緯35.447750度 東経139.642528度﻿ /35.447750; 139.642528座標:北緯35度26分51.9秒東経139度38分33.1秒﻿ / ﻿北緯35.447750度 東経139.642528度﻿ /35.447750; 139.642528県庁舎位置神奈川県庁","関東地方","14000-7","JP-14","9,246,429人（推計人口、2021年6月1日）"," 東京都 山梨県 静岡県 千葉県","黒岩祐治","公式ウェブサイト","日本の都道府県/神奈川県","1000020140007","イチョウ","ヤマユリ","カモメ","","",""
"岐阜県","[2121岐阜県ぎふけん岐阜市岐阜市中部10,621.292,032,533191.44205 / 2] 日本の 人口 重心 中央  に 位置 し、その 地形 は変化に富んでいる。 内陸県 である。","https://ja.wikipedia.org/wiki/岐阜県","都道府県#一覧","https://ja.wikipedia.org/wiki/都道府県#一覧","表形式","北緯35度23分28.3秒東経136度43分19.9秒","10,621.29km2（境界未定部分あり）","日本","185人/km2","〒500-8570岐阜県岐阜市薮田南二丁目1番1号北緯35度23分28.3秒東経136度43分19.9秒﻿ / ﻿北緯35.391194度 東経136.722194度﻿ /35.391194; 136.722194座標:北緯35度23分28.3秒東経136度43分19.9秒﻿ / ﻿北緯35.391194度 東経136.722194度﻿ /35.391194; 136.722194県庁舎位置","中部地方、東海地方","21000-5","JP-21","1,966,878人（推計人口、2021年6月1日）","富山県、石川県、福井県、長野県、愛知県、三重県、滋賀県","古田肇","公式ウェブサイト","日本の都道府県/岐阜県","4000020210005","イチイ","レンゲソウ","ライチョウ","","","アユ岐阜県民の歌"
"京都府","[2626京都府きょうとふ京都市京都市近畿4,612.202,610,140565.92606 / 4] 恭仁京 や 長岡京 、 平安京 など 日本の首都 が置かれていた。 令制国 でいう 山城国 の全域、 丹波国 の東部および 丹後国 の全域を府域とする。","https://ja.wikipedia.org/wiki/京都府","都道府県#一覧","https://ja.wikipedia.org/wiki/都道府県#一覧","表形式","北緯35度1分15.7秒東経135度45分20.1秒","4,612.20km2","日本","557人/km2","〒602-8570京都府京都市上京区下立売通新町西入藪の内町85番地3北緯35度1分15.7秒東経135度45分20.1秒﻿ / ﻿北緯35.021028度 東経135.755583度﻿ /35.021028; 135.755583座標:北緯35度1分15.7秒東経135度45分20.1秒﻿ / ﻿北緯35.021028度 東経135.755583度﻿ /35.021028; 135.755583","近畿地方","26000-2","JP-26","2,569,856人（推計人口、2021年6月1日）"," 福井県 三重県 滋賀県 大阪府 兵庫県 奈良県","西脇隆俊","公式ウェブサイト","日本の都道府県/京都府","2000020260002","","","","","",""
"熊本県","[4343熊本県くまもとけん熊本市熊本市九州7,409.321,786,969241.24504 / 2] 令制国 の 肥後国 に当たる。 有明海 、 不知火海 、 東シナ海 に面している。","https://ja.wikipedia.org/wiki/熊本県","都道府県#一覧","https://ja.wikipedia.org/wiki/都道府県#一覧","表形式","北緯32度47分23秒東経130度44分29.9秒","7,409.48km2（境界未定部分あり）","日本","233人/km2","〒862-8570熊本県熊本市中央区水前寺6丁目18番1号北緯32度47分23秒東経130度44分29.9秒﻿ / ﻿北緯32.78972度 東経130.741639度﻿ /32.78972; 130.741639﻿ (熊本県)座標:北緯32度47分23秒東経130度44分29.9秒﻿ / ﻿北緯32.78972度 東経130.741639度﻿ /32.78972; 130.741639﻿ (熊本県)県庁舎位置","九州地方","43000-5","JP-43","1,727,539人（推計人口、2021年6月1日）"," 福岡県 大分県 宮崎県 鹿児島県 長崎県","蒲島郁夫","熊本県","日本の都道府県/熊本県","7000020430005","クスノキ","リンドウ","ヒバリ","県の魚：クルマエビ県の歌：熊本県民の歌マスコット：くまモン","",""
"群馬県","[1010群馬県ぐんまけん前橋市高崎市関東6,362.281,973,476310.23505 / 2] 米 麦 栽培・ 養蚕 ・ 繊維 工業などの伝統産業に加え、 畜産 ・ 野菜 栽培・ 機械 工業が盛んで、県北西部は 温泉 ・ 保養地 である。 利根川上流ダム群 の豊かな水量は県内はもとより、 東京都 を始めとする関東の 電力 ・ 上水道 の供給源となっている   。県南東部は 都市化 が進み、 首都圏整備法 の都市開発区域に指定され、 工業地域 を形成している。","https://ja.wikipedia.org/wiki/群馬県","都道府県#一覧","https://ja.wikipedia.org/wiki/都道府県#一覧","表形式","北緯36度23分26.4秒東経139度3分37.6秒","6,362.28km2","日本","301人/km2","〒371-8570群馬県前橋市大手町一丁目1番1号北緯36度23分26.4秒東経139度3分37.6秒﻿ / ﻿北緯36.390667度 東経139.060444度﻿ /36.390667; 139.060444﻿ (群馬県)座標:北緯36度23分26.4秒東経139度3分37.6秒﻿ / ﻿北緯36.390667度 東経139.060444度﻿ /36.390667; 139.060444﻿ (群馬県)","関東地方","10000-5","JP-10","1,917,157人（推計人口、2021年6月1日）"," 埼玉県 新潟県 長野県 栃木県 福島県","山本一太","群馬県","日本の都道府県/群馬県","7000020100005","クロマツ","レンゲツツジ","ヤマドリ","","",""
"高知県","[3939高知県こうちけん高知市高知市四国7,103.91728,461102.53402 / ※] ","https://ja.wikipedia.org/wiki/高知県","都道府県#一覧","https://ja.wikipedia.org/wiki/都道府県#一覧","表形式","北緯33度33分34.9秒東経133度31分51.7秒","7,103.86km2","日本","96.3人/km2","〒780-8570高知県高知市丸ノ内一丁目2番20号北緯33度33分34.9秒東経133度31分51.7秒﻿ / ﻿北緯33.559694度 東経133.531028度﻿ /33.559694; 133.531028﻿ (高知県)座標:北緯33度33分34.9秒東経133度31分51.7秒﻿ / ﻿北緯33.559694度 東経133.531028度﻿ /33.559694; 133.531028﻿ (高知県)県庁舎位置","四国地方中国・四国地方","39000-3","JP-39","684,153人（推計人口、2021年6月1日）","徳島県、愛媛県、大分県- 海峡を挟んで隣接。","浜田省司","高知県","日本の都道府県/高知県","5000020390003","ヤナセスギ","ヤマモモ","ヤイロチョウ","県の魚：カツオ県の歌：高知県民の歌（1953年制定）県のキャラクター :くろしおくん","",""
"埼玉県","[1111埼玉県さいたまけんさいたま市さいたま市関東3,797.757,261,2711,912.06315 / 7] 首都圏 を構成し、 都道府県別の人口 は東京都、 神奈川県 、 大阪府 、 愛知県 に次ぐ全国第5位。 人口密度 は東京都、大阪府、神奈川県に次ぐ第4位である。県の 財政力指数 は全国第4位  。 令制国 の 武蔵国 の一部に相当する。 面積 は第39位で  、 可住地面積比率 は第3位の規模である。 村 は、 東秩父村 の1村のみである。","https://ja.wikipedia.org/wiki/埼玉県","都道府県#一覧","https://ja.wikipedia.org/wiki/都道府県#一覧","表形式","北緯35度51分26秒東経139度38分56.9秒","3,797.75km2（境界未定部分あり）","日本","1,934人/km2","〒330-9301埼玉県さいたま市浦和区高砂三丁目15番1号北緯35度51分26秒東経139度38分56.9秒﻿ / ﻿北緯35.85722度 東経139.649139度﻿ /35.85722; 139.649139","関東地方","11000-1","JP-11","7,343,791人（推計人口、2021年6月1日）"," 東京都 千葉県 茨城県 栃木県 群馬県 山梨県 長野県","大野元裕","公式ウェブサイト","日本の都道府県/埼玉県","1000020110001","ケヤキ","サクラソウ","シラコバト","県の魚:ムサシトミヨ県の蝶:ミドリシジミ県のマスコット:コバトン・さいたまっち県の歌:埼玉県歌埼玉県民の日:11月14日","",""
"佐賀県","[4141佐賀県さがけん佐賀市佐賀市九州2,440.64833,245341.42002 / 2] 唐津 ・ 伊万里 ・ 有田 などは古くから 陶磁器 の産地として有名で、 玄界灘 と 有明海 の2つの海に接する。 令制国 の 肥前国 東部に相当する。 明治 の 府県制 成立の際、同国は佐賀県と 長崎県 の2県として分立した。九州地方の中では最も面積、経済規模が小さい県である一方で、人口密度は全国で16番目に高い。","https://ja.wikipedia.org/wiki/佐賀県","都道府県#一覧","https://ja.wikipedia.org/wiki/都道府県#一覧","表形式","北緯33度14分57.9秒東経130度17分58.5秒","2,440.68km2","日本","330人/km2","〒840-8570佐賀県佐賀市城内一丁目1番59号北緯33度14分57.9秒東経130度17分58.5秒﻿ / ﻿北緯33.249417度 東経130.299583度﻿ /33.249417; 130.299583座標:北緯33度14分57.9秒東経130度17分58.5秒﻿ / ﻿北緯33.249417度 東経130.299583度﻿ /33.249417; 130.299583県庁舎位置","九州地方","41000-4","JP-41","804,931人（推計人口、2021年6月1日）"," 福岡県 長崎県","山口祥義","佐賀県","日本の都道府県/佐賀県","1000020410004","クスノキ","クスの花","カササギ（カチガラス）","","",""
"滋賀県","[2525滋賀県しがけん大津市大津市近畿4,017.381,413,184351.81904 / 2] 令制国 の 近江国 （江州）と完全に一致する。県名は大津が属していた郡名「 滋賀郡 」から採用された。「滋賀」の発音は、共通語では「し」に アクセント を置く（頭高型アクセント）が、地元では「が」にアクセントを置く（尾高型アクセント）ことが多い（「滋賀県」とする場合は共通語も地元の方言も同じアクセント）。","https://ja.wikipedia.org/wiki/滋賀県","都道府県#一覧","https://ja.wikipedia.org/wiki/都道府県#一覧","表形式","北緯35度0分15.7秒東経135度52分6.6秒","4,017.38km2（境界未定部分あり）","日本","351人/km2","〒520-8577滋賀県大津市京町四丁目1番1号北緯35度0分15.7秒東経135度52分6.6秒﻿ / ﻿北緯35.004361度 東経135.868500度﻿ /35.004361; 135.868500座標:北緯35度0分15.7秒東経135度52分6.6秒﻿ / ﻿北緯35.004361度 東経135.868500度﻿ /35.004361; 135.868500","近畿地方","25000-7","JP-25","1,410,299人（推計人口、2021年6月1日）"," 福井県 岐阜県 三重県 京都府","三日月大造","公式ウェブサイト","日本の都道府県/滋賀県","7000020250007","モミジ","シャクナゲ","カイツブリ","県民の歌 -滋賀県民の歌シンボルマーク -Mother Lakeイメージキャラクター -うぉーたん、キャッフィーびわ湖の日 -7月1日","",""
"静岡県","[2222静岡県しずおかけん静岡市浜松市中部7,778.703,701,181475.83508 / 4] 直線距離にて県域の東西が155km、南北に118kmと全国13番目に広大な県域を保ち、全国10位の約360万人の人口を有する。旧 令制国 の 伊豆国 のほとんど  、 駿河国 、 遠江国 の凡そ3国に相当する県である。地域によって住民の意識、方言、文化面に大きな違いが見られる。北側は広大な 南アルプス 、南側は 駿河湾 、 遠州灘 に面する。23市10区12町の 自治体 があり、 村 はない。","https://ja.wikipedia.org/wiki/静岡県","都道府県#一覧","https://ja.wikipedia.org/wiki/都道府県#一覧","表形式","北緯34度54分59秒東経138度18分59秒","7,777.42km2（境界未定部分あり）","日本","465人/km2","〒420-8601静岡県静岡市葵区追手町 9-6北緯34度54分59秒東経138度18分59秒﻿ / ﻿北緯34.91639度 東経138.31639度﻿ /34.91639; 138.31639座標:北緯34度54分59秒東経138度18分59秒﻿ / ﻿北緯34.91639度 東経138.31639度﻿ /34.91639; 138.31639県庁舎位置","中部地方、東海地方","22000-1","JP-22","3,615,430人（推計人口、2021年6月1日）"," 神奈川県 山梨県 長野県 愛知県 東京都","川勝平太","公式ウェブサイト","日本の都道府県/静岡県","7000020220001","モクセイ（キンモクセイ）","ツツジ","サンコウチョウ","","",""
"島根県","[3232島根県しまねけん松江市松江市中国6,708.23694,188103.51902 / ※] 離島の 隠岐島 、 竹島 なども島根県の領域に含まれる。 旧国名 は 出雲国 、 石見国 、 隠岐国 であり、現在でも出雲地方・石見地方・隠岐地方の3つの地域に区分されることが多い。全国では、 鳥取県 に次いで2番目に人口が少ない。","https://ja.wikipedia.org/wiki/島根県","都道府県#一覧","https://ja.wikipedia.org/wiki/都道府県#一覧","表形式","北緯35度28分20.3秒東経133度3分1.8秒","6,708.26km2","日本","99.4人/km2","〒690-8501島根県松江市殿町1番北緯35度28分20.3秒東経133度3分1.8秒﻿ / ﻿北緯35.472306度 東経133.050500度﻿ /35.472306; 133.050500座標:北緯35度28分20.3秒東経133度3分1.8秒﻿ / ﻿北緯35.472306度 東経133.050500度﻿ /35.472306; 133.050500県庁舎位置","中国地方、山陰地方中国・四国地方","32000-5","JP-32","667,079人（推計人口、2021年6月1日）","鳥取県、広島県、山口県","丸山達也","公式ウェブサイト","日本の都道府県/島根県","1000020320005","クロマツ","ボタン","ハクチョウ","県の魚：トビウオ県民歌：薄紫の山脈（1951年制定）","",""
"千葉県","[1212千葉県ちばけん千葉市千葉市関東5,157.646,224,0271,206.85413 / 6] 首都圏 を構成し、 都道府県人口 ・ 人口密度 は第6位  、 面積 は第28位の規模である。県の 財政力指数 は全国第5位  、訪日旅客数は全国第3位  であり、 中心業務地区 の 幕張新都心 、 アジア地域 有数の 国際見本市 会場である 幕張メッセ 、国際線旅客数・就航都市数・貿易額で 日本一 の 成田国際空港 、日本三大港湾である東京港湾の一角を担う 千葉港 、水揚げ量日本一で日本三大漁港の 銚子漁港 、集客施設来場者数日本一の ディズニーリゾート 、日本で唯一 国際標準模式層断面及び地点 に認定され、 チバニアン（千葉時代） として地質年代の名称になる証拠となった地層 千葉セクション 、日本一の数を有する 海水浴場 、自然豊かな 南房総国定公園 ・ 水郷筑波国定公園 などを筆頭とした 観光 ・ リゾート地 、優れた 社会基盤 、豊かな 地域資源 、バランスの取れた 産業構造 を核としている  。 学区別平均年収 の最も高い 地域 は 千葉市立打瀬小学校 の学区で1064万円である。","https://ja.wikipedia.org/wiki/千葉県","都道府県#一覧","https://ja.wikipedia.org/wiki/都道府県#一覧","表形式","北緯35度36分16.4秒東経140度7分23.3秒","5,157.61km2（境界未定部分あり）","日本","1,217人/km2","〒260-8667千葉県千葉市中央区市場町1番1号北緯35度36分16.4秒東経140度7分23.3秒﻿ / ﻿北緯35.604556度 東経140.123139度﻿ /35.604556; 140.123139","関東地方","12000-6","JP-12","6,278,933人（推計人口、2021年6月1日）"," 東京都 埼玉県 茨城県 神奈川県","熊谷俊人","千葉県","日本の都道府県/千葉県","4000020120006","マキ（1966年9月29日指定）","菜の花（1954年4月NHK一般公募）","ホオジロ（1965年5月10日指定）","","",""
"東京都","[1313東京都とうきょうと新宿区（東京23区）世田谷区（東京23区）関東2,190.9013,513,7346,168.16225 / 12] 区部 （23区）、 多摩地域 （26市と 西多摩郡 3町1村）および 島嶼部 （2町7村）からなる。関東南西部にあって東西に細長い都域を有し、東部は 東京湾 に面する  。西部は 雲取山 を最高峰とする 関東山地 となる  。","https://ja.wikipedia.org/wiki/東京都","都道府県#一覧","https://ja.wikipedia.org/wiki/都道府県#一覧","表形式","北緯35度41分22.4秒東経139度41分30.2秒","2,193.96km2（境界未定部分あり）","日本","6,362人/km2","〒163-8001東京都新宿区西新宿二丁目8番1号北緯35度41分22.4秒東経139度41分30.2秒﻿ / ﻿北緯35.689556度 東経139.691722度﻿ /35.689556; 139.691722座標:北緯35度41分22.4秒東経139度41分30.2秒﻿ / ﻿北緯35.689556度 東経139.691722度﻿ /35.689556; 139.691722東京都庁舎","関東地方","13000-1","JP-13","13,957,977人（推計人口、2021年6月1日）"," 埼玉県 千葉県 神奈川県 山梨県 静岡県","小池百合子","公式ウェブサイト","日本の都道府県/東京都","8000020130001","","","","","",""
"徳島県","[3636徳島県とくしまけん徳島市徳島市四国4,146.93756,063182.32402 / ※] 県北部は 粟 が多く収穫されたことから「 粟国 」（あわのくに）、県南部は「 長国 」（ながのくに）であったが、後に統合され、 令制国 では 阿波国 （あわのくに）と呼ばれていた。","https://ja.wikipedia.org/wiki/徳島県","都道府県#一覧","https://ja.wikipedia.org/wiki/都道府県#一覧","表形式","北緯34度3分56.7秒東経134度33分33.4秒","4,146.80km2","日本","174人/km2","〒770-8570徳島県徳島市万代町一丁目1番地北緯34度3分56.7秒東経134度33分33.4秒﻿ / ﻿北緯34.065750度 東経134.559278度﻿ /34.065750; 134.559278座標:北緯34度3分56.7秒東経134度33分33.4秒﻿ / ﻿北緯34.065750度 東経134.559278度﻿ /34.065750; 134.559278県庁舎位置","四国地方中国・四国地方","36000-7","JP-36","721,721人（推計人口、2020年9月1日）","香川県、愛媛県、高知県以下、海上を隔てて隣接兵庫県、和歌山県","飯泉嘉門","公式ウェブサイト","日本の都道府県/徳島県","4000020360007","ヤマモモ","すだちの花","シラサギ","","",""
"栃木県","[0909栃木県とちぎけん宇都宮市宇都宮市関東6,408.091,974,671308.22505 / 2] 県北部に 日光国立公園 が立地し、 日光 ・ 那須 は 観光 ・ 保養地 として知られる。","https://ja.wikipedia.org/wiki/栃木県","都道府県#一覧","https://ja.wikipedia.org/wiki/都道府県#一覧","表形式","北緯36度33分55.6秒東経139度53分0.7秒","6,408.09km2","日本","300人/km2","〒320-8501栃木県宇都宮市塙田一丁目1番20号北緯36度33分55.6秒東経139度53分0.7秒﻿ / ﻿北緯36.565444度 東経139.883528度﻿ /36.565444; 139.883528","関東地方","09000-0","JP-9","1,925,219人（推計人口、2021年6月1日）"," 福島県 茨城県 群馬県 埼玉県","福田富一","栃木県","日本の都道府県/栃木県","5000020090000","トチノキ","ヤシオツツジ","オオルリ","県の動物：ニホンカモシカ県民の歌：県民の歌県民の日：6月15日","",""
"鳥取県","[3131鳥取県とっとりけん鳥取市鳥取市中国3,507.05573,648163.61902 / ※] 日本海側 にあり  、 山陰地方 の東側を占める。 面積 は約3,507 平方キロメートル  と全国で7番目に小さく、 人口 は約55万人  で最も少ない。 基礎自治体 は4 市 14 町 1 村  で、市の数も最も少ない。","https://ja.wikipedia.org/wiki/鳥取県","都道府県#一覧","https://ja.wikipedia.org/wiki/都道府県#一覧","表形式","北緯35度30分14秒東経134度14分15.8秒","3,507.13km2","日本","157人/km2","〒680-8570鳥取県鳥取市東町一丁目220番地北緯35度30分14秒東経134度14分15.8秒﻿ / ﻿北緯35.50389度 東経134.237722度﻿ /35.50389; 134.237722座標:北緯35度30分14秒東経134度14分15.8秒﻿ / ﻿北緯35.50389度 東経134.237722度﻿ /35.50389; 134.237722県庁舎位置","中国地方、山陰地方中国・四国地方","31000-0","JP-31","550,305人（推計人口、2021年6月1日）","兵庫県、島根県、岡山県、広島県","平井伸治","公式ウェブサイト","日本の都道府県/鳥取県","7000020310000","ダイセンキャラボク","二十世紀梨の花","オシドリ","県民の日：9月12日県の魚：ヒラメ県の歌：鳥取県民歌『わきあがる力』県のキャラクター :トリピー","",""
"富山県","[1616富山県とやまけん富山市富山市中部4,247.611,066,883251.21503 / 2] 中部地方の 日本海 側、 新潟県 を含めた場合の 北陸地方 のほぼ中央にある。","https://ja.wikipedia.org/wiki/富山県","都道府県#一覧","https://ja.wikipedia.org/wiki/都道府県#一覧","表形式","北緯36度41分43.1秒東経137度12分40.7秒","4,247.61km2（境界未定部分あり）","日本","242人/km2","〒930-8501富山県富山市新総曲輪1番7号北緯36度41分43.1秒東経137度12分40.7秒﻿ / ﻿北緯36.695306度 東経137.211306度﻿ /36.695306; 137.211306座標:北緯36度41分43.1秒東経137度12分40.7秒﻿ / ﻿北緯36.695306度 東経137.211306度﻿ /36.695306; 137.211306","中部地方、北陸地方","16000-8","JP-16","1,028,910人（推計人口、2021年6月1日）","石川県、岐阜県、新潟県、長野県","新田八朗","富山県公式ウェブサイト","日本の都道府県/富山県","7000020160008","タテヤマスギ","チューリップ","ライチョウ","県の獣：ニホンカモシカ県の魚：ブリ、シロエビ、ホタルイカ県の歌：富山県民の歌マスコット：きときと君","",""
"長崎県","[4242長崎県ながさきけん長崎市長崎市九州4,132.321,377,780333.42104 / 2] 五島列島 、 壱岐島 、 対馬 など数多くの 島嶼 を含み、47 都道府県 中最も島が多いことで知られる。また、多島であるうえに リアス式海岸 を多く擁することから 海岸線 の長さは47都道府県中第2位もしくは第1位となっている（※ 「 地形 」節にて詳説 ）。","https://ja.wikipedia.org/wiki/長崎県","都道府県#一覧","https://ja.wikipedia.org/wiki/都道府県#一覧","表形式","北緯32度44分41.4秒東経129度52分25.4秒","4,130.88km2","日本","314人/km2","〒850-8570長崎県長崎市尾上町3番1号北緯32度44分41.4秒東経129度52分25.4秒﻿ / ﻿北緯32.744833度 東経129.873722度﻿ /32.744833; 129.873722座標:北緯32度44分41.4秒東経129度52分25.4秒﻿ / ﻿北緯32.744833度 東経129.873722度﻿ /32.744833; 129.873722","九州地方","42000-0","JP-42","1,298,801人（推計人口、2021年6月1日）"," 佐賀県 熊本県 福岡県","中村法道","公式ウェブサイト","日本の都道府県/長崎県","4000020420000","ヒノキ、ツバキ","雲仙ツツジ","オシドリ","県の歌:南の風（1961年制定）県の獣:九州シカ県の魚（春）:タイ、イカ、アマダイ県の魚（夏）:アジ、イサキ、アワビ県の魚（秋）:サバ、トビウオ、ヒラメ県の魚（冬）:ブリ、イワシ、フグ","",""
"長野県","[2020長野県ながのけん長野市長野市中部13,561.562,099,759154.87705 / 2] 令制国 名の 信濃国 にちなみ「 信州 」とも呼ばれている。 海 に面していない 内陸県 であり、 日本アルプス を始め大規模な山岳地があるため 可住地面積 率は低い。キャッチフレーズは しあわせ信州  。","https://ja.wikipedia.org/wiki/長野県","都道府県#一覧","https://ja.wikipedia.org/wiki/都道府県#一覧","表形式","北緯36度39分4.6秒東経138度10分51.4秒","13,561.56km2（境界未定部分あり）","日本","149人/km2","〒380-8570長野県長野市大字南長野字幅下692番地2北緯36度39分4.6秒東経138度10分51.4秒﻿ / ﻿北緯36.651278度 東経138.180944度﻿ /36.651278; 138.180944座標:北緯36度39分4.6秒東経138度10分51.4秒﻿ / ﻿北緯36.651278度 東経138.180944度﻿ /36.651278; 138.180944長野県庁 本館棟","中部地方、甲信越地方、信越地方","20000-0","JP-20","2,023,439人（推計人口、2021年6月1日）","群馬県、埼玉県、新潟県、富山県、山梨県、岐阜県、静岡県、愛知県","阿部守一","長野県公式ホームページ","日本の都道府県/長野県","1000020200000","白樺","リンドウ","雷鳥","県歌:信濃の国県獣:ニホンカモシカ長野冬季五輪開催記念日:2月7日","",""
"奈良県","[2929奈良県ならけん奈良市奈良市近畿3,690.941,365,008369.83903 / 2] 紀伊半島 内陸部にあり、 令制国 の 大和国 の領域を占め、北西部の盆地部を除けば険しい山々がそびえており、人口の偏りがかなり大きい。都道府県面積は全国で8番目に狭く 内陸8県 では最も狭い。","https://ja.wikipedia.org/wiki/奈良県","都道府県#一覧","https://ja.wikipedia.org/wiki/都道府県#一覧","表形式","北緯34度41分6.7秒東経135度49分58.6秒","3,690.94km2","日本","357人/km2","〒630-8501奈良県奈良市登大路町30北緯34度41分6.7秒東経135度49分58.6秒﻿ / ﻿北緯34.685194度 東経135.832944度﻿ /34.685194; 135.832944﻿ (奈良県)座標:北緯34度41分6.7秒東経135度49分58.6秒﻿ / ﻿北緯34.685194度 東経135.832944度﻿ /34.685194; 135.832944﻿ (奈良県)県庁舎位置","近畿地方","29000-9","JP-29","1,316,306人（推計人口、2021年6月1日）"," 三重県 京都府 大阪府 和歌山県","荒井正吾","奈良県","日本の都道府県/奈良県","1000020290009","スギ","ナラヤエザクラ","コマドリ","県のさかな：キンギョ、アユ、アマゴ県の歌：奈良県民の歌","",""
"新潟県","[1515新潟県にいがたけん新潟市新潟市中部12,584.102,305,098183.23006 / 2] 日本海 に面しており、県内は地理的観点から一般的に 上越地方 、 中越地方 、 下越地方 、 佐渡地方 の 4地域 に大きく分けられる（ #地域区分 で後述）。","https://ja.wikipedia.org/wiki/新潟県","都道府県#一覧","https://ja.wikipedia.org/wiki/都道府県#一覧","表形式","北緯37度54分8.9秒東経139度1分23.4秒","12,584.18km2（境界未定部分あり）","日本","174人/km2","〒950-8570新潟県新潟市中央区新光町4番地1北緯37度54分8.9秒東経139度1分23.4秒﻿ / ﻿北緯37.902472度 東経139.023167度﻿ /37.902472; 139.023167座標:北緯37度54分8.9秒東経139度1分23.4秒﻿ / ﻿北緯37.902472度 東経139.023167度﻿ /37.902472; 139.023167新潟県庁舎","中部地方、北陸地方甲信越地方、信越地方北信越地方、上信越地方広域関東圏","15000-2","JP-15","2,184,315人（推計人口、2021年6月1日）","山形県、福島県、群馬県、長野県、富山県","花角英世","新潟県","日本の都道府県/新潟県","5000020150002","ユキツバキ","チューリップ","トキ","県の草花:雪割草（2008年（平成20年）3月1日指定）県の鑑賞魚:錦鯉（2017年（平成29年）5月5日指定）県の石:ヒスイ輝石岩、自然金、石炭紀-ペルム紀海生動物化石群（2016年（平成28年）5月10日指定）県の歌:新潟県民歌（1948年（昭和23年）3月28日発表）","",""
"兵庫県","[2828兵庫県ひょうごけん神戸市神戸市近畿8,400.905,536,989659.14112 / 6] 南北に長い県域を持ち、近畿地方の府県で最大の面積を持つ。北は 日本海 、南は 瀬戸内海 の2つの海に接している県である。本州で2つの海に接している県は、両端である 青森県 と 山口県 を除けば兵庫県のみである。本州を青森県から山口県まで陸路で縦断しようとすると、必ず本県を通ることになる。","https://ja.wikipedia.org/wiki/兵庫県","都道府県#一覧","https://ja.wikipedia.org/wiki/都道府県#一覧","表形式","北緯34度41分28.5秒東経135度10分59.1秒","8,400.94km2","日本","648人/km2","〒650-8567兵庫県神戸市中央区下山手通五丁目10番1号北緯34度41分28.5秒東経135度10分59.1秒﻿ / ﻿北緯34.691250度 東経135.183083度﻿ /34.691250; 135.183083座標:北緯34度41分28.5秒東経135度10分59.1秒﻿ / ﻿北緯34.691250度 東経135.183083度﻿ /34.691250; 135.183083県庁舎位置","近畿地方","28000-3","JP-28","5,446,455人（推計人口、2021年6月1日）"," 京都府 大阪府 鳥取県 岡山県 和歌山県 香川県 徳島県","井戸敏三","兵庫県ホームページ","日本の都道府県/兵庫県","8000020280003","クスノキ","ノジギク","コウノトリ","","",""
"広島県","[3434広島県ひろしまけん広島市広島市中国8,479.382,844,963335.52307 / 4] 臨海部（ 瀬戸内海工業地域 ）を中心に 工業 （ 自動車産業 、製鉄、造船）が発展。 広島都市圏 、 福山都市圏 と県内に二つの大きな都市圏を持つ。 県庁所在地 の 広島市 は 政令指定都市 であり 中国・四国地方 最大の 都市 である。一方で海・山の豊富な自然にも恵まれ、 農業 ・ 漁業 も盛んである。このことから産業分布が日本平均に近く、県民所得も中位にあり「 日本国の縮図 」とも呼ばれることがある。","https://ja.wikipedia.org/wiki/広島県","都道府県#一覧","https://ja.wikipedia.org/wiki/都道府県#一覧","表形式","北緯34度23分47.3秒東経132度27分35.1秒","8,479.63km2","日本","328人/km2","〒730-8511広島県広島市中区基町10番52号北緯34度23分47.3秒東経132度27分35.1秒﻿ / ﻿北緯34.396472度 東経132.459750度﻿ /34.396472; 132.459750﻿ (広島県)座標:北緯34度23分47.3秒東経132度27分35.1秒﻿ / ﻿北緯34.396472度 東経132.459750度﻿ /34.396472; 132.459750﻿ (広島県)県庁舎位置","中国地方、山陽地方中国・四国地方","34000-6","JP-34","2,780,982人（推計人口、2021年6月1日）","鳥取県、島根県、岡山県、山口県、愛媛県、※香川県香川県とは海上で隣接、愛媛県とは瀬戸内海の瓢箪島内に陸上の県境を有する","湯崎英彦","広島県","日本の都道府県/広島県","7000020340006","モミジ","モミジ","アビ","","","カキ（広島かき）未制定"
"福井県","[1818福井県ふくいけん福井市福井市中部4,190.43787,099187.81702 / 2] 北陸地方 で最も人口が少ない県である。","https://ja.wikipedia.org/wiki/福井県","都道府県#一覧","https://ja.wikipedia.org/wiki/都道府県#一覧","表形式","北緯36度3分54.7秒東経136度13分18秒","4,190.49km2","日本","182人/km2","〒910-8580福井県福井市大手三丁目17番1号北緯36度3分54.7秒東経136度13分18秒﻿ / ﻿北緯36.065194度 東経136.22167度﻿ /36.065194; 136.22167座標:北緯36度3分54.7秒東経136度13分18秒﻿ / ﻿北緯36.065194度 東経136.22167度﻿ /36.065194; 136.22167県庁舎位置","中部地方、北陸地方","18000-9","JP-18","762,549人（推計人口、2021年6月1日）","石川県、岐阜県、滋賀県、京都府","杉本達治","福井県","日本の都道府県/福井県","4000020180009","松","水仙","つぐみ","県の魚：越前蟹県の歌：福井県民歌マスコット：Juratic、はぴりゅうふるさとの日：2月7日","",""
"福岡県","[4040福岡県ふくおかけん福岡市福岡市九州4,986.405,102,8711,023.46011 / 6] 九州地方北部 に位置し、九州地方の県では最も人口が多い。県庁所在地の福岡市は、九州地方最大の人口を擁する 都市 であり、 西日本 においても 大阪市 に次ぐ人口を擁する都市である  。福岡市と 北九州市 の2つの 政令指定都市 を抱え、いわゆる 三大都市圏 以外では 人口密度 が1,000人/km 2 を超える唯一の県である  。","https://ja.wikipedia.org/wiki/福岡県","都道府県#一覧","https://ja.wikipedia.org/wiki/都道府県#一覧","表形式","北緯33度36分22.4秒東経130度25分5.1秒","4,986.52km2（境界未定部分あり）","日本","1,024人/km2","〒812-8577福岡県福岡市博多区東公園7番7号北緯33度36分22.4秒東経130度25分5.1秒﻿ / ﻿北緯33.606222度 東経130.418083度﻿ /33.606222; 130.418083﻿ (福岡県)座標:北緯33度36分22.4秒東経130度25分5.1秒﻿ / ﻿北緯33.606222度 東経130.418083度﻿ /33.606222; 130.418083﻿ (福岡県)","九州地方","40000-9","JP-40","5,108,038人（推計人口、2020年9月1日）"," 佐賀県 熊本県 大分県 山口県 長崎県","服部誠太郎","福岡県","日本の都道府県/福岡県","6000020400009","ツツジ","ウメ","ウグイス","","",""
"福島県","[0707福島県ふくしまけん福島市いわき市東北13,783.751,913,606138.85905 / 2] 面積 は 北海道 、 岩手県 に次ぐ全国3位、 都道府県別の人口 は全国21位、 人口密度 は全国40位である（いずれも 2015年 10月1日 時点の 国勢調査 および全国都道府県市区町村別面積調による）。","https://ja.wikipedia.org/wiki/福島県","都道府県#一覧","https://ja.wikipedia.org/wiki/都道府県#一覧","表形式","北緯37度45分1秒東経140度28分3.9秒","13,783.90km2","日本","131人/km2","〒960-8670福島県福島市杉妻町2番16号北緯37度45分1秒東経140度28分3.9秒﻿ / ﻿北緯37.75028度 東経140.467750度﻿ /37.75028; 140.467750","東北地方","07000-9","JP-07","1,808,992人（推計人口、2021年6月1日）","宮城県、山形県、茨城県、栃木県、群馬県、新潟県","内堀雅雄","公式ウェブサイト","日本の都道府県/福島県","7000020070009","ケヤキ","ネモトシャクナゲ","キビタキ","","",""
"北海道","[0101北海道ほっかいどう札幌市札幌市北海道83,424.225,383,57968.617912 / 6] 47都道府県中唯一の「 道 」である。ブランド総合研究所による「都道府県の魅力度ランキング」で2019年現在、11年連続で1位に選ばれ、 観光 意欲度、産品購入意欲度でも1位、居住意欲度でも3位となっており、各意欲の面で高い評価を得ている  。","https://ja.wikipedia.org/wiki/北海道","都道府県#一覧","https://ja.wikipedia.org/wiki/都道府県#一覧","表形式","北緯43度3分51.6秒東経141度20分48.8秒","83,423.84km2","日本","62.4人/km2","〒060-8588北海道札幌市中央区北3条西6丁目1番地北緯43度3分51.6秒東経141度20分48.8秒﻿ / ﻿北緯43.064333度 東経141.346889度﻿ /43.064333; 141.346889座標:北緯43度3分51.6秒東経141度20分48.8秒﻿ / ﻿北緯43.064333度 東経141.346889度﻿ /43.064333; 141.346889","北海道地方","01000-6","JP-01","5,207,185人（住民基本台帳人口、2021年5月31日）"," 青森県","鈴木直道","公式ウェブサイト","日本の都道府県/北海道","","","","","","",""
"三重県","[2424三重県みえけん津市四日市市近畿5,774.391,815,827314.52904 / 2] 江戸時代 から、お伊勢参り（ お蔭参り ）の名で知られる 伊勢神宮 を擁する地域として発展した。 令制国 では、 伊勢国 ・ 志摩国 ・ 伊賀国 の全域と、 紀伊国 （当初は 熊野国 ）の一部、計4国より構成される。包括する旧律令国の数は、7国を包括する 兵庫県 に次ぐ。 北勢 、 伊賀 、 中勢 、 南勢 （ 伊勢志摩 ） 、 東紀州 の5地域に区分される。","https://ja.wikipedia.org/wiki/三重県","都道府県#一覧","https://ja.wikipedia.org/wiki/都道府県#一覧","表形式","北緯34度43分48.9秒東経136度30分31.2秒","5,774.41km2（境界未定部分あり）","日本","306人/km2","〒514-8570三重県津市広明町13番北緯34度43分48.9秒東経136度30分31.2秒﻿ / ﻿北緯34.730250度 東経136.508667度﻿ /34.730250; 136.508667座標:北緯34度43分48.9秒東経136度30分31.2秒﻿ / ﻿北緯34.730250度 東経136.508667度﻿ /34.730250; 136.508667県庁舎位置","東海地方、近畿地方","24000-1","JP-24","1,766,632人（推計人口、2021年3月1日）"," 岐阜県 愛知県 滋賀県 京都府 奈良県 和歌山県","鈴木英敬","三重県","日本の都道府県/三重県","5000020240001","神宮杉","ハナショウブ","シロチドリ","県の魚:伊勢海老県の獣:カモシカ県の歌:三重県民歌県民の日:4月18日","",""
"宮城県","[0404宮城県みやぎけん仙台市仙台市東北7,282.142,334,215320.53506 / 2] 宮城県は東北地方の南東部に位置する。県内には 仙台平野 が広がり、 北上川 や 阿武隈川 といった大河が貫流して流域に 沖積平野 が発達している。東は 太平洋 に面し、県中部にある 松島 は多島海の景勝地で 日本三景 の一つに数えられる。西は 奥羽山脈 に接し、 栗駒山 や 蔵王連峰 などの秀峰がそびえる。県内の気候は 太平洋側気候 に分類される。冬の間、県西部の山間地は多雪地域であるが、東部の平野では雪は少なく晴れの日が多い。夏季については、太平洋からの海風の影響で厳しい暑さにはなりにくい。通年で穏やかな気候の風土である   。県内人口は約230万人である（2020年5月1日の推計人口）。","https://ja.wikipedia.org/wiki/宮城県","都道府県#一覧","https://ja.wikipedia.org/wiki/都道府県#一覧","表形式","北緯38度16分6.9秒東経140度52分19.3秒","7,282.22km2（境界未定部分あり）","日本","314人/km2","〒980-8570宮城県仙台市青葉区本町3丁目8番1号北緯38度16分6.9秒東経140度52分19.3秒﻿ / ﻿北緯38.268583度 東経140.872028度﻿ /38.268583; 140.872028","東北地方","04000-2","JP-04","2,284,283人（推計人口、2021年6月1日）","岩手県、秋田県、山形県、福島県","村井嘉浩","公式ウェブサイト","日本の都道府県/宮城県","8000020040002","ケヤキ","ミヤギノハギ","ガン","","",""
"宮崎県","[4545宮崎県みやざきけん宮崎市宮崎市九州7,735.311,104,377142.82603 / 2] 県木である「 フェニックス 」に代表される南国情緒豊かな気候から、 1960年代 には 日南 地区を中心とした 新婚旅行 のメッカだった。現在も春季の プロ野球 などの キャンプ 地として知られる。","https://ja.wikipedia.org/wiki/宮崎県","都道府県#一覧","https://ja.wikipedia.org/wiki/都道府県#一覧","表形式","北緯31度54分39.6秒東経131度25分25.9秒","7,735.32km2（境界未定部分あり）","日本","137人/km2","〒880-8501宮崎県宮崎市橘通東2丁目10番1号北緯31度54分39.6秒東経131度25分25.9秒﻿ / ﻿北緯31.911000度 東経131.423861度﻿ /31.911000; 131.423861﻿ (宮崎県)座標:北緯31度54分39.6秒東経131度25分25.9秒﻿ / ﻿北緯31.911000度 東経131.423861度﻿ /31.911000; 131.423861﻿ (宮崎県)県庁舎位置宮崎県庁本館","九州地方","45000-6","JP-45","1,063,561人（推計人口、2021年6月1日）"," 大分県 熊本県 鹿児島県","河野俊嗣","宮崎県","日本の都道府県/宮崎県","4000020450006","フェニックス（1966年9月3日制定）ヤマザクラ（山桜）（2003年2月6日制定）オビスギ（飫肥杉）（2003年2月6日制定）","ハマユウ（1964年12月22日制定）","コシジロヤマドリ（1964年12月22日制定）","県の歌：宮崎県民歌（1964年制定）マスコット：みやざき犬（2011年11月11日制定）","",""
"山形県","[0606山形県やまがたけん山形市山形市東北9,323.151,122,957120.43503 / 2] 国土地理院の全国都道府県市区町村別面積調によると、山形県の面積は9325.15平方キロメートルである  。","https://ja.wikipedia.org/wiki/山形県","都道府県#一覧","https://ja.wikipedia.org/wiki/都道府県#一覧","表形式","北緯38度14分25.6秒東経140度21分48.8秒","9,325.15km2（境界未定部分あり）","日本","114人/km2","〒990-8570山形県山形市松波2丁目8番1号北緯38度14分25.6秒東経140度21分48.8秒﻿ / ﻿北緯38.240444度 東経140.363556度﻿ /38.240444; 140.363556","東北地方","06000-3","JP-06","1,058,538人（推計人口、2021年6月1日）","宮城県、秋田県、福島県、新潟県","吉村美栄子","公式ウェブサイト","日本の都道府県/山形県","5000020060003","サクランボ","ベニバナ","オシドリ","県の魚：サクラマス県の獣：カモシカ県民の歌：最上川","",""
"山口県","[3535山口県やまぐちけん山口市下関市中国6,112.301,405,007229.91904 / 2] 本県は 本州 最西端にあたる。","https://ja.wikipedia.org/wiki/山口県","都道府県#一覧","https://ja.wikipedia.org/wiki/都道府県#一覧","表形式","北緯34度11分10秒東経131度28分13.8秒","6,112.53km2","日本","218人/km2","〒753-8501山口県山口市滝町1番1号北緯34度11分10秒東経131度28分13.8秒﻿ / ﻿北緯34.18611度 東経131.470500度﻿ /34.18611; 131.470500﻿ (山口県)座標:北緯34度11分10秒東経131度28分13.8秒﻿ / ﻿北緯34.18611度 東経131.470500度﻿ /34.18611; 131.470500﻿ (山口県)県庁舎位置","中国地方中国・四国地方","35000-1","JP-35","1,333,297人（推計人口、2021年6月1日）","島根県広島県福岡県大分県愛媛県","村岡嗣政","公式ウェブサイト","日本の都道府県/山口県","2000020350001","アカマツ","夏みかんの花","ナベヅル","県の魚：フグ県の獣：ホンシュウジカ県の歌：山口県民の歌","",""
"山梨県","[1919山梨県やまなしけん甲府市甲府市中部4,464.99835,165187.02702 / 2] 首都圏 の一角を成す。 令制国 の 甲斐国 に相当する。","https://ja.wikipedia.org/wiki/山梨県","都道府県#一覧","https://ja.wikipedia.org/wiki/都道府県#一覧","表形式","北緯35度39分50.9秒東経138度34分6.3秒","4,465.27km2（境界未定部分あり）","日本","180人/km2","〒400-8501山梨県甲府市丸の内一丁目6番1号北緯35度39分50.9秒東経138度34分6.3秒﻿ / ﻿北緯35.664139度 東経138.568417度﻿ /35.664139; 138.568417座標:北緯35度39分50.9秒東経138度34分6.3秒﻿ / ﻿北緯35.664139度 東経138.568417度﻿ /35.664139; 138.568417","中部地方、甲信越地方","19000-4","JP-19","802,526人（推計人口、2021年6月1日）"," 東京都 神奈川県 埼玉県 長野県 静岡県","長崎幸太郎","公式ウェブサイト","日本の都道府県/山梨県","8000020190004","カエデ","サクラ","ウグイス","県の獣:カモシカ県の歌:山梨県の歌県民の日:11月20日","",""
"和歌山県","[3030和歌山県わかやまけん和歌山市和歌山市近畿4,724.68963,850204.03003 / 2] 日本最大の 半島 である 紀伊半島 の南西側に位置し、県南部には大規模な山地を有する。","https://ja.wikipedia.org/wiki/和歌山県","都道府県#一覧","https://ja.wikipedia.org/wiki/都道府県#一覧","表形式","北緯34度13分33.7秒東経135度10分3秒","4,724.64km2","日本","194人/km2","〒640-8585和歌山県和歌山市小松原通一丁目1番地北緯34度13分33.7秒東経135度10分3秒﻿ / ﻿北緯34.226028度 東経135.16750度﻿ /34.226028; 135.16750﻿ (和歌山県)座標:北緯34度13分33.7秒東経135度10分3秒﻿ / ﻿北緯34.226028度 東経135.16750度﻿ /34.226028; 135.16750﻿ (和歌山県)県庁舎位置","近畿地方","30000-4","JP-30","916,382人（推計人口、2021年6月1日）"," 三重県 大阪府 奈良県 兵庫県 徳島県","仁坂吉伸","公式ウェブサイト","日本の都道府県/和歌山県","4000020300004","ウバメガシ","ウメ","メジロ","県の魚:マグロ県の歌:和歌山県民歌（作曲:山田耕筰）","",""
"北海道庁 (1886-1947)","[北海道庁札幌郡札幌 ] 北海道庁 （ほっかいどうちょう）は、 1886年 （明治19年）に設置され 1947年 （昭和22年）まで存在した、 内務省 直轄の行政区画 北海道 を管轄する地方行政 官庁 である。","https://ja.wikipedia.org/wiki/北海道庁_(1886-1947)","都道府県#一覧","https://ja.wikipedia.org/wiki/都道府県#一覧","表形式","","","","","","","","","","","","","","","","","","","",""
"東北地方","[東北青森県津軽郡青森] 東北地方 （とうほくちほう）は、 日本の地域 のひとつであり、 本州 東北部に位置している。「 奥羽地方 （おううちほう）」ともいう   。最大 都市 は 仙台市 である。","https://ja.wikipedia.org/wiki/東北地方","都道府県#一覧","https://ja.wikipedia.org/wiki/都道府県#一覧","表形式","","66,951.97km2（2013年10月1日）","日本","127.1人/km2（直近の統計）","","","","","","","","","","","","","","","8,510,566人（直近の統計）",""
"岩手県","[岩手県岩手郡盛岡] 東北地方 の北部（北東北）に所在し、北は 青森県 、西は 秋田県 、南は 宮城県 と境界を接している。面積は15,275.01 km 2 で  、日本の 都道府県 としては、 北海道 に次いで2番目に広い。県の人口およそ125万人のうち、100万人以上（7割強）は、内陸部の 北上盆地 に集中している。盆地と海岸部以外は山地や丘陵地が多く、緑豊かな県である。","https://ja.wikipedia.org/wiki/岩手県","都道府県#一覧","https://ja.wikipedia.org/wiki/都道府県#一覧","表形式","北緯39度42分12.6秒東経141度9分9.8秒","15,275.01km2","日本","78.6人/km2","〒020-8570岩手県盛岡市内丸10番1号北緯39度42分12.6秒東経141度9分9.8秒﻿ / ﻿北緯39.703500度 東経141.152722度﻿ /39.703500; 141.152722﻿ (岩手県庁)座標:北緯39度42分12.6秒東経141度9分9.8秒﻿ / ﻿北緯39.703500度 東経141.152722度﻿ /39.703500; 141.152722﻿ (岩手県庁)","東北地方","03000-7","JP-03","1,200,357人（推計人口、2021年6月1日）","青森県、宮城県、秋田県","達増拓也","公式ウェブサイト","日本の都道府県/岩手県","4000020030007","ナンブアカマツ","キリ","キジ","","","ナンブサケ岩手県民の歌"
"宮城県","[宮城県宮城郡仙台] 宮城県は東北地方の南東部に位置する。県内には 仙台平野 が広がり、 北上川 や 阿武隈川 といった大河が貫流して流域に 沖積平野 が発達している。東は 太平洋 に面し、県中部にある 松島 は多島海の景勝地で 日本三景 の一つに数えられる。西は 奥羽山脈 に接し、 栗駒山 や 蔵王連峰 などの秀峰がそびえる。県内の気候は 太平洋側気候 に分類される。冬の間、県西部の山間地は多雪地域であるが、東部の平野では雪は少なく晴れの日が多い。夏季については、太平洋からの海風の影響で厳しい暑さにはなりにくい。通年で穏やかな気候の風土である   。県内人口は約230万人である（2020年5月1日の推計人口）。","https://ja.wikipedia.org/wiki/宮城県","都道府県#一覧","https://ja.wikipedia.org/wiki/都道府県#一覧","表形式","北緯38度16分6.9秒東経140度52分19.3秒","7,282.22km2（境界未定部分あり）","日本","314人/km2","〒980-8570宮城県仙台市青葉区本町3丁目8番1号北緯38度16分6.9秒東経140度52分19.3秒﻿ / ﻿北緯38.268583度 東経140.872028度﻿ /38.268583; 140.872028","東北地方","04000-2","JP-04","2,284,283人（推計人口、2021年6月1日）","岩手県、秋田県、山形県、福島県","村井嘉浩","公式ウェブサイト","日本の都道府県/宮城県","8000020040002","ケヤキ","ミヤギノハギ","ガン","","",""
"秋田県","[秋田県秋田郡秋田[13] 秋田県の海岸は、遠浅で上陸しやすく、海岸付近には身を隠せる防風林が多いため、密入国を図る工作員にとって、絶好の場所である。夜間は人が少なく、近隣住民に見られ無い上、八峰町には無人島である雄島が海岸近くにあり、北朝鮮の工作員に中継点として使われているという   。","https://ja.wikipedia.org/wiki/秋田県","都道府県#一覧","https://ja.wikipedia.org/wiki/都道府県#一覧","表形式","北緯39度43分07秒 東経140度06分09秒","11,637.52km2","日本","80.8人/km2","〒010-8570秋田県秋田市山王四丁目1番1号（本庁）〒010-8572秋田県秋田市山王三丁目1番1号（第二庁舎）","東北地方","05000-8","JP-05","940,884人（推計人口、2021年6月1日）","青森県、岩手県、宮城県、山形県","佐竹敬久","秋田県ホームページ 美の国あきたネット","日本の都道府県/秋田県","1000020050008","秋田杉","フキノトウ","ヤマドリ","","","ハタハタ秋田県民歌、県民の歌"
"山形県","[山形県村山郡山形] 国土地理院の全国都道府県市区町村別面積調によると、山形県の面積は9325.15平方キロメートルである  。","https://ja.wikipedia.org/wiki/山形県","都道府県#一覧","https://ja.wikipedia.org/wiki/都道府県#一覧","表形式","北緯38度14分25.6秒東経140度21分48.8秒","9,325.15km2（境界未定部分あり）","日本","114人/km2","〒990-8570山形県山形市松波2丁目8番1号北緯38度14分25.6秒東経140度21分48.8秒﻿ / ﻿北緯38.240444度 東経140.363556度﻿ /38.240444; 140.363556","東北地方","06000-3","JP-06","1,058,538人（推計人口、2021年6月1日）","宮城県、秋田県、福島県、新潟県","吉村美栄子","公式ウェブサイト","日本の都道府県/山形県","5000020060003","サクランボ","ベニバナ","オシドリ","県の魚：サクラマス県の獣：カモシカ県民の歌：最上川","",""
"福島県","[福島県信夫郡福島] 面積 は 北海道 、 岩手県 に次ぐ全国3位、 都道府県別の人口 は全国21位、 人口密度 は全国40位である（いずれも 2015年 10月1日 時点の 国勢調査 および全国都道府県市区町村別面積調による）。","https://ja.wikipedia.org/wiki/福島県","都道府県#一覧","https://ja.wikipedia.org/wiki/都道府県#一覧","表形式","北緯37度45分1秒東経140度28分3.9秒","13,783.90km2","日本","131人/km2","〒960-8670福島県福島市杉妻町2番16号北緯37度45分1秒東経140度28分3.9秒﻿ / ﻿北緯37.75028度 東経140.467750度﻿ /37.75028; 140.467750","東北地方","07000-9","JP-07","1,808,992人（推計人口、2021年6月1日）","宮城県、山形県、茨城県、栃木県、群馬県、新潟県","内堀雅雄","公式ウェブサイト","日本の都道府県/福島県","7000020070009","ケヤキ","ネモトシャクナゲ","キビタキ","","",""
"関東地方","[関東茨城県茨城郡水戸] 関東地方 （かんとうちほう）は、 日本の地域区分（全国八地方区分） の1つであり、 本州 の東部に位置している。","https://ja.wikipedia.org/wiki/関東地方","都道府県#一覧","https://ja.wikipedia.org/wiki/都道府県#一覧","表形式","","32,423.90km2","日本","1,342人/km2（2021年6月1日）","","","","","","","","","","","","","","","43,513,294人（2021年6月1日）",""
"栃木県","[栃木県都賀郡栃木宇都宮[14] 県北部に 日光国立公園 が立地し、 日光 ・ 那須 は 観光 ・ 保養地 として知られる。","https://ja.wikipedia.org/wiki/栃木県","都道府県#一覧","https://ja.wikipedia.org/wiki/都道府県#一覧","表形式","北緯36度33分55.6秒東経139度53分0.7秒","6,408.09km2","日本","300人/km2","〒320-8501栃木県宇都宮市塙田一丁目1番20号北緯36度33分55.6秒東経139度53分0.7秒﻿ / ﻿北緯36.565444度 東経139.883528度﻿ /36.565444; 139.883528","関東地方","09000-0","JP-9","1,925,219人（推計人口、2021年6月1日）"," 福島県 茨城県 群馬県 埼玉県","福田富一","栃木県","日本の都道府県/栃木県","5000020090000","トチノキ","ヤシオツツジ","オオルリ","県の動物：ニホンカモシカ県民の歌：県民の歌県民の日：6月15日","",""
"群馬県","[群馬県群馬郡高崎前橋] 米 麦 栽培・ 養蚕 ・ 繊維 工業などの伝統産業に加え、 畜産 ・ 野菜 栽培・ 機械 工業が盛んで、県北西部は 温泉 ・ 保養地 である。 利根川上流ダム群 の豊かな水量は県内はもとより、 東京都 を始めとする関東の 電力 ・ 上水道 の供給源となっている   。県南東部は 都市化 が進み、 首都圏整備法 の都市開発区域に指定され、 工業地域 を形成している。","https://ja.wikipedia.org/wiki/群馬県","都道府県#一覧","https://ja.wikipedia.org/wiki/都道府県#一覧","表形式","北緯36度23分26.4秒東経139度3分37.6秒","6,362.28km2","日本","301人/km2","〒371-8570群馬県前橋市大手町一丁目1番1号北緯36度23分26.4秒東経139度3分37.6秒﻿ / ﻿北緯36.390667度 東経139.060444度﻿ /36.390667; 139.060444﻿ (群馬県)座標:北緯36度23分26.4秒東経139度3分37.6秒﻿ / ﻿北緯36.390667度 東経139.060444度﻿ /36.390667; 139.060444﻿ (群馬県)","関東地方","10000-5","JP-10","1,917,157人（推計人口、2021年6月1日）"," 埼玉県 新潟県 長野県 栃木県 福島県","山本一太","群馬県","日本の都道府県/群馬県","7000020100005","クロマツ","レンゲツツジ","ヤマドリ","","",""
"埼玉県","[埼玉県埼玉郡岩槻[15] 首都圏 を構成し、 都道府県別の人口 は東京都、 神奈川県 、 大阪府 、 愛知県 に次ぐ全国第5位。 人口密度 は東京都、大阪府、神奈川県に次ぐ第4位である。県の 財政力指数 は全国第4位  。 令制国 の 武蔵国 の一部に相当する。 面積 は第39位で  、 可住地面積比率 は第3位の規模である。 村 は、 東秩父村 の1村のみである。","https://ja.wikipedia.org/wiki/埼玉県","都道府県#一覧","https://ja.wikipedia.org/wiki/都道府県#一覧","表形式","北緯35度51分26秒東経139度38分56.9秒","3,797.75km2（境界未定部分あり）","日本","1,934人/km2","〒330-9301埼玉県さいたま市浦和区高砂三丁目15番1号北緯35度51分26秒東経139度38分56.9秒﻿ / ﻿北緯35.85722度 東経139.649139度﻿ /35.85722; 139.649139","関東地方","11000-1","JP-11","7,343,791人（推計人口、2021年6月1日）"," 東京都 千葉県 茨城県 栃木県 群馬県 山梨県 長野県","大野元裕","公式ウェブサイト","日本の都道府県/埼玉県","1000020110001","ケヤキ","サクラソウ","シラコバト","県の魚:ムサシトミヨ県の蝶:ミドリシジミ県のマスコット:コバトン・さいたまっち県の歌:埼玉県歌埼玉県民の日:11月14日","",""
"千葉県","[千葉県千葉郡千葉] 首都圏 を構成し、 都道府県人口 ・ 人口密度 は第6位  、 面積 は第28位の規模である。県の 財政力指数 は全国第5位  、訪日旅客数は全国第3位  であり、 中心業務地区 の 幕張新都心 、 アジア地域 有数の 国際見本市 会場である 幕張メッセ 、国際線旅客数・就航都市数・貿易額で 日本一 の 成田国際空港 、日本三大港湾である東京港湾の一角を担う 千葉港 、水揚げ量日本一で日本三大漁港の 銚子漁港 、集客施設来場者数日本一の ディズニーリゾート 、日本で唯一 国際標準模式層断面及び地点 に認定され、 チバニアン（千葉時代） として地質年代の名称になる証拠となった地層 千葉セクション 、日本一の数を有する 海水浴場 、自然豊かな 南房総国定公園 ・ 水郷筑波国定公園 などを筆頭とした 観光 ・ リゾート地 、優れた 社会基盤 、豊かな 地域資源 、バランスの取れた 産業構造 を核としている  。 学区別平均年収 の最も高い 地域 は 千葉市立打瀬小学校 の学区で1064万円である。","https://ja.wikipedia.org/wiki/千葉県","都道府県#一覧","https://ja.wikipedia.org/wiki/都道府県#一覧","表形式","北緯35度36分16.4秒東経140度7分23.3秒","5,157.61km2（境界未定部分あり）","日本","1,217人/km2","〒260-8667千葉県千葉市中央区市場町1番1号北緯35度36分16.4秒東経140度7分23.3秒﻿ / ﻿北緯35.604556度 東経140.123139度﻿ /35.604556; 140.123139","関東地方","12000-6","JP-12","6,278,933人（推計人口、2021年6月1日）"," 東京都 埼玉県 茨城県 神奈川県","熊谷俊人","千葉県","日本の都道府県/千葉県","4000020120006","マキ（1966年9月29日指定）","菜の花（1954年4月NHK一般公募）","ホオジロ（1965年5月10日指定）","","",""
"東京府","[東京府豊島郡東京新宿[17] 東京府 （とうきょうふ）は、 1868年 （ 明治 元年）から 1943年 （ 昭和 18年）までの間に存在していた日本の 府県 の一つである。現在の 東京都 の前身に当たる。府庁所在地は 東京市 。","https://ja.wikipedia.org/wiki/東京府","都道府県#一覧","https://ja.wikipedia.org/wiki/都道府県#一覧","表形式","","","","","","","","","","","","","","","","","","","",""
"神奈川県","[神奈川府橘樹郡神奈川横浜[18] 首都圏 の一角を成し、 都道府県別の人口 は隣接する 東京都 に次ぐ第2位  、 昼間人口 及び 人口密度 は東京都、 大阪府 に次ぐ第3位である。 県内総生産 も東京都、 愛知県 、大阪府に次ぐ第4位となっている  。県内の 政令指定都市 は全国で唯一の3市（ 横浜市 ・ 川崎市 ・ 相模原市 ）で、 面積 は第43位の規模である   。 村 は、 清川村 1村のみである。","https://ja.wikipedia.org/wiki/神奈川県","都道府県#一覧","https://ja.wikipedia.org/wiki/都道府県#一覧","表形式","北緯35度26分51.9秒東経139度38分33.1秒","2,416.17km2","日本","3,827人/km2","〒231-8588神奈川県横浜市中区日本大通1番北緯35度26分51.9秒東経139度38分33.1秒﻿ / ﻿北緯35.447750度 東経139.642528度﻿ /35.447750; 139.642528座標:北緯35度26分51.9秒東経139度38分33.1秒﻿ / ﻿北緯35.447750度 東経139.642528度﻿ /35.447750; 139.642528県庁舎位置神奈川県庁","関東地方","14000-7","JP-14","9,246,429人（推計人口、2021年6月1日）"," 東京都 山梨県 静岡県 千葉県","黒岩祐治","公式ウェブサイト","日本の都道府県/神奈川県","1000020140007","イチョウ","ヤマユリ","カモメ","","",""
"中部地方","[中部新潟府蒲原郡新潟 ] 中部地方 （ちゅうぶちほう）は、 日本の地域 の1つで、 近代 以降における 本州 中央部の地方  。その範囲に法律上の明確な定義はないが  、一般的に、 名古屋市 を最大都市とする地方を指す。","https://ja.wikipedia.org/wiki/中部地方","都道府県#一覧","https://ja.wikipedia.org/wiki/都道府県#一覧","表形式","","72,572.34km2","日本","314.2人/km2（直近の統計）","","","","","","","","","","","","","","","22,802,622人（直近の統計）",""
"富山県","[富山県新川郡富山] 中部地方の 日本海 側、 新潟県 を含めた場合の 北陸地方 のほぼ中央にある。","https://ja.wikipedia.org/wiki/富山県","都道府県#一覧","https://ja.wikipedia.org/wiki/都道府県#一覧","表形式","北緯36度41分43.1秒東経137度12分40.7秒","4,247.61km2（境界未定部分あり）","日本","242人/km2","〒930-8501富山県富山市新総曲輪1番7号北緯36度41分43.1秒東経137度12分40.7秒﻿ / ﻿北緯36.695306度 東経137.211306度﻿ /36.695306; 137.211306座標:北緯36度41分43.1秒東経137度12分40.7秒﻿ / ﻿北緯36.695306度 東経137.211306度﻿ /36.695306; 137.211306","中部地方、北陸地方","16000-8","JP-16","1,028,910人（推計人口、2021年6月1日）","石川県、岐阜県、新潟県、長野県","新田八朗","富山県公式ウェブサイト","日本の都道府県/富山県","7000020160008","タテヤマスギ","チューリップ","ライチョウ","県の獣：ニホンカモシカ県の魚：ブリ、シロエビ、ホタルイカ県の歌：富山県民の歌マスコット：きときと君","",""
"石川県","[石川県石川郡美川金沢[19] 本州 の中央部、 日本海 側の 北陸地方 に位置する。県域は 令制国 の 加賀国 と 能登国 に当たる。","https://ja.wikipedia.org/wiki/石川県","都道府県#一覧","https://ja.wikipedia.org/wiki/都道府県#一覧","表形式","北緯36度35分40.6秒東経136度37分32.3秒","4,186.09km2","日本","269人/km2","〒920-8580石川県金沢市鞍月一丁目1番地北緯36度35分40.6秒東経136度37分32.3秒﻿ / ﻿北緯36.594611度 東経136.625639度﻿ /36.594611; 136.625639座標:北緯36度35分40.6秒東経136度37分32.3秒﻿ / ﻿北緯36.594611度 東経136.625639度﻿ /36.594611; 136.625639","中部地方、北陸地方","17000-3","JP-17","1,127,758人（推計人口、2021年6月1日）","富山県、岐阜県、福井県","谷本正憲","石川県","日本の都道府県/石川県","2000020170003","アテ","クロユリ","イヌワシ","県の歌：石川県民の歌マスコット：ひゃくまんさん","",""
"福井県","[福井県足羽郡福井 ] 北陸地方 で最も人口が少ない県である。","https://ja.wikipedia.org/wiki/福井県","都道府県#一覧","https://ja.wikipedia.org/wiki/都道府県#一覧","表形式","北緯36度3分54.7秒東経136度13分18秒","4,190.49km2","日本","182人/km2","〒910-8580福井県福井市大手三丁目17番1号北緯36度3分54.7秒東経136度13分18秒﻿ / ﻿北緯36.065194度 東経136.22167度﻿ /36.065194; 136.22167座標:北緯36度3分54.7秒東経136度13分18秒﻿ / ﻿北緯36.065194度 東経136.22167度﻿ /36.065194; 136.22167県庁舎位置","中部地方、北陸地方","18000-9","JP-18","762,549人（推計人口、2021年6月1日）","石川県、岐阜県、滋賀県、京都府","杉本達治","福井県","日本の都道府県/福井県","4000020180009","松","水仙","つぐみ","県の魚：越前蟹県の歌：福井県民歌マスコット：Juratic、はぴりゅうふるさとの日：2月7日","",""
"山梨県","[山梨県山梨郡甲府] 首都圏 の一角を成す。 令制国 の 甲斐国 に相当する。","https://ja.wikipedia.org/wiki/山梨県","都道府県#一覧","https://ja.wikipedia.org/wiki/都道府県#一覧","表形式","北緯35度39分50.9秒東経138度34分6.3秒","4,465.27km2（境界未定部分あり）","日本","180人/km2","〒400-8501山梨県甲府市丸の内一丁目6番1号北緯35度39分50.9秒東経138度34分6.3秒﻿ / ﻿北緯35.664139度 東経138.568417度﻿ /35.664139; 138.568417座標:北緯35度39分50.9秒東経138度34分6.3秒﻿ / ﻿北緯35.664139度 東経138.568417度﻿ /35.664139; 138.568417","中部地方、甲信越地方","19000-4","JP-19","802,526人（推計人口、2021年6月1日）"," 東京都 神奈川県 埼玉県 長野県 静岡県","長崎幸太郎","公式ウェブサイト","日本の都道府県/山梨県","8000020190004","カエデ","サクラ","ウグイス","県の獣:カモシカ県の歌:山梨県の歌県民の日:11月20日","",""
"長野県","[長野県水内郡長野] 令制国 名の 信濃国 にちなみ「 信州 」とも呼ばれている。 海 に面していない 内陸県 であり、 日本アルプス を始め大規模な山岳地があるため 可住地面積 率は低い。キャッチフレーズは しあわせ信州  。","https://ja.wikipedia.org/wiki/長野県","都道府県#一覧","https://ja.wikipedia.org/wiki/都道府県#一覧","表形式","北緯36度39分4.6秒東経138度10分51.4秒","13,561.56km2（境界未定部分あり）","日本","149人/km2","〒380-8570長野県長野市大字南長野字幅下692番地2北緯36度39分4.6秒東経138度10分51.4秒﻿ / ﻿北緯36.651278度 東経138.180944度﻿ /36.651278; 138.180944座標:北緯36度39分4.6秒東経138度10分51.4秒﻿ / ﻿北緯36.651278度 東経138.180944度﻿ /36.651278; 138.180944長野県庁 本館棟","中部地方、甲信越地方、信越地方","20000-0","JP-20","2,023,439人（推計人口、2021年6月1日）","群馬県、埼玉県、新潟県、富山県、山梨県、岐阜県、静岡県、愛知県","阿部守一","長野県公式ホームページ","日本の都道府県/長野県","1000020200000","白樺","リンドウ","雷鳥","県歌:信濃の国県獣:ニホンカモシカ長野冬季五輪開催記念日:2月7日","",""
"岐阜県","[岐阜県厚見郡岐阜] 日本の 人口 重心 中央  に 位置 し、その 地形 は変化に富んでいる。 内陸県 である。","https://ja.wikipedia.org/wiki/岐阜県","都道府県#一覧","https://ja.wikipedia.org/wiki/都道府県#一覧","表形式","北緯35度23分28.3秒東経136度43分19.9秒","10,621.29km2（境界未定部分あり）","日本","185人/km2","〒500-8570岐阜県岐阜市薮田南二丁目1番1号北緯35度23分28.3秒東経136度43分19.9秒﻿ / ﻿北緯35.391194度 東経136.722194度﻿ /35.391194; 136.722194座標:北緯35度23分28.3秒東経136度43分19.9秒﻿ / ﻿北緯35.391194度 東経136.722194度﻿ /35.391194; 136.722194県庁舎位置","中部地方、東海地方","21000-5","JP-21","1,966,878人（推計人口、2021年6月1日）","富山県、石川県、福井県、長野県、愛知県、三重県、滋賀県","古田肇","公式ウェブサイト","日本の都道府県/岐阜県","4000020210005","イチイ","レンゲソウ","ライチョウ","","","アユ岐阜県民の歌"
"静岡県","[静岡県安倍郡静岡] 直線距離にて県域の東西が155km、南北に118kmと全国13番目に広大な県域を保ち、全国10位の約360万人の人口を有する。旧 令制国 の 伊豆国 のほとんど  、 駿河国 、 遠江国 の凡そ3国に相当する県である。地域によって住民の意識、方言、文化面に大きな違いが見られる。北側は広大な 南アルプス 、南側は 駿河湾 、 遠州灘 に面する。23市10区12町の 自治体 があり、 村 はない。","https://ja.wikipedia.org/wiki/静岡県","都道府県#一覧","https://ja.wikipedia.org/wiki/都道府県#一覧","表形式","北緯34度54分59秒東経138度18分59秒","7,777.42km2（境界未定部分あり）","日本","465人/km2","〒420-8601静岡県静岡市葵区追手町 9-6北緯34度54分59秒東経138度18分59秒﻿ / ﻿北緯34.91639度 東経138.31639度﻿ /34.91639; 138.31639座標:北緯34度54分59秒東経138度18分59秒﻿ / ﻿北緯34.91639度 東経138.31639度﻿ /34.91639; 138.31639県庁舎位置","中部地方、東海地方","22000-1","JP-22","3,615,430人（推計人口、2021年6月1日）"," 神奈川県 山梨県 長野県 愛知県 東京都","川勝平太","公式ウェブサイト","日本の都道府県/静岡県","7000020220001","モクセイ（キンモクセイ）","ツツジ","サンコウチョウ","","",""
"愛知県","[愛知県愛知郡名古屋] 日本列島 の中央部に位置する。 中部地方 の県ではもっとも人口が多く、47都道府県別では 大阪府 に次ぐ全国第4位、 県庁所在地 の 名古屋市 は同地方の市町村で最多の人口を持つ。県内は大きく分けて 尾張地方 、 西三河地方 、 東三河地方 の3地域で構成されている。面積比はほぼ1：1：1、人口比はほぼ7：2：1。","https://ja.wikipedia.org/wiki/愛知県","都道府県#一覧","https://ja.wikipedia.org/wiki/都道府県#一覧","表形式","北緯35度10分48.6秒東経136度54分23.1秒","5,172.92km2（境界未定部分あり）","日本","1,455人/km2","〒460-8501愛知県名古屋市中区三の丸3丁目1番2号北緯35度10分48.6秒東経136度54分23.1秒﻿ / ﻿北緯35.180167度 東経136.906417度﻿ /35.180167; 136.906417座標:北緯35度10分48.6秒東経136度54分23.1秒﻿ / ﻿北緯35.180167度 東経136.906417度﻿ /35.180167; 136.906417","中部地方、東海地方","23000-6","JP-23","7,524,185人（推計人口、2021年5月1日）","長野県、岐阜県、静岡県、三重県","大村秀章","公式ウェブサイト","日本の都道府県/愛知県","1000020230006","ハナノキ","カキツバタ","コノハズク","県の魚:クルマエビ県民歌:われらが愛知","",""
"近畿地方","[近畿三重県三重郡四日市津] 近畿地方 （きんきちほう）は、 本州 中西部に位置する 日本の地域 である。かつての 畿内 とその周辺地域から構成される。 難波宮 、 平城宮 、 平安宮 以降 東京奠都 までの 王城 の地で、現在は 関東地方 に次ぐ日本第二の都市圏・経済圏であり、 西日本 の中核である。","https://ja.wikipedia.org/wiki/近畿地方","都道府県#一覧","https://ja.wikipedia.org/wiki/都道府県#一覧","表形式","北緯35度 東経135度","33,112.42km2","日本","671.2人/km2（2021年3月1日）","","","","","","","","","","","","","","","22,224,475人（2021年3月1日）",""
"滋賀県","[滋賀県滋賀郡大津 ] 令制国 の 近江国 （江州）と完全に一致する。県名は大津が属していた郡名「 滋賀郡 」から採用された。「滋賀」の発音は、共通語では「し」に アクセント を置く（頭高型アクセント）が、地元では「が」にアクセントを置く（尾高型アクセント）ことが多い（「滋賀県」とする場合は共通語も地元の方言も同じアクセント）。","https://ja.wikipedia.org/wiki/滋賀県","都道府県#一覧","https://ja.wikipedia.org/wiki/都道府県#一覧","表形式","北緯35度0分15.7秒東経135度52分6.6秒","4,017.38km2（境界未定部分あり）","日本","351人/km2","〒520-8577滋賀県大津市京町四丁目1番1号北緯35度0分15.7秒東経135度52分6.6秒﻿ / ﻿北緯35.004361度 東経135.868500度﻿ /35.004361; 135.868500座標:北緯35度0分15.7秒東経135度52分6.6秒﻿ / ﻿北緯35.004361度 東経135.868500度﻿ /35.004361; 135.868500","近畿地方","25000-7","JP-25","1,410,299人（推計人口、2021年6月1日）"," 福井県 岐阜県 三重県 京都府","三日月大造","公式ウェブサイト","日本の都道府県/滋賀県","7000020250007","モミジ","シャクナゲ","カイツブリ","県民の歌 -滋賀県民の歌シンボルマーク -Mother Lakeイメージキャラクター -うぉーたん、キャッフィーびわ湖の日 -7月1日","",""
"京都府","[京都府葛野郡京都] 恭仁京 や 長岡京 、 平安京 など 日本の首都 が置かれていた。 令制国 でいう 山城国 の全域、 丹波国 の東部および 丹後国 の全域を府域とする。","https://ja.wikipedia.org/wiki/京都府","都道府県#一覧","https://ja.wikipedia.org/wiki/都道府県#一覧","表形式","北緯35度1分15.7秒東経135度45分20.1秒","4,612.20km2","日本","557人/km2","〒602-8570京都府京都市上京区下立売通新町西入藪の内町85番地3北緯35度1分15.7秒東経135度45分20.1秒﻿ / ﻿北緯35.021028度 東経135.755583度﻿ /35.021028; 135.755583座標:北緯35度1分15.7秒東経135度45分20.1秒﻿ / ﻿北緯35.021028度 東経135.755583度﻿ /35.021028; 135.755583","近畿地方","26000-2","JP-26","2,569,856人（推計人口、2021年6月1日）"," 福井県 三重県 滋賀県 大阪府 兵庫県 奈良県","西脇隆俊","公式ウェブサイト","日本の都道府県/京都府","2000020260002","","","","","",""
"大阪府","[大阪府東成郡大阪] 府庁所在地は 大阪市 。 令制国 の 摂津国 東部（7 郡 ）および 河内国 と 和泉国 のそれぞれ全域で構成され、三国の文字を取って 摂河泉 （せっかせん）とも呼ばれるが、京都府から 樫田村 全域と 亀岡市 の一部が 越境編入 された1958年以降は 丹波国 南東部（ごく一部）も含むようになっている。なお、 堺県 編入の1881年から奈良県再設置の1887年までは、 大和国 の全域も含んでいた。","https://ja.wikipedia.org/wiki/大阪府","都道府県#一覧","https://ja.wikipedia.org/wiki/都道府県#一覧","表形式","北緯34度41分10.8秒東経135度31分11.5秒","1,905.14km2","日本","4,618人/km2","〒540-8570大阪府大阪市中央区大手前二丁目1番22号北緯34度41分10.8秒東経135度31分11.5秒﻿ / ﻿北緯34.686333度 東経135.519861度﻿ /34.686333; 135.519861﻿ (大阪府)座標:北緯34度41分10.8秒東経135度31分11.5秒﻿ / ﻿北緯34.686333度 東経135.519861度﻿ /34.686333; 135.519861﻿ (大阪府)","近畿地方","27000-8","JP-27","8,798,545人（推計人口、2021年6月1日）"," 京都府 兵庫県 奈良県 和歌山県","吉村洋文","公式ウェブサイト","日本の都道府県/大阪府","4000020270008","","","","","",""
"兵庫県","[兵庫県八部郡兵庫神戸] 南北に長い県域を持ち、近畿地方の府県で最大の面積を持つ。北は 日本海 、南は 瀬戸内海 の2つの海に接している県である。本州で2つの海に接している県は、両端である 青森県 と 山口県 を除けば兵庫県のみである。本州を青森県から山口県まで陸路で縦断しようとすると、必ず本県を通ることになる。","https://ja.wikipedia.org/wiki/兵庫県","都道府県#一覧","https://ja.wikipedia.org/wiki/都道府県#一覧","表形式","北緯34度41分28.5秒東経135度10分59.1秒","8,400.94km2","日本","648人/km2","〒650-8567兵庫県神戸市中央区下山手通五丁目10番1号北緯34度41分28.5秒東経135度10分59.1秒﻿ / ﻿北緯34.691250度 東経135.183083度﻿ /34.691250; 135.183083座標:北緯34度41分28.5秒東経135度10分59.1秒﻿ / ﻿北緯34.691250度 東経135.183083度﻿ /34.691250; 135.183083県庁舎位置","近畿地方","28000-3","JP-28","5,446,455人（推計人口、2021年6月1日）"," 京都府 大阪府 鳥取県 岡山県 和歌山県 香川県 徳島県","井戸敏三","兵庫県ホームページ","日本の都道府県/兵庫県","8000020280003","クスノキ","ノジギク","コウノトリ","","",""
"奈良県","[奈良県添上郡奈良 ] 紀伊半島 内陸部にあり、 令制国 の 大和国 の領域を占め、北西部の盆地部を除けば険しい山々がそびえており、人口の偏りがかなり大きい。都道府県面積は全国で8番目に狭く 内陸8県 では最も狭い。","https://ja.wikipedia.org/wiki/奈良県","都道府県#一覧","https://ja.wikipedia.org/wiki/都道府県#一覧","表形式","北緯34度41分6.7秒東経135度49分58.6秒","3,690.94km2","日本","357人/km2","〒630-8501奈良県奈良市登大路町30北緯34度41分6.7秒東経135度49分58.6秒﻿ / ﻿北緯34.685194度 東経135.832944度﻿ /34.685194; 135.832944﻿ (奈良県)座標:北緯34度41分6.7秒東経135度49分58.6秒﻿ / ﻿北緯34.685194度 東経135.832944度﻿ /34.685194; 135.832944﻿ (奈良県)県庁舎位置","近畿地方","29000-9","JP-29","1,316,306人（推計人口、2021年6月1日）"," 三重県 京都府 大阪府 和歌山県","荒井正吾","奈良県","日本の都道府県/奈良県","1000020290009","スギ","ナラヤエザクラ","コマドリ","県のさかな：キンギョ、アユ、アマゴ県の歌：奈良県民の歌","",""
"和歌山県","[和歌山県名草郡和歌山] 日本最大の 半島 である 紀伊半島 の南西側に位置し、県南部には大規模な山地を有する。","https://ja.wikipedia.org/wiki/和歌山県","都道府県#一覧","https://ja.wikipedia.org/wiki/都道府県#一覧","表形式","北緯34度13分33.7秒東経135度10分3秒","4,724.64km2","日本","194人/km2","〒640-8585和歌山県和歌山市小松原通一丁目1番地北緯34度13分33.7秒東経135度10分3秒﻿ / ﻿北緯34.226028度 東経135.16750度﻿ /34.226028; 135.16750﻿ (和歌山県)座標:北緯34度13分33.7秒東経135度10分3秒﻿ / ﻿北緯34.226028度 東経135.16750度﻿ /34.226028; 135.16750﻿ (和歌山県)県庁舎位置","近畿地方","30000-4","JP-30","916,382人（推計人口、2021年6月1日）"," 三重県 大阪府 奈良県 兵庫県 徳島県","仁坂吉伸","公式ウェブサイト","日本の都道府県/和歌山県","4000020300004","ウバメガシ","ウメ","メジロ","県の魚:マグロ県の歌:和歌山県民歌（作曲:山田耕筰）","",""
"中国地方","[中国鳥取県邑美郡鳥取] 中国地方 （ちゅうごくちほう）は、 日本の地域 の1つで、 本州 西部に位置する 地方 。 人口 最多および最大の 都市 は、 広島県 にある 広島市 。","https://ja.wikipedia.org/wiki/中国地方","都道府県#一覧","https://ja.wikipedia.org/wiki/都道府県#一覧","表形式","北緯35度03分 東経134度04分","31,921.87km2","日本","225.7人/km2（2021年6月1日）","","","","","","","","","","","","","","","7,205,268人（2021年6月1日）",""
"島根県","[島根県島根郡松江] 離島の 隠岐島 、 竹島 なども島根県の領域に含まれる。 旧国名 は 出雲国 、 石見国 、 隠岐国 であり、現在でも出雲地方・石見地方・隠岐地方の3つの地域に区分されることが多い。全国では、 鳥取県 に次いで2番目に人口が少ない。","https://ja.wikipedia.org/wiki/島根県","都道府県#一覧","https://ja.wikipedia.org/wiki/都道府県#一覧","表形式","北緯35度28分20.3秒東経133度3分1.8秒","6,708.26km2","日本","99.4人/km2","〒690-8501島根県松江市殿町1番北緯35度28分20.3秒東経133度3分1.8秒﻿ / ﻿北緯35.472306度 東経133.050500度﻿ /35.472306; 133.050500座標:北緯35度28分20.3秒東経133度3分1.8秒﻿ / ﻿北緯35.472306度 東経133.050500度﻿ /35.472306; 133.050500県庁舎位置","中国地方、山陰地方中国・四国地方","32000-5","JP-32","667,079人（推計人口、2021年6月1日）","鳥取県、広島県、山口県","丸山達也","公式ウェブサイト","日本の都道府県/島根県","1000020320005","クロマツ","ボタン","ハクチョウ","県の魚：トビウオ県民歌：薄紫の山脈（1951年制定）","",""
"岡山県","[岡山県御野郡岡山] 瀬戸内 の気候と地勢を背景に 古代 より独自の 文化圏 としての歴史を有し、現代でも 中国・四国地方 の交通網の要衝として発展を続けている。県庁所在地の岡山市は 2009年 （ 平成 21年） 4月1日 、全国で18番目の 政令指定都市 に移行した。 山陽本線 、 山陽新幹線 、 1988年 （昭和63年）に開通した 瀬戸大橋 、 中国自動車道 、 1997年 （平成9年）全線開通した 山陽自動車道 をはじめとして西日本の交通の大動脈が県を縦断している。","https://ja.wikipedia.org/wiki/岡山県","都道府県#一覧","https://ja.wikipedia.org/wiki/都道府県#一覧","表形式","北緯34度39分42.3秒東経133度56分5秒","7,114.32km2（境界未定部分あり）","日本","263人/km2","〒700-8570岡山県岡山市北区内山下2丁目4番6号北緯34度39分42.3秒東経133度56分5秒﻿ / ﻿北緯34.661750度 東経133.93472度﻿ /34.661750; 133.93472﻿ (岡山県)座標:北緯34度39分42.3秒東経133度56分5秒﻿ / ﻿北緯34.661750度 東経133.93472度﻿ /34.661750; 133.93472﻿ (岡山県)県庁舎位置","中国地方、山陽地方中国・四国地方","33000-1","JP-33","1,873,605人（推計人口、2021年6月1日）","兵庫県、鳥取県、広島県、香川県","伊原木隆太","公式ウェブサイト（日本語）","日本の都道府県/岡山県","4000020330001","アカマツ","ももの花","キジ","晴れの国 おかやま県歌：岡山県の歌（1957年（昭和32年）制定）県民愛唱歌：みんなのこころに（1982年（昭和57年）発表）マスコット：ももっち","",""
"広島県","[広島県沼田郡広島] 臨海部（ 瀬戸内海工業地域 ）を中心に 工業 （ 自動車産業 、製鉄、造船）が発展。 広島都市圏 、 福山都市圏 と県内に二つの大きな都市圏を持つ。 県庁所在地 の 広島市 は 政令指定都市 であり 中国・四国地方 最大の 都市 である。一方で海・山の豊富な自然にも恵まれ、 農業 ・ 漁業 も盛んである。このことから産業分布が日本平均に近く、県民所得も中位にあり「 日本国の縮図 」とも呼ばれることがある。","https://ja.wikipedia.org/wiki/広島県","都道府県#一覧","https://ja.wikipedia.org/wiki/都道府県#一覧","表形式","北緯34度23分47.3秒東経132度27分35.1秒","8,479.63km2","日本","328人/km2","〒730-8511広島県広島市中区基町10番52号北緯34度23分47.3秒東経132度27分35.1秒﻿ / ﻿北緯34.396472度 東経132.459750度﻿ /34.396472; 132.459750﻿ (広島県)座標:北緯34度23分47.3秒東経132度27分35.1秒﻿ / ﻿北緯34.396472度 東経132.459750度﻿ /34.396472; 132.459750﻿ (広島県)県庁舎位置","中国地方、山陽地方中国・四国地方","34000-6","JP-34","2,780,982人（推計人口、2021年6月1日）","鳥取県、島根県、岡山県、山口県、愛媛県、※香川県香川県とは海上で隣接、愛媛県とは瀬戸内海の瓢箪島内に陸上の県境を有する","湯崎英彦","広島県","日本の都道府県/広島県","7000020340006","モミジ","モミジ","アビ","","","カキ（広島かき）未制定"
"山口県","[山口県吉敷郡山口] 本県は 本州 最西端にあたる。","https://ja.wikipedia.org/wiki/山口県","都道府県#一覧","https://ja.wikipedia.org/wiki/都道府県#一覧","表形式","北緯34度11分10秒東経131度28分13.8秒","6,112.53km2","日本","218人/km2","〒753-8501山口県山口市滝町1番1号北緯34度11分10秒東経131度28分13.8秒﻿ / ﻿北緯34.18611度 東経131.470500度﻿ /34.18611; 131.470500﻿ (山口県)座標:北緯34度11分10秒東経131度28分13.8秒﻿ / ﻿北緯34.18611度 東経131.470500度﻿ /34.18611; 131.470500﻿ (山口県)県庁舎位置","中国地方中国・四国地方","35000-1","JP-35","1,333,297人（推計人口、2021年6月1日）","島根県広島県福岡県大分県愛媛県","村岡嗣政","公式ウェブサイト","日本の都道府県/山口県","2000020350001","アカマツ","夏みかんの花","ナベヅル","県の魚：フグ県の獣：ホンシュウジカ県の歌：山口県民の歌","",""
"四国地方","[四国徳島県名東郡徳島] 四国 （しこく）は、 日本列島 を構成する 島 の一つである  。","https://ja.wikipedia.org/wiki/四国地方","都道府県#一覧","https://ja.wikipedia.org/wiki/都道府県#一覧","表形式","北緯34度24分1秒 東経134度8分11秒","18,297.78km²","","","日本","","","","","","","","","","","","","","",""
"香川県","[香川県香川郡高松] 令制国 の 讃岐国 に当たる。県名は旧讃岐国のほぼ中央に存在し、かつて高松が属していた古代以来の郡である 香川郡 から採られた。面積は47都道府県で一番小さい。 都市 の利便性と豊かな 自然 が調和した生活環境を持つ  。","https://ja.wikipedia.org/wiki/香川県","都道府県#一覧","https://ja.wikipedia.org/wiki/都道府県#一覧","表形式","北緯34度20分24.4秒東経134度2分35.8秒","1,876.77km2（境界未定部分あり）","日本","504人/km2","〒760-8570香川県高松市番町四丁目1番10号北緯34度20分24.4秒東経134度2分35.8秒﻿ / ﻿北緯34.340111度 東経134.043278度﻿ /34.340111; 134.043278座標:北緯34度20分24.4秒東経134度2分35.8秒﻿ / ﻿北緯34.340111度 東経134.043278度﻿ /34.340111; 134.043278県庁舎位置","四国地方中国・四国地方","37000-2","JP-37","945,129人（推計人口、2021年6月1日）","岡山県徳島県愛媛県※兵庫県※広島県※は海上で隣接","浜田恵造","香川県","日本の都道府県/香川県","8000020370002","オリーブ","オリーブ","ホトトギス","","",""
"愛媛県","[愛媛県温泉郡松山] 令制国 の 伊予国 に当たる。","https://ja.wikipedia.org/wiki/愛媛県","都道府県#一覧","https://ja.wikipedia.org/wiki/都道府県#一覧","表形式","北緯33度50分29.8秒東経132度45分56.4秒","5,676.23km2","日本","234人/km2","〒790-8570愛媛県松山市一番町四丁目4番地2北緯33度50分29.8秒東経132度45分56.4秒﻿ / ﻿北緯33.841611度 東経132.765667度﻿ /33.841611; 132.765667﻿ (愛媛県)座標:北緯33度50分29.8秒東経132度45分56.4秒﻿ / ﻿北緯33.841611度 東経132.765667度﻿ /33.841611; 132.765667﻿ (愛媛県)県庁舎位置","四国地方中国・四国地方","38000-8","JP-38","1,325,924人（推計人口、2021年6月1日）","徳島県、香川県、高知県、広島県以下、海上を隔てて隣接山口県、大分県","中村時広","愛媛県","日本の都道府県/愛媛県","1000020380008","マツ","みかんの花","コマドリ","県の魚:マダイ県の獣:ニッポンカワウソ県の歌:愛媛の歌県民の日:2月20日（県政発足記念日）マスコットキャラクター:みきゃん","",""
"高知県","[高知県土佐郡高知] ","https://ja.wikipedia.org/wiki/高知県","都道府県#一覧","https://ja.wikipedia.org/wiki/都道府県#一覧","表形式","北緯33度33分34.9秒東経133度31分51.7秒","7,103.86km2","日本","96.3人/km2","〒780-8570高知県高知市丸ノ内一丁目2番20号北緯33度33分34.9秒東経133度31分51.7秒﻿ / ﻿北緯33.559694度 東経133.531028度﻿ /33.559694; 133.531028﻿ (高知県)座標:北緯33度33分34.9秒東経133度31分51.7秒﻿ / ﻿北緯33.559694度 東経133.531028度﻿ /33.559694; 133.531028﻿ (高知県)県庁舎位置","四国地方中国・四国地方","39000-3","JP-39","684,153人（推計人口、2021年6月1日）","徳島県、愛媛県、大分県- 海峡を挟んで隣接。","浜田省司","高知県","日本の都道府県/高知県","5000020390003","ヤナセスギ","ヤマモモ","ヤイロチョウ","県の魚：カツオ県の歌：高知県民の歌（1953年制定）県のキャラクター :くろしおくん","",""
"九州地方","[九州福岡県早良郡福岡] 九州 （きゅうしゅう）は、 日本列島 を構成する 島 の一つで  、その南西部に位置する。","https://ja.wikipedia.org/wiki/九州地方","都道府県#一覧","https://ja.wikipedia.org/wiki/都道府県#一覧","表形式","北緯33度 東経131度","36,782.37km²","","","日本","","","","","","","","","","","","","","",""
"佐賀県","[佐賀県佐賀郡佐賀] 唐津 ・ 伊万里 ・ 有田 などは古くから 陶磁器 の産地として有名で、 玄界灘 と 有明海 の2つの海に接する。 令制国 の 肥前国 東部に相当する。 明治 の 府県制 成立の際、同国は佐賀県と 長崎県 の2県として分立した。九州地方の中では最も面積、経済規模が小さい県である一方で、人口密度は全国で16番目に高い。","https://ja.wikipedia.org/wiki/佐賀県","都道府県#一覧","https://ja.wikipedia.org/wiki/都道府県#一覧","表形式","北緯33度14分57.9秒東経130度17分58.5秒","2,440.68km2","日本","330人/km2","〒840-8570佐賀県佐賀市城内一丁目1番59号北緯33度14分57.9秒東経130度17分58.5秒﻿ / ﻿北緯33.249417度 東経130.299583度﻿ /33.249417; 130.299583座標:北緯33度14分57.9秒東経130度17分58.5秒﻿ / ﻿北緯33.249417度 東経130.299583度﻿ /33.249417; 130.299583県庁舎位置","九州地方","41000-4","JP-41","804,931人（推計人口、2021年6月1日）"," 福岡県 長崎県","山口祥義","佐賀県","日本の都道府県/佐賀県","1000020410004","クスノキ","クスの花","カササギ（カチガラス）","","",""
"長崎県","[長崎府彼杵郡長崎] 五島列島 、 壱岐島 、 対馬 など数多くの 島嶼 を含み、47 都道府県 中最も島が多いことで知られる。また、多島であるうえに リアス式海岸 を多く擁することから 海岸線 の長さは47都道府県中第2位もしくは第1位となっている（※ 「 地形 」節にて詳説 ）。","https://ja.wikipedia.org/wiki/長崎県","都道府県#一覧","https://ja.wikipedia.org/wiki/都道府県#一覧","表形式","北緯32度44分41.4秒東経129度52分25.4秒","4,130.88km2","日本","314人/km2","〒850-8570長崎県長崎市尾上町3番1号北緯32度44分41.4秒東経129度52分25.4秒﻿ / ﻿北緯32.744833度 東経129.873722度﻿ /32.744833; 129.873722座標:北緯32度44分41.4秒東経129度52分25.4秒﻿ / ﻿北緯32.744833度 東経129.873722度﻿ /32.744833; 129.873722","九州地方","42000-0","JP-42","1,298,801人（推計人口、2021年6月1日）"," 佐賀県 熊本県 福岡県","中村法道","公式ウェブサイト","日本の都道府県/長崎県","4000020420000","ヒノキ、ツバキ","雲仙ツツジ","オシドリ","県の歌:南の風（1961年制定）県の獣:九州シカ県の魚（春）:タイ、イカ、アマダイ県の魚（夏）:アジ、イサキ、アワビ県の魚（秋）:サバ、トビウオ、ヒラメ県の魚（冬）:ブリ、イワシ、フグ","",""
"熊本県","[熊本県飽田郡熊本] 令制国 の 肥後国 に当たる。 有明海 、 不知火海 、 東シナ海 に面している。","https://ja.wikipedia.org/wiki/熊本県","都道府県#一覧","https://ja.wikipedia.org/wiki/都道府県#一覧","表形式","北緯32度47分23秒東経130度44分29.9秒","7,409.48km2（境界未定部分あり）","日本","233人/km2","〒862-8570熊本県熊本市中央区水前寺6丁目18番1号北緯32度47分23秒東経130度44分29.9秒﻿ / ﻿北緯32.78972度 東経130.741639度﻿ /32.78972; 130.741639﻿ (熊本県)座標:北緯32度47分23秒東経130度44分29.9秒﻿ / ﻿北緯32.78972度 東経130.741639度﻿ /32.78972; 130.741639﻿ (熊本県)県庁舎位置","九州地方","43000-5","JP-43","1,727,539人（推計人口、2021年6月1日）"," 福岡県 大分県 宮崎県 鹿児島県 長崎県","蒲島郁夫","熊本県","日本の都道府県/熊本県","7000020430005","クスノキ","リンドウ","ヒバリ","県の魚：クルマエビ県の歌：熊本県民の歌マスコット：くまモン","",""
"大分県","[大分県大分郡府内大分[13] 全国的に知名度が高い 別府温泉 や 由布院温泉 をはじめとする多くの 温泉 を有し、源泉数（4,445か所）、湧出量（279,253リットル/分）ともに日本一であり  、「 日本一のおんせん県おおいた 」をキャッチフレーズに温泉をアピールしている  。","https://ja.wikipedia.org/wiki/大分県","都道府県#一覧","https://ja.wikipedia.org/wiki/都道府県#一覧","表形式","北緯33度14分17.3秒東経131度36分45.4秒","6,340.73km2（境界未定部分あり）","日本","176人/km2","〒870-8501大分県大分市大手町3丁目1番1号北緯33度14分17.3秒東経131度36分45.4秒﻿ / ﻿北緯33.238139度 東経131.612611度﻿ /33.238139; 131.612611座標:北緯33度14分17.3秒東経131度36分45.4秒﻿ / ﻿北緯33.238139度 東経131.612611度﻿ /33.238139; 131.612611県庁舎位置","九州地方","44000-1","JP-44","1,117,562人（推計人口、2021年6月1日）"," 福岡県 熊本県 宮崎県 愛媛県 山口県","広瀬勝貞","公式ウェブサイト","日本の都道府県/大分県","1000020440001","豊後梅","豊後梅","めじろ","県の歌：未制定県民の日：11月14日","",""
"宮崎県","[宮崎県宮崎郡上別府宮崎[13] 県木である「 フェニックス 」に代表される南国情緒豊かな気候から、 1960年代 には 日南 地区を中心とした 新婚旅行 のメッカだった。現在も春季の プロ野球 などの キャンプ 地として知られる。","https://ja.wikipedia.org/wiki/宮崎県","都道府県#一覧","https://ja.wikipedia.org/wiki/都道府県#一覧","表形式","北緯31度54分39.6秒東経131度25分25.9秒","7,735.32km2（境界未定部分あり）","日本","137人/km2","〒880-8501宮崎県宮崎市橘通東2丁目10番1号北緯31度54分39.6秒東経131度25分25.9秒﻿ / ﻿北緯31.911000度 東経131.423861度﻿ /31.911000; 131.423861﻿ (宮崎県)座標:北緯31度54分39.6秒東経131度25分25.9秒﻿ / ﻿北緯31.911000度 東経131.423861度﻿ /31.911000; 131.423861﻿ (宮崎県)県庁舎位置宮崎県庁本館","九州地方","45000-6","JP-45","1,063,561人（推計人口、2021年6月1日）"," 大分県 熊本県 鹿児島県","河野俊嗣","宮崎県","日本の都道府県/宮崎県","4000020450006","フェニックス（1966年9月3日制定）ヤマザクラ（山桜）（2003年2月6日制定）オビスギ（飫肥杉）（2003年2月6日制定）","ハマユウ（1964年12月22日制定）","コシジロヤマドリ（1964年12月22日制定）","県の歌：宮崎県民歌（1964年制定）マスコット：みやざき犬（2011年11月11日制定）","",""
"鹿児島県","[鹿児島県鹿児島郡鹿児島 ] 九州島の南側には 離島 （ 薩南諸島 ）が点在する  。九州島の部分は 県本土 と表現され、2つの半島（ 薩摩半島 ・ 大隅半島 ）を有する。","https://ja.wikipedia.org/wiki/鹿児島県","都道府県#一覧","https://ja.wikipedia.org/wiki/都道府県#一覧","表形式","北緯31度33分36.6秒東経130度33分29.4秒","9,187.01km2（境界未定部分あり）","日本","172人/km2","〒890-8577鹿児島県鹿児島市鴨池新町10番1号北緯31度33分36.6秒東経130度33分29.4秒﻿ / ﻿北緯31.560167度 東経130.558167度﻿ /31.560167; 130.558167﻿ (鹿児島県)座標:北緯31度33分36.6秒東経130度33分29.4秒﻿ / ﻿北緯31.560167度 東経130.558167度﻿ /31.560167; 130.558167﻿ (鹿児島県)","九州地方","46000-1","JP-46","1,580,460人（推計人口、2021年6月1日）"," 熊本県 宮崎県 沖縄県","塩田康一","鹿児島県","日本の都道府県/鹿児島県","8000020460001","カイコウズ、クスノキ","ミヤマキリシマ","ルリカケス","県の歌：鹿児島県民の歌（1948年制定）マスコット：ぐりぶーかごしま畜産の日：毎月29日（2月は9日）","",""
"沖縄県","[沖縄県島尻郡那覇] 日本で最も西にあり、 沖縄本島 、 宮古島 、 石垣島 など多くの島々から構成される  。","https://ja.wikipedia.org/wiki/沖縄県","都道府県#一覧","https://ja.wikipedia.org/wiki/都道府県#一覧","表形式","北緯26度12分44.8秒東経127度40分51.3秒","2,280.98km2","日本","640人/km2","〒900-8570沖縄県那覇市泉崎一丁目2番地2号北緯26度12分44.8秒東経127度40分51.3秒﻿ / ﻿北緯26.212444度 東経127.680917度﻿ /26.212444; 127.680917﻿ (沖縄県)座標:北緯26度12分44.8秒東経127度40分51.3秒﻿ / ﻿北緯26.212444度 東経127.680917度﻿ /26.212444; 127.680917﻿ (沖縄県)","九州地方、沖縄地方","47000-7","JP-47","1,458,870人（推計人口、2021年6月1日）"," 鹿児島県","玉城デニー（本名・玉城康裕）","公式ウェブサイト","日本の都道府県/沖縄県","1000020470007","リュウキュウマツ","デイゴ","ノグチゲラ","県の魚 :タカサゴ（グルクン）県の歌 :沖縄県民の歌本土復帰記念日 :5月15日慰霊の日 :6月23日","",""
"北海道","[北海道地方北海道] 47都道府県中唯一の「 道 」である。ブランド総合研究所による「都道府県の魅力度ランキング」で2019年現在、11年連続で1位に選ばれ、 観光 意欲度、産品購入意欲度でも1位、居住意欲度でも3位となっており、各意欲の面で高い評価を得ている  。","https://ja.wikipedia.org/wiki/北海道","都道府県#一覧","https://ja.wikipedia.org/wiki/都道府県#一覧","表形式","北緯43度3分51.6秒東経141度20分48.8秒","83,423.84km2","日本","62.4人/km2","〒060-8588北海道札幌市中央区北3条西6丁目1番地北緯43度3分51.6秒東経141度20分48.8秒﻿ / ﻿北緯43.064333度 東経141.346889度﻿ /43.064333; 141.346889座標:北緯43度3分51.6秒東経141度20分48.8秒﻿ / ﻿北緯43.064333度 東経141.346889度﻿ /43.064333; 141.346889","北海道地方","01000-6","JP-01","5,207,185人（住民基本台帳人口、2021年5月31日）"," 青森県","鈴木直道","公式ウェブサイト","日本の都道府県/北海道","","","","","","",""
"東北地方","[東北地方青森県岩手県宮城県秋田県山形県福島県] 東北地方 （とうほくちほう）は、 日本の地域 のひとつであり、 本州 東北部に位置している。「 奥羽地方 （おううちほう）」ともいう   。最大 都市 は 仙台市 である。","https://ja.wikipedia.org/wiki/東北地方","都道府県#一覧","https://ja.wikipedia.org/wiki/都道府県#一覧","表形式","","66,951.97km2（2013年10月1日）","日本","127.1人/km2（直近の統計）","","","","","","","","","","","","","","","8,510,566人（直近の統計）",""
"関東地方","[関東地方茨城県栃木県群馬県埼玉県千葉県東京都神奈川県] 関東地方 （かんとうちほう）は、 日本の地域区分（全国八地方区分） の1つであり、 本州 の東部に位置している。","https://ja.wikipedia.org/wiki/関東地方","都道府県#一覧","https://ja.wikipedia.org/wiki/都道府県#一覧","表形式","","32,423.90km2","日本","1,342人/km2（2021年6月1日）","","","","","","","","","","","","","","","43,513,294人（2021年6月1日）",""
"中部地方","[中部地方新潟県富山県石川県福井県山梨県長野県岐阜県静岡県愛知県] 中部地方 （ちゅうぶちほう）は、 日本の地域 の1つで、 近代 以降における 本州 中央部の地方  。その範囲に法律上の明確な定義はないが  、一般的に、 名古屋市 を最大都市とする地方を指す。","https://ja.wikipedia.org/wiki/中部地方","都道府県#一覧","https://ja.wikipedia.org/wiki/都道府県#一覧","表形式","","72,572.34km2","日本","314.2人/km2（直近の統計）","","","","","","","","","","","","","","","22,802,622人（直近の統計）",""
"近畿地方","[近畿地方三重県滋賀県京都府大阪府兵庫県奈良県和歌山県] 近畿地方 （きんきちほう）は、 本州 中西部に位置する 日本の地域 である。かつての 畿内 とその周辺地域から構成される。 難波宮 、 平城宮 、 平安宮 以降 東京奠都 までの 王城 の地で、現在は 関東地方 に次ぐ日本第二の都市圏・経済圏であり、 西日本 の中核である。","https://ja.wikipedia.org/wiki/近畿地方","都道府県#一覧","https://ja.wikipedia.org/wiki/都道府県#一覧","表形式","北緯35度 東経135度","33,112.42km2","日本","671.2人/km2（2021年3月1日）","","","","","","","","","","","","","","","22,224,475人（2021年3月1日）",""
"中国地方","[中国地方鳥取県島根県岡山県広島県山口県] 中国地方 （ちゅうごくちほう）は、 日本の地域 の1つで、 本州 西部に位置する 地方 。 人口 最多および最大の 都市 は、 広島県 にある 広島市 。","https://ja.wikipedia.org/wiki/中国地方","都道府県#一覧","https://ja.wikipedia.org/wiki/都道府県#一覧","表形式","北緯35度03分 東経134度04分","31,921.87km2","日本","225.7人/km2（2021年6月1日）","","","","","","","","","","","","","","","7,205,268人（2021年6月1日）",""
"四国","[四国地方徳島県香川県愛媛県高知県] 四国 （しこく）は、 日本列島 を構成する 島 の一つである  。","https://ja.wikipedia.org/wiki/四国","都道府県#一覧","https://ja.wikipedia.org/wiki/都道府県#一覧","表形式","北緯34度24分1秒 東経134度8分11秒","18,297.78km²","","","日本","","","","","","","","","","","","","","",""
"九州","[九州地方福岡県佐賀県長崎県熊本県大分県宮崎県鹿児島県沖縄県] 九州 （きゅうしゅう）は、 日本列島 を構成する 島 の一つで  、その南西部に位置する。","https://ja.wikipedia.org/wiki/九州","都道府県#一覧","https://ja.wikipedia.org/wiki/都道府県#一覧","表形式","北緯33度 東経131度","36,782.37km²","","","日本","","","","","","","","","","","","","","",""
