"タイトル","コメント","URL","親リストタイトル","親リストURL","一覧抽出方法","座標","分類","所在地","面積","前身","開園","運営者","告示","事務所","事務所所在地","備考","公式サイト","設計者","バリアフリー","アクセス","年来園者数","標高","位置","山系","種類"
"厚岸道立自然公園","厚岸道立自然公園","https://ja.wikipedia.org/wiki/厚岸道立自然公園","都道府県立自然公園一覧","https://ja.wikipedia.org/wiki/都道府県立自然公園","箇条書き,制限あり","北緯42度59分43秒東経144度55分10秒","国定公園","日本北海道釧路郡釧路町、厚岸郡厚岸町、厚岸郡浜中町、川上郡標茶町","41,487ヘクタール[1]","厚岸道立自然公園","2021年","北海道","環境省告示第24号","釧路総合振興局保健環境部環境生活課","北海道釧路市浦見2丁目2-54","","","","","","","","","",""
"富良野芦別道立自然公園","富良野芦別道立自然公園","https://ja.wikipedia.org/wiki/富良野芦別道立自然公園","都道府県立自然公園一覧","https://ja.wikipedia.org/wiki/都道府県立自然公園","箇条書き,制限あり","北緯43度12分48秒東経142度17分03秒","自然公園","日本北海道夕張市、芦別市、三笠市、富良野市、空知郡南富良野町","35,756ヘクタール","","1955年","北海道","","上川総合振興局保健環境部環境生活課空知総合振興局保健環境部環境生活課","北海道旭川市永山6条19丁目1北海道岩見沢市8条西5丁目","自動車・スノーモビルなどの乗入れ規制区域あり[1]","富良野芦別道立自然公園","","","","","","","",""
"檜山道立自然公園","檜山道立自然公園","https://ja.wikipedia.org/wiki/檜山道立自然公園","都道府県立自然公園一覧","https://ja.wikipedia.org/wiki/都道府県立自然公園","箇条書き,制限あり","北緯41度52分08秒東経140度06分52秒","自然公園","日本北海道檜山郡上ノ国町、檜山郡江差町、爾志郡乙部町、二海郡八雲町、久遠郡せたな町、奥尻郡奥尻町","約17,000ヘクタール","","1960年","北海道","","檜山振興局保健環境部環境生活課","北海道檜山郡江差町字陣屋町336-3","","檜山道立自然公園","","","","","","","",""
"恵山道立自然公園","恵山道立自然公園","https://ja.wikipedia.org/wiki/恵山道立自然公園","都道府県立自然公園一覧","https://ja.wikipedia.org/wiki/都道府県立自然公園","箇条書き,制限あり","北緯41度48分54秒東経141度10分24秒","自然公園","日本北海道函館市、亀田郡七飯町、茅部郡鹿部町","4,116ヘクタール","","1961年2007年（横津岳地域編入）","北海道","","渡島総合振興局保健環境部環境生活課","北海道函館市美原4丁目6-16","自動車・スノーモビルなどの乗入れ規制区域あり[1]","恵山道立自然公園","","","","","","","",""
"野付風蓮道立自然公園","野付風蓮道立自然公園","https://ja.wikipedia.org/wiki/野付風蓮道立自然公園","都道府県立自然公園一覧","https://ja.wikipedia.org/wiki/都道府県立自然公園","箇条書き,制限あり","","自然公園","日本北海道根室市、野付郡別海町、標津郡標津町","11,692ヘクタール[1]","","1962年","北海道","","根室振興局保健環境部環境生活課","北海道根室市常盤町3丁目28","自動車・スノーモビルなどの乗入れ規制区域あり[2]","野付風蓮道立自然公園","","","","","","","",""
"松前矢越道立自然公園","松前矢越道立自然公園","https://ja.wikipedia.org/wiki/松前矢越道立自然公園","都道府県立自然公園一覧","https://ja.wikipedia.org/wiki/都道府県立自然公園","箇条書き,制限あり","北緯41度23分54秒東経140度11分58秒","自然公園","日本北海道松前郡松前町、松前郡福島町、上磯郡知内町","2,052ヘクタール[1]","","1968年","北海道","","渡島総合振興局保健環境部環境生活課","北海道函館市美原4丁目6-16","","松前矢越道立自然公園","","","","","","","",""
"北オホーツク道立自然公園","北オホーツク道立自然公園","https://ja.wikipedia.org/wiki/北オホーツク道立自然公園","都道府県立自然公園一覧","https://ja.wikipedia.org/wiki/都道府県立自然公園","箇条書き,制限あり","北緯45度08分50.0秒東経142度22分10.6秒","自然公園","日本北海道宗谷郡猿払村、枝幸郡浜頓別町、枝幸郡枝幸町","3,927ヘクタール","","1968年","北海道","","宗谷総合振興局保健環境部環境生活課","北海道稚内市末広4丁目2-27","自動車・スノーモビルなどの乗入れ規制区域あり[1]","北オホーツク道立自然公園","","","","","","","",""
"道立自然公園野幌森林公園","道立自然公園野幌森林公園","https://ja.wikipedia.org/wiki/道立自然公園野幌森林公園","都道府県立自然公園一覧","https://ja.wikipedia.org/wiki/都道府県立自然公園","箇条書き,制限あり","北緯43度03分09秒東経141度30分02秒","自然公園","日本札幌市厚別区・江別市・北広島市","2,053ヘクタール","","1968年","北海道","","北海道博物館総務課","札幌市厚別区厚別町小野幌53-2","公園内への動物・植物などの持ち込みは禁止（一部遊歩道では犬の散歩ができる）[3]広域避難場所[4]","道立自然公園野幌森林公園","加藤誠平ら[1]","公衆トイレ[2]","#交通アクセス参照","","","","",""
"狩場茂津多道立自然公園","狩場茂津多道立自然公園","https://ja.wikipedia.org/wiki/狩場茂津多道立自然公園","都道府県立自然公園一覧","https://ja.wikipedia.org/wiki/都道府県立自然公園","箇条書き,制限あり","北緯42度36分35秒東経139度51分11秒","自然公園","日本北海道寿都郡寿都町、島牧郡島牧村、久遠郡せたな町","22,647ヘクタール","","1972年","北海道","","檜山振興局保健環境部環境生活課後志総合振興局保健環境部環境生活課","北海道檜山郡江差町字陣屋町336-3北海道虻田郡倶知安町北1条東2丁目","","狩場茂津多道立自然公園","","","","","","","",""
"朱鞠内道立自然公園","朱鞠内道立自然公園","https://ja.wikipedia.org/wiki/朱鞠内道立自然公園","都道府県立自然公園一覧","https://ja.wikipedia.org/wiki/都道府県立自然公園","箇条書き,制限あり","北緯44度18分30秒東経142度10分53秒","自然公園","日本北海道雨竜郡幌加内町、士別市、天塩郡遠別町、苫前郡羽幌町","13,767ヘクタール","","1974年","北海道","","上川総合振興局保健環境部環境生活課留萌振興局保健環境部環境生活課","北海道旭川市永山6条19丁目1北海道留萌市住之江町2丁目1-2","","朱鞠内道立自然公園","","","","","","","",""
"天塩岳道立自然公園","天塩岳道立自然公園","https://ja.wikipedia.org/wiki/天塩岳道立自然公園","都道府県立自然公園一覧","https://ja.wikipedia.org/wiki/都道府県立自然公園","箇条書き,制限あり","北緯43度59分15秒東経142度51分38秒","自然公園","日本北海道士別市、上川郡下川町、紋別郡滝上町、紋別郡西興部村","9,348ヘクタール","","1978年","北海道","","上川総合振興局保健環境部環境生活課オホーツク総合振興局保健環境部環境生活課","北海道旭川市永山6条19丁目1北海道網走市北7条西3丁目","スノーモビル・自動車などの乗入れ規制あり[1]","天塩岳道立自然公園","","","","","","","",""
"斜里岳道立自然公園","斜里岳道立自然公園","https://ja.wikipedia.org/wiki/斜里岳道立自然公園","都道府県立自然公園一覧","https://ja.wikipedia.org/wiki/都道府県立自然公園","箇条書き,制限あり","北緯43度45分42秒東経144度43分21秒","自然公園","日本北海道斜里郡斜里町、斜里郡清里町、標津郡標津町","2,979ヘクタール","","1980年","北海道","","オホーツク総合振興局保健環境部環境生活課根室振興局保健環境部環境生活課","北海道網走市北7条西3丁目北海道根室市常盤町3丁目28","自動車・スノーモービルなどの乗入れ規制あり[1]","斜里岳道立自然公園","","","","","","","",""
"浅虫夏泊県立自然公園","浅虫夏泊県立自然公園","https://ja.wikipedia.org/wiki/浅虫夏泊県立自然公園","都道府県立自然公園一覧","https://ja.wikipedia.org/wiki/都道府県立自然公園","箇条書き,制限あり","北緯40度53分23.1秒東経140度51分54.5秒","都道府県立自然公園","日本青森県東津軽郡平内町・青森市","陸地4964ha・海域3526ha[1]","","","","1953年（昭和28年）6月10日指定[3]1982年（昭和57年）3月30日計画決定[3]","","","","","","","","1,023,583人（2014年）[2]","","","",""
"大鰐碇ヶ関温泉郷県立自然公園 (存在しないページ)","大鰐碇ヶ関温泉郷県立自然公園","https://ja.wikipedia.org/w/index.php?title=大鰐碇ヶ関温泉郷県立自然公園&amp;action=edit&amp;redlink=1","都道府県立自然公園一覧","https://ja.wikipedia.org/wiki/都道府県立自然公園","箇条書き,制限あり","","","","","","","","","","","","","","","","","","","",""
"種差海岸階上岳県立自然公園 (存在しないページ)","種差海岸階上岳県立自然公園→2013年5月24日発足の三陸復興国立公園に編入され発展的に消滅。","https://ja.wikipedia.org/w/index.php?title=種差海岸階上岳県立自然公園&amp;action=edit&amp;redlink=1","都道府県立自然公園一覧","https://ja.wikipedia.org/wiki/都道府県立自然公園","箇条書き,制限あり","","","","","","","","","","","","","","","","","","","",""
"名久井岳県立自然公園","名久井岳県立自然公園","https://ja.wikipedia.org/wiki/名久井岳県立自然公園","都道府県立自然公園一覧","https://ja.wikipedia.org/wiki/都道府県立自然公園","箇条書き,制限あり","北緯40度23分16.6秒東経141度18分30.0秒","","日本青森県三戸郡南部町・三戸町","","","","","","","","","","","","","","615.4m","北緯40度23分16.6秒東経141度18分30.0秒座標:北緯40度23分16.6秒 東経141度18分30.0秒","名久井山地",""
"芦野池沼群県立自然公園","芦野池沼群県立自然公園","https://ja.wikipedia.org/wiki/芦野池沼群県立自然公園","都道府県立自然公園一覧","https://ja.wikipedia.org/wiki/都道府県立自然公園","箇条書き,制限あり","北緯40度55分09秒東経140度26分60秒","都道府県立自然公園","日本青森県五所川原市北津軽郡中泊町","612ha","","","","1983年（昭和58年）11月19日指定","","","","","","","","","","","",""
"黒石温泉郷県立自然公園 (存在しないページ)","黒石温泉郷県立自然公園","https://ja.wikipedia.org/w/index.php?title=黒石温泉郷県立自然公園&amp;action=edit&amp;redlink=1","都道府県立自然公園一覧","https://ja.wikipedia.org/wiki/都道府県立自然公園","箇条書き,制限あり","","","","","","","","","","","","","","","","","","","",""
"岩木高原県立自然公園","岩木高原県立自然公園","https://ja.wikipedia.org/wiki/岩木高原県立自然公園","都道府県立自然公園一覧","https://ja.wikipedia.org/wiki/都道府県立自然公園","箇条書き,制限あり","北緯40度39分21秒東経140度18分11秒","都道府県立自然公園","日本青森県弘前市","2,587ha","","","","1958年（昭和33年）10月14日指定","","","","","","","","","","","",""
"津軽白神県立自然公園 (存在しないページ)","津軽白神県立自然公園（→2017年3月31日に赤石渓流暗門の滝県立自然公園から名称変更。）","https://ja.wikipedia.org/w/index.php?title=津軽白神県立自然公園&amp;action=edit&amp;redlink=1","都道府県立自然公園一覧","https://ja.wikipedia.org/wiki/都道府県立自然公園","箇条書き,制限あり","","","","","","","","","","","","","","","","","","","",""
"花巻温泉郷県立自然公園 (存在しないページ)","花巻温泉郷県立自然公園","https://ja.wikipedia.org/w/index.php?title=花巻温泉郷県立自然公園&amp;action=edit&amp;redlink=1","都道府県立自然公園一覧","https://ja.wikipedia.org/wiki/都道府県立自然公園","箇条書き,制限あり","","","","","","","","","","","","","","","","","","","",""
"久慈平庭県立自然公園 (存在しないページ)","久慈平庭県立自然公園","https://ja.wikipedia.org/w/index.php?title=久慈平庭県立自然公園&amp;action=edit&amp;redlink=1","都道府県立自然公園一覧","https://ja.wikipedia.org/wiki/都道府県立自然公園","箇条書き,制限あり","","","","","","","","","","","","","","","","","","","",""
"外山早坂県立自然公園 (存在しないページ)","外山早坂県立自然公園","https://ja.wikipedia.org/w/index.php?title=外山早坂県立自然公園&amp;action=edit&amp;redlink=1","都道府県立自然公園一覧","https://ja.wikipedia.org/wiki/都道府県立自然公園","箇条書き,制限あり","","","","","","","","","","","","","","","","","","","",""
"湯田温泉峡県立自然公園 (存在しないページ)","湯田温泉峡県立自然公園","https://ja.wikipedia.org/w/index.php?title=湯田温泉峡県立自然公園&amp;action=edit&amp;redlink=1","都道府県立自然公園一覧","https://ja.wikipedia.org/wiki/都道府県立自然公園","箇条書き,制限あり","","","","","","","","","","","","","","","","","","","",""
"折爪馬仙峡県立自然公園 (存在しないページ)","折爪馬仙峡県立自然公園","https://ja.wikipedia.org/w/index.php?title=折爪馬仙峡県立自然公園&amp;action=edit&amp;redlink=1","都道府県立自然公園一覧","https://ja.wikipedia.org/wiki/都道府県立自然公園","箇条書き,制限あり","","","","","","","","","","","","","","","","","","","",""
"五葉山県立自然公園 (存在しないページ)","五葉山県立自然公園","https://ja.wikipedia.org/w/index.php?title=五葉山県立自然公園&amp;action=edit&amp;redlink=1","都道府県立自然公園一覧","https://ja.wikipedia.org/wiki/都道府県立自然公園","箇条書き,制限あり","","","","","","","","","","","","","","","","","","","",""
"室根高原県立自然公園","室根高原県立自然公園","https://ja.wikipedia.org/wiki/室根高原県立自然公園","都道府県立自然公園一覧","https://ja.wikipedia.org/wiki/都道府県立自然公園","箇条書き,制限あり","北緯38度58分26秒東経141度26分45秒","自然公園","日本岩手県一関市室根町折壁","","","1974年","岩手県","","","","","","","","東日本旅客鉄道（JR東日本）大船渡線の折壁駅から岩手県道263号折壁大原線を車で約30分","","","","",""
"蔵王高原県立自然公園 (存在しないページ)","蔵王高原県立自然公園","https://ja.wikipedia.org/w/index.php?title=蔵王高原県立自然公園&amp;action=edit&amp;redlink=1","都道府県立自然公園一覧","https://ja.wikipedia.org/wiki/都道府県立自然公園","箇条書き,制限あり","","","","","","","","","","","","","","","","","","","",""
"阿武隈渓谷県立自然公園","阿武隈渓谷県立自然公園","https://ja.wikipedia.org/wiki/阿武隈渓谷県立自然公園","都道府県立自然公園一覧","https://ja.wikipedia.org/wiki/都道府県立自然公園","箇条書き,制限あり","北緯37度51分13秒東経140度46分50秒","自然公園","日本宮城県伊具郡丸森町筆甫","","","","宮城県","","","","公式ウェブサイト","","","","","","","","",""
"二口峡谷","県立自然公園二口峡谷","https://ja.wikipedia.org/wiki/二口峡谷","都道府県立自然公園一覧","https://ja.wikipedia.org/wiki/都道府県立自然公園","箇条書き,制限あり","","","","","","","","","","","","","","","","","","","",""
"県立自然公園船形連峰","県立自然公園船形連峰","https://ja.wikipedia.org/wiki/県立自然公園船形連峰","都道府県立自然公園一覧","https://ja.wikipedia.org/wiki/都道府県立自然公園","箇条書き,制限あり","北緯38度27分01秒東経140度37分53秒","自然公園","日本宮城県黒川郡大和町・加美郡色麻町・仙台市・加美郡加美町[1]","35,449ha","","1962年11月1日[2]","宮城県","","","","公式ウェブサイト","","","","","","","","",""
"松島","県立自然公園松島","https://ja.wikipedia.org/wiki/松島","都道府県立自然公園一覧","https://ja.wikipedia.org/wiki/都道府県立自然公園","箇条書き,制限あり","","","","","","","","","","","","","","","","","","","",""
"県立自然公園旭山","県立自然公園旭山","https://ja.wikipedia.org/wiki/県立自然公園旭山","都道府県立自然公園一覧","https://ja.wikipedia.org/wiki/都道府県立自然公園","箇条書き,制限あり","北緯38度29分18秒東経141度10分52秒","自然公園","日本宮城県石巻市[1]","34ha","","1940年12月13日[2]","宮城県","","","","公式ウェブサイト","","","","","","","","",""
"硯上山万石浦県立自然公園 (存在しないページ)","硯上山万石浦県立自然公園","https://ja.wikipedia.org/w/index.php?title=硯上山万石浦県立自然公園&amp;action=edit&amp;redlink=1","都道府県立自然公園一覧","https://ja.wikipedia.org/wiki/都道府県立自然公園","箇条書き,制限あり","","","","","","","","","","","","","","","","","","","",""
"県立自然公園気仙沼 (存在しないページ)","県立自然公園気仙沼","https://ja.wikipedia.org/w/index.php?title=県立自然公園気仙沼&amp;action=edit&amp;redlink=1","都道府県立自然公園一覧","https://ja.wikipedia.org/wiki/都道府県立自然公園","箇条書き,制限あり","","","","","","","","","","","","","","","","","","","",""
"八森岩館県立自然公園","八森岩館県立自然公園","https://ja.wikipedia.org/wiki/八森岩館県立自然公園","都道府県立自然公園一覧","https://ja.wikipedia.org/wiki/都道府県立自然公園","箇条書き,制限あり","","","","","","","","","","","","","","","","","","","",""
"秋田白神県立自然公園","秋田白神県立自然公園","https://ja.wikipedia.org/wiki/秋田白神県立自然公園","都道府県立自然公園一覧","https://ja.wikipedia.org/wiki/都道府県立自然公園","箇条書き,制限あり","","","","","","","","","","","","","","","","","","","",""
"田代岳県立自然公園","田代岳県立自然公園","https://ja.wikipedia.org/wiki/田代岳県立自然公園","都道府県立自然公園一覧","https://ja.wikipedia.org/wiki/都道府県立自然公園","箇条書き,制限あり","北緯40度25分43秒東経140度24分32秒","","日本秋田県大館市早口","","","","","","","","","","","","","","1,178m","北緯40度25分43秒東経140度24分32秒座標:北緯40度25分43秒 東経140度24分32秒","白神山地","成層火山"
"きみまち阪県立自然公園","きみまち阪県立自然公園","https://ja.wikipedia.org/wiki/きみまち阪県立自然公園","都道府県立自然公園一覧","https://ja.wikipedia.org/wiki/都道府県立自然公園","箇条書き,制限あり","","","","","","","","","","","","","","","","","","","",""
"森吉山県立自然公園 (存在しないページ)","森吉山県立自然公園","https://ja.wikipedia.org/w/index.php?title=森吉山県立自然公園&amp;action=edit&amp;redlink=1","都道府県立自然公園一覧","https://ja.wikipedia.org/wiki/都道府県立自然公園","箇条書き,制限あり","","","","","","","","","","","","","","","","","","","",""
"太平山県立自然公園 (秋田県)","太平山県立自然公園","https://ja.wikipedia.org/wiki/太平山県立自然公園_(秋田県)","都道府県立自然公園一覧","https://ja.wikipedia.org/wiki/都道府県立自然公園","箇条書き,制限あり","","","","","","","","","","","","","","","","","","","",""
"田沢湖抱返り県立自然公園","田沢湖抱返り県立自然公園","https://ja.wikipedia.org/wiki/田沢湖抱返り県立自然公園","都道府県立自然公園一覧","https://ja.wikipedia.org/wiki/都道府県立自然公園","箇条書き,制限あり","","","","","","","","","","","","","","","","","","","",""
"真木真昼県立自然公園","真木真昼県立自然公園","https://ja.wikipedia.org/wiki/真木真昼県立自然公園","都道府県立自然公園一覧","https://ja.wikipedia.org/wiki/都道府県立自然公園","箇条書き,制限あり","","","","","","","","","","","","","","","","","","","",""
"庄内海浜県立自然公園 (存在しないページ)","庄内海浜県立自然公園","https://ja.wikipedia.org/w/index.php?title=庄内海浜県立自然公園&amp;action=edit&amp;redlink=1","都道府県立自然公園一覧","https://ja.wikipedia.org/wiki/都道府県立自然公園","箇条書き,制限あり","","","","","","","","","","","","","","","","","","","",""
"御所山県立自然公園 (存在しないページ)","御所山県立自然公園","https://ja.wikipedia.org/w/index.php?title=御所山県立自然公園&amp;action=edit&amp;redlink=1","都道府県立自然公園一覧","https://ja.wikipedia.org/wiki/都道府県立自然公園","箇条書き,制限あり","","","","","","","","","","","","","","","","","","","",""
"県南県立自然公園 (存在しないページ)","県南県立自然公園","https://ja.wikipedia.org/w/index.php?title=県南県立自然公園&amp;action=edit&amp;redlink=1","都道府県立自然公園一覧","https://ja.wikipedia.org/wiki/都道府県立自然公園","箇条書き,制限あり","","","","","","","","","","","","","","","","","","","",""
"加無山県立自然公園","加無山県立自然公園","https://ja.wikipedia.org/wiki/加無山県立自然公園","都道府県立自然公園一覧","https://ja.wikipedia.org/wiki/都道府県立自然公園","箇条書き,制限あり","","","","","","","","","","","","","","","","","","","",""
"天童高原県立自然公園 (存在しないページ)","天童高原県立自然公園","https://ja.wikipedia.org/w/index.php?title=天童高原県立自然公園&amp;action=edit&amp;redlink=1","都道府県立自然公園一覧","https://ja.wikipedia.org/wiki/都道府県立自然公園","箇条書き,制限あり","","","","","","","","","","","","","","","","","","","",""
"最上川県立自然公園 (存在しないページ)","最上川県立自然公園","https://ja.wikipedia.org/w/index.php?title=最上川県立自然公園&amp;action=edit&amp;redlink=1","都道府県立自然公園一覧","https://ja.wikipedia.org/wiki/都道府県立自然公園","箇条書き,制限あり","","","","","","","","","","","","","","","","","","","",""
"霊山 (福島県)","霊山県立自然公園","https://ja.wikipedia.org/wiki/霊山_(福島県)","都道府県立自然公園一覧","https://ja.wikipedia.org/wiki/都道府県立自然公園","箇条書き,制限あり","北緯37度46分08秒東経140度41分15秒","","日本福島県伊達市・相馬市","","","","","","","","","","","","","","825m","北緯37度46分08秒東経140度41分15秒座標:北緯37度46分08秒 東経140度41分15秒","阿武隈高地",""
"霞ヶ城県立自然公園","霞ヶ城県立自然公園","https://ja.wikipedia.org/wiki/霞ヶ城県立自然公園","都道府県立自然公園一覧","https://ja.wikipedia.org/wiki/都道府県立自然公園","箇条書き,制限あり","","","","","","","","","","","","","","","","","","","",""
"南湖県立自然公園","南湖県立自然公園","https://ja.wikipedia.org/wiki/南湖県立自然公園","都道府県立自然公園一覧","https://ja.wikipedia.org/wiki/都道府県立自然公園","箇条書き,制限あり","","都市公園（風致公園）","日本福島県白河市南湖白河市南湖-地理院地図南湖公園-Google マップ","44.4 ha","","","白河市","","","","","白河市のサイト","","","","","","","",""
"奥久慈県立自然公園 (存在しないページ)","奥久慈県立自然公園","https://ja.wikipedia.org/w/index.php?title=奥久慈県立自然公園&amp;action=edit&amp;redlink=1","都道府県立自然公園一覧","https://ja.wikipedia.org/wiki/都道府県立自然公園","箇条書き,制限あり","","","","","","","","","","","","","","","","","","","",""
"磐城海岸県立自然公園","磐城海岸県立自然公園","https://ja.wikipedia.org/wiki/磐城海岸県立自然公園","都道府県立自然公園一覧","https://ja.wikipedia.org/wiki/都道府県立自然公園","箇条書き,制限あり","","","","","","","","","","","","","","","","","","","",""
"松川浦県立自然公園","松川浦県立自然公園","https://ja.wikipedia.org/wiki/松川浦県立自然公園","都道府県立自然公園一覧","https://ja.wikipedia.org/wiki/都道府県立自然公園","箇条書き,制限あり","北緯37度47分53秒東経140度58分32秒","都道府県立自然公園","日本福島県相馬市","979 ha（うち海域738 ha）","","1951年3月27日","福島県","1951年（昭和26年）3月27日","","","","松川浦県立自然公園（福島県HP）","","","","111,000人","","","",""
"勿来関","勿来県立自然公園","https://ja.wikipedia.org/wiki/勿来関","都道府県立自然公園一覧","https://ja.wikipedia.org/wiki/都道府県立自然公園","箇条書き,制限あり","","","","","","","","","","","","","","","","","","","",""
"只見柳津県立自然公園","只見柳津県立自然公園","https://ja.wikipedia.org/wiki/只見柳津県立自然公園","都道府県立自然公園一覧","https://ja.wikipedia.org/wiki/都道府県立自然公園","箇条書き,制限あり","","","","","","","","","","","","","","","","","","","",""
"大川羽鳥県立自然公園 (存在しないページ)","大川羽鳥県立自然公園","https://ja.wikipedia.org/w/index.php?title=大川羽鳥県立自然公園&amp;action=edit&amp;redlink=1","都道府県立自然公園一覧","https://ja.wikipedia.org/wiki/都道府県立自然公園","箇条書き,制限あり","","","","","","","","","","","","","","","","","","","",""
"阿武隈高原中部県立自然公園 (存在しないページ)","阿武隈高原中部県立自然公園","https://ja.wikipedia.org/w/index.php?title=阿武隈高原中部県立自然公園&amp;action=edit&amp;redlink=1","都道府県立自然公園一覧","https://ja.wikipedia.org/wiki/都道府県立自然公園","箇条書き,制限あり","","","","","","","","","","","","","","","","","","","",""
"夏井川渓谷県立自然公園 (存在しないページ)","夏井川渓谷県立自然公園","https://ja.wikipedia.org/w/index.php?title=夏井川渓谷県立自然公園&amp;action=edit&amp;redlink=1","都道府県立自然公園一覧","https://ja.wikipedia.org/wiki/都道府県立自然公園","箇条書き,制限あり","","","","","","","","","","","","","","","","","","","",""
"花園花貫県立自然公園","花園花貫県立自然公園","https://ja.wikipedia.org/wiki/花園花貫県立自然公園","都道府県立自然公園一覧","https://ja.wikipedia.org/wiki/都道府県立自然公園","箇条書き,制限あり","北緯36度50分7.7秒東経140度42分5.8秒","県立自然公園","日本茨城県北茨城市、高萩市、日立市、常陸太田市","24,826ヘクタール[2]","北茨城県立自然公園[1]","","","","茨城県庁生活環境部環境政策課","茨城県水戸市笠原町978番6","拡張区域の所在地及び面積[1]","花園・花貫県立自然公園（茨城県庁生活環境部環境政策課）","","","","","","","",""
"高鈴県立自然公園 (存在しないページ)","高鈴県立自然公園","https://ja.wikipedia.org/w/index.php?title=高鈴県立自然公園&amp;action=edit&amp;redlink=1","都道府県立自然公園一覧","https://ja.wikipedia.org/wiki/都道府県立自然公園","箇条書き,制限あり","","","","","","","","","","","","","","","","","","","",""
"太田県立自然公園 (存在しないページ)","太田県立自然公園","https://ja.wikipedia.org/w/index.php?title=太田県立自然公園&amp;action=edit&amp;redlink=1","都道府県立自然公園一覧","https://ja.wikipedia.org/wiki/都道府県立自然公園","箇条書き,制限あり","","","","","","","","","","","","","","","","","","","",""
"奥久慈県立自然公園 (存在しないページ)","奥久慈県立自然公園","https://ja.wikipedia.org/w/index.php?title=奥久慈県立自然公園&amp;action=edit&amp;redlink=1","都道府県立自然公園一覧","https://ja.wikipedia.org/wiki/都道府県立自然公園","箇条書き,制限あり","","","","","","","","","","","","","","","","","","","",""
"大洗県立自然公園 (存在しないページ)","大洗県立自然公園","https://ja.wikipedia.org/w/index.php?title=大洗県立自然公園&amp;action=edit&amp;redlink=1","都道府県立自然公園一覧","https://ja.wikipedia.org/wiki/都道府県立自然公園","箇条書き,制限あり","","","","","","","","","","","","","","","","","","","",""
"水戸県立自然公園 (存在しないページ)","水戸県立自然公園","https://ja.wikipedia.org/w/index.php?title=水戸県立自然公園&amp;action=edit&amp;redlink=1","都道府県立自然公園一覧","https://ja.wikipedia.org/wiki/都道府県立自然公園","箇条書き,制限あり","","","","","","","","","","","","","","","","","","","",""
"御前山県立自然公園 (存在しないページ)","御前山県立自然公園","https://ja.wikipedia.org/w/index.php?title=御前山県立自然公園&amp;action=edit&amp;redlink=1","都道府県立自然公園一覧","https://ja.wikipedia.org/wiki/都道府県立自然公園","箇条書き,制限あり","","","","","","","","","","","","","","","","","","","",""
"吾国愛宕県立自然公園 (存在しないページ)","吾国愛宕県立自然公園","https://ja.wikipedia.org/w/index.php?title=吾国愛宕県立自然公園&amp;action=edit&amp;redlink=1","都道府県立自然公園一覧","https://ja.wikipedia.org/wiki/都道府県立自然公園","箇条書き,制限あり","","","","","","","","","","","","","","","","","","","",""
"笠間県立自然公園 (存在しないページ)","笠間県立自然公園","https://ja.wikipedia.org/w/index.php?title=笠間県立自然公園&amp;action=edit&amp;redlink=1","都道府県立自然公園一覧","https://ja.wikipedia.org/wiki/都道府県立自然公園","箇条書き,制限あり","","","","","","","","","","","","","","","","","","","",""
"前日光県立自然公園 (存在しないページ)","前日光県立自然公園","https://ja.wikipedia.org/w/index.php?title=前日光県立自然公園&amp;action=edit&amp;redlink=1","都道府県立自然公園一覧","https://ja.wikipedia.org/wiki/都道府県立自然公園","箇条書き,制限あり","","","","","","","","","","","","","","","","","","","",""
"八溝県立自然公園 (存在しないページ)","八溝県立自然公園","https://ja.wikipedia.org/w/index.php?title=八溝県立自然公園&amp;action=edit&amp;redlink=1","都道府県立自然公園一覧","https://ja.wikipedia.org/wiki/都道府県立自然公園","箇条書き,制限あり","","","","","","","","","","","","","","","","","","","",""
"那珂川県立自然公園","那珂川県立自然公園","https://ja.wikipedia.org/wiki/那珂川県立自然公園","都道府県立自然公園一覧","https://ja.wikipedia.org/wiki/都道府県立自然公園","箇条書き,制限あり","","","","","","","","","","","","","","","","","","","",""
"益子県立自然公園 (存在しないページ)","益子県立自然公園","https://ja.wikipedia.org/w/index.php?title=益子県立自然公園&amp;action=edit&amp;redlink=1","都道府県立自然公園一覧","https://ja.wikipedia.org/wiki/都道府県立自然公園","箇条書き,制限あり","","","","","","","","","","","","","","","","","","","",""
"太平山県立自然公園 (栃木県)","太平山県立自然公園","https://ja.wikipedia.org/wiki/太平山県立自然公園_(栃木県)","都道府県立自然公園一覧","https://ja.wikipedia.org/wiki/都道府県立自然公園","箇条書き,制限あり","","","","","","","","","","","","","","","","","","","",""
"唐沢山県立自然公園 (存在しないページ)","唐沢山県立自然公園","https://ja.wikipedia.org/w/index.php?title=唐沢山県立自然公園&amp;action=edit&amp;redlink=1","都道府県立自然公園一覧","https://ja.wikipedia.org/wiki/都道府県立自然公園","箇条書き,制限あり","","","","","","","","","","","","","","","","","","","",""
"足利県立自然公園 (存在しないページ)","足利県立自然公園","https://ja.wikipedia.org/w/index.php?title=足利県立自然公園&amp;action=edit&amp;redlink=1","都道府県立自然公園一覧","https://ja.wikipedia.org/wiki/都道府県立自然公園","箇条書き,制限あり","","","","","","","","","","","","","","","","","","","",""
"宇都宮県立自然公園 (存在しないページ)","宇都宮県立自然公園","https://ja.wikipedia.org/w/index.php?title=宇都宮県立自然公園&amp;action=edit&amp;redlink=1","都道府県立自然公園一覧","https://ja.wikipedia.org/wiki/都道府県立自然公園","箇条書き,制限あり","","","","","","","","","","","","","","","","","","","",""
"県立狭山自然公園","県立狭山自然公園","https://ja.wikipedia.org/wiki/県立狭山自然公園","都道府県立自然公園一覧","https://ja.wikipedia.org/wiki/都道府県立自然公園","箇条書き,制限あり","","","","","","","","","","","","","","","","","","","",""
"県立奥武蔵自然公園","県立奥武蔵自然公園","https://ja.wikipedia.org/wiki/県立奥武蔵自然公園","都道府県立自然公園一覧","https://ja.wikipedia.org/wiki/都道府県立自然公園","箇条書き,制限あり","","","","","","","","","","","","","","","","","","","",""
"県立黒山自然公園 (存在しないページ)","県立黒山自然公園","https://ja.wikipedia.org/w/index.php?title=県立黒山自然公園&amp;action=edit&amp;redlink=1","都道府県立自然公園一覧","https://ja.wikipedia.org/wiki/都道府県立自然公園","箇条書き,制限あり","","","","","","","","","","","","","","","","","","","",""
"県立長瀞玉淀自然公園","県立長瀞玉淀自然公園","https://ja.wikipedia.org/wiki/県立長瀞玉淀自然公園","都道府県立自然公園一覧","https://ja.wikipedia.org/wiki/都道府県立自然公園","箇条書き,制限あり","","","","","","","","","","","","","","","","","","","",""
"県立比企丘陵自然公園 (存在しないページ)","県立比企丘陵自然公園","https://ja.wikipedia.org/w/index.php?title=県立比企丘陵自然公園&amp;action=edit&amp;redlink=1","都道府県立自然公園一覧","https://ja.wikipedia.org/wiki/都道府県立自然公園","箇条書き,制限あり","","","","","","","","","","","","","","","","","","","",""
"県立上武自然公園 (存在しないページ)","県立上武自然公園","https://ja.wikipedia.org/w/index.php?title=県立上武自然公園&amp;action=edit&amp;redlink=1","都道府県立自然公園一覧","https://ja.wikipedia.org/wiki/都道府県立自然公園","箇条書き,制限あり","","","","","","","","","","","","","","","","","","","",""
"県立武甲自然公園 (存在しないページ)","県立武甲自然公園","https://ja.wikipedia.org/w/index.php?title=県立武甲自然公園&amp;action=edit&amp;redlink=1","都道府県立自然公園一覧","https://ja.wikipedia.org/wiki/都道府県立自然公園","箇条書き,制限あり","","","","","","","","","","","","","","","","","","","",""
"県立安行武南自然公園","県立安行武南自然公園","https://ja.wikipedia.org/wiki/県立安行武南自然公園","都道府県立自然公園一覧","https://ja.wikipedia.org/wiki/都道府県立自然公園","箇条書き,制限あり","","","","","","","","","","","","","","","","","","","",""
"県立両神自然公園","県立両神自然公園","https://ja.wikipedia.org/wiki/県立両神自然公園","都道府県立自然公園一覧","https://ja.wikipedia.org/wiki/都道府県立自然公園","箇条書き,制限あり","北緯35度58分54秒東経138度54分50秒","自然公園","日本埼玉県秩父郡小鹿野町両神小森","52.83 km²","","1978年","埼玉県","","","〒368-0202 埼玉県秩父郡小鹿野町両神小森","","","","","","","","","",""
"県立西秩父自然公園 (存在しないページ)","県立西秩父自然公園","https://ja.wikipedia.org/w/index.php?title=県立西秩父自然公園&amp;action=edit&amp;redlink=1","都道府県立自然公園一覧","https://ja.wikipedia.org/wiki/都道府県立自然公園","箇条書き,制限あり","","","","","","","","","","","","","","","","","","","",""
"県立養老渓谷奥清澄自然公園","県立養老渓谷奥清澄自然公園","https://ja.wikipedia.org/wiki/県立養老渓谷奥清澄自然公園","都道府県立自然公園一覧","https://ja.wikipedia.org/wiki/都道府県立自然公園","箇条書き,制限あり","","自然公園","日本千葉県市原市・君津市・鴨川市夷隅郡大多喜町","27.90平方キロメートル","","1935年8月9日","千葉県","","","","","千葉県の自然公園一覧表","","","","","","","",""
"県立九十九里自然公園","県立九十九里自然公園","https://ja.wikipedia.org/wiki/県立九十九里自然公園","都道府県立自然公園一覧","https://ja.wikipedia.org/wiki/都道府県立自然公園","箇条書き,制限あり","","自然公園","日本千葉県千葉市緑区銚子市・旭市・匝瑳市・山武市・東金市・大網白里市山武郡横芝光町・九十九里町長生郡白子町・一宮町・長生村","32.53平方キロメートル","","1935年","千葉県","","","","","千葉県の自然公園一覧表","","","","","","","",""
"県立印旛手賀自然公園","県立印旛手賀自然公園","https://ja.wikipedia.org/wiki/県立印旛手賀自然公園","都道府県立自然公園一覧","https://ja.wikipedia.org/wiki/都道府県立自然公園","箇条書き,制限あり","","自然公園","日本千葉県柏市・我孫子市・印西市・佐倉市・成田市印旛郡栄町・酒々井町","66.06平方キロメートル","","1952年","千葉県","","","","","千葉県の自然公園一覧表","","","","","","","",""
"県立高宕山自然公園","県立高宕山自然公園","https://ja.wikipedia.org/wiki/県立高宕山自然公園","都道府県立自然公園一覧","https://ja.wikipedia.org/wiki/都道府県立自然公園","箇条書き,制限あり","","自然公園","日本千葉県富津市・君津市","23.42平方キロメートル","","1935年8月9日","千葉県","","","","","千葉県の自然公園一覧表","","","","","","","",""
"県立嶺岡山系自然公園","県立嶺岡山系自然公園","https://ja.wikipedia.org/wiki/県立嶺岡山系自然公園","都道府県立自然公園一覧","https://ja.wikipedia.org/wiki/都道府県立自然公園","箇条書き,制限あり","","自然公園","日本千葉県鴨川市・南房総市","15.74平方キロメートル","","1935年8月9日","千葉県","","","","","千葉県の自然公園一覧表","","","","","","","",""
"県立富山自然公園","県立富山自然公園","https://ja.wikipedia.org/wiki/県立富山自然公園","都道府県立自然公園一覧","https://ja.wikipedia.org/wiki/都道府県立自然公園","箇条書き,制限あり","","自然公園","日本千葉県南房総市","6.76平方キロメートル","","1951年3月3日","千葉県","","","","","千葉県の自然公園一覧表","","","","","","","",""
"県立大利根自然公園","県立大利根自然公園","https://ja.wikipedia.org/wiki/県立大利根自然公園","都道府県立自然公園一覧","https://ja.wikipedia.org/wiki/都道府県立自然公園","箇条書き,制限あり","","自然公園","日本千葉県香取市・香取郡神崎町","5.03平方キロメートル","","1935年7月5日","千葉県","","","","","千葉県の自然公園一覧表","","","","","","","",""
"県立笠森鶴舞自然公園","県立笠森鶴舞自然公園","https://ja.wikipedia.org/wiki/県立笠森鶴舞自然公園","都道府県立自然公園一覧","https://ja.wikipedia.org/wiki/都道府県立自然公園","箇条書き,制限あり","","自然公園","日本千葉県市原市長生郡長柄町・長南町","19.48平方キロメートル","","1966年3月8日","千葉県","","","","","千葉県の自然公園一覧表","","","","","","","",""
"東京都立滝山自然公園","東京都立滝山自然公園","https://ja.wikipedia.org/wiki/東京都立滝山自然公園","都道府県立自然公園一覧","https://ja.wikipedia.org/wiki/都道府県立自然公園","箇条書き,制限あり","","","","6.61 km²","","","","","","","","","","","","","","","",""
"東京都立高尾陣場自然公園","東京都立高尾陣場自然公園","https://ja.wikipedia.org/wiki/東京都立高尾陣場自然公園","都道府県立自然公園一覧","https://ja.wikipedia.org/wiki/都道府県立自然公園","箇条書き,制限あり","","","","","","","","","","","","","","","","","","","",""
"東京都立多摩丘陵自然公園","東京都立多摩丘陵自然公園","https://ja.wikipedia.org/wiki/東京都立多摩丘陵自然公園","都道府県立自然公園一覧","https://ja.wikipedia.org/wiki/都道府県立自然公園","箇条書き,制限あり","","","","19.59 km²","","","","","","","","","","","","","","","",""
"東京都立狭山自然公園","東京都立狭山自然公園","https://ja.wikipedia.org/wiki/東京都立狭山自然公園","都道府県立自然公園一覧","https://ja.wikipedia.org/wiki/都道府県立自然公園","箇条書き,制限あり","北緯35度45分46秒東経139度25分1秒","都市公園&gt;都立自然公園","日本東京都東大和市東村山市武蔵村山市西多摩郡瑞穂町","775ha","","","","1951年（昭和26年）3月15日設定","","","","","","","","","","","",""
"東京都立羽村草花丘陵自然公園","東京都立羽村草花丘陵自然公園","https://ja.wikipedia.org/wiki/東京都立羽村草花丘陵自然公園","都道府県立自然公園一覧","https://ja.wikipedia.org/wiki/都道府県立自然公園","箇条書き,制限あり","","","","5.53 km²","","","","","","","","","","","","","","","",""
"東京都立秋川丘陵自然公園","東京都立秋川丘陵自然公園","https://ja.wikipedia.org/wiki/東京都立秋川丘陵自然公園","都道府県立自然公園一覧","https://ja.wikipedia.org/wiki/都道府県立自然公園","箇条書き,制限あり","","","","","","","","","","","","","","","","","","","",""
"県立丹沢大山自然公園","県立丹沢大山自然公園","https://ja.wikipedia.org/wiki/県立丹沢大山自然公園","都道府県立自然公園一覧","https://ja.wikipedia.org/wiki/都道府県立自然公園","箇条書き,制限あり","","","","","","","","","","","","","","","","","","","",""
"県立陣馬相模湖自然公園 (存在しないページ)","県立陣馬相模湖自然公園","https://ja.wikipedia.org/w/index.php?title=県立陣馬相模湖自然公園&amp;action=edit&amp;redlink=1","都道府県立自然公園一覧","https://ja.wikipedia.org/wiki/都道府県立自然公園","箇条書き,制限あり","","","","","","","","","","","","","","","","","","","",""
"県立奥湯河原自然公園 (存在しないページ)","県立奥湯河原自然公園","https://ja.wikipedia.org/w/index.php?title=県立奥湯河原自然公園&amp;action=edit&amp;redlink=1","都道府県立自然公園一覧","https://ja.wikipedia.org/wiki/都道府県立自然公園","箇条書き,制限あり","","","","","","","","","","","","","","","","","","","",""
"県立真鶴半島自然公園 (存在しないページ)","県立真鶴半島自然公園","https://ja.wikipedia.org/w/index.php?title=県立真鶴半島自然公園&amp;action=edit&amp;redlink=1","都道府県立自然公園一覧","https://ja.wikipedia.org/wiki/都道府県立自然公園","箇条書き,制限あり","","","","","","","","","","","","","","","","","","","",""
"四尾連湖県立自然公園","四尾連湖県立自然公園","https://ja.wikipedia.org/wiki/四尾連湖県立自然公園","都道府県立自然公園一覧","https://ja.wikipedia.org/wiki/都道府県立自然公園","箇条書き,制限あり","","","","","","","","","","","","","","","","","","","",""
"南アルプス巨摩県立自然公園","南アルプス巨摩県立自然公園","https://ja.wikipedia.org/wiki/南アルプス巨摩県立自然公園","都道府県立自然公園一覧","https://ja.wikipedia.org/wiki/都道府県立自然公園","箇条書き,制限あり","","","","","","","","","","","","","","","","","","","",""
"御岳県立公園","御岳県立公園","https://ja.wikipedia.org/wiki/御岳県立公園","都道府県立自然公園一覧","https://ja.wikipedia.org/wiki/都道府県立自然公園","箇条書き,制限あり","","","","","","","","","","","","","","","","","","","",""
"三峰川水系県立公園","三峰川水系県立公園","https://ja.wikipedia.org/wiki/三峰川水系県立公園","都道府県立自然公園一覧","https://ja.wikipedia.org/wiki/都道府県立自然公園","箇条書き,制限あり","北緯35度48分51秒東経138度4分45秒","県立自然公園","日本長野県伊那市","526ha","","","","1958年（昭和33年）5月1日指定","","","","","","","","","","","",""
"塩嶺王城県立自然公園","塩嶺王城県立自然公園","https://ja.wikipedia.org/wiki/塩嶺王城県立自然公園","都道府県立自然公園一覧","https://ja.wikipedia.org/wiki/都道府県立自然公園","箇条書き,制限あり","","","","","","","","","","","","","","","","","","","",""
"聖山高原県立公園","聖山高原県立公園","https://ja.wikipedia.org/wiki/聖山高原県立公園","都道府県立自然公園一覧","https://ja.wikipedia.org/wiki/都道府県立自然公園","箇条書き,制限あり","","","","","","","","","","","","","","","","","","","",""
"天竜小渋水系県立自然公園","天竜小渋水系県立自然公園","https://ja.wikipedia.org/wiki/天竜小渋水系県立自然公園","都道府県立自然公園一覧","https://ja.wikipedia.org/wiki/都道府県立自然公園","箇条書き,制限あり","","","","","","","","","","","","","","","","","","","",""
"瀬波笹川流れ粟島県立自然公園 (存在しないページ)","瀬波笹川流れ粟島県立自然公園","https://ja.wikipedia.org/w/index.php?title=瀬波笹川流れ粟島県立自然公園&amp;action=edit&amp;redlink=1","都道府県立自然公園一覧","https://ja.wikipedia.org/wiki/都道府県立自然公園","箇条書き,制限あり","","","","","","","","","","","","","","","","","","","",""
"胎内二王子県立自然公園 (存在しないページ)","胎内二王子県立自然公園","https://ja.wikipedia.org/w/index.php?title=胎内二王子県立自然公園&amp;action=edit&amp;redlink=1","都道府県立自然公園一覧","https://ja.wikipedia.org/wiki/都道府県立自然公園","箇条書き,制限あり","","","","","","","","","","","","","","","","","","","",""
"阿賀野川ライン県立自然公園 (存在しないページ)","阿賀野川ライン県立自然公園","https://ja.wikipedia.org/w/index.php?title=阿賀野川ライン県立自然公園&amp;action=edit&amp;redlink=1","都道府県立自然公園一覧","https://ja.wikipedia.org/wiki/都道府県立自然公園","箇条書き,制限あり","","","","","","","","","","","","","","","","","","","",""
"五頭連峰県立自然公園 (存在しないページ)","五頭連峰県立自然公園","https://ja.wikipedia.org/w/index.php?title=五頭連峰県立自然公園&amp;action=edit&amp;redlink=1","都道府県立自然公園一覧","https://ja.wikipedia.org/wiki/都道府県立自然公園","箇条書き,制限あり","","","","","","","","","","","","","","","","","","","",""
"長岡東山山本山県立自然公園 (存在しないページ)","長岡東山山本山県立自然公園","https://ja.wikipedia.org/w/index.php?title=長岡東山山本山県立自然公園&amp;action=edit&amp;redlink=1","都道府県立自然公園一覧","https://ja.wikipedia.org/wiki/都道府県立自然公園","箇条書き,制限あり","","","","","","","","","","","","","","","","","","","",""
"奥早出粟守門県立自然公園 (存在しないページ)","奥早出粟守門県立自然公園","https://ja.wikipedia.org/w/index.php?title=奥早出粟守門県立自然公園&amp;action=edit&amp;redlink=1","都道府県立自然公園一覧","https://ja.wikipedia.org/wiki/都道府県立自然公園","箇条書き,制限あり","","","","","","","","","","","","","","","","","","","",""
"魚沼連峰県立自然公園","魚沼連峰県立自然公園","https://ja.wikipedia.org/wiki/魚沼連峰県立自然公園","都道府県立自然公園一覧","https://ja.wikipedia.org/wiki/都道府県立自然公園","箇条書き,制限あり","","","","","","","","","","","","","","","","","","","",""
"米山福浦八景県立自然公園 (存在しないページ)","米山福浦八景県立自然公園","https://ja.wikipedia.org/w/index.php?title=米山福浦八景県立自然公園&amp;action=edit&amp;redlink=1","都道府県立自然公園一覧","https://ja.wikipedia.org/wiki/都道府県立自然公園","箇条書き,制限あり","","","","","","","","","","","","","","","","","","","",""
"直峰松之山大池県立自然公園 (存在しないページ)","直峰松之山大池県立自然公園","https://ja.wikipedia.org/w/index.php?title=直峰松之山大池県立自然公園&amp;action=edit&amp;redlink=1","都道府県立自然公園一覧","https://ja.wikipedia.org/wiki/都道府県立自然公園","箇条書き,制限あり","","","","","","","","","","","","","","","","","","","",""
"久比岐県立自然公園 (存在しないページ)","久比岐県立自然公園","https://ja.wikipedia.org/w/index.php?title=久比岐県立自然公園&amp;action=edit&amp;redlink=1","都道府県立自然公園一覧","https://ja.wikipedia.org/wiki/都道府県立自然公園","箇条書き,制限あり","","","","","","","","","","","","","","","","","","","",""
"白馬山麓県立自然公園 (存在しないページ)","白馬山麓県立自然公園","https://ja.wikipedia.org/w/index.php?title=白馬山麓県立自然公園&amp;action=edit&amp;redlink=1","都道府県立自然公園一覧","https://ja.wikipedia.org/wiki/都道府県立自然公園","箇条書き,制限あり","","","","","","","","","","","","","","","","","","","",""
"親不知子不知県立自然公園 (存在しないページ)","親不知子不知県立自然公園","https://ja.wikipedia.org/w/index.php?title=親不知子不知県立自然公園&amp;action=edit&amp;redlink=1","都道府県立自然公園一覧","https://ja.wikipedia.org/wiki/都道府県立自然公園","箇条書き,制限あり","","","","","","","","","","","","","","","","","","","",""
"小佐渡県立自然公園 (存在しないページ)","小佐渡県立自然公園","https://ja.wikipedia.org/w/index.php?title=小佐渡県立自然公園&amp;action=edit&amp;redlink=1","都道府県立自然公園一覧","https://ja.wikipedia.org/wiki/都道府県立自然公園","箇条書き,制限あり","","","","","","","","","","","","","","","","","","","",""
"朝日県立自然公園","朝日県立自然公園","https://ja.wikipedia.org/wiki/朝日県立自然公園","都道府県立自然公園一覧","https://ja.wikipedia.org/wiki/都道府県立自然公園","箇条書き,制限あり","北緯36度51分22秒東経137度40分30秒","自然公園","日本富山県下新川郡朝日町","96,230,000m2","","","","1973年3月13日","富山県生活環境文化部自然保護課","富山県富山市新総曲輪1-7","","","","","","","","","",""
"有峰県立自然公園","有峰県立自然公園","https://ja.wikipedia.org/wiki/有峰県立自然公園","都道府県立自然公園一覧","https://ja.wikipedia.org/wiki/都道府県立自然公園","箇条書き,制限あり","北緯36度29分30秒東経137度27分36秒","自然公園","日本富山県富山市","116,000,000m2","","","","1973年3月13日","富山県生活環境文化部自然保護課","富山県富山市新総曲輪1-7","","","","","","","","","",""
"五箇山県立自然公園","五箇山県立自然公園","https://ja.wikipedia.org/wiki/五箇山県立自然公園","都道府県立自然公園一覧","https://ja.wikipedia.org/wiki/都道府県立自然公園","箇条書き,制限あり","北緯36度24分48秒東経136度52分48秒","自然公園","日本富山県南砺市","38,560,000m2","","","","1973年3月13日[1]","富山県生活環境文化部自然保護課","富山県富山市新総曲輪1-7","","","","","","","","","",""
"白木水無県立自然公園","白木水無県立自然公園","https://ja.wikipedia.org/wiki/白木水無県立自然公園","都道府県立自然公園一覧","https://ja.wikipedia.org/wiki/都道府県立自然公園","箇条書き,制限あり","北緯36度45分42秒東経137度33分49秒","自然公園","日本富山県富山市・南砺市","115,000,000m2","","","","","富山県生活環境文化部自然保護課","富山県富山市新総曲輪1-7","","","","","","","","","",""
"医王山県立自然公園","医王山県立自然公園","https://ja.wikipedia.org/wiki/医王山県立自然公園","都道府県立自然公園一覧","https://ja.wikipedia.org/wiki/都道府県立自然公園","箇条書き,制限あり","北緯36度32分11秒東経136度48分52秒","自然公園","日本富山県南砺市・石川県金沢市","29,400,000m2","","","","1975年2月22日","富山県生活環境文化部自然保護課石川県環境部自然環境課","富山県富山市新総曲輪1-7石川県金沢市鞍月1-1","","医王山県立自然公園","","","","","","","",""
"僧ヶ岳県立自然公園","僧ヶ岳県立自然公園","https://ja.wikipedia.org/wiki/僧ヶ岳県立自然公園","都道府県立自然公園一覧","https://ja.wikipedia.org/wiki/都道府県立自然公園","箇条書き,制限あり","北緯36度45分42秒東経137度33分49秒","自然公園","日本富山県魚津市・黒部市","58,000,000m2","","","","2011年9月8日","富山県生活環境文化部自然保護課","富山県富山市新総曲輪1-7","","","","","","","","","",""
"山中・大日山県立自然公園","山中・大日山県立自然公園","https://ja.wikipedia.org/wiki/山中・大日山県立自然公園","都道府県立自然公園一覧","https://ja.wikipedia.org/wiki/都道府県立自然公園","箇条書き,制限あり","","","","","","","","","","","","","","","","","","","",""
"獅子吼・手取県立自然公園","獅子吼・手取県立自然公園","https://ja.wikipedia.org/wiki/獅子吼・手取県立自然公園","都道府県立自然公園一覧","https://ja.wikipedia.org/wiki/都道府県立自然公園","箇条書き,制限あり","","","","","","","","","","","","","","","","","","","",""
"碁石ケ峰県立自然公園","碁石ケ峰県立自然公園","https://ja.wikipedia.org/wiki/碁石ケ峰県立自然公園","都道府県立自然公園一覧","https://ja.wikipedia.org/wiki/都道府県立自然公園","箇条書き,制限あり","","","","","","","","","","","","","","","","","","","",""
"白山一里野県立自然公園","白山一里野県立自然公園","https://ja.wikipedia.org/wiki/白山一里野県立自然公園","都道府県立自然公園一覧","https://ja.wikipedia.org/wiki/都道府県立自然公園","箇条書き,制限あり","","","","","","","","","","","","","","","","","","","",""
"医王山県立自然公園","医王山県立自然公園","https://ja.wikipedia.org/wiki/医王山県立自然公園","都道府県立自然公園一覧","https://ja.wikipedia.org/wiki/都道府県立自然公園","箇条書き,制限あり","北緯36度32分11秒東経136度48分52秒","自然公園","日本富山県南砺市・石川県金沢市","29,400,000m2","","","","1975年2月22日","富山県生活環境文化部自然保護課石川県環境部自然環境課","富山県富山市新総曲輪1-7石川県金沢市鞍月1-1","","医王山県立自然公園","","","","","","","",""
"奥越高原県立自然公園","奥越高原県立自然公園","https://ja.wikipedia.org/wiki/奥越高原県立自然公園","都道府県立自然公園一覧","https://ja.wikipedia.org/wiki/都道府県立自然公園","箇条書き,制限あり","","","","","","","","","","","","","","","","","","","",""
"千本松原県立自然公園","千本松原県立自然公園","https://ja.wikipedia.org/wiki/千本松原県立自然公園","都道府県立自然公園一覧","https://ja.wikipedia.org/wiki/都道府県立自然公園","箇条書き,制限あり","","","","","","","","","","","","","","","","","","","",""
"揖斐県立自然公園","揖斐県立自然公園","https://ja.wikipedia.org/wiki/揖斐県立自然公園","都道府県立自然公園一覧","https://ja.wikipedia.org/wiki/都道府県立自然公園","箇条書き,制限あり","","","","","","","","","","","","","","","","","","","",""
"奥飛騨数河流葉県立自然公園","奥飛騨数河流葉県立自然公園","https://ja.wikipedia.org/wiki/奥飛騨数河流葉県立自然公園","都道府県立自然公園一覧","https://ja.wikipedia.org/wiki/都道府県立自然公園","箇条書き,制限あり","","","","","","","","","","","","","","","","","","","",""
"宇津江四十八滝県立自然公園","宇津江四十八滝県立自然公園","https://ja.wikipedia.org/wiki/宇津江四十八滝県立自然公園","都道府県立自然公園一覧","https://ja.wikipedia.org/wiki/都道府県立自然公園","箇条書き,制限あり","北緯36度11分48.72秒東経137度9分23.52秒","","岐阜県高山市国府町宇津江","","","","","","","","","","","","","","","北緯36度11分48.72秒東経137度9分23.52秒座標:北緯36度11分48.72秒 東経137度9分23.52秒","",""
"恵那峡県立自然公園 (存在しないページ)","恵那峡県立自然公園","https://ja.wikipedia.org/w/index.php?title=恵那峡県立自然公園&amp;action=edit&amp;redlink=1","都道府県立自然公園一覧","https://ja.wikipedia.org/wiki/都道府県立自然公園","箇条書き,制限あり","","","","","","","","","","","","","","","","","","","",""
"胞山県立自然公園","胞山県立自然公園","https://ja.wikipedia.org/wiki/胞山県立自然公園","都道府県立自然公園一覧","https://ja.wikipedia.org/wiki/都道府県立自然公園","箇条書き,制限あり","","","","","","","","","","","","","","","","","","","",""
"裏木曽県立自然公園","裏木曽県立自然公園","https://ja.wikipedia.org/wiki/裏木曽県立自然公園","都道府県立自然公園一覧","https://ja.wikipedia.org/wiki/都道府県立自然公園","箇条書き,制限あり","","","","","","","","","","","","","","","","","","","",""
"伊吹県立自然公園 (存在しないページ)","伊吹県立自然公園","https://ja.wikipedia.org/w/index.php?title=伊吹県立自然公園&amp;action=edit&amp;redlink=1","都道府県立自然公園一覧","https://ja.wikipedia.org/wiki/都道府県立自然公園","箇条書き,制限あり","","","","","","","","","","","","","","","","","","","",""
"土岐三国山県立自然公園 (存在しないページ)","土岐三国山県立自然公園","https://ja.wikipedia.org/w/index.php?title=土岐三国山県立自然公園&amp;action=edit&amp;redlink=1","都道府県立自然公園一覧","https://ja.wikipedia.org/wiki/都道府県立自然公園","箇条書き,制限あり","","","","","","","","","","","","","","","","","","","",""
"位山舟山県立自然公園 (存在しないページ)","位山舟山県立自然公園","https://ja.wikipedia.org/w/index.php?title=位山舟山県立自然公園&amp;action=edit&amp;redlink=1","都道府県立自然公園一覧","https://ja.wikipedia.org/wiki/都道府県立自然公園","箇条書き,制限あり","","","","","","","","","","","","","","","","","","","",""
"奥長良川県立自然公園","奥長良川県立自然公園","https://ja.wikipedia.org/wiki/奥長良川県立自然公園","都道府県立自然公園一覧","https://ja.wikipedia.org/wiki/都道府県立自然公園","箇条書き,制限あり","","","","","","","","","","","","","","","","","","","",""
"野麦県立自然公園 (存在しないページ)","野麦県立自然公園","https://ja.wikipedia.org/w/index.php?title=野麦県立自然公園&amp;action=edit&amp;redlink=1","都道府県立自然公園一覧","https://ja.wikipedia.org/wiki/都道府県立自然公園","箇条書き,制限あり","","","","","","","","","","","","","","","","","","","",""
"せせらぎ渓谷県立自然公園 (存在しないページ)","せせらぎ渓谷県立自然公園","https://ja.wikipedia.org/w/index.php?title=せせらぎ渓谷県立自然公園&amp;action=edit&amp;redlink=1","都道府県立自然公園一覧","https://ja.wikipedia.org/wiki/都道府県立自然公園","箇条書き,制限あり","","","","","","","","","","","","","","","","","","","",""
"天生県立自然公園 (存在しないページ)","天生県立自然公園","https://ja.wikipedia.org/w/index.php?title=天生県立自然公園&amp;action=edit&amp;redlink=1","都道府県立自然公園一覧","https://ja.wikipedia.org/wiki/都道府県立自然公園","箇条書き,制限あり","","","","","","","","","","","","","","","","","","","",""
"御嶽山県立自然公園","御嶽山県立自然公園","https://ja.wikipedia.org/wiki/御嶽山県立自然公園","都道府県立自然公園一覧","https://ja.wikipedia.org/wiki/都道府県立自然公園","箇条書き,制限あり","","","","","","","","","","","","","","","","","","","",""
"日本平県立自然公園 (存在しないページ)","日本平県立自然公園","https://ja.wikipedia.org/w/index.php?title=日本平県立自然公園&amp;action=edit&amp;redlink=1","都道府県立自然公園一覧","https://ja.wikipedia.org/wiki/都道府県立自然公園","箇条書き,制限あり","","","","","","","","","","","","","","","","","","","",""
"奥大井県立自然公園","奥大井県立自然公園","https://ja.wikipedia.org/wiki/奥大井県立自然公園","都道府県立自然公園一覧","https://ja.wikipedia.org/wiki/都道府県立自然公園","箇条書き,制限あり","","","","","","","","","","","","","","","","","","","",""
"御前崎遠州灘県立自然公園 (存在しないページ)","御前崎遠州灘県立自然公園","https://ja.wikipedia.org/w/index.php?title=御前崎遠州灘県立自然公園&amp;action=edit&amp;redlink=1","都道府県立自然公園一覧","https://ja.wikipedia.org/wiki/都道府県立自然公園","箇条書き,制限あり","","","","","","","","","","","","","","","","","","","",""
"浜名湖県立自然公園 (存在しないページ)","浜名湖県立自然公園","https://ja.wikipedia.org/w/index.php?title=浜名湖県立自然公園&amp;action=edit&amp;redlink=1","都道府県立自然公園一覧","https://ja.wikipedia.org/wiki/都道府県立自然公園","箇条書き,制限あり","","","","","","","","","","","","","","","","","","","",""
"渥美半島県立自然公園","渥美半島県立自然公園","https://ja.wikipedia.org/wiki/渥美半島県立自然公園","都道府県立自然公園一覧","https://ja.wikipedia.org/wiki/都道府県立自然公園","箇条書き,制限あり","","","","","","","","","","","","","","","","","","","",""
"南知多県立自然公園","南知多県立自然公園","https://ja.wikipedia.org/wiki/南知多県立自然公園","都道府県立自然公園一覧","https://ja.wikipedia.org/wiki/都道府県立自然公園","箇条書き,制限あり","","","","","","","","","","","","","","","","","","","",""
"段戸高原県立自然公園","段戸高原県立自然公園","https://ja.wikipedia.org/wiki/段戸高原県立自然公園","都道府県立自然公園一覧","https://ja.wikipedia.org/wiki/都道府県立自然公園","箇条書き,制限あり","","","","","","","","","","","","","","","","","","","",""
"振草渓谷県立自然公園","振草渓谷県立自然公園","https://ja.wikipedia.org/wiki/振草渓谷県立自然公園","都道府県立自然公園一覧","https://ja.wikipedia.org/wiki/都道府県立自然公園","箇条書き,制限あり","","","","","","","","","","","","","","","","","","","",""
"本宮山県立自然公園","本宮山県立自然公園","https://ja.wikipedia.org/wiki/本宮山県立自然公園","都道府県立自然公園一覧","https://ja.wikipedia.org/wiki/都道府県立自然公園","箇条書き,制限あり","","","","","","","","","","","","","","","","","","","",""
"桜淵県立自然公園","桜淵県立自然公園","https://ja.wikipedia.org/wiki/桜淵県立自然公園","都道府県立自然公園一覧","https://ja.wikipedia.org/wiki/都道府県立自然公園","箇条書き,制限あり","","","","","","","","","","","","","","","","","","","",""
"石巻山多米県立自然公園","石巻山多米県立自然公園","https://ja.wikipedia.org/wiki/石巻山多米県立自然公園","都道府県立自然公園一覧","https://ja.wikipedia.org/wiki/都道府県立自然公園","箇条書き,制限あり","","","","","","","","","","","","","","","","","","","",""
"水郷県立自然公園","水郷県立自然公園","https://ja.wikipedia.org/wiki/水郷県立自然公園","都道府県立自然公園一覧","https://ja.wikipedia.org/wiki/都道府県立自然公園","箇条書き,制限あり","","","","","","","","","","","","","","","","","","","",""
"伊勢の海県立自然公園","伊勢の海県立自然公園","https://ja.wikipedia.org/wiki/伊勢の海県立自然公園","都道府県立自然公園一覧","https://ja.wikipedia.org/wiki/都道府県立自然公園","箇条書き,制限あり","","","","","","","","","","","","","","","","","","","",""
"赤目一志峡県立自然公園","赤目一志峡県立自然公園","https://ja.wikipedia.org/wiki/赤目一志峡県立自然公園","都道府県立自然公園一覧","https://ja.wikipedia.org/wiki/都道府県立自然公園","箇条書き,制限あり","","都道府県立自然公園","日本三重県名張市・津市・松阪市","22,043ha[1]","","1948年（昭和23年）10月14日[1]","三重県","","三重県農林水産部みどり共生推進課自然公園班","三重県津市広明町13番地三重県庁舎6階","","","","","","17.2万人（2013年）[2]","","","",""
"香肌峡県立自然公園","香肌峡県立自然公園","https://ja.wikipedia.org/wiki/香肌峡県立自然公園","都道府県立自然公園一覧","https://ja.wikipedia.org/wiki/都道府県立自然公園","箇条書き,制限あり","","","","","","","","","","","","","","","","","","","",""
"奥伊勢宮川峡県立自然公園","奥伊勢宮川峡県立自然公園","https://ja.wikipedia.org/wiki/奥伊勢宮川峡県立自然公園","都道府県立自然公園一覧","https://ja.wikipedia.org/wiki/都道府県立自然公園","箇条書き,制限あり","","","","","","","","","","","","","","","","","","","",""
"三上・田上・信楽県立自然公園","三上・田上・信楽県立自然公園","https://ja.wikipedia.org/wiki/三上・田上・信楽県立自然公園","都道府県立自然公園一覧","https://ja.wikipedia.org/wiki/都道府県立自然公園","箇条書き,制限あり","","","","18,177 ha(44,920エーカー)","","","","","","","","","","","","","","","",""
"朽木・葛川県立自然公園","朽木・葛川県立自然公園","https://ja.wikipedia.org/wiki/朽木・葛川県立自然公園","都道府県立自然公園一覧","https://ja.wikipedia.org/wiki/都道府県立自然公園","箇条書き,制限あり","","","","14,342 ha(35,440エーカー)","","","","","","","","","","","","","","","",""
"湖東県立自然公園","湖東県立自然公園","https://ja.wikipedia.org/wiki/湖東県立自然公園","都道府県立自然公園一覧","https://ja.wikipedia.org/wiki/都道府県立自然公園","箇条書き,制限あり","","","","4,367 ha(10,790エーカー)","","","","","","","","","","","","","","","",""
"府立るり渓自然公園 (存在しないページ)","府立るり渓自然公園","https://ja.wikipedia.org/w/index.php?title=府立るり渓自然公園&amp;action=edit&amp;redlink=1","都道府県立自然公園一覧","https://ja.wikipedia.org/wiki/都道府県立自然公園","箇条書き,制限あり","","","","","","","","","","","","","","","","","","","",""
"府立保津峡自然公園 (存在しないページ)","府立保津峡自然公園","https://ja.wikipedia.org/w/index.php?title=府立保津峡自然公園&amp;action=edit&amp;redlink=1","都道府県立自然公園一覧","https://ja.wikipedia.org/wiki/都道府県立自然公園","箇条書き,制限あり","","","","","","","","","","","","","","","","","","","",""
"府立笠置山自然公園 (存在しないページ)","府立笠置山自然公園","https://ja.wikipedia.org/w/index.php?title=府立笠置山自然公園&amp;action=edit&amp;redlink=1","都道府県立自然公園一覧","https://ja.wikipedia.org/wiki/都道府県立自然公園","箇条書き,制限あり","","","","","","","","","","","","","","","","","","","",""
"大阪府立北摂自然公園","府立北摂自然公園","https://ja.wikipedia.org/wiki/大阪府立北摂自然公園","都道府県立自然公園一覧","https://ja.wikipedia.org/wiki/都道府県立自然公園","箇条書き,制限あり","","自然公園","日本高槻市・茨木市・島本町・豊能町・能勢町","2,594ha","","2001年8月31日","大阪府","","","","","","","","","78万人","","","",""
"多紀連山県立自然公園","多紀連山県立自然公園","https://ja.wikipedia.org/wiki/多紀連山県立自然公園","都道府県立自然公園一覧","https://ja.wikipedia.org/wiki/都道府県立自然公園","箇条書き,制限あり","","自然公園","日本兵庫県丹波篠山市、丹波市","9,350ha","","","","","","","","","","","","","","","",""
"猪名川渓谷県立自然公園","猪名川渓谷県立自然公園","https://ja.wikipedia.org/wiki/猪名川渓谷県立自然公園","都道府県立自然公園一覧","https://ja.wikipedia.org/wiki/都道府県立自然公園","箇条書き,制限あり","","","","","","","","","","","","","","","","","","","",""
"清水東条湖立杭県立自然公園","清水東条湖立杭県立自然公園","https://ja.wikipedia.org/wiki/清水東条湖立杭県立自然公園","都道府県立自然公園一覧","https://ja.wikipedia.org/wiki/都道府県立自然公園","箇条書き,制限あり","北緯35度1分1.9秒東経135度3分55.9秒","自然公園","日本兵庫県西脇市、三田市、丹波篠山市、加東市の加古川東部に広がる","8,850ha","","1957年4月27日","兵庫県","","","","","","","","","","","","",""
"朝来群山県立自然公園","朝来群山県立自然公園","https://ja.wikipedia.org/wiki/朝来群山県立自然公園","都道府県立自然公園一覧","https://ja.wikipedia.org/wiki/都道府県立自然公園","箇条書き,制限あり","北緯35度14分1.7秒東経134度52分46.4秒","自然公園","日本兵庫県朝来市、多可郡、丹波市","14,766ヘクタール","","","兵庫県","","兵庫県 農政環境部 環境創造局自然環境課・鳥獣対策課","〒650-8567 兵庫県神戸市中央区下山手通5丁目10−1","","","","","","","","","",""
"音水ちくさ県立自然公園","音水ちくさ県立自然公園","https://ja.wikipedia.org/wiki/音水ちくさ県立自然公園","都道府県立自然公園一覧","https://ja.wikipedia.org/wiki/都道府県立自然公園","箇条書き,制限あり","","","","","","","","","","","","","","","","","","","",""
"但馬山岳県立自然公園","但馬山岳県立自然公園","https://ja.wikipedia.org/wiki/但馬山岳県立自然公園","都道府県立自然公園一覧","https://ja.wikipedia.org/wiki/都道府県立自然公園","箇条書き,制限あり","北緯35度32分12秒東経134度37分43秒","","日本兵庫県豊岡市、養父市、美方郡香美町、新温泉町","自然公園","","","","","但馬県民局","〒668－0025 豊岡市幸町7－11","","","","","","","","","",""
"西播丘陵県立自然公園","西播丘陵県立自然公園","https://ja.wikipedia.org/wiki/西播丘陵県立自然公園","都道府県立自然公園一覧","https://ja.wikipedia.org/wiki/都道府県立自然公園","箇条書き,制限あり","","自然公園","日本兵庫県姫路市・相生市・たつの市","6,433ヘクタール","","","","","","","","","","","","","","","",""
"出石糸井県立自然公園","出石糸井県立自然公園","https://ja.wikipedia.org/wiki/出石糸井県立自然公園","都道府県立自然公園一覧","https://ja.wikipedia.org/wiki/都道府県立自然公園","箇条書き,制限あり","北緯35度23分55秒東経134度54分36.3秒","自然公園","日本〒669-5237 兵庫県朝来市和田山町竹ノ内","7,578ヘクタール","","","兵庫県","","","","","","","","","","","","",""
"播磨中部丘陵県立自然公園","播磨中部丘陵県立自然公園","https://ja.wikipedia.org/wiki/播磨中部丘陵県立自然公園","都道府県立自然公園一覧","https://ja.wikipedia.org/wiki/都道府県立自然公園","箇条書き,制限あり","北緯34度50分25秒東経134度53分47.3秒","自然公園","日本兵庫県姫路市・加古川市・小野市・加西市","5,895ヘクタール","","","兵庫県","","","","","","","","","","","","",""
"雪彦峰山県立自然公園","雪彦峰山県立自然公園","https://ja.wikipedia.org/wiki/雪彦峰山県立自然公園","都道府県立自然公園一覧","https://ja.wikipedia.org/wiki/都道府県立自然公園","箇条書き,制限あり","","","","","","","","","","","","","","","","","","","",""
"笠形山千ヶ峰県立自然公園","笠形山千ヶ峰県立自然公園","https://ja.wikipedia.org/wiki/笠形山千ヶ峰県立自然公園","都道府県立自然公園一覧","https://ja.wikipedia.org/wiki/都道府県立自然公園","箇条書き,制限あり","","","","","","","","","","","","","","","","","","","",""
"県立矢田自然公園 (存在しないページ)","県立矢田自然公園","https://ja.wikipedia.org/w/index.php?title=県立矢田自然公園&amp;action=edit&amp;redlink=1","都道府県立自然公園一覧","https://ja.wikipedia.org/wiki/都道府県立自然公園","箇条書き,制限あり","","","","","","","","","","","","","","","","","","","",""
"県立月ヶ瀬神野山自然公園 (存在しないページ)","県立月ヶ瀬神野山自然公園","https://ja.wikipedia.org/w/index.php?title=県立月ヶ瀬神野山自然公園&amp;action=edit&amp;redlink=1","都道府県立自然公園一覧","https://ja.wikipedia.org/wiki/都道府県立自然公園","箇条書き,制限あり","","","","","","","","","","","","","","","","","","","",""
"県立吉野川津風呂自然公園 (存在しないページ)","県立吉野川津風呂自然公園","https://ja.wikipedia.org/w/index.php?title=県立吉野川津風呂自然公園&amp;action=edit&amp;redlink=1","都道府県立自然公園一覧","https://ja.wikipedia.org/wiki/都道府県立自然公園","箇条書き,制限あり","","","","","","","","","","","","","","","","","","","",""
"高野山町石道玉川峡県立自然公園","高野山町石道玉川峡県立自然公園","https://ja.wikipedia.org/wiki/高野山町石道玉川峡県立自然公園","都道府県立自然公園一覧","https://ja.wikipedia.org/wiki/都道府県立自然公園","箇条書き,制限あり","","","","","","","","","","","","","","","","","","","",""
"龍門山県立自然公園 (存在しないページ)","龍門山県立自然公園","https://ja.wikipedia.org/w/index.php?title=龍門山県立自然公園&amp;action=edit&amp;redlink=1","都道府県立自然公園一覧","https://ja.wikipedia.org/wiki/都道府県立自然公園","箇条書き,制限あり","","","","","","","","","","","","","","","","","","","",""
"生石高原県立自然公園","生石高原県立自然公園","https://ja.wikipedia.org/wiki/生石高原県立自然公園","都道府県立自然公園一覧","https://ja.wikipedia.org/wiki/都道府県立自然公園","箇条書き,制限あり","","","","","","","","","","","","","","","","","","","",""
"西有田県立自然公園 (存在しないページ)","西有田県立自然公園","https://ja.wikipedia.org/w/index.php?title=西有田県立自然公園&amp;action=edit&amp;redlink=1","都道府県立自然公園一覧","https://ja.wikipedia.org/wiki/都道府県立自然公園","箇条書き,制限あり","","","","","","","","","","","","","","","","","","","",""
"白崎海岸県立自然公園 (存在しないページ)","白崎海岸県立自然公園","https://ja.wikipedia.org/w/index.php?title=白崎海岸県立自然公園&amp;action=edit&amp;redlink=1","都道府県立自然公園一覧","https://ja.wikipedia.org/wiki/都道府県立自然公園","箇条書き,制限あり","","","","","","","","","","","","","","","","","","","",""
"煙樹海岸県立自然公園 (存在しないページ)","煙樹海岸県立自然公園","https://ja.wikipedia.org/w/index.php?title=煙樹海岸県立自然公園&amp;action=edit&amp;redlink=1","都道府県立自然公園一覧","https://ja.wikipedia.org/wiki/都道府県立自然公園","箇条書き,制限あり","","","","","","","","","","","","","","","","","","","",""
"城ヶ森鉾尖県立自然公園 (存在しないページ)","城ヶ森鉾尖県立自然公園","https://ja.wikipedia.org/w/index.php?title=城ヶ森鉾尖県立自然公園&amp;action=edit&amp;redlink=1","都道府県立自然公園一覧","https://ja.wikipedia.org/wiki/都道府県立自然公園","箇条書き,制限あり","","","","","","","","","","","","","","","","","","","",""
"果無山脈県立自然公園 (存在しないページ)","果無山脈県立自然公園","https://ja.wikipedia.org/w/index.php?title=果無山脈県立自然公園&amp;action=edit&amp;redlink=1","都道府県立自然公園一覧","https://ja.wikipedia.org/wiki/都道府県立自然公園","箇条書き,制限あり","","","","","","","","","","","","","","","","","","","",""
"大塔日置川県立自然公園 (存在しないページ)","大塔日置川県立自然公園","https://ja.wikipedia.org/w/index.php?title=大塔日置川県立自然公園&amp;action=edit&amp;redlink=1","都道府県立自然公園一覧","https://ja.wikipedia.org/wiki/都道府県立自然公園","箇条書き,制限あり","","","","","","","","","","","","","","","","","","","",""
"白見山和田川峡県立自然公園 (存在しないページ)","白見山和田川峡県立自然公園","https://ja.wikipedia.org/w/index.php?title=白見山和田川峡県立自然公園&amp;action=edit&amp;redlink=1","都道府県立自然公園一覧","https://ja.wikipedia.org/wiki/都道府県立自然公園","箇条書き,制限あり","","","","","","","","","","","","","","","","","","","",""
"古座川県立自然公園 (存在しないページ)","古座川県立自然公園","https://ja.wikipedia.org/w/index.php?title=古座川県立自然公園&amp;action=edit&amp;redlink=1","都道府県立自然公園一覧","https://ja.wikipedia.org/wiki/都道府県立自然公園","箇条書き,制限あり","","","","","","","","","","","","","","","","","","","",""
"三朝東郷湖県立自然公園","三朝東郷湖県立自然公園","https://ja.wikipedia.org/wiki/三朝東郷湖県立自然公園","都道府県立自然公園一覧","https://ja.wikipedia.org/wiki/都道府県立自然公園","箇条書き,制限あり","","","","","","","","","","","","","","","","","","","",""
"奥日野県立自然公園","奥日野県立自然公園","https://ja.wikipedia.org/wiki/奥日野県立自然公園","都道府県立自然公園一覧","https://ja.wikipedia.org/wiki/都道府県立自然公園","箇条書き,制限あり","","","","","","","","","","","","","","","","","","","",""
"西因幡県立自然公園 (存在しないページ)","西因幡県立自然公園","https://ja.wikipedia.org/w/index.php?title=西因幡県立自然公園&amp;action=edit&amp;redlink=1","都道府県立自然公園一覧","https://ja.wikipedia.org/wiki/都道府県立自然公園","箇条書き,制限あり","","","","","","","","","","","","","","","","","","","",""
"清水月山県立自然公園 (存在しないページ)","清水月山県立自然公園","https://ja.wikipedia.org/w/index.php?title=清水月山県立自然公園&amp;action=edit&amp;redlink=1","都道府県立自然公園一覧","https://ja.wikipedia.org/wiki/都道府県立自然公園","箇条書き,制限あり","","","","","","","","","","","","","","","","","","","",""
"鬼の舌震県立自然公園 (存在しないページ)","鬼の舌震県立自然公園","https://ja.wikipedia.org/w/index.php?title=鬼の舌震県立自然公園&amp;action=edit&amp;redlink=1","都道府県立自然公園一覧","https://ja.wikipedia.org/wiki/都道府県立自然公園","箇条書き,制限あり","","","","","","","","","","","","","","","","","","","",""
"宍道湖北山県立自然公園 (存在しないページ)","宍道湖北山県立自然公園","https://ja.wikipedia.org/w/index.php?title=宍道湖北山県立自然公園&amp;action=edit&amp;redlink=1","都道府県立自然公園一覧","https://ja.wikipedia.org/wiki/都道府県立自然公園","箇条書き,制限あり","","","","","","","","","","","","","","","","","","","",""
"立久恵峡県立自然公園 (存在しないページ)","立久恵峡県立自然公園","https://ja.wikipedia.org/w/index.php?title=立久恵峡県立自然公園&amp;action=edit&amp;redlink=1","都道府県立自然公園一覧","https://ja.wikipedia.org/wiki/都道府県立自然公園","箇条書き,制限あり","","","","","","","","","","","","","","","","","","","",""
"竜頭八重滝県立自然公園 (存在しないページ)","竜頭八重滝県立自然公園","https://ja.wikipedia.org/w/index.php?title=竜頭八重滝県立自然公園&amp;action=edit&amp;redlink=1","都道府県立自然公園一覧","https://ja.wikipedia.org/wiki/都道府県立自然公園","箇条書き,制限あり","","","","","","","","","","","","","","","","","","","",""
"江川水系県立自然公園 (存在しないページ)","江川水系県立自然公園","https://ja.wikipedia.org/w/index.php?title=江川水系県立自然公園&amp;action=edit&amp;redlink=1","都道府県立自然公園一覧","https://ja.wikipedia.org/wiki/都道府県立自然公園","箇条書き,制限あり","","","","","","","","","","","","","","","","","","","",""
"断魚渓・観音滝県立自然公園 (存在しないページ)","断魚渓・観音滝県立自然公園","https://ja.wikipedia.org/w/index.php?title=断魚渓・観音滝県立自然公園&amp;action=edit&amp;redlink=1","都道府県立自然公園一覧","https://ja.wikipedia.org/wiki/都道府県立自然公園","箇条書き,制限あり","","","","","","","","","","","","","","","","","","","",""
"千丈渓県立自然公園 (存在しないページ)","千丈渓県立自然公園","https://ja.wikipedia.org/w/index.php?title=千丈渓県立自然公園&amp;action=edit&amp;redlink=1","都道府県立自然公園一覧","https://ja.wikipedia.org/wiki/都道府県立自然公園","箇条書き,制限あり","","","","","","","","","","","","","","","","","","","",""
"浜田海岸県立自然公園 (存在しないページ)","浜田海岸県立自然公園","https://ja.wikipedia.org/w/index.php?title=浜田海岸県立自然公園&amp;action=edit&amp;redlink=1","都道府県立自然公園一覧","https://ja.wikipedia.org/wiki/都道府県立自然公園","箇条書き,制限あり","","","","","","","","","","","","","","","","","","","",""
"蟠竜湖県立自然公園 (存在しないページ)","蟠竜湖県立自然公園","https://ja.wikipedia.org/w/index.php?title=蟠竜湖県立自然公園&amp;action=edit&amp;redlink=1","都道府県立自然公園一覧","https://ja.wikipedia.org/wiki/都道府県立自然公園","箇条書き,制限あり","","","","","","","","","","","","","","","","","","","",""
"青野山県立自然公園 (存在しないページ)","青野山県立自然公園","https://ja.wikipedia.org/w/index.php?title=青野山県立自然公園&amp;action=edit&amp;redlink=1","都道府県立自然公園一覧","https://ja.wikipedia.org/wiki/都道府県立自然公園","箇条書き,制限あり","","","","","","","","","","","","","","","","","","","",""
"高梁川上流県立自然公園 (存在しないページ)","高梁川上流県立自然公園","https://ja.wikipedia.org/w/index.php?title=高梁川上流県立自然公園&amp;action=edit&amp;redlink=1","都道府県立自然公園一覧","https://ja.wikipedia.org/wiki/都道府県立自然公園","箇条書き,制限あり","","","","","","","","","","","","","","","","","","","",""
"吉備史跡県立自然公園 (存在しないページ)","吉備史跡県立自然公園","https://ja.wikipedia.org/w/index.php?title=吉備史跡県立自然公園&amp;action=edit&amp;redlink=1","都道府県立自然公園一覧","https://ja.wikipedia.org/wiki/都道府県立自然公園","箇条書き,制限あり","","","","","","","","","","","","","","","","","","","",""
"湯原奥津県立自然公園 (存在しないページ)","湯原奥津県立自然公園","https://ja.wikipedia.org/w/index.php?title=湯原奥津県立自然公園&amp;action=edit&amp;redlink=1","都道府県立自然公園一覧","https://ja.wikipedia.org/wiki/都道府県立自然公園","箇条書き,制限あり","","","","","","","","","","","","","","","","","","","",""
"吉備路風土記の丘県立自然公園 (存在しないページ)","吉備路風土記の丘県立自然公園","https://ja.wikipedia.org/w/index.php?title=吉備路風土記の丘県立自然公園&amp;action=edit&amp;redlink=1","都道府県立自然公園一覧","https://ja.wikipedia.org/wiki/都道府県立自然公園","箇条書き,制限あり","","","","","","","","","","","","","","","","","","","",""
"備作山地県立自然公園 (存在しないページ)","備作山地県立自然公園","https://ja.wikipedia.org/w/index.php?title=備作山地県立自然公園&amp;action=edit&amp;redlink=1","都道府県立自然公園一覧","https://ja.wikipedia.org/wiki/都道府県立自然公園","箇条書き,制限あり","","","","","","","","","","","","","","","","","","","",""
"吉備清流県立自然公園 (存在しないページ)","吉備清流県立自然公園","https://ja.wikipedia.org/w/index.php?title=吉備清流県立自然公園&amp;action=edit&amp;redlink=1","都道府県立自然公園一覧","https://ja.wikipedia.org/wiki/都道府県立自然公園","箇条書き,制限あり","","","","","","","","","","","","","","","","","","","",""
"吉井川中流県立自然公園 (存在しないページ)","吉井川中流県立自然公園","https://ja.wikipedia.org/w/index.php?title=吉井川中流県立自然公園&amp;action=edit&amp;redlink=1","都道府県立自然公園一覧","https://ja.wikipedia.org/wiki/都道府県立自然公園","箇条書き,制限あり","","","","","","","","","","","","","","","","","","","",""
"南原峡県立自然公園 (存在しないページ)","南原峡県立自然公園","https://ja.wikipedia.org/w/index.php?title=南原峡県立自然公園&amp;action=edit&amp;redlink=1","都道府県立自然公園一覧","https://ja.wikipedia.org/wiki/都道府県立自然公園","箇条書き,制限あり","","","","","","","","","","","","","","","","","","","",""
"山野峡県立自然公園 (存在しないページ)","山野峡県立自然公園","https://ja.wikipedia.org/w/index.php?title=山野峡県立自然公園&amp;action=edit&amp;redlink=1","都道府県立自然公園一覧","https://ja.wikipedia.org/wiki/都道府県立自然公園","箇条書き,制限あり","","","","","","","","","","","","","","","","","","","",""
"三倉岳県立自然公園 (存在しないページ)","三倉岳県立自然公園","https://ja.wikipedia.org/w/index.php?title=三倉岳県立自然公園&amp;action=edit&amp;redlink=1","都道府県立自然公園一覧","https://ja.wikipedia.org/wiki/都道府県立自然公園","箇条書き,制限あり","","","","","","","","","","","","","","","","","","","",""
"竹林寺用倉山県立自然公園 (存在しないページ)","竹林寺用倉山県立自然公園","https://ja.wikipedia.org/w/index.php?title=竹林寺用倉山県立自然公園&amp;action=edit&amp;redlink=1","都道府県立自然公園一覧","https://ja.wikipedia.org/wiki/都道府県立自然公園","箇条書き,制限あり","","","","","","","","","","","","","","","","","","","",""
"仏通寺御調八幡宮県立自然公園 (存在しないページ)","仏通寺御調八幡宮県立自然公園","https://ja.wikipedia.org/w/index.php?title=仏通寺御調八幡宮県立自然公園&amp;action=edit&amp;redlink=1","都道府県立自然公園一覧","https://ja.wikipedia.org/wiki/都道府県立自然公園","箇条書き,制限あり","","","","","","","","","","","","","","","","","","","",""
"神之瀬峡県立自然公園","神之瀬峡県立自然公園","https://ja.wikipedia.org/wiki/神之瀬峡県立自然公園","都道府県立自然公園一覧","https://ja.wikipedia.org/wiki/都道府県立自然公園","箇条書き,制限あり","","","","","","","","","","","","","","","","","","","",""
"長門峡県立自然公園 (存在しないページ)","長門峡県立自然公園","https://ja.wikipedia.org/w/index.php?title=長門峡県立自然公園&amp;action=edit&amp;redlink=1","都道府県立自然公園一覧","https://ja.wikipedia.org/wiki/都道府県立自然公園","箇条書き,制限あり","","","","","","","","","","","","","","","","","","","",""
"羅漢山県立自然公園 (存在しないページ)","羅漢山県立自然公園","https://ja.wikipedia.org/w/index.php?title=羅漢山県立自然公園&amp;action=edit&amp;redlink=1","都道府県立自然公園一覧","https://ja.wikipedia.org/wiki/都道府県立自然公園","箇条書き,制限あり","","","","","","","","","","","","","","","","","","","",""
"石城山県立自然公園 (存在しないページ)","石城山県立自然公園","https://ja.wikipedia.org/w/index.php?title=石城山県立自然公園&amp;action=edit&amp;redlink=1","都道府県立自然公園一覧","https://ja.wikipedia.org/wiki/都道府県立自然公園","箇条書き,制限あり","","","","","","","","","","","","","","","","","","","",""
"豊田県立自然公園 (存在しないページ)","豊田県立自然公園","https://ja.wikipedia.org/w/index.php?title=豊田県立自然公園&amp;action=edit&amp;redlink=1","都道府県立自然公園一覧","https://ja.wikipedia.org/wiki/都道府県立自然公園","箇条書き,制限あり","","","","","","","","","","","","","","","","","","","",""
"箸蔵県立自然公園","箸蔵県立自然公園","https://ja.wikipedia.org/wiki/箸蔵県立自然公園","都道府県立自然公園一覧","https://ja.wikipedia.org/wiki/都道府県立自然公園","箇条書き,制限あり","","都市公園&gt;県立自然公園","日本徳島県三好市同県東みよし町","","","","","","","","","","","","","","","","",""
"土柱高越県立自然公園","土柱高越県立自然公園","https://ja.wikipedia.org/wiki/土柱高越県立自然公園","都道府県立自然公園一覧","https://ja.wikipedia.org/wiki/都道府県立自然公園","箇条書き,制限あり","","都市公園&gt;県立自然公園","日本徳島県阿波市同県吉野川市","","","","","","","","","","","","","","","","",""
"大麻山県立自然公園","大麻山県立自然公園","https://ja.wikipedia.org/wiki/大麻山県立自然公園","都道府県立自然公園一覧","https://ja.wikipedia.org/wiki/都道府県立自然公園","箇条書き,制限あり","北緯34度11分10秒東経134度29分57秒","都市公園&gt;県立自然公園","日本徳島県鳴門市","1,309ヘクタール","","","","1967年（昭和42年）1月1日","","","","","","","","","","","",""
"奥宮川内谷県立自然公園","奥宮川内谷県立自然公園","https://ja.wikipedia.org/wiki/奥宮川内谷県立自然公園","都道府県立自然公園一覧","https://ja.wikipedia.org/wiki/都道府県立自然公園","箇条書き,制限あり","","都市公園&gt;県立自然公園","日本徳島県阿波市","","","","","","","","","","","","","","","","",""
"東山渓県立自然公園","東山渓県立自然公園","https://ja.wikipedia.org/wiki/東山渓県立自然公園","都道府県立自然公園一覧","https://ja.wikipedia.org/wiki/都道府県立自然公園","箇条書き,制限あり","","都市公園&gt;県立自然公園","日本徳島県徳島市・勝浦町・佐那河内村・阿南市・那賀町","","","","","","","","","","","","","","","","",""
"中部山渓県立自然公園","中部山渓県立自然公園","https://ja.wikipedia.org/wiki/中部山渓県立自然公園","都道府県立自然公園一覧","https://ja.wikipedia.org/wiki/都道府県立自然公園","箇条書き,制限あり","","都市公園&gt;県立自然公園","日本徳島県上勝町・那賀町・阿南市・海陽町・神山町","","","","","","","","","","","","","","","","",""
"大滝大川県立自然公園","大滝大川県立自然公園","https://ja.wikipedia.org/wiki/大滝大川県立自然公園","都道府県立自然公園一覧","https://ja.wikipedia.org/wiki/都道府県立自然公園","箇条書き,制限あり","","","","23.63 km²","","","","","","","","","","","","","","","",""
"金砂湖県立自然公園","金砂湖県立自然公園","https://ja.wikipedia.org/wiki/金砂湖県立自然公園","都道府県立自然公園一覧","https://ja.wikipedia.org/wiki/都道府県立自然公園","箇条書き,制限あり","","","","","","","","","","","","","","","","","","","",""
"奥道後玉川県立自然公園","奥道後玉川県立自然公園","https://ja.wikipedia.org/wiki/奥道後玉川県立自然公園","都道府県立自然公園一覧","https://ja.wikipedia.org/wiki/都道府県立自然公園","箇条書き,制限あり","","","","","","","","","","","","","","","","","","","",""
"皿ヶ嶺連峰県立自然公園","皿ヶ嶺連峰県立自然公園","https://ja.wikipedia.org/wiki/皿ヶ嶺連峰県立自然公園","都道府県立自然公園一覧","https://ja.wikipedia.org/wiki/都道府県立自然公園","箇条書き,制限あり","","","","","","","","","","","","","","","","","","","",""
"四国カルスト県立自然公園","四国カルスト県立自然公園","https://ja.wikipedia.org/wiki/四国カルスト県立自然公園","都道府県立自然公園一覧","https://ja.wikipedia.org/wiki/都道府県立自然公園","箇条書き,制限あり","","","","","","","","","","","","","","","","","","","",""
"肱川県立自然公園","肱川県立自然公園","https://ja.wikipedia.org/wiki/肱川県立自然公園","都道府県立自然公園一覧","https://ja.wikipedia.org/wiki/都道府県立自然公園","箇条書き,制限あり","","","","","","","","","","","","","","","","","","","",""
"佐田岬半島宇和海県立自然公園","佐田岬半島宇和海県立自然公園","https://ja.wikipedia.org/wiki/佐田岬半島宇和海県立自然公園","都道府県立自然公園一覧","https://ja.wikipedia.org/wiki/都道府県立自然公園","箇条書き,制限あり","","","","","","","","","","","","","","","","","","","",""
"篠山県立自然公園","篠山県立自然公園","https://ja.wikipedia.org/wiki/篠山県立自然公園","都道府県立自然公園一覧","https://ja.wikipedia.org/wiki/都道府県立自然公園","箇条書き,制限あり","","","","","","","","","","","","","","","","","","","",""
"手結住吉県立自然公園 (存在しないページ)","手結住吉県立自然公園","https://ja.wikipedia.org/w/index.php?title=手結住吉県立自然公園&amp;action=edit&amp;redlink=1","都道府県立自然公園一覧","https://ja.wikipedia.org/wiki/都道府県立自然公園","箇条書き,制限あり","","","","","","","","","","","","","","","","","","","",""
"奥物部県立自然公園 (存在しないページ)","奥物部県立自然公園","https://ja.wikipedia.org/w/index.php?title=奥物部県立自然公園&amp;action=edit&amp;redlink=1","都道府県立自然公園一覧","https://ja.wikipedia.org/wiki/都道府県立自然公園","箇条書き,制限あり","","","","","","","","","","","","","","","","","","","",""
"白髪山県立自然公園 (存在しないページ)","白髪山県立自然公園","https://ja.wikipedia.org/w/index.php?title=白髪山県立自然公園&amp;action=edit&amp;redlink=1","都道府県立自然公園一覧","https://ja.wikipedia.org/wiki/都道府県立自然公園","箇条書き,制限あり","","","","","","","","","","","","","","","","","","","",""
"横倉山県立自然公園 (存在しないページ)","横倉山県立自然公園","https://ja.wikipedia.org/w/index.php?title=横倉山県立自然公園&amp;action=edit&amp;redlink=1","都道府県立自然公園一覧","https://ja.wikipedia.org/wiki/都道府県立自然公園","箇条書き,制限あり","","","","","","","","","","","","","","","","","","","",""
"横浪県立自然公園 (存在しないページ)","横浪県立自然公園","https://ja.wikipedia.org/w/index.php?title=横浪県立自然公園&amp;action=edit&amp;redlink=1","都道府県立自然公園一覧","https://ja.wikipedia.org/wiki/都道府県立自然公園","箇条書き,制限あり","","","","","","","","","","","","","","","","","","","",""
"入野県立自然公園 (存在しないページ)","入野県立自然公園","https://ja.wikipedia.org/w/index.php?title=入野県立自然公園&amp;action=edit&amp;redlink=1","都道府県立自然公園一覧","https://ja.wikipedia.org/wiki/都道府県立自然公園","箇条書き,制限あり","","","","","","","","","","","","","","","","","","","",""
"宿毛県立自然公園 (存在しないページ)","宿毛県立自然公園","https://ja.wikipedia.org/w/index.php?title=宿毛県立自然公園&amp;action=edit&amp;redlink=1","都道府県立自然公園一覧","https://ja.wikipedia.org/wiki/都道府県立自然公園","箇条書き,制限あり","","","","","","","","","","","","","","","","","","","",""
"龍河洞県立自然公園 (存在しないページ)","龍河洞県立自然公園","https://ja.wikipedia.org/w/index.php?title=龍河洞県立自然公園&amp;action=edit&amp;redlink=1","都道府県立自然公園一覧","https://ja.wikipedia.org/wiki/都道府県立自然公園","箇条書き,制限あり","","","","","","","","","","","","","","","","","","","",""
"中津渓谷龍河洞県立自然公園 (存在しないページ)","中津渓谷龍河洞県立自然公園","https://ja.wikipedia.org/w/index.php?title=中津渓谷龍河洞県立自然公園&amp;action=edit&amp;redlink=1","都道府県立自然公園一覧","https://ja.wikipedia.org/wiki/都道府県立自然公園","箇条書き,制限あり","","","","","","","","","","","","","","","","","","","",""
"須崎湾県立自然公園 (存在しないページ)","須崎湾県立自然公園","https://ja.wikipedia.org/w/index.php?title=須崎湾県立自然公園&amp;action=edit&amp;redlink=1","都道府県立自然公園一覧","https://ja.wikipedia.org/wiki/都道府県立自然公園","箇条書き,制限あり","","","","","","","","","","","","","","","","","","","",""
"興津県立自然公園 (存在しないページ)","興津県立自然公園","https://ja.wikipedia.org/w/index.php?title=興津県立自然公園&amp;action=edit&amp;redlink=1","都道府県立自然公園一覧","https://ja.wikipedia.org/wiki/都道府県立自然公園","箇条書き,制限あり","","","","","","","","","","","","","","","","","","","",""
"安居渓谷県立自然公園","安居渓谷県立自然公園","https://ja.wikipedia.org/wiki/安居渓谷県立自然公園","都道府県立自然公園一覧","https://ja.wikipedia.org/wiki/都道府県立自然公園","箇条書き,制限あり","","","","","","","","","","","","","","","","","","","",""
"四国カルスト県立自然公園","四国カルスト県立自然公園","https://ja.wikipedia.org/wiki/四国カルスト県立自然公園","都道府県立自然公園一覧","https://ja.wikipedia.org/wiki/都道府県立自然公園","箇条書き,制限あり","","","","","","","","","","","","","","","","","","","",""
"北山県立自然公園 (存在しないページ)","北山県立自然公園","https://ja.wikipedia.org/w/index.php?title=北山県立自然公園&amp;action=edit&amp;redlink=1","都道府県立自然公園一覧","https://ja.wikipedia.org/wiki/都道府県立自然公園","箇条書き,制限あり","","","","","","","","","","","","","","","","","","","",""
"魚梁瀬県立自然公園 (存在しないページ)","魚梁瀬県立自然公園","https://ja.wikipedia.org/w/index.php?title=魚梁瀬県立自然公園&amp;action=edit&amp;redlink=1","都道府県立自然公園一覧","https://ja.wikipedia.org/wiki/都道府県立自然公園","箇条書き,制限あり","","","","","","","","","","","","","","","","","","","",""
"梶ヶ森県立自然公園","梶ヶ森県立自然公園","https://ja.wikipedia.org/wiki/梶ヶ森県立自然公園","都道府県立自然公園一覧","https://ja.wikipedia.org/wiki/都道府県立自然公園","箇条書き,制限あり","北緯33度45分29秒東経133度45分26秒","自然公園","日本高知県長岡郡大豊町","17.40km2[1]","","1964年（昭和39年）[1]","高知県","","高知県林業振興・環境部環境共生課","高知県高知市丸ノ内一丁目7番52号 高知県庁西庁舎5階","","","","","高知自動車道大豊ICから車で55分","56,000人（2013年）[2]","","","",""
"鷲尾山県立自然公園 (存在しないページ)","鷲尾山県立自然公園","https://ja.wikipedia.org/w/index.php?title=鷲尾山県立自然公園&amp;action=edit&amp;redlink=1","都道府県立自然公園一覧","https://ja.wikipedia.org/wiki/都道府県立自然公園","箇条書き,制限あり","","","","","","","","","","","","","","","","","","","",""
"工石山陣ヶ森県立自然公園 (存在しないページ)","工石山陣ヶ森県立自然公園","https://ja.wikipedia.org/w/index.php?title=工石山陣ヶ森県立自然公園&amp;action=edit&amp;redlink=1","都道府県立自然公園一覧","https://ja.wikipedia.org/wiki/都道府県立自然公園","箇条書き,制限あり","","","","","","","","","","","","","","","","","","","",""
"大宰府県立自然公園 (存在しないページ)","大宰府県立自然公園","https://ja.wikipedia.org/w/index.php?title=大宰府県立自然公園&amp;action=edit&amp;redlink=1","都道府県立自然公園一覧","https://ja.wikipedia.org/wiki/都道府県立自然公園","箇条書き,制限あり","","","","","","","","","","","","","","","","","","","",""
"筑豊県立自然公園 (存在しないページ)","筑豊県立自然公園","https://ja.wikipedia.org/w/index.php?title=筑豊県立自然公園&amp;action=edit&amp;redlink=1","都道府県立自然公園一覧","https://ja.wikipedia.org/wiki/都道府県立自然公園","箇条書き,制限あり","","","","","","","","","","","","","","","","","","","",""
"筑後川県立自然公園 (存在しないページ)","筑後川県立自然公園","https://ja.wikipedia.org/w/index.php?title=筑後川県立自然公園&amp;action=edit&amp;redlink=1","都道府県立自然公園一覧","https://ja.wikipedia.org/wiki/都道府県立自然公園","箇条書き,制限あり","","","","","","","","","","","","","","","","","","","",""
"矢部川県立自然公園 (存在しないページ)","矢部川県立自然公園","https://ja.wikipedia.org/w/index.php?title=矢部川県立自然公園&amp;action=edit&amp;redlink=1","都道府県立自然公園一覧","https://ja.wikipedia.org/wiki/都道府県立自然公園","箇条書き,制限あり","","","","","","","","","","","","","","","","","","","",""
"脊振雷山県立自然公園 (存在しないページ)","脊振雷山県立自然公園","https://ja.wikipedia.org/w/index.php?title=脊振雷山県立自然公園&amp;action=edit&amp;redlink=1","都道府県立自然公園一覧","https://ja.wikipedia.org/wiki/都道府県立自然公園","箇条書き,制限あり","","","","","","","","","","","","","","","","","","","",""
"黒髪山県立自然公園 (存在しないページ)","黒髪山県立自然公園","https://ja.wikipedia.org/w/index.php?title=黒髪山県立自然公園&amp;action=edit&amp;redlink=1","都道府県立自然公園一覧","https://ja.wikipedia.org/wiki/都道府県立自然公園","箇条書き,制限あり","","","","","","","","","","","","","","","","","","","",""
"多良岳県立自然公園 (存在しないページ)","多良岳県立自然公園","https://ja.wikipedia.org/w/index.php?title=多良岳県立自然公園&amp;action=edit&amp;redlink=1","都道府県立自然公園一覧","https://ja.wikipedia.org/wiki/都道府県立自然公園","箇条書き,制限あり","","","","","","","","","","","","","","","","","","","",""
"天山県立自然公園 (存在しないページ)","天山県立自然公園","https://ja.wikipedia.org/w/index.php?title=天山県立自然公園&amp;action=edit&amp;redlink=1","都道府県立自然公園一覧","https://ja.wikipedia.org/wiki/都道府県立自然公園","箇条書き,制限あり","","","","","","","","","","","","","","","","","","","",""
"八幡岳県立自然公園 (存在しないページ)","八幡岳県立自然公園","https://ja.wikipedia.org/w/index.php?title=八幡岳県立自然公園&amp;action=edit&amp;redlink=1","都道府県立自然公園一覧","https://ja.wikipedia.org/wiki/都道府県立自然公園","箇条書き,制限あり","","","","","","","","","","","","","","","","","","","",""
"脊振・北山県立自然公園 (存在しないページ)","脊振・北山県立自然公園","https://ja.wikipedia.org/w/index.php?title=脊振・北山県立自然公園&amp;action=edit&amp;redlink=1","都道府県立自然公園一覧","https://ja.wikipedia.org/wiki/都道府県立自然公園","箇条書き,制限あり","","","","","","","","","","","","","","","","","","","",""
"川上・金立県立自然公園 (存在しないページ)","川上・金立県立自然公園","https://ja.wikipedia.org/w/index.php?title=川上・金立県立自然公園&amp;action=edit&amp;redlink=1","都道府県立自然公園一覧","https://ja.wikipedia.org/wiki/都道府県立自然公園","箇条書き,制限あり","","","","","","","","","","","","","","","","","","","",""
"多良岳県立公園 (存在しないページ)","多良岳県立公園","https://ja.wikipedia.org/w/index.php?title=多良岳県立公園&amp;action=edit&amp;redlink=1","都道府県立自然公園一覧","https://ja.wikipedia.org/wiki/都道府県立自然公園","箇条書き,制限あり","","","","","","","","","","","","","","","","","","","",""
"野母半島県立公園 (存在しないページ)","野母半島県立公園","https://ja.wikipedia.org/w/index.php?title=野母半島県立公園&amp;action=edit&amp;redlink=1","都道府県立自然公園一覧","https://ja.wikipedia.org/wiki/都道府県立自然公園","箇条書き,制限あり","","","","","","","","","","","","","","","","","","","",""
"北松県立公園 (存在しないページ)","北松県立公園","https://ja.wikipedia.org/w/index.php?title=北松県立公園&amp;action=edit&amp;redlink=1","都道府県立自然公園一覧","https://ja.wikipedia.org/wiki/都道府県立自然公園","箇条書き,制限あり","","","","","","","","","","","","","","","","","","","",""
"大村湾県立公園 (存在しないページ)","大村湾県立公園","https://ja.wikipedia.org/w/index.php?title=大村湾県立公園&amp;action=edit&amp;redlink=1","都道府県立自然公園一覧","https://ja.wikipedia.org/wiki/都道府県立自然公園","箇条書き,制限あり","","","","","","","","","","","","","","","","","","","",""
"西彼杵半島県立公園 (存在しないページ)","西彼杵半島県立公園","https://ja.wikipedia.org/w/index.php?title=西彼杵半島県立公園&amp;action=edit&amp;redlink=1","都道府県立自然公園一覧","https://ja.wikipedia.org/wiki/都道府県立自然公園","箇条書き,制限あり","","","","","","","","","","","","","","","","","","","",""
"島原半島県立公園 (存在しないページ)","島原半島県立公園","https://ja.wikipedia.org/w/index.php?title=島原半島県立公園&amp;action=edit&amp;redlink=1","都道府県立自然公園一覧","https://ja.wikipedia.org/wiki/都道府県立自然公園","箇条書き,制限あり","","","","","","","","","","","","","","","","","","","",""
"金峰山県立自然公園","金峰山県立自然公園","https://ja.wikipedia.org/wiki/金峰山県立自然公園","都道府県立自然公園一覧","https://ja.wikipedia.org/wiki/都道府県立自然公園","箇条書き,制限あり","","","","","","","","","","","","","","","","","","","",""
"小岱山県立自然公園 (存在しないページ)","小岱山県立自然公園","https://ja.wikipedia.org/w/index.php?title=小岱山県立自然公園&amp;action=edit&amp;redlink=1","都道府県立自然公園一覧","https://ja.wikipedia.org/wiki/都道府県立自然公園","箇条書き,制限あり","","","","","","","","","","","","","","","","","","","",""
"三角大矢野海辺県立自然公園 (存在しないページ)","三角大矢野海辺県立自然公園","https://ja.wikipedia.org/w/index.php?title=三角大矢野海辺県立自然公園&amp;action=edit&amp;redlink=1","都道府県立自然公園一覧","https://ja.wikipedia.org/wiki/都道府県立自然公園","箇条書き,制限あり","","","","","","","","","","","","","","","","","","","",""
"芦北海岸県立自然公園 (存在しないページ)","芦北海岸県立自然公園","https://ja.wikipedia.org/w/index.php?title=芦北海岸県立自然公園&amp;action=edit&amp;redlink=1","都道府県立自然公園一覧","https://ja.wikipedia.org/wiki/都道府県立自然公園","箇条書き,制限あり","","","","","","","","","","","","","","","","","","","",""
"矢部周辺県立自然公園 (存在しないページ)","矢部周辺県立自然公園","https://ja.wikipedia.org/w/index.php?title=矢部周辺県立自然公園&amp;action=edit&amp;redlink=1","都道府県立自然公園一覧","https://ja.wikipedia.org/wiki/都道府県立自然公園","箇条書き,制限あり","","","","","","","","","","","","","","","","","","","",""
"五木五家荘県立自然公園 (存在しないページ)","五木五家荘県立自然公園","https://ja.wikipedia.org/w/index.php?title=五木五家荘県立自然公園&amp;action=edit&amp;redlink=1","都道府県立自然公園一覧","https://ja.wikipedia.org/wiki/都道府県立自然公園","箇条書き,制限あり","","","","","","","","","","","","","","","","","","","",""
"奥球磨県立自然公園 (存在しないページ)","奥球磨県立自然公園","https://ja.wikipedia.org/w/index.php?title=奥球磨県立自然公園&amp;action=edit&amp;redlink=1","都道府県立自然公園一覧","https://ja.wikipedia.org/wiki/都道府県立自然公園","箇条書き,制限あり","","","","","","","","","","","","","","","","","","","",""
"国東半島県立自然公園","国東半島県立自然公園","https://ja.wikipedia.org/wiki/国東半島県立自然公園","都道府県立自然公園一覧","https://ja.wikipedia.org/wiki/都道府県立自然公園","箇条書き,制限あり","","","","","","","","","","","","","","","","","","","",""
"豊後水道県立自然公園","豊後水道県立自然公園","https://ja.wikipedia.org/wiki/豊後水道県立自然公園","都道府県立自然公園一覧","https://ja.wikipedia.org/wiki/都道府県立自然公園","箇条書き,制限あり","","","","","","","","","","","","","","","","","","","",""
"神角寺芹川県立自然公園","神角寺芹川県立自然公園","https://ja.wikipedia.org/wiki/神角寺芹川県立自然公園","都道府県立自然公園一覧","https://ja.wikipedia.org/wiki/都道府県立自然公園","箇条書き,制限あり","","","","","","","","","","","","","","","","","","","",""
"津江山系県立自然公園","津江山系県立自然公園","https://ja.wikipedia.org/wiki/津江山系県立自然公園","都道府県立自然公園一覧","https://ja.wikipedia.org/wiki/都道府県立自然公園","箇条書き,制限あり","","","","","","","","","","","","","","","","","","","",""
"祖母傾県立自然公園 (大分県)","祖母傾県立自然公園","https://ja.wikipedia.org/wiki/祖母傾県立自然公園_(大分県)","都道府県立自然公園一覧","https://ja.wikipedia.org/wiki/都道府県立自然公園","箇条書き,制限あり","","","","","","","","","","","","","","","","","","","",""
"祖母傾県立自然公園 (宮崎県) (存在しないページ)","祖母傾県立自然公園","https://ja.wikipedia.org/w/index.php?title=祖母傾県立自然公園_(宮崎県)&amp;action=edit&amp;redlink=1","都道府県立自然公園一覧","https://ja.wikipedia.org/wiki/都道府県立自然公園","箇条書き,制限あり","","","","","","","","","","","","","","","","","","","",""
"尾鈴県立自然公園 (存在しないページ)","尾鈴県立自然公園","https://ja.wikipedia.org/w/index.php?title=尾鈴県立自然公園&amp;action=edit&amp;redlink=1","都道府県立自然公園一覧","https://ja.wikipedia.org/wiki/都道府県立自然公園","箇条書き,制限あり","","","","","","","","","","","","","","","","","","","",""
"西都原杉安峡県立自然公園 (存在しないページ)","西都原杉安峡県立自然公園","https://ja.wikipedia.org/w/index.php?title=西都原杉安峡県立自然公園&amp;action=edit&amp;redlink=1","都道府県立自然公園一覧","https://ja.wikipedia.org/wiki/都道府県立自然公園","箇条書き,制限あり","","","","","","","","","","","","","","","","","","","",""
"母智丘・関之尾県立自然公園","母智丘・関之尾県立自然公園","https://ja.wikipedia.org/wiki/母智丘・関之尾県立自然公園","都道府県立自然公園一覧","https://ja.wikipedia.org/wiki/都道府県立自然公園","箇条書き,制限あり","","","","","","","","","","","","","","","","","","","",""
"わにつか県立自然公園 (存在しないページ)","わにつか県立自然公園","https://ja.wikipedia.org/w/index.php?title=わにつか県立自然公園&amp;action=edit&amp;redlink=1","都道府県立自然公園一覧","https://ja.wikipedia.org/wiki/都道府県立自然公園","箇条書き,制限あり","","","","","","","","","","","","","","","","","","","",""
"矢岳高原県立自然公園","矢岳高原県立自然公園","https://ja.wikipedia.org/wiki/矢岳高原県立自然公園","都道府県立自然公園一覧","https://ja.wikipedia.org/wiki/都道府県立自然公園","箇条書き,制限あり","","","","","","","","","","","","","","","","","","","",""
"阿久根県立自然公園 (存在しないページ)","阿久根県立自然公園","https://ja.wikipedia.org/w/index.php?title=阿久根県立自然公園&amp;action=edit&amp;redlink=1","都道府県立自然公園一覧","https://ja.wikipedia.org/wiki/都道府県立自然公園","箇条書き,制限あり","","","","","","","","","","","","","","","","","","","",""
"吹上浜県立自然公園 (存在しないページ)","吹上浜県立自然公園","https://ja.wikipedia.org/w/index.php?title=吹上浜県立自然公園&amp;action=edit&amp;redlink=1","都道府県立自然公園一覧","https://ja.wikipedia.org/wiki/都道府県立自然公園","箇条書き,制限あり","","","","","","","","","","","","","","","","","","","",""
"藺牟田池県立自然公園 (存在しないページ)","藺牟田池県立自然公園","https://ja.wikipedia.org/w/index.php?title=藺牟田池県立自然公園&amp;action=edit&amp;redlink=1","都道府県立自然公園一覧","https://ja.wikipedia.org/wiki/都道府県立自然公園","箇条書き,制限あり","","","","","","","","","","","","","","","","","","","",""
"坊野間県立自然公園 (存在しないページ)","坊野間県立自然公園","https://ja.wikipedia.org/w/index.php?title=坊野間県立自然公園&amp;action=edit&amp;redlink=1","都道府県立自然公園一覧","https://ja.wikipedia.org/wiki/都道府県立自然公園","箇条書き,制限あり","","","","","","","","","","","","","","","","","","","",""
"川内川流域県立自然公園 (存在しないページ)","川内川流域県立自然公園","https://ja.wikipedia.org/w/index.php?title=川内川流域県立自然公園&amp;action=edit&amp;redlink=1","都道府県立自然公園一覧","https://ja.wikipedia.org/wiki/都道府県立自然公園","箇条書き,制限あり","","","","","","","","","","","","","","","","","","","",""
"高隈山県立自然公園 (存在しないページ)","高隈山県立自然公園","https://ja.wikipedia.org/w/index.php?title=高隈山県立自然公園&amp;action=edit&amp;redlink=1","都道府県立自然公園一覧","https://ja.wikipedia.org/wiki/都道府県立自然公園","箇条書き,制限あり","","","","","","","","","","","","","","","","","","","",""
"大隅南部県立自然公園","大隅南部県立自然公園","https://ja.wikipedia.org/wiki/大隅南部県立自然公園","都道府県立自然公園一覧","https://ja.wikipedia.org/wiki/都道府県立自然公園","箇条書き,制限あり","","","","","","","","","","","","","","","","","","","",""
"甑島県立自然公園 (存在しないページ)","甑島県立自然公園","https://ja.wikipedia.org/w/index.php?title=甑島県立自然公園&amp;action=edit&amp;redlink=1","都道府県立自然公園一覧","https://ja.wikipedia.org/wiki/都道府県立自然公園","箇条書き,制限あり","","","","","","","","","","","","","","","","","","","",""
"トカラ列島県立自然公園 (存在しないページ)","トカラ列島県立自然公園","https://ja.wikipedia.org/w/index.php?title=トカラ列島県立自然公園&amp;action=edit&amp;redlink=1","都道府県立自然公園一覧","https://ja.wikipedia.org/wiki/都道府県立自然公園","箇条書き,制限あり","","","","","","","","","","","","","","","","","","","",""
"久米島県立自然公園 (存在しないページ)","久米島県立自然公園","https://ja.wikipedia.org/w/index.php?title=久米島県立自然公園&amp;action=edit&amp;redlink=1","都道府県立自然公園一覧","https://ja.wikipedia.org/wiki/都道府県立自然公園","箇条書き,制限あり","","","","","","","","","","","","","","","","","","","",""
"伊良部県立自然公園 (存在しないページ)","伊良部県立自然公園","https://ja.wikipedia.org/w/index.php?title=伊良部県立自然公園&amp;action=edit&amp;redlink=1","都道府県立自然公園一覧","https://ja.wikipedia.org/wiki/都道府県立自然公園","箇条書き,制限あり","","","","","","","","","","","","","","","","","","","",""
"渡名喜県立自然公園 (存在しないページ)","渡名喜県立自然公園","https://ja.wikipedia.org/w/index.php?title=渡名喜県立自然公園&amp;action=edit&amp;redlink=1","都道府県立自然公園一覧","https://ja.wikipedia.org/wiki/都道府県立自然公園","箇条書き,制限あり","","","","","","","","","","","","","","","","","","","",""
"多良間県立自然公園 (存在しないページ)","多良間県立自然公園","https://ja.wikipedia.org/w/index.php?title=多良間県立自然公園&amp;action=edit&amp;redlink=1","都道府県立自然公園一覧","https://ja.wikipedia.org/wiki/都道府県立自然公園","箇条書き,制限あり","","","","","","","","","","","","","","","","","","","",""
